figure,panel,scheduler,time_s,value
fig05,(a) Effective number of UEs.,RR,0.45,8.999996906682725
fig05,(a) Effective number of UEs.,RR,0.55,8.999997083392143
fig05,(a) Effective number of UEs.,RR,0.65,8.999997711247511
fig05,(a) Effective number of UEs.,RR,0.75,8.999997419768127
fig05,(a) Effective number of UEs.,RR,0.8500000000000001,8.99999703846744
fig05,(a) Effective number of UEs.,RR,0.95,8.999996490955816
fig05,(a) Effective number of UEs.,RR,1.05,8.999997292919756
fig05,(a) Effective number of UEs.,RR,1.15,8.999997915002588
fig05,(a) Effective number of UEs.,RR,1.25,8.99999844862218
fig05,(a) Effective number of UEs.,RR,1.35,8.99999861491905
fig05,(a) Effective number of UEs.,RR,1.4500000000000002,8.99999813874208
fig05,(a) Effective number of UEs.,RR,1.55,8.99999861456991
fig05,(a) Effective number of UEs.,RR,1.65,8.999997062466498
fig05,(a) Effective number of UEs.,RR,1.75,8.999996821540899
fig05,(a) Effective number of UEs.,RR,1.85,8.999996461279268
fig05,(a) Effective number of UEs.,RR,1.95,8.999997205720641
fig05,(a) Effective number of UEs.,RR,2.0500000000000003,8.99999783499545
fig05,(a) Effective number of UEs.,RR,2.15,8.999997282663353
fig05,(a) Effective number of UEs.,RR,2.25,8.999997531567978
fig05,(a) Effective number of UEs.,RR,2.35,8.999996898015866
fig05,(a) Effective number of UEs.,RR,2.45,8.999997196995396
fig05,(a) Effective number of UEs.,RR,2.5500000000000003,8.999996961600575
fig05,(a) Effective number of UEs.,RR,2.6500000000000004,8.999997321434504
fig05,(a) Effective number of UEs.,RR,2.75,8.999996962628346
fig05,(a) Effective number of UEs.,RR,2.85,8.9999974174638
fig05,(a) Effective number of UEs.,RR,2.95,8.999997930688139
fig05,(a) Effective number of UEs.,RR,3.0500000000000003,8.999997893661074
fig05,(a) Effective number of UEs.,RR,3.1500000000000004,8.999997556196432
fig05,(a) Effective number of UEs.,RR,3.25,8.999997542304401
fig05,(a) Effective number of UEs.,RR,3.35,8.999997461960659
fig05,(a) Effective number of UEs.,RR,3.45,8.999996586638675
fig05,(a) Effective number of UEs.,RR,3.5500000000000003,8.999996427510794
fig05,(a) Effective number of UEs.,RR,3.65,8.999996507854538
fig05,(a) Effective number of UEs.,RR,3.75,8.999997741982675
fig05,(a) Effective number of UEs.,RR,3.85,8.999997901110557
fig05,(a) Effective number of UEs.,RR,3.95,8.999998540753408
fig05,(a) Effective number of UEs.,RR,4.05,8.999999154367602
fig05,(a) Effective number of UEs.,RR,4.15,8.999998195103766
fig05,(a) Effective number of UEs.,RR,4.25,8.999997555460917
fig05,(a) Effective number of UEs.,RR,4.3500000000000005,8.99999631976389
fig05,(a) Effective number of UEs.,RR,4.45,8.999997119899843
fig05,(a) Effective number of UEs.,RR,4.55,8.999998129347262
fig05,(a) Effective number of UEs.,RR,4.65,8.999999365044289
fig05,(a) Effective number of UEs.,RR,4.75,8.99999936504429
fig05,(a) Effective number of UEs.,RR,4.8500000000000005,8.99999857510683
fig05,(a) Effective number of UEs.,RR,4.95,8.999997599946694
fig05,(a) Effective number of UEs.,RR,5.050000000000001,8.999997759074576
fig05,(a) Effective number of UEs.,RR,5.15,8.999997539564617
fig05,(a) Effective number of UEs.,RR,5.25,8.999997035507024
fig05,(a) Effective number of UEs.,RR,5.3500000000000005,8.999997035507024
fig05,(a) Effective number of UEs.,RR,5.45,8.99999734351249
fig05,(a) Effective number of UEs.,RR,5.550000000000001,8.999998360794422
fig05,(a) Effective number of UEs.,RR,5.65,8.99999822300805
fig05,(a) Effective number of UEs.,RR,5.75,8.999997821149039
fig05,(a) Effective number of UEs.,RR,5.8500000000000005,8.99999717978387
fig05,(a) Effective number of UEs.,RR,5.95,8.999997793398068
fig05,(a) Effective number of UEs.,RR,6.050000000000001,8.999997048956697
fig05,(a) Effective number of UEs.,RR,6.15,8.999998152257662
fig05,(a) Effective number of UEs.,RR,6.25,8.999997177097526
fig05,(a) Effective number of UEs.,RR,6.3500000000000005,8.999998283323473
fig05,(a) Effective number of UEs.,RR,6.45,8.99999758188152
fig05,(a) Effective number of UEs.,RR,6.550000000000001,8.999998261402729
fig05,(a) Effective number of UEs.,RR,6.65,8.99999809032539
fig05,(a) Effective number of UEs.,RR,6.75,8.999997937371006
fig05,(a) Effective number of UEs.,RR,6.8500000000000005,8.999997937371006
fig05,(a) Effective number of UEs.,RR,6.95,8.999997614267706
fig05,(a) Effective number of UEs.,RR,7.050000000000001,8.999996493821175
fig05,(a) Effective number of UEs.,RR,7.15,8.99999531024237
fig05,(a) Effective number of UEs.,RR,7.25,8.9999956563139
fig05,(a) Effective number of UEs.,RR,7.35,8.999996367257033
fig05,(a) Effective number of UEs.,RR,7.45,8.999996582575026
fig05,(a) Effective number of UEs.,RR,7.550000000000001,8.999996382409362
fig05,(a) Effective number of UEs.,RR,7.65,8.99999727650453
fig05,(a) Effective number of UEs.,RR,7.75,8.999998540404269
fig05,(a) Effective number of UEs.,RR,7.85,8.999998620748011
fig05,(a) Effective number of UEs.,RR,7.95,8.999998215407095
fig05,(a) Effective number of UEs.,RR,8.05,8.999997631347044
fig05,(a) Effective number of UEs.,RR,8.15,8.999997376894726
fig05,(a) Effective number of UEs.,RR,8.25,8.999997362102752
fig05,(a) Effective number of UEs.,RR,8.35,8.999997033569073
fig05,(a) Effective number of UEs.,RR,8.450000000000001,8.999997061771785
fig05,(a) Effective number of UEs.,RR,8.55,8.999996372491513
fig05,(a) Effective number of UEs.,RR,8.65,8.999997285085243
fig05,(a) Effective number of UEs.,RR,8.75,8.99999773084481
fig05,(a) Effective number of UEs.,RR,8.85,8.999998626002489
fig05,(a) Effective number of UEs.,RR,8.950000000000001,8.999997295285725
fig05,(a) Effective number of UEs.,RR,9.05,8.999997230826848
fig05,(a) Effective number of UEs.,RR,9.15,8.999997814886898
fig05,(a) Effective number of UEs.,RR,9.25,8.999998510647954
fig05,(a) Effective number of UEs.,RR,9.35,8.999998510647954
fig05,(a) Effective number of UEs.,RR,9.45,8.999998510647954
fig05,(a) Effective number of UEs.,RR,9.55,8.999999145603661
fig05,(a) Effective number of UEs.,RR,9.65,8.999998520782269
fig05,(a) Effective number of UEs.,RR,9.75,8.999996545939398
fig05,(a) Effective number of UEs.,RR,9.85,8.999995456148234
fig05,(a) Effective number of UEs.,RR,9.95,8.999995832064998
fig05,(a) Effective number of UEs.,RR,10.05,8.999995720980165
fig05,(a) Effective number of UEs.,RR,10.15,8.999996810771329
fig05,(a) Effective number of UEs.,RR,10.25,8.999997059675954
fig05,(a) Effective number of UEs.,RR,10.35,8.99999766638593
fig05,(a) Effective number of UEs.,RR,10.45,8.99999692486954
fig05,(a) Effective number of UEs.,RR,10.55,8.999996515366142
fig05,(a) Effective number of UEs.,RR,10.65,8.999997359628162
fig05,(a) Effective number of UEs.,RR,10.75,8.999997091697134
fig05,(a) Effective number of UEs.,RR,10.85,8.999997720641161
fig05,(a) Effective number of UEs.,RR,10.95,8.999997265805709
fig05,(a) Effective number of UEs.,RR,11.05,8.999996572454782
fig05,(a) Effective number of UEs.,RR,11.15,8.999995876693726
fig05,(a) Effective number of UEs.,RR,11.25,8.99999499164202
fig05,(a) Effective number of UEs.,RR,11.35,8.999993534693019
fig05,(a) Effective number of UEs.,RR,11.45,8.999994865409782
fig05,(a) Effective number of UEs.,RR,11.55,8.999994909476497
fig05,(a) Effective number of UEs.,RR,11.65,8.999996738507077
fig05,(a) Effective number of UEs.,RR,11.75,8.99999582591335
fig05,(a) Effective number of UEs.,RR,11.85,8.999996425972745
fig05,(a) Effective number of UEs.,RR,11.95,8.999995339317694
fig05,(a) Effective number of UEs.,RR,12.05,8.999994988011684
fig05,(a) Effective number of UEs.,RR,12.15,8.999995528790986
fig05,(a) Effective number of UEs.,RR,12.25,8.999997091766462
fig05,(a) Effective number of UEs.,RR,12.35,8.999997443072472
fig05,(a) Effective number of UEs.,RR,12.45,8.999997378613594
fig05,(a) Effective number of UEs.,RR,12.55,8.999996753792203
fig05,(a) Effective number of UEs.,RR,12.65,8.999997666385932
fig05,(a) Effective number of UEs.,RR,12.75,8.999997417481303
fig05,(a) Effective number of UEs.,RR,12.85,8.99999746160737
fig05,(a) Effective number of UEs.,RR,12.95,8.999996126613302
fig05,(a) Effective number of UEs.,RR,13.05,8.999996254754134
fig05,(a) Effective number of UEs.,RR,13.15,8.999995272473983
fig05,(a) Effective number of UEs.,RR,13.25,8.99999575307171
fig05,(a) Effective number of UEs.,RR,13.35,8.9999950254335
fig05,(a) Effective number of UEs.,RR,13.45,8.999996112088551
fig05,(a) Effective number of UEs.,RR,13.55,8.999996076859391
fig05,(a) Effective number of UEs.,RR,13.65,8.999996448940975
fig05,(a) Effective number of UEs.,RR,13.75,8.99999644466367
fig05,(a) Effective number of UEs.,RR,13.85,8.999996361868817
fig05,(a) Effective number of UEs.,RR,13.95,8.999995606657874
fig05,(a) Effective number of UEs.,RR,14.05,8.999996306696232
fig05,(a) Effective number of UEs.,RR,14.15,8.999996015216846
fig05,(a) Effective number of UEs.,RR,14.25,8.999996621926822
fig05,(a) Effective number of UEs.,RR,14.35,8.999996401254089
fig05,(a) Effective number of UEs.,RR,14.45,8.999996775528325
fig05,(a) Effective number of UEs.,RR,14.55,8.999997400349718
fig05,(a) Effective number of UEs.,RR,14.65,8.999996920984096
fig05,(a) Effective number of UEs.,RR,14.75,8.999997810609594
fig05,(a) Effective number of UEs.,RR,14.85,8.999997689845799
fig05,(a) Effective number of UEs.,RR,14.95,8.999999024839864
fig05,(a) Effective number of UEs.,RR,15.05,8.999996938912158
fig05,(a) Effective number of UEs.,RR,15.15,8.999996650172555
fig05,(a) Effective number of UEs.,RR,15.25,8.999996650172555
fig05,(a) Effective number of UEs.,RR,15.35,8.999997301008598
fig05,(a) Effective number of UEs.,RR,15.45,8.99999686210999
fig05,(a) Effective number of UEs.,RR,15.55,8.999996400174192
fig05,(a) Effective number of UEs.,RR,15.65,8.999997093749466
fig05,(a) Effective number of UEs.,RR,15.75,8.999998796547812
fig05,(a) Effective number of UEs.,RR,15.85,8.999997779265879
fig05,(a) Effective number of UEs.,RR,15.95,8.999998058846472
fig05,(a) Effective number of UEs.,RR,16.05,8.999996211104135
fig05,(a) Effective number of UEs.,RR,16.150000000000002,8.999997214494039
fig05,(a) Effective number of UEs.,RR,16.25,8.999996345713074
fig05,(a) Effective number of UEs.,RR,16.35,8.999997731519612
fig05,(a) Effective number of UEs.,RR,16.45,8.999998207347438
fig05,(a) Effective number of UEs.,RR,16.55,8.999999538064202
fig05,(a) Effective number of UEs.,RR,16.650000000000002,8.99999852078227
fig05,(a) Effective number of UEs.,RR,16.75,8.999997417481303
fig05,(a) Effective number of UEs.,RR,16.85,8.999995714682958
fig05,(a) Effective number of UEs.,RR,16.95,8.999996824096117
fig05,(a) Effective number of UEs.,RR,17.05,8.999997313782888
fig05,(a) Effective number of UEs.,RR,17.150000000000002,8.999998162184893
fig05,(a) Effective number of UEs.,RR,17.25,8.999997677593123
fig05,(a) Effective number of UEs.,RR,17.35,8.999997677593123
fig05,(a) Effective number of UEs.,RR,17.45,8.999997559569112
fig05,(a) Effective number of UEs.,RR,17.55,8.999997938137623
fig05,(a) Effective number of UEs.,RR,17.650000000000002,8.999998075923992
fig05,(a) Effective number of UEs.,RR,17.75,8.999999048344344
fig05,(a) Effective number of UEs.,RR,17.85,8.99999866854373
fig05,(a) Effective number of UEs.,RR,17.95,8.999998254746059
fig05,(a) Effective number of UEs.,RR,18.05,8.99999777891823
fig05,(a) Effective number of UEs.,RR,18.15,8.99999793310472
fig05,(a) Effective number of UEs.,RR,18.25,8.999998452925649
fig05,(a) Effective number of UEs.,RR,18.35,8.999998928753476
fig05,(a) Effective number of UEs.,RR,18.45,8.999998774566986
fig05,(a) Effective number of UEs.,RR,18.55,8.999998171951203
fig05,(a) Effective number of UEs.,RR,18.65,8.999997317554863
fig05,(a) Effective number of UEs.,RR,18.75,8.999996738091642
fig05,(a) Effective number of UEs.,RR,18.85,8.999995862769659
fig05,(a) Effective number of UEs.,RR,18.95,8.999995282074332
fig05,(a) Effective number of UEs.,RR,19.05,8.999996015724044
fig05,(a) Effective number of UEs.,RR,19.15,8.999997387638555
fig05,(a) Effective number of UEs.,RR,19.25,8.999997732939056
fig05,(a) Effective number of UEs.,RR,19.35,8.999997461960655
fig05,(a) Effective number of UEs.,RR,19.450000000000003,8.999997324174286
fig05,(a) Effective number of UEs.,RR,19.55,8.999997952029652
fig05,(a) Effective number of UEs.,RR,19.65,8.999997915002586
fig05,(a) Effective number of UEs.,RR,19.75,8.999997893661073
fig05,(a) Effective number of UEs.,RR,19.85,8.99999835559687
fig05,(a) Effective number of UEs.,RR,19.950000000000003,8.999998751430093
fig05,(a) Effective number of UEs.,RR,20.05,8.999998751430093
fig05,(a) Effective number of UEs.,RR,20.15,8.999998275602266
fig05,(a) Effective number of UEs.,RR,20.25,8.999997785915498
fig05,(a) Effective number of UEs.,RR,20.35,8.99999795893541
fig05,(a) Effective number of UEs.,RR,20.450000000000003,8.999997579134794
fig05,(a) Effective number of UEs.,RR,20.55,8.999998098375707
fig05,(a) Effective number of UEs.,RR,20.65,8.999998190506936
fig05,(a) Effective number of UEs.,RR,20.75,8.99999868587375
fig05,(a) Effective number of UEs.,RR,20.85,8.99999890012923
fig05,(a) Effective number of UEs.,RR,20.950000000000003,8.999997934939733
fig05,(a) Effective number of UEs.,RR,21.05,8.999997660245654
fig05,(a) Effective number of UEs.,RR,21.15,8.999997288533834
fig05,(a) Effective number of UEs.,RR,21.25,8.999997848382412
fig05,(a) Effective number of UEs.,RR,21.35,8.999997802218553
fig05,(a) Effective number of UEs.,RR,21.450000000000003,8.999997959674893
fig05,(a) Effective number of UEs.,RR,21.55,8.99999837455875
fig05,(a) Effective number of UEs.,RR,21.65,8.99999757646059
fig05,(a) Effective number of UEs.,RR,21.75,8.999996681302909
fig05,(a) Effective number of UEs.,RR,21.85,8.999996340122584
fig05,(a) Effective number of UEs.,RR,21.950000000000003,8.999995844497443
fig05,(a) Effective number of UEs.,RR,22.05,8.999996688759465
fig05,(a) Effective number of UEs.,RR,22.15,8.999996928265622
fig05,(a) Effective number of UEs.,RR,22.25,8.999998268152783
fig05,(a) Effective number of UEs.,RR,22.35,8.999998903108493
fig05,(a) Effective number of UEs.,RR,22.450000000000003,8.999998509415846
fig05,(a) Effective number of UEs.,RR,22.55,8.999999144371555
fig05,(a) Effective number of UEs.,RR,22.65,8.99999816921142
fig05,(a) Effective number of UEs.,RR,22.75,8.999998283323473
fig05,(a) Effective number of UEs.,RR,22.85,8.999997727406706
fig05,(a) Effective number of UEs.,RR,22.950000000000003,8.999998146650073
fig05,(a) Effective number of UEs.,RR,23.05,8.999997408948731
fig05,(a) Effective number of UEs.,RR,23.15,8.9999979648655
fig05,(a) Effective number of UEs.,RR,23.25,8.999997819340315
fig05,(a) Effective number of UEs.,RR,23.35,8.999998663602335
fig05,(a) Effective number of UEs.,RR,23.450000000000003,8.999998663602335
fig05,(a) Effective number of UEs.,RR,23.55,8.99999936504429
fig05,(a) Effective number of UEs.,RR,23.65,8.999998152257662
fig05,(a) Effective number of UEs.,RR,23.75,8.999996673039933
fig05,(a) Effective number of UEs.,RR,23.85,8.999994970241588
fig05,(a) Effective number of UEs.,RR,23.950000000000003,8.999995582286898
fig05,(a) Effective number of UEs.,RR,24.05,8.99999644789043
fig05,(a) Effective number of UEs.,RR,24.15,8.999997515733066
fig05,(a) Effective number of UEs.,RR,24.25,8.999998009913703
fig05,(a) Effective number of UEs.,RR,24.35,8.999998147700074
fig05,(a) Effective number of UEs.,RR,24.450000000000003,8.999997679354815
fig05,(a) Effective number of UEs.,RR,24.55,8.99999731757024
fig05,(a) Effective number of UEs.,RR,24.65,8.999997091956113
fig05,(a) Effective number of UEs.,RR,24.75,8.999997185809661
fig05,(a) Effective number of UEs.,RR,24.85,8.999997313950491
fig05,(a) Effective number of UEs.,RR,24.950000000000003,8.999998015392444
fig05,(a) Effective number of UEs.,RR,25.05,8.999998170443524
fig05,(a) Effective number of UEs.,RR,25.15,8.999996728231846
fig05,(a) Effective number of UEs.,RR,25.25,8.999995755811492
fig05,(a) Effective number of UEs.,RR,25.35,8.99999590876588
fig05,(a) Effective number of UEs.,RR,25.450000000000003,8.999996991143627
fig05,(a) Effective number of UEs.,RR,25.55,8.999997050970252
fig05,(a) Effective number of UEs.,RR,25.65,8.99999705097025
fig05,(a) Effective number of UEs.,RR,25.75,8.99999705097025
fig05,(a) Effective number of UEs.,RR,25.85,8.999996032787822
fig05,(a) Effective number of UEs.,RR,25.950000000000003,8.99999612061558
fig05,(a) Effective number of UEs.,RR,26.05,8.999996124892881
fig05,(a) Effective number of UEs.,RR,26.15,8.9999972012727
fig05,(a) Effective number of UEs.,RR,26.25,8.999997073370507
fig05,(a) Effective number of UEs.,RR,26.35,8.999997491493541
fig05,(a) Effective number of UEs.,RR,26.450000000000003,8.999997256098718
fig05,(a) Effective number of UEs.,RR,26.55,8.999997143218769
fig05,(a) Effective number of UEs.,RR,26.65,8.999997354370544
fig05,(a) Effective number of UEs.,RR,26.75,8.999998074357137
fig05,(a) Effective number of UEs.,RR,26.85,8.999998016159749
fig05,(a) Effective number of UEs.,RR,26.950000000000003,8.999996300229888
fig05,(a) Effective number of UEs.,RR,27.05,8.999994903501921
fig05,(a) Effective number of UEs.,RR,27.15,8.999994840935514
fig05,(a) Effective number of UEs.,RR,27.25,8.999996556865375
fig05,(a) Effective number of UEs.,RR,27.35,8.9999976884422
fig05,(a) Effective number of UEs.,RR,27.450000000000003,8.999997228510672
fig05,(a) Effective number of UEs.,RR,27.55,8.999996163420088
fig05,(a) Effective number of UEs.,RR,27.65,8.999995319158069
fig05,(a) Effective number of UEs.,RR,27.75,8.999996278421905
fig05,(a) Effective number of UEs.,RR,27.85,8.999997190558103
fig05,(a) Effective number of UEs.,RR,27.950000000000003,8.999998085715783
fig05,(a) Effective number of UEs.,RR,28.05,8.999997977483561
fig05,(a) Effective number of UEs.,RR,28.15,8.99999819692419
fig05,(a) Effective number of UEs.,RR,28.25,8.99999878098424
fig05,(a) Effective number of UEs.,RR,28.35,8.999997662245944
fig05,(a) Effective number of UEs.,RR,28.450000000000003,8.99999720741049
fig05,(a) Effective number of UEs.,RR,28.55,8.999995504612144
fig05,(a) Effective number of UEs.,RR,28.65,8.999995276634332
fig05,(a) Effective number of UEs.,RR,28.75,8.999995512029157
fig05,(a) Effective number of UEs.,RR,28.85,8.999997214827502
fig05,(a) Effective number of UEs.,RR,28.950000000000003,8.999998233009933
fig05,(a) Effective number of UEs.,RR,29.05,8.999997239663935
fig05,(a) Effective number of UEs.,RR,29.15,8.999995908947172
fig05,(a) Effective number of UEs.,RR,29.25,8.999995342323167
fig05,(a) Effective number of UEs.,RR,29.35,8.999995104137799
fig05,(a) Effective number of UEs.,RR,29.450000000000003,8.999994348926856
fig05,(a) Effective number of UEs.,RR,29.55,8.999995214530392
fig05,(a) Effective number of UEs.,RR,29.65,8.999995597659753
fig05,(a) Effective number of UEs.,RR,29.75,8.999997683587459
fig05,(a) Effective number of UEs.,RR,29.85,8.999997507264192
fig05,(a) Effective number of UEs.,RR,29.950000000000003,8.999999210062539
fig05,(a) Effective number of UEs.,RR,30.05,8.999998575106828
fig05,(a) Effective number of UEs.,RR,30.15,8.999998034327525
fig05,(a) Effective number of UEs.,RR,30.25,8.999996770427789
fig05,(a) Effective number of UEs.,RR,30.35,8.999996108075248
fig05,(a) Effective number of UEs.,PF,0.45,8.870911230230455
fig05,(a) Effective number of UEs.,PF,0.55,8.874589005830904
fig05,(a) Effective number of UEs.,PF,0.65,8.835223028286789
fig05,(a) Effective number of UEs.,PF,0.75,8.872691620085407
fig05,(a) Effective number of UEs.,PF,0.8500000000000001,8.876572091559309
fig05,(a) Effective number of UEs.,PF,0.95,8.846739885615607
fig05,(a) Effective number of UEs.,PF,1.05,8.822701959183723
fig05,(a) Effective number of UEs.,PF,1.15,8.810061020388035
fig05,(a) Effective number of UEs.,PF,1.25,8.82294711551073
fig05,(a) Effective number of UEs.,PF,1.35,8.752444606589034
fig05,(a) Effective number of UEs.,PF,1.4500000000000002,8.710958032642884
fig05,(a) Effective number of UEs.,PF,1.55,8.747117262981353
fig05,(a) Effective number of UEs.,PF,1.65,8.766333121556235
fig05,(a) Effective number of UEs.,PF,1.75,8.779756874840784
fig05,(a) Effective number of UEs.,PF,1.85,8.698327483478879
fig05,(a) Effective number of UEs.,PF,1.95,8.75122919367179
fig05,(a) Effective number of UEs.,PF,2.0500000000000003,8.736068092660172
fig05,(a) Effective number of UEs.,PF,2.15,8.742544094479928
fig05,(a) Effective number of UEs.,PF,2.25,8.716840785722004
fig05,(a) Effective number of UEs.,PF,2.35,8.777478677393463
fig05,(a) Effective number of UEs.,PF,2.45,8.798149449604294
fig05,(a) Effective number of UEs.,PF,2.5500000000000003,8.769399293240967
fig05,(a) Effective number of UEs.,PF,2.6500000000000004,8.574569673914601
fig05,(a) Effective number of UEs.,PF,2.75,8.61138398467959
fig05,(a) Effective number of UEs.,PF,2.85,8.56848754653634
fig05,(a) Effective number of UEs.,PF,2.95,8.77344326275854
fig05,(a) Effective number of UEs.,PF,3.0500000000000003,8.804795161039548
fig05,(a) Effective number of UEs.,PF,3.1500000000000004,8.893178602170837
fig05,(a) Effective number of UEs.,PF,3.25,8.862101610236921
fig05,(a) Effective number of UEs.,PF,3.35,8.804443611025048
fig05,(a) Effective number of UEs.,PF,3.45,8.850693380782412
fig05,(a) Effective number of UEs.,PF,3.5500000000000003,8.795486230434621
fig05,(a) Effective number of UEs.,PF,3.65,8.790215208807325
fig05,(a) Effective number of UEs.,PF,3.75,8.761251808423639
fig05,(a) Effective number of UEs.,PF,3.85,8.777739424800755
fig05,(a) Effective number of UEs.,PF,3.95,8.809582046186165
fig05,(a) Effective number of UEs.,PF,4.05,8.849970419854447
fig05,(a) Effective number of UEs.,PF,4.15,8.799155300453398
fig05,(a) Effective number of UEs.,PF,4.25,8.763370871257514
fig05,(a) Effective number of UEs.,PF,4.3500000000000005,8.75294517355568
fig05,(a) Effective number of UEs.,PF,4.45,8.864673375926477
fig05,(a) Effective number of UEs.,PF,4.55,8.886940766721226
fig05,(a) Effective number of UEs.,PF,4.65,8.840094041889161
fig05,(a) Effective number of UEs.,PF,4.75,8.798977086272526
fig05,(a) Effective number of UEs.,PF,4.8500000000000005,8.81597947816608
fig05,(a) Effective number of UEs.,PF,4.95,8.853381308787315
fig05,(a) Effective number of UEs.,PF,5.050000000000001,8.89322044578878
fig05,(a) Effective number of UEs.,PF,5.15,8.91454046790678
fig05,(a) Effective number of UEs.,PF,5.25,8.893694551738536
fig05,(a) Effective number of UEs.,PF,5.3500000000000005,8.858763905818533
fig05,(a) Effective number of UEs.,PF,5.45,8.778109059546074
fig05,(a) Effective number of UEs.,PF,5.550000000000001,8.766491841004237
fig05,(a) Effective number of UEs.,PF,5.65,8.71488096308393
fig05,(a) Effective number of UEs.,PF,5.75,8.602057488104782
fig05,(a) Effective number of UEs.,PF,5.8500000000000005,8.597029744439046
fig05,(a) Effective number of UEs.,PF,5.95,8.574129869493156
fig05,(a) Effective number of UEs.,PF,6.050000000000001,8.688132932589127
fig05,(a) Effective number of UEs.,PF,6.15,8.620496280349636
fig05,(a) Effective number of UEs.,PF,6.25,8.51516968954705
fig05,(a) Effective number of UEs.,PF,6.3500000000000005,8.562792345942006
fig05,(a) Effective number of UEs.,PF,6.45,8.651484114456254
fig05,(a) Effective number of UEs.,PF,6.550000000000001,8.739013584406637
fig05,(a) Effective number of UEs.,PF,6.65,8.734442494463567
fig05,(a) Effective number of UEs.,PF,6.75,8.73672548747473
fig05,(a) Effective number of UEs.,PF,6.8500000000000005,8.850845064312068
fig05,(a) Effective number of UEs.,PF,6.95,8.796128385486028
fig05,(a) Effective number of UEs.,PF,7.050000000000001,8.706461127690936
fig05,(a) Effective number of UEs.,PF,7.15,8.730645632297602
fig05,(a) Effective number of UEs.,PF,7.25,8.757416133805497
fig05,(a) Effective number of UEs.,PF,7.35,8.818514487769066
fig05,(a) Effective number of UEs.,PF,7.45,8.569912690117757
fig05,(a) Effective number of UEs.,PF,7.550000000000001,8.564078759647044
fig05,(a) Effective number of UEs.,PF,7.65,8.599862422940285
fig05,(a) Effective number of UEs.,PF,7.75,8.718828317920718
fig05,(a) Effective number of UEs.,PF,7.85,8.645212732713343
fig05,(a) Effective number of UEs.,PF,7.95,8.581212672526421
fig05,(a) Effective number of UEs.,PF,8.05,8.686785078849026
fig05,(a) Effective number of UEs.,PF,8.15,8.709996931650494
fig05,(a) Effective number of UEs.,PF,8.25,8.74222289563568
fig05,(a) Effective number of UEs.,PF,8.35,8.691208122975013
fig05,(a) Effective number of UEs.,PF,8.450000000000001,8.778724442052688
fig05,(a) Effective number of UEs.,PF,8.55,8.817261686509644
fig05,(a) Effective number of UEs.,PF,8.65,8.902436004735092
fig05,(a) Effective number of UEs.,PF,8.75,8.773473419905669
fig05,(a) Effective number of UEs.,PF,8.85,8.476884733404837
fig05,(a) Effective number of UEs.,PF,8.950000000000001,8.330042515057693
fig05,(a) Effective number of UEs.,PF,9.05,8.41663855102401
fig05,(a) Effective number of UEs.,PF,9.15,8.619765916803273
fig05,(a) Effective number of UEs.,PF,9.25,8.743511198464104
fig05,(a) Effective number of UEs.,PF,9.35,8.681416946646856
fig05,(a) Effective number of UEs.,PF,9.45,8.466724560309617
fig05,(a) Effective number of UEs.,PF,9.55,8.409030623997431
fig05,(a) Effective number of UEs.,PF,9.65,8.52457546477445
fig05,(a) Effective number of UEs.,PF,9.75,8.78087007478514
fig05,(a) Effective number of UEs.,PF,9.85,8.747746173028753
fig05,(a) Effective number of UEs.,PF,9.95,8.7429644479608
fig05,(a) Effective number of UEs.,PF,10.05,8.761643550542944
fig05,(a) Effective number of UEs.,PF,10.15,8.787538210413828
fig05,(a) Effective number of UEs.,PF,10.25,8.693033573395342
fig05,(a) Effective number of UEs.,PF,10.35,8.714486173902847
fig05,(a) Effective number of UEs.,PF,10.45,8.776372020283278
fig05,(a) Effective number of UEs.,PF,10.55,8.859660132459766
fig05,(a) Effective number of UEs.,PF,10.65,8.790132764086062
fig05,(a) Effective number of UEs.,PF,10.75,8.799700537408937
fig05,(a) Effective number of UEs.,PF,10.85,8.722924250246882
fig05,(a) Effective number of UEs.,PF,10.95,8.769420628717803
fig05,(a) Effective number of UEs.,PF,11.05,8.741512761120445
fig05,(a) Effective number of UEs.,PF,11.15,8.8565556496412
fig05,(a) Effective number of UEs.,PF,11.25,8.852397458425228
fig05,(a) Effective number of UEs.,PF,11.35,8.874219171098874
fig05,(a) Effective number of UEs.,PF,11.45,8.885872622583227
fig05,(a) Effective number of UEs.,PF,11.55,8.823822671277924
fig05,(a) Effective number of UEs.,PF,11.65,8.837012730598284
fig05,(a) Effective number of UEs.,PF,11.75,8.726087527099963
fig05,(a) Effective number of UEs.,PF,11.85,8.75971038123742
fig05,(a) Effective number of UEs.,PF,11.95,8.684375052044723
fig05,(a) Effective number of UEs.,PF,12.05,8.741350200339205
fig05,(a) Effective number of UEs.,PF,12.15,8.720692345445237
fig05,(a) Effective number of UEs.,PF,12.25,8.756604785661427
fig05,(a) Effective number of UEs.,PF,12.35,8.76256795281083
fig05,(a) Effective number of UEs.,PF,12.45,8.786261202247795
fig05,(a) Effective number of UEs.,PF,12.55,8.725393094503263
fig05,(a) Effective number of UEs.,PF,12.65,8.58711206388255
fig05,(a) Effective number of UEs.,PF,12.75,8.561044630549892
fig05,(a) Effective number of UEs.,PF,12.85,8.582818430908281
fig05,(a) Effective number of UEs.,PF,12.95,8.708347951191355
fig05,(a) Effective number of UEs.,PF,13.05,8.736784071637848
fig05,(a) Effective number of UEs.,PF,13.15,8.775897396955932
fig05,(a) Effective number of UEs.,PF,13.25,8.715868322249781
fig05,(a) Effective number of UEs.,PF,13.35,8.665635718725827
fig05,(a) Effective number of UEs.,PF,13.45,8.710781397708567
fig05,(a) Effective number of UEs.,PF,13.55,8.564299300659103
fig05,(a) Effective number of UEs.,PF,13.65,8.45309119788275
fig05,(a) Effective number of UEs.,PF,13.75,8.30165403018246
fig05,(a) Effective number of UEs.,PF,13.85,8.512435308614227
fig05,(a) Effective number of UEs.,PF,13.95,8.737570177012207
fig05,(a) Effective number of UEs.,PF,14.05,8.77193382322089
fig05,(a) Effective number of UEs.,PF,14.15,8.676942311117612
fig05,(a) Effective number of UEs.,PF,14.25,8.479008831012173
fig05,(a) Effective number of UEs.,PF,14.35,8.527565464845987
fig05,(a) Effective number of UEs.,PF,14.45,8.486216066563848
fig05,(a) Effective number of UEs.,PF,14.55,8.457747455853372
fig05,(a) Effective number of UEs.,PF,14.65,8.511325523638238
fig05,(a) Effective number of UEs.,PF,14.75,8.57731005214121
fig05,(a) Effective number of UEs.,PF,14.85,8.785539247606906
fig05,(a) Effective number of UEs.,PF,14.95,8.693767743471474
fig05,(a) Effective number of UEs.,PF,15.05,8.648174816575533
fig05,(a) Effective number of UEs.,PF,15.15,8.59609711768873
fig05,(a) Effective number of UEs.,PF,15.25,8.665408279864891
fig05,(a) Effective number of UEs.,PF,15.35,8.72439682160663
fig05,(a) Effective number of UEs.,PF,15.45,8.736043992164754
fig05,(a) Effective number of UEs.,PF,15.55,8.687218643665085
fig05,(a) Effective number of UEs.,PF,15.65,8.765735846256016
fig05,(a) Effective number of UEs.,PF,15.75,8.728238687524565
fig05,(a) Effective number of UEs.,PF,15.85,8.706046667159201
fig05,(a) Effective number of UEs.,PF,15.95,8.675096141160838
fig05,(a) Effective number of UEs.,PF,16.05,8.507245552050245
fig05,(a) Effective number of UEs.,PF,16.150000000000002,8.615083089291897
fig05,(a) Effective number of UEs.,PF,16.25,8.626708338073582
fig05,(a) Effective number of UEs.,PF,16.35,8.814562032682643
fig05,(a) Effective number of UEs.,PF,16.45,8.758350676249423
fig05,(a) Effective number of UEs.,PF,16.55,8.781378050615332
fig05,(a) Effective number of UEs.,PF,16.650000000000002,8.763924789950435
fig05,(a) Effective number of UEs.,PF,16.75,8.76793160444297
fig05,(a) Effective number of UEs.,PF,16.85,8.75462628946969
fig05,(a) Effective number of UEs.,PF,16.95,8.697080592810503
fig05,(a) Effective number of UEs.,PF,17.05,8.70468097175501
fig05,(a) Effective number of UEs.,PF,17.150000000000002,8.735432957178677
fig05,(a) Effective number of UEs.,PF,17.25,8.658800920539756
fig05,(a) Effective number of UEs.,PF,17.35,8.669320509274838
fig05,(a) Effective number of UEs.,PF,17.45,8.550426928100253
fig05,(a) Effective number of UEs.,PF,17.55,8.626036750637658
fig05,(a) Effective number of UEs.,PF,17.650000000000002,8.559927494071516
fig05,(a) Effective number of UEs.,PF,17.75,8.600475535975837
fig05,(a) Effective number of UEs.,PF,17.85,8.69678511498002
fig05,(a) Effective number of UEs.,PF,17.95,8.691202852822995
fig05,(a) Effective number of UEs.,PF,18.05,8.724818647639601
fig05,(a) Effective number of UEs.,PF,18.15,8.676521368159376
fig05,(a) Effective number of UEs.,PF,18.25,8.78374356550416
fig05,(a) Effective number of UEs.,PF,18.35,8.795411737605269
fig05,(a) Effective number of UEs.,PF,18.45,8.863714606794204
fig05,(a) Effective number of UEs.,PF,18.55,8.862723176239982
fig05,(a) Effective number of UEs.,PF,18.65,8.811350180797211
fig05,(a) Effective number of UEs.,PF,18.75,8.759724823197596
fig05,(a) Effective number of UEs.,PF,18.85,8.691311845378115
fig05,(a) Effective number of UEs.,PF,18.95,8.647454391051125
fig05,(a) Effective number of UEs.,PF,19.05,8.673787356462642
fig05,(a) Effective number of UEs.,PF,19.15,8.687463155473985
fig05,(a) Effective number of UEs.,PF,19.25,8.76871384141277
fig05,(a) Effective number of UEs.,PF,19.35,8.61839685958033
fig05,(a) Effective number of UEs.,PF,19.450000000000003,8.479748748563752
fig05,(a) Effective number of UEs.,PF,19.55,8.447543933708038
fig05,(a) Effective number of UEs.,PF,19.65,8.648078766909643
fig05,(a) Effective number of UEs.,PF,19.75,8.785349698618276
fig05,(a) Effective number of UEs.,PF,19.85,8.860190282604547
fig05,(a) Effective number of UEs.,PF,19.950000000000003,8.86248881684248
fig05,(a) Effective number of UEs.,PF,20.05,8.881487064722462
fig05,(a) Effective number of UEs.,PF,20.15,8.830417139814017
fig05,(a) Effective number of UEs.,PF,20.25,8.776435567420354
fig05,(a) Effective number of UEs.,PF,20.35,8.646990041049746
fig05,(a) Effective number of UEs.,PF,20.450000000000003,8.618550436504782
fig05,(a) Effective number of UEs.,PF,20.55,8.596937643326902
fig05,(a) Effective number of UEs.,PF,20.65,8.750777186982683
fig05,(a) Effective number of UEs.,PF,20.75,8.81394427047997
fig05,(a) Effective number of UEs.,PF,20.85,8.838044968374364
fig05,(a) Effective number of UEs.,PF,20.950000000000003,8.64300455613754
fig05,(a) Effective number of UEs.,PF,21.05,8.593207176255538
fig05,(a) Effective number of UEs.,PF,21.15,8.638499328746976
fig05,(a) Effective number of UEs.,PF,21.25,8.728178941501413
fig05,(a) Effective number of UEs.,PF,21.35,8.734787369757848
fig05,(a) Effective number of UEs.,PF,21.450000000000003,8.7574645936083
fig05,(a) Effective number of UEs.,PF,21.55,8.840326354124267
fig05,(a) Effective number of UEs.,PF,21.65,8.83616662887282
fig05,(a) Effective number of UEs.,PF,21.75,8.774105909937774
fig05,(a) Effective number of UEs.,PF,21.85,8.721643122848265
fig05,(a) Effective number of UEs.,PF,21.950000000000003,8.678632322764505
fig05,(a) Effective number of UEs.,PF,22.05,8.708922121632533
fig05,(a) Effective number of UEs.,PF,22.15,8.711516592611632
fig05,(a) Effective number of UEs.,PF,22.25,8.790753289476047
fig05,(a) Effective number of UEs.,PF,22.35,8.768151299700646
fig05,(a) Effective number of UEs.,PF,22.450000000000003,8.842786846044065
fig05,(a) Effective number of UEs.,PF,22.55,8.833326854765213
fig05,(a) Effective number of UEs.,PF,22.65,8.803849639618539
fig05,(a) Effective number of UEs.,PF,22.75,8.811701734420211
fig05,(a) Effective number of UEs.,PF,22.85,8.773521992353544
fig05,(a) Effective number of UEs.,PF,22.950000000000003,8.747219223187178
fig05,(a) Effective number of UEs.,PF,23.05,8.717737179655602
fig05,(a) Effective number of UEs.,PF,23.15,8.745168054737563
fig05,(a) Effective number of UEs.,PF,23.25,8.80979379337512
fig05,(a) Effective number of UEs.,PF,23.35,8.773833754138527
fig05,(a) Effective number of UEs.,PF,23.450000000000003,8.73377611329373
fig05,(a) Effective number of UEs.,PF,23.55,8.689304142770077
fig05,(a) Effective number of UEs.,PF,23.65,8.691416644815535
fig05,(a) Effective number of UEs.,PF,23.75,8.727306628237121
fig05,(a) Effective number of UEs.,PF,23.85,8.586913451311988
fig05,(a) Effective number of UEs.,PF,23.950000000000003,8.623388983515893
fig05,(a) Effective number of UEs.,PF,24.05,8.600479985817797
fig05,(a) Effective number of UEs.,PF,24.15,8.81311483432773
fig05,(a) Effective number of UEs.,PF,24.25,8.745122836867841
fig05,(a) Effective number of UEs.,PF,24.35,8.780639979115598
fig05,(a) Effective number of UEs.,PF,24.450000000000003,8.70344041873158
fig05,(a) Effective number of UEs.,PF,24.55,8.745339955334169
fig05,(a) Effective number of UEs.,PF,24.65,8.527584073893726
fig05,(a) Effective number of UEs.,PF,24.75,8.576074169949468
fig05,(a) Effective number of UEs.,PF,24.85,8.517970774749587
fig05,(a) Effective number of UEs.,PF,24.950000000000003,8.793197362623737
fig05,(a) Effective number of UEs.,PF,25.05,8.758921226022181
fig05,(a) Effective number of UEs.,PF,25.15,8.810472504317682
fig05,(a) Effective number of UEs.,PF,25.25,8.749874423630123
fig05,(a) Effective number of UEs.,PF,25.35,8.665976222331429
fig05,(a) Effective number of UEs.,PF,25.450000000000003,8.631607656567931
fig05,(a) Effective number of UEs.,PF,25.55,8.53850326012425
fig05,(a) Effective number of UEs.,PF,25.65,8.699506752020985
fig05,(a) Effective number of UEs.,PF,25.75,8.760554542257319
fig05,(a) Effective number of UEs.,PF,25.85,8.797434587703004
fig05,(a) Effective number of UEs.,PF,25.950000000000003,8.624035805093186
fig05,(a) Effective number of UEs.,PF,26.05,8.601921990555121
fig05,(a) Effective number of UEs.,PF,26.15,8.640526511320855
fig05,(a) Effective number of UEs.,PF,26.25,8.824118904034403
fig05,(a) Effective number of UEs.,PF,26.35,8.797079593669174
fig05,(a) Effective number of UEs.,PF,26.450000000000003,8.6379149497535
fig05,(a) Effective number of UEs.,PF,26.55,8.62190806621511
fig05,(a) Effective number of UEs.,PF,26.65,8.640681909562703
fig05,(a) Effective number of UEs.,PF,26.75,8.776408727946704
fig05,(a) Effective number of UEs.,PF,26.85,8.7507416309448
fig05,(a) Effective number of UEs.,PF,26.950000000000003,8.758719218741746
fig05,(a) Effective number of UEs.,PF,27.05,8.830530133935307
fig05,(a) Effective number of UEs.,PF,27.15,8.789261673256592
fig05,(a) Effective number of UEs.,PF,27.25,8.726581475618794
fig05,(a) Effective number of UEs.,PF,27.35,8.48645992102719
fig05,(a) Effective number of UEs.,PF,27.450000000000003,8.544390816269262
fig05,(a) Effective number of UEs.,PF,27.55,8.664862672331235
fig05,(a) Effective number of UEs.,PF,27.65,8.766893624683355
fig05,(a) Effective number of UEs.,PF,27.75,8.76312446149944
fig05,(a) Effective number of UEs.,PF,27.85,8.683137573521256
fig05,(a) Effective number of UEs.,PF,27.950000000000003,8.775736021774271
fig05,(a) Effective number of UEs.,PF,28.05,8.759400337840422
fig05,(a) Effective number of UEs.,PF,28.15,8.747227199606174
fig05,(a) Effective number of UEs.,PF,28.25,8.783851604334933
fig05,(a) Effective number of UEs.,PF,28.35,8.813328349749293
fig05,(a) Effective number of UEs.,PF,28.450000000000003,8.851743660018295
fig05,(a) Effective number of UEs.,PF,28.55,8.830447555383705
fig05,(a) Effective number of UEs.,PF,28.65,8.783175808368112
fig05,(a) Effective number of UEs.,PF,28.75,8.845636122166344
fig05,(a) Effective number of UEs.,PF,28.85,8.899881657886253
fig05,(a) Effective number of UEs.,PF,28.950000000000003,8.94129609103082
fig05,(a) Effective number of UEs.,PF,29.05,8.832126387473815
fig05,(a) Effective number of UEs.,PF,29.15,8.771509347642896
fig05,(a) Effective number of UEs.,PF,29.25,8.760190325356868
fig05,(a) Effective number of UEs.,PF,29.35,8.710440196256444
fig05,(a) Effective number of UEs.,PF,29.450000000000003,8.546837910167662
fig05,(a) Effective number of UEs.,PF,29.55,8.356278071553922
fig05,(a) Effective number of UEs.,PF,29.65,8.47210210592638
fig05,(a) Effective number of UEs.,PF,29.75,8.59445515376545
fig05,(a) Effective number of UEs.,PF,29.85,8.660260174600998
fig05,(a) Effective number of UEs.,PF,29.950000000000003,8.466791415493445
fig05,(a) Effective number of UEs.,PF,30.05,8.560839983772036
fig05,(a) Effective number of UEs.,PF,30.15,8.608577442706395
fig05,(a) Effective number of UEs.,PF,30.25,8.76272444520883
fig05,(a) Effective number of UEs.,PF,30.35,8.681153511283181
fig05,(a) Effective number of UEs.,MR,0.45,6.010394848168165
fig05,(a) Effective number of UEs.,MR,0.55,5.986317157723408
fig05,(a) Effective number of UEs.,MR,0.65,5.923831218447254
fig05,(a) Effective number of UEs.,MR,0.75,5.922041145594544
fig05,(a) Effective number of UEs.,MR,0.8500000000000001,5.899777398171583
fig05,(a) Effective number of UEs.,MR,0.95,5.791016164994088
fig05,(a) Effective number of UEs.,MR,1.05,5.81333465953682
fig05,(a) Effective number of UEs.,MR,1.15,5.772374942479736
fig05,(a) Effective number of UEs.,MR,1.25,5.892649752723698
fig05,(a) Effective number of UEs.,MR,1.35,5.902215913990445
fig05,(a) Effective number of UEs.,MR,1.4500000000000002,5.978880980484374
fig05,(a) Effective number of UEs.,MR,1.55,5.924907509444531
fig05,(a) Effective number of UEs.,MR,1.65,5.917695002100118
fig05,(a) Effective number of UEs.,MR,1.75,5.909617848909986
fig05,(a) Effective number of UEs.,MR,1.85,5.9423125249882425
fig05,(a) Effective number of UEs.,MR,1.95,5.772978640419846
fig05,(a) Effective number of UEs.,MR,2.0500000000000003,5.7029204339750805
fig05,(a) Effective number of UEs.,MR,2.15,5.7226552839072085
fig05,(a) Effective number of UEs.,MR,2.25,5.895585176958687
fig05,(a) Effective number of UEs.,MR,2.35,5.923581449299642
fig05,(a) Effective number of UEs.,MR,2.45,5.901691306149476
fig05,(a) Effective number of UEs.,MR,2.5500000000000003,5.883949405936949
fig05,(a) Effective number of UEs.,MR,2.6500000000000004,5.91368522817498
fig05,(a) Effective number of UEs.,MR,2.75,5.940065749619982
fig05,(a) Effective number of UEs.,MR,2.85,5.945907865698465
fig05,(a) Effective number of UEs.,MR,2.95,5.944813922774114
fig05,(a) Effective number of UEs.,MR,3.0500000000000003,5.928083353140323
fig05,(a) Effective number of UEs.,MR,3.1500000000000004,5.885919765689725
fig05,(a) Effective number of UEs.,MR,3.25,5.866701628833618
fig05,(a) Effective number of UEs.,MR,3.35,5.488064013731315
fig05,(a) Effective number of UEs.,MR,3.45,5.232783264697996
fig05,(a) Effective number of UEs.,MR,3.5500000000000003,5.063184206727953
fig05,(a) Effective number of UEs.,MR,3.65,5.215403330862417
fig05,(a) Effective number of UEs.,MR,3.75,5.502131210802847
fig05,(a) Effective number of UEs.,MR,3.85,5.412817051463217
fig05,(a) Effective number of UEs.,MR,3.95,5.473113484841715
fig05,(a) Effective number of UEs.,MR,4.05,5.143841755861005
fig05,(a) Effective number of UEs.,MR,4.15,4.954054945599595
fig05,(a) Effective number of UEs.,MR,4.25,4.842758827808473
fig05,(a) Effective number of UEs.,MR,4.3500000000000005,4.835309143930026
fig05,(a) Effective number of UEs.,MR,4.45,4.891703765150063
fig05,(a) Effective number of UEs.,MR,4.55,4.894741703593225
fig05,(a) Effective number of UEs.,MR,4.65,4.841343244827652
fig05,(a) Effective number of UEs.,MR,4.75,4.995790593850503
fig05,(a) Effective number of UEs.,MR,4.8500000000000005,4.914301663538732
fig05,(a) Effective number of UEs.,MR,4.95,5.005804981179146
fig05,(a) Effective number of UEs.,MR,5.050000000000001,4.913718961927333
fig05,(a) Effective number of UEs.,MR,5.15,4.930992668577875
fig05,(a) Effective number of UEs.,MR,5.25,5.015457302900049
fig05,(a) Effective number of UEs.,MR,5.3500000000000005,4.885205271999872
fig05,(a) Effective number of UEs.,MR,5.45,4.850058076095643
fig05,(a) Effective number of UEs.,MR,5.550000000000001,4.690863925288114
fig05,(a) Effective number of UEs.,MR,5.65,4.87278253018729
fig05,(a) Effective number of UEs.,MR,5.75,4.950729358908181
fig05,(a) Effective number of UEs.,MR,5.8500000000000005,5.169011853740844
fig05,(a) Effective number of UEs.,MR,5.95,5.116017184839986
fig05,(a) Effective number of UEs.,MR,6.050000000000001,5.347081030443015
fig05,(a) Effective number of UEs.,MR,6.15,5.049438423970743
fig05,(a) Effective number of UEs.,MR,6.25,5.129101948020096
fig05,(a) Effective number of UEs.,MR,6.3500000000000005,4.714070866132007
fig05,(a) Effective number of UEs.,MR,6.45,4.429899085829015
fig05,(a) Effective number of UEs.,MR,6.550000000000001,3.9578989906559854
fig05,(a) Effective number of UEs.,MR,6.65,3.686104242889505
fig05,(a) Effective number of UEs.,MR,6.75,3.671834133926005
fig05,(a) Effective number of UEs.,MR,6.8500000000000005,3.6641663254833055
fig05,(a) Effective number of UEs.,MR,6.95,3.804022440192584
fig05,(a) Effective number of UEs.,MR,7.050000000000001,4.172953099901362
fig05,(a) Effective number of UEs.,MR,7.15,4.572724351274421
fig05,(a) Effective number of UEs.,MR,7.25,4.831980975159905
fig05,(a) Effective number of UEs.,MR,7.35,4.861166136562606
fig05,(a) Effective number of UEs.,MR,7.45,4.866420405258103
fig05,(a) Effective number of UEs.,MR,7.550000000000001,4.8607022826472
fig05,(a) Effective number of UEs.,MR,7.65,4.860043769868903
fig05,(a) Effective number of UEs.,MR,7.75,4.854789501173407
fig05,(a) Effective number of UEs.,MR,7.85,4.860507623784311
fig05,(a) Effective number of UEs.,MR,7.95,4.867455042291828
fig05,(a) Effective number of UEs.,MR,8.05,4.866311133633342
fig05,(a) Effective number of UEs.,MR,8.15,4.860593011022439
fig05,(a) Effective number of UEs.,MR,8.25,4.853645592514922
fig05,(a) Effective number of UEs.,MR,8.35,4.854789501173407
fig05,(a) Effective number of UEs.,MR,8.450000000000001,4.866420405258103
fig05,(a) Effective number of UEs.,MR,8.55,4.867560066455855
fig05,(a) Effective number of UEs.,MR,8.65,4.859934279179972
fig05,(a) Effective number of UEs.,MR,8.75,4.854680010484476
fig05,(a) Effective number of UEs.,MR,8.85,4.853540349286723
fig05,(a) Effective number of UEs.,MR,8.950000000000001,4.867455042291828
fig05,(a) Effective number of UEs.,MR,9.05,4.866311133633342
fig05,(a) Effective number of UEs.,MR,9.15,4.860593011022439
fig05,(a) Effective number of UEs.,MR,9.25,4.853645592514922
fig05,(a) Effective number of UEs.,MR,9.35,4.854789501173407
fig05,(a) Effective number of UEs.,MR,9.45,4.866420405258103
fig05,(a) Effective number of UEs.,MR,9.55,4.867560066455855
fig05,(a) Effective number of UEs.,MR,9.65,4.859934279179972
fig05,(a) Effective number of UEs.,MR,9.75,4.854680010484476
fig05,(a) Effective number of UEs.,MR,9.85,4.853540349286723
fig05,(a) Effective number of UEs.,MR,9.95,4.867455042291828
fig05,(a) Effective number of UEs.,MR,10.05,4.866311133633342
fig05,(a) Effective number of UEs.,MR,10.15,4.860593011022439
fig05,(a) Effective number of UEs.,MR,10.25,4.853645592514922
fig05,(a) Effective number of UEs.,MR,10.35,4.854789501173407
fig05,(a) Effective number of UEs.,MR,10.45,4.866420405258103
fig05,(a) Effective number of UEs.,MR,10.55,4.867560066455855
fig05,(a) Effective number of UEs.,MR,10.65,4.859934279179972
fig05,(a) Effective number of UEs.,MR,10.75,4.854680010484476
fig05,(a) Effective number of UEs.,MR,10.85,4.853540349286723
fig05,(a) Effective number of UEs.,MR,10.95,4.867455042291828
fig05,(a) Effective number of UEs.,MR,11.05,4.866311133633342
fig05,(a) Effective number of UEs.,MR,11.15,4.860593011022439
fig05,(a) Effective number of UEs.,MR,11.25,4.853645592514922
fig05,(a) Effective number of UEs.,MR,11.35,4.854789501173407
fig05,(a) Effective number of UEs.,MR,11.45,4.866420405258103
fig05,(a) Effective number of UEs.,MR,11.55,4.867560066455855
fig05,(a) Effective number of UEs.,MR,11.65,4.859934279179972
fig05,(a) Effective number of UEs.,MR,11.75,4.854680010484476
fig05,(a) Effective number of UEs.,MR,11.85,4.853540349286723
fig05,(a) Effective number of UEs.,MR,11.95,4.867455042291828
fig05,(a) Effective number of UEs.,MR,12.05,4.866311133633342
fig05,(a) Effective number of UEs.,MR,12.15,4.860593011022439
fig05,(a) Effective number of UEs.,MR,12.25,4.853645592514922
fig05,(a) Effective number of UEs.,MR,12.35,4.582879375377427
fig05,(a) Effective number of UEs.,MR,12.45,4.301506631804831
fig05,(a) Effective number of UEs.,MR,12.55,4.014415765621332
fig05,(a) Effective number of UEs.,MR,12.65,3.998576512455516
fig05,(a) Effective number of UEs.,MR,12.75,3.998576512455516
fig05,(a) Effective number of UEs.,MR,12.85,3.998576512455516
fig05,(a) Effective number of UEs.,MR,12.95,3.998576512455516
fig05,(a) Effective number of UEs.,MR,13.05,3.998576512455516
fig05,(a) Effective number of UEs.,MR,13.15,3.998576512455516
fig05,(a) Effective number of UEs.,MR,13.25,3.998576512455516
fig05,(a) Effective number of UEs.,MR,13.35,3.998576512455516
fig05,(a) Effective number of UEs.,MR,13.45,3.998576512455516
fig05,(a) Effective number of UEs.,MR,13.55,3.998576512455516
fig05,(a) Effective number of UEs.,MR,13.65,3.998576512455516
fig05,(a) Effective number of UEs.,MR,13.75,3.998576512455516
fig05,(a) Effective number of UEs.,MR,13.85,3.998576512455516
fig05,(a) Effective number of UEs.,MR,13.95,3.998576512455516
fig05,(a) Effective number of UEs.,MR,14.05,3.998576512455516
fig05,(a) Effective number of UEs.,MR,14.15,3.998576512455516
fig05,(a) Effective number of UEs.,MR,14.25,3.998576512455516
fig05,(a) Effective number of UEs.,MR,14.35,3.998576512455516
fig05,(a) Effective number of UEs.,MR,14.45,3.998576512455516
fig05,(a) Effective number of UEs.,MR,14.55,3.998576512455516
fig05,(a) Effective number of UEs.,MR,14.65,3.998576512455516
fig05,(a) Effective number of UEs.,MR,14.75,3.998576512455516
fig05,(a) Effective number of UEs.,MR,14.85,3.998576512455516
fig05,(a) Effective number of UEs.,MR,14.95,3.998576512455516
fig05,(a) Effective number of UEs.,MR,15.05,3.998576512455516
fig05,(a) Effective number of UEs.,MR,15.15,3.998576512455516
fig05,(a) Effective number of UEs.,MR,15.25,3.998576512455516
fig05,(a) Effective number of UEs.,MR,15.35,3.998576512455516
fig05,(a) Effective number of UEs.,MR,15.45,3.998576512455516
fig05,(a) Effective number of UEs.,MR,15.55,3.998576512455516
fig05,(a) Effective number of UEs.,MR,15.65,3.998576512455516
fig05,(a) Effective number of UEs.,MR,15.75,3.998576512455516
fig05,(a) Effective number of UEs.,MR,15.85,3.998576512455516
fig05,(a) Effective number of UEs.,MR,15.95,3.998576512455516
fig05,(a) Effective number of UEs.,MR,16.05,3.998576512455516
fig05,(a) Effective number of UEs.,MR,16.150000000000002,3.998576512455516
fig05,(a) Effective number of UEs.,MR,16.25,3.998576512455516
fig05,(a) Effective number of UEs.,MR,16.35,3.998576512455516
fig05,(a) Effective number of UEs.,MR,16.45,3.998576512455516
fig05,(a) Effective number of UEs.,MR,16.55,3.998576512455516
fig05,(a) Effective number of UEs.,MR,16.650000000000002,3.998576512455516
fig05,(a) Effective number of UEs.,MR,16.75,3.998576512455516
fig05,(a) Effective number of UEs.,MR,16.85,3.998576512455516
fig05,(a) Effective number of UEs.,MR,16.95,3.998576512455516
fig05,(a) Effective number of UEs.,MR,17.05,3.998576512455516
fig05,(a) Effective number of UEs.,MR,17.150000000000002,3.998576512455516
fig05,(a) Effective number of UEs.,MR,17.25,3.998576512455516
fig05,(a) Effective number of UEs.,MR,17.35,3.998576512455516
fig05,(a) Effective number of UEs.,MR,17.45,3.998576512455516
fig05,(a) Effective number of UEs.,MR,17.55,3.998576512455516
fig05,(a) Effective number of UEs.,MR,17.650000000000002,3.998576512455516
fig05,(a) Effective number of UEs.,MR,17.75,3.998576512455516
fig05,(a) Effective number of UEs.,MR,17.85,3.998576512455516
fig05,(a) Effective number of UEs.,MR,17.95,3.998576512455516
fig05,(a) Effective number of UEs.,MR,18.05,3.998576512455516
fig05,(a) Effective number of UEs.,MR,18.15,3.998576512455516
fig05,(a) Effective number of UEs.,MR,18.25,3.998576512455516
fig05,(a) Effective number of UEs.,MR,18.35,3.998576512455516
fig05,(a) Effective number of UEs.,MR,18.45,3.998576512455516
fig05,(a) Effective number of UEs.,MR,18.55,3.998576512455516
fig05,(a) Effective number of UEs.,MR,18.65,3.998576512455516
fig05,(a) Effective number of UEs.,MR,18.75,3.998576512455516
fig05,(a) Effective number of UEs.,MR,18.85,3.998576512455516
fig05,(a) Effective number of UEs.,MR,18.95,3.998576512455516
fig05,(a) Effective number of UEs.,MR,19.05,3.998576512455516
fig05,(a) Effective number of UEs.,MR,19.15,3.998576512455516
fig05,(a) Effective number of UEs.,MR,19.25,3.998576512455516
fig05,(a) Effective number of UEs.,MR,19.35,3.998576512455516
fig05,(a) Effective number of UEs.,MR,19.450000000000003,3.998576512455516
fig05,(a) Effective number of UEs.,MR,19.55,3.998576512455516
fig05,(a) Effective number of UEs.,MR,19.65,3.998576512455516
fig05,(a) Effective number of UEs.,MR,19.75,3.998576512455516
fig05,(a) Effective number of UEs.,MR,19.85,3.998576512455516
fig05,(a) Effective number of UEs.,MR,19.950000000000003,3.998576512455516
fig05,(a) Effective number of UEs.,MR,20.05,3.998576512455516
fig05,(a) Effective number of UEs.,MR,20.15,3.998576512455516
fig05,(a) Effective number of UEs.,MR,20.25,3.998576512455516
fig05,(a) Effective number of UEs.,MR,20.35,3.998576512455516
fig05,(a) Effective number of UEs.,MR,20.450000000000003,3.998576512455516
fig05,(a) Effective number of UEs.,MR,20.55,3.998576512455516
fig05,(a) Effective number of UEs.,MR,20.65,3.998576512455516
fig05,(a) Effective number of UEs.,MR,20.75,3.998576512455516
fig05,(a) Effective number of UEs.,MR,20.85,3.998576512455516
fig05,(a) Effective number of UEs.,MR,20.950000000000003,3.998576512455516
fig05,(a) Effective number of UEs.,MR,21.05,3.998576512455516
fig05,(a) Effective number of UEs.,MR,21.15,3.998576512455516
fig05,(a) Effective number of UEs.,MR,21.25,3.998576512455516
fig05,(a) Effective number of UEs.,MR,21.35,3.998576512455516
fig05,(a) Effective number of UEs.,MR,21.450000000000003,3.998576512455516
fig05,(a) Effective number of UEs.,MR,21.55,3.998576512455516
fig05,(a) Effective number of UEs.,MR,21.65,3.998576512455516
fig05,(a) Effective number of UEs.,MR,21.75,3.998576512455516
fig05,(a) Effective number of UEs.,MR,21.85,3.998576512455516
fig05,(a) Effective number of UEs.,MR,21.950000000000003,3.998576512455516
fig05,(a) Effective number of UEs.,MR,22.05,3.998576512455516
fig05,(a) Effective number of UEs.,MR,22.15,3.998576512455516
fig05,(a) Effective number of UEs.,MR,22.25,3.998576512455516
fig05,(a) Effective number of UEs.,MR,22.35,3.998576512455516
fig05,(a) Effective number of UEs.,MR,22.450000000000003,3.998576512455516
fig05,(a) Effective number of UEs.,MR,22.55,3.998576512455516
fig05,(a) Effective number of UEs.,MR,22.65,3.998576512455516
fig05,(a) Effective number of UEs.,MR,22.75,3.998576512455516
fig05,(a) Effective number of UEs.,MR,22.85,3.998576512455516
fig05,(a) Effective number of UEs.,MR,22.950000000000003,3.998576512455516
fig05,(a) Effective number of UEs.,MR,23.05,3.998576512455516
fig05,(a) Effective number of UEs.,MR,23.15,3.998576512455516
fig05,(a) Effective number of UEs.,MR,23.25,3.998576512455516
fig05,(a) Effective number of UEs.,MR,23.35,3.998576512455516
fig05,(a) Effective number of UEs.,MR,23.450000000000003,3.998576512455516
fig05,(a) Effective number of UEs.,MR,23.55,3.998576512455516
fig05,(a) Effective number of UEs.,MR,23.65,3.998576512455516
fig05,(a) Effective number of UEs.,MR,23.75,3.998576512455516
fig05,(a) Effective number of UEs.,MR,23.85,3.998576512455516
fig05,(a) Effective number of UEs.,MR,23.950000000000003,3.998576512455516
fig05,(a) Effective number of UEs.,MR,24.05,3.998576512455516
fig05,(a) Effective number of UEs.,MR,24.15,3.998576512455516
fig05,(a) Effective number of UEs.,MR,24.25,4.007294124314771
fig05,(a) Effective number of UEs.,MR,24.35,4.00729412431477
fig05,(a) Effective number of UEs.,MR,24.450000000000003,4.00729412431477
fig05,(a) Effective number of UEs.,MR,24.55,3.998576512455516
fig05,(a) Effective number of UEs.,MR,24.65,3.998576512455516
fig05,(a) Effective number of UEs.,MR,24.75,3.998576512455516
fig05,(a) Effective number of UEs.,MR,24.85,3.998576512455516
fig05,(a) Effective number of UEs.,MR,24.950000000000003,3.998576512455516
fig05,(a) Effective number of UEs.,MR,25.05,3.998576512455516
fig05,(a) Effective number of UEs.,MR,25.15,3.998576512455516
fig05,(a) Effective number of UEs.,MR,25.25,3.998576512455516
fig05,(a) Effective number of UEs.,MR,25.35,3.998576512455516
fig05,(a) Effective number of UEs.,MR,25.450000000000003,3.998576512455516
fig05,(a) Effective number of UEs.,MR,25.55,3.998576512455516
fig05,(a) Effective number of UEs.,MR,25.65,3.998576512455516
fig05,(a) Effective number of UEs.,MR,25.75,3.998576512455516
fig05,(a) Effective number of UEs.,MR,25.85,3.998576512455516
fig05,(a) Effective number of UEs.,MR,25.950000000000003,3.998576512455516
fig05,(a) Effective number of UEs.,MR,26.05,3.998576512455516
fig05,(a) Effective number of UEs.,MR,26.15,3.998576512455516
fig05,(a) Effective number of UEs.,MR,26.25,3.998576512455516
fig05,(a) Effective number of UEs.,MR,26.35,3.998576512455516
fig05,(a) Effective number of UEs.,MR,26.450000000000003,3.998576512455516
fig05,(a) Effective number of UEs.,MR,26.55,3.998576512455516
fig05,(a) Effective number of UEs.,MR,26.65,3.998576512455516
fig05,(a) Effective number of UEs.,MR,26.75,3.998576512455516
fig05,(a) Effective number of UEs.,MR,26.85,3.998576512455516
fig05,(a) Effective number of UEs.,MR,26.950000000000003,3.998576512455516
fig05,(a) Effective number of UEs.,MR,27.05,3.998576512455516
fig05,(a) Effective number of UEs.,MR,27.15,3.998576512455516
fig05,(a) Effective number of UEs.,MR,27.25,3.998576512455516
fig05,(a) Effective number of UEs.,MR,27.35,3.998576512455516
fig05,(a) Effective number of UEs.,MR,27.450000000000003,3.998576512455516
fig05,(a) Effective number of UEs.,MR,27.55,3.998576512455516
fig05,(a) Effective number of UEs.,MR,27.65,3.998576512455516
fig05,(a) Effective number of UEs.,MR,27.75,3.998576512455516
fig05,(a) Effective number of UEs.,MR,27.85,3.998576512455516
fig05,(a) Effective number of UEs.,MR,27.950000000000003,3.998576512455516
fig05,(a) Effective number of UEs.,MR,28.05,3.998576512455516
fig05,(a) Effective number of UEs.,MR,28.15,3.998576512455516
fig05,(a) Effective number of UEs.,MR,28.25,3.998576512455516
fig05,(a) Effective number of UEs.,MR,28.35,3.998576512455516
fig05,(a) Effective number of UEs.,MR,28.450000000000003,3.998576512455516
fig05,(a) Effective number of UEs.,MR,28.55,3.998576512455516
fig05,(a) Effective number of UEs.,MR,28.65,3.998576512455516
fig05,(a) Effective number of UEs.,MR,28.75,3.998576512455516
fig05,(a) Effective number of UEs.,MR,28.85,3.998576512455516
fig05,(a) Effective number of UEs.,MR,28.950000000000003,3.998576512455516
fig05,(a) Effective number of UEs.,MR,29.05,3.998576512455516
fig05,(a) Effective number of UEs.,MR,29.15,3.998576512455516
fig05,(a) Effective number of UEs.,MR,29.25,3.998576512455516
fig05,(a) Effective number of UEs.,MR,29.35,3.998576512455516
fig05,(a) Effective number of UEs.,MR,29.450000000000003,3.998576512455516
fig05,(a) Effective number of UEs.,MR,29.55,3.998576512455516
fig05,(a) Effective number of UEs.,MR,29.65,3.998576512455516
fig05,(a) Effective number of UEs.,MR,29.75,3.998576512455516
fig05,(a) Effective number of UEs.,MR,29.85,3.998576512455516
fig05,(a) Effective number of UEs.,MR,29.950000000000003,3.998576512455516
fig05,(a) Effective number of UEs.,MR,30.05,3.998576512455516
fig05,(a) Effective number of UEs.,MR,30.15,3.998576512455516
fig05,(a) Effective number of UEs.,MR,30.25,3.998576512455516
fig05,(a) Effective number of UEs.,MR,30.35,3.998576512455516
fig05,(a) Effective number of UEs.,IA-FMR,0.45,8.961733557030954
fig05,(a) Effective number of UEs.,IA-FMR,0.55,8.96235979265427
fig05,(a) Effective number of UEs.,IA-FMR,0.65,8.962446714600949
fig05,(a) Effective number of UEs.,IA-FMR,0.75,8.96400088999148
fig05,(a) Effective number of UEs.,IA-FMR,0.8500000000000001,8.96439350798389
fig05,(a) Effective number of UEs.,IA-FMR,0.95,8.964658961749064
fig05,(a) Effective number of UEs.,IA-FMR,1.05,8.964298406798852
fig05,(a) Effective number of UEs.,IA-FMR,1.15,8.964045067346264
fig05,(a) Effective number of UEs.,IA-FMR,1.25,8.963993488432614
fig05,(a) Effective number of UEs.,IA-FMR,1.35,8.964528063706533
fig05,(a) Effective number of UEs.,IA-FMR,1.4500000000000002,8.964467653539794
fig05,(a) Effective number of UEs.,IA-FMR,1.55,8.964526963551984
fig05,(a) Effective number of UEs.,IA-FMR,1.65,8.964039193608953
fig05,(a) Effective number of UEs.,IA-FMR,1.75,8.964470092125929
fig05,(a) Effective number of UEs.,IA-FMR,1.85,8.964513588342891
fig05,(a) Effective number of UEs.,IA-FMR,1.95,8.964785165561656
fig05,(a) Effective number of UEs.,IA-FMR,2.0500000000000003,8.964668016664005
fig05,(a) Effective number of UEs.,IA-FMR,2.15,8.964616789348502
fig05,(a) Effective number of UEs.,IA-FMR,2.25,8.964483702605825
fig05,(a) Effective number of UEs.,IA-FMR,2.35,8.964360277575295
fig05,(a) Effective number of UEs.,IA-FMR,2.45,8.964088252463583
fig05,(a) Effective number of UEs.,IA-FMR,2.5500000000000003,8.964221339206262
fig05,(a) Effective number of UEs.,IA-FMR,2.6500000000000004,8.964213608107723
fig05,(a) Effective number of UEs.,IA-FMR,2.75,8.964441530205264
fig05,(a) Effective number of UEs.,IA-FMR,2.85,8.96423036315324
fig05,(a) Effective number of UEs.,IA-FMR,2.95,8.964093802782312
fig05,(a) Effective number of UEs.,IA-FMR,3.0500000000000003,8.964234981846639
fig05,(a) Effective number of UEs.,IA-FMR,3.1500000000000004,8.964636187318115
fig05,(a) Effective number of UEs.,IA-FMR,3.25,8.964458878764377
fig05,(a) Effective number of UEs.,IA-FMR,3.35,8.964186158280922
fig05,(a) Effective number of UEs.,IA-FMR,3.45,8.963770575762036
fig05,(a) Effective number of UEs.,IA-FMR,3.5500000000000003,8.96417342841521
fig05,(a) Effective number of UEs.,IA-FMR,3.65,8.964597377875224
fig05,(a) Effective number of UEs.,IA-FMR,3.75,8.964741669344692
fig05,(a) Effective number of UEs.,IA-FMR,3.85,8.964783841745254
fig05,(a) Effective number of UEs.,IA-FMR,3.95,8.964398976347606
fig05,(a) Effective number of UEs.,IA-FMR,4.05,8.964222626510201
fig05,(a) Effective number of UEs.,IA-FMR,4.15,8.964039891467479
fig05,(a) Effective number of UEs.,IA-FMR,4.25,8.96422767915391
fig05,(a) Effective number of UEs.,IA-FMR,4.3500000000000005,8.964773547913358
fig05,(a) Effective number of UEs.,IA-FMR,4.45,8.964498640631568
fig05,(a) Effective number of UEs.,IA-FMR,4.55,8.964271768882769
fig05,(a) Effective number of UEs.,IA-FMR,4.65,8.964025674991255
fig05,(a) Effective number of UEs.,IA-FMR,4.75,8.964031948067413
fig05,(a) Effective number of UEs.,IA-FMR,4.8500000000000005,8.964215323599246
fig05,(a) Effective number of UEs.,IA-FMR,4.95,8.964207163351531
fig05,(a) Effective number of UEs.,IA-FMR,5.050000000000001,8.964351732037523
fig05,(a) Effective number of UEs.,IA-FMR,5.15,8.964475157068053
fig05,(a) Effective number of UEs.,IA-FMR,5.25,8.964222750342413
fig05,(a) Effective number of UEs.,IA-FMR,5.3500000000000005,8.96439839477571
fig05,(a) Effective number of UEs.,IA-FMR,5.45,8.964084645156385
fig05,(a) Effective number of UEs.,IA-FMR,5.550000000000001,8.964185144752642
fig05,(a) Effective number of UEs.,IA-FMR,5.65,8.964424930999956
fig05,(a) Effective number of UEs.,IA-FMR,5.75,8.964485341166695
fig05,(a) Effective number of UEs.,IA-FMR,5.8500000000000005,8.964377692043795
fig05,(a) Effective number of UEs.,IA-FMR,5.95,8.964346095471443
fig05,(a) Effective number of UEs.,IA-FMR,6.050000000000001,8.964202825029787
fig05,(a) Effective number of UEs.,IA-FMR,6.15,8.964813093217076
fig05,(a) Effective number of UEs.,IA-FMR,6.25,8.964190637688901
fig05,(a) Effective number of UEs.,IA-FMR,6.3500000000000005,8.963151047697714
fig05,(a) Effective number of UEs.,IA-FMR,6.45,8.96125432061989
fig05,(a) Effective number of UEs.,IA-FMR,6.550000000000001,8.960245567211643
fig05,(a) Effective number of UEs.,IA-FMR,6.65,8.96012759170654
fig05,(a) Effective number of UEs.,IA-FMR,6.75,8.96012759170654
fig05,(a) Effective number of UEs.,IA-FMR,6.8500000000000005,8.96012759170654
fig05,(a) Effective number of UEs.,IA-FMR,6.95,8.96012759170654
fig05,(a) Effective number of UEs.,IA-FMR,7.050000000000001,8.96012759170654
fig05,(a) Effective number of UEs.,IA-FMR,7.15,8.96012759170654
fig05,(a) Effective number of UEs.,IA-FMR,7.25,8.96012759170654
fig05,(a) Effective number of UEs.,IA-FMR,7.35,8.96012759170654
fig05,(a) Effective number of UEs.,IA-FMR,7.45,8.96012759170654
fig05,(a) Effective number of UEs.,IA-FMR,7.550000000000001,8.96012759170654
fig05,(a) Effective number of UEs.,IA-FMR,7.65,8.96012759170654
fig05,(a) Effective number of UEs.,IA-FMR,7.75,8.96012759170654
fig05,(a) Effective number of UEs.,IA-FMR,7.85,8.96012759170654
fig05,(a) Effective number of UEs.,IA-FMR,7.95,8.96012759170654
fig05,(a) Effective number of UEs.,IA-FMR,8.05,8.96012759170654
fig05,(a) Effective number of UEs.,IA-FMR,8.15,8.96012759170654
fig05,(a) Effective number of UEs.,IA-FMR,8.25,8.96012759170654
fig05,(a) Effective number of UEs.,IA-FMR,8.35,8.96012759170654
fig05,(a) Effective number of UEs.,IA-FMR,8.450000000000001,8.96012759170654
fig05,(a) Effective number of UEs.,IA-FMR,8.55,8.96012759170654
fig05,(a) Effective number of UEs.,IA-FMR,8.65,8.96012759170654
fig05,(a) Effective number of UEs.,IA-FMR,8.75,8.96012759170654
fig05,(a) Effective number of UEs.,IA-FMR,8.85,8.96012759170654
fig05,(a) Effective number of UEs.,IA-FMR,8.950000000000001,8.96012759170654
fig05,(a) Effective number of UEs.,IA-FMR,9.05,8.96012759170654
fig05,(a) Effective number of UEs.,IA-FMR,9.15,8.96012759170654
fig05,(a) Effective number of UEs.,IA-FMR,9.25,8.96012759170654
fig05,(a) Effective number of UEs.,IA-FMR,9.35,8.96012759170654
fig05,(a) Effective number of UEs.,IA-FMR,9.45,8.96012759170654
fig05,(a) Effective number of UEs.,IA-FMR,9.55,8.96012759170654
fig05,(a) Effective number of UEs.,IA-FMR,9.65,8.96012759170654
fig05,(a) Effective number of UEs.,IA-FMR,9.75,8.96012759170654
fig05,(a) Effective number of UEs.,IA-FMR,9.85,8.96012759170654
fig05,(a) Effective number of UEs.,IA-FMR,9.95,8.96012759170654
fig05,(a) Effective number of UEs.,IA-FMR,10.05,8.96012759170654
fig05,(a) Effective number of UEs.,IA-FMR,10.15,8.96012759170654
fig05,(a) Effective number of UEs.,IA-FMR,10.25,8.96012759170654
fig05,(a) Effective number of UEs.,IA-FMR,10.35,8.96012759170654
fig05,(a) Effective number of UEs.,IA-FMR,10.45,8.96012759170654
fig05,(a) Effective number of UEs.,IA-FMR,10.55,8.96012759170654
fig05,(a) Effective number of UEs.,IA-FMR,10.65,8.96012759170654
fig05,(a) Effective number of UEs.,IA-FMR,10.75,8.96012759170654
fig05,(a) Effective number of UEs.,IA-FMR,10.85,8.96012759170654
fig05,(a) Effective number of UEs.,IA-FMR,10.95,8.96012759170654
fig05,(a) Effective number of UEs.,IA-FMR,11.05,8.96012759170654
fig05,(a) Effective number of UEs.,IA-FMR,11.15,8.96012759170654
fig05,(a) Effective number of UEs.,IA-FMR,11.25,8.96012759170654
fig05,(a) Effective number of UEs.,IA-FMR,11.35,8.96012759170654
fig05,(a) Effective number of UEs.,IA-FMR,11.45,8.96012759170654
fig05,(a) Effective number of UEs.,IA-FMR,11.55,8.96012759170654
fig05,(a) Effective number of UEs.,IA-FMR,11.65,8.96012759170654
fig05,(a) Effective number of UEs.,IA-FMR,11.75,8.96012759170654
fig05,(a) Effective number of UEs.,IA-FMR,11.85,8.96012759170654
fig05,(a) Effective number of UEs.,IA-FMR,11.95,8.96012759170654
fig05,(a) Effective number of UEs.,IA-FMR,12.05,8.96012759170654
fig05,(a) Effective number of UEs.,IA-FMR,12.15,8.96012759170654
fig05,(a) Effective number of UEs.,IA-FMR,12.25,8.96012759170654
fig05,(a) Effective number of UEs.,IA-FMR,12.35,8.96012759170654
fig05,(a) Effective number of UEs.,IA-FMR,12.45,8.96012759170654
fig05,(a) Effective number of UEs.,IA-FMR,12.55,8.96012759170654
fig05,(a) Effective number of UEs.,IA-FMR,12.65,8.96012759170654
fig05,(a) Effective number of UEs.,IA-FMR,12.75,8.96012759170654
fig05,(a) Effective number of UEs.,IA-FMR,12.85,8.96012759170654
fig05,(a) Effective number of UEs.,IA-FMR,12.95,8.96012759170654
fig05,(a) Effective number of UEs.,IA-FMR,13.05,8.96012759170654
fig05,(a) Effective number of UEs.,IA-FMR,13.15,8.96012759170654
fig05,(a) Effective number of UEs.,IA-FMR,13.25,8.96012759170654
fig05,(a) Effective number of UEs.,IA-FMR,13.35,8.96012759170654
fig05,(a) Effective number of UEs.,IA-FMR,13.45,8.96012759170654
fig05,(a) Effective number of UEs.,IA-FMR,13.55,8.96012759170654
fig05,(a) Effective number of UEs.,IA-FMR,13.65,8.96012759170654
fig05,(a) Effective number of UEs.,IA-FMR,13.75,8.96012759170654
fig05,(a) Effective number of UEs.,IA-FMR,13.85,8.96012759170654
fig05,(a) Effective number of UEs.,IA-FMR,13.95,8.96012759170654
fig05,(a) Effective number of UEs.,IA-FMR,14.05,8.96012759170654
fig05,(a) Effective number of UEs.,IA-FMR,14.15,8.96012759170654
fig05,(a) Effective number of UEs.,IA-FMR,14.25,8.96012759170654
fig05,(a) Effective number of UEs.,IA-FMR,14.35,8.96012759170654
fig05,(a) Effective number of UEs.,IA-FMR,14.45,8.96012759170654
fig05,(a) Effective number of UEs.,IA-FMR,14.55,8.96012759170654
fig05,(a) Effective number of UEs.,IA-FMR,14.65,8.96012759170654
fig05,(a) Effective number of UEs.,IA-FMR,14.75,8.96012759170654
fig05,(a) Effective number of UEs.,IA-FMR,14.85,8.96012759170654
fig05,(a) Effective number of UEs.,IA-FMR,14.95,8.96012759170654
fig05,(a) Effective number of UEs.,IA-FMR,15.05,8.96012759170654
fig05,(a) Effective number of UEs.,IA-FMR,15.15,8.96012759170654
fig05,(a) Effective number of UEs.,IA-FMR,15.25,8.96012759170654
fig05,(a) Effective number of UEs.,IA-FMR,15.35,8.96012759170654
fig05,(a) Effective number of UEs.,IA-FMR,15.45,8.96012759170654
fig05,(a) Effective number of UEs.,IA-FMR,15.55,8.96012759170654
fig05,(a) Effective number of UEs.,IA-FMR,15.65,8.96012759170654
fig05,(a) Effective number of UEs.,IA-FMR,15.75,8.96012759170654
fig05,(a) Effective number of UEs.,IA-FMR,15.85,8.96012759170654
fig05,(a) Effective number of UEs.,IA-FMR,15.95,8.96012759170654
fig05,(a) Effective number of UEs.,IA-FMR,16.05,8.96012759170654
fig05,(a) Effective number of UEs.,IA-FMR,16.150000000000002,8.96012759170654
fig05,(a) Effective number of UEs.,IA-FMR,16.25,8.96012759170654
fig05,(a) Effective number of UEs.,IA-FMR,16.35,8.96012759170654
fig05,(a) Effective number of UEs.,IA-FMR,16.45,8.96012759170654
fig05,(a) Effective number of UEs.,IA-FMR,16.55,8.96012759170654
fig05,(a) Effective number of UEs.,IA-FMR,16.650000000000002,8.96012759170654
fig05,(a) Effective number of UEs.,IA-FMR,16.75,8.96012759170654
fig05,(a) Effective number of UEs.,IA-FMR,16.85,8.96012759170654
fig05,(a) Effective number of UEs.,IA-FMR,16.95,8.96012759170654
fig05,(a) Effective number of UEs.,IA-FMR,17.05,8.96012759170654
fig05,(a) Effective number of UEs.,IA-FMR,17.150000000000002,8.96012759170654
fig05,(a) Effective number of UEs.,IA-FMR,17.25,8.96012759170654
fig05,(a) Effective number of UEs.,IA-FMR,17.35,8.96012759170654
fig05,(a) Effective number of UEs.,IA-FMR,17.45,8.96012759170654
fig05,(a) Effective number of UEs.,IA-FMR,17.55,8.96012759170654
fig05,(a) Effective number of UEs.,IA-FMR,17.650000000000002,8.96012759170654
fig05,(a) Effective number of UEs.,IA-FMR,17.75,8.96012759170654
fig05,(a) Effective number of UEs.,IA-FMR,17.85,8.96012759170654
fig05,(a) Effective number of UEs.,IA-FMR,17.95,8.96012759170654
fig05,(a) Effective number of UEs.,IA-FMR,18.05,8.96012759170654
fig05,(a) Effective number of UEs.,IA-FMR,18.15,8.96012759170654
fig05,(a) Effective number of UEs.,IA-FMR,18.25,8.96012759170654
fig05,(a) Effective number of UEs.,IA-FMR,18.35,8.96012759170654
fig05,(a) Effective number of UEs.,IA-FMR,18.45,8.96012759170654
fig05,(a) Effective number of UEs.,IA-FMR,18.55,8.96012759170654
fig05,(a) Effective number of UEs.,IA-FMR,18.65,8.96012759170654
fig05,(a) Effective number of UEs.,IA-FMR,18.75,8.96012759170654
fig05,(a) Effective number of UEs.,IA-FMR,18.85,8.96012759170654
fig05,(a) Effective number of UEs.,IA-FMR,18.95,8.96012759170654
fig05,(a) Effective number of UEs.,IA-FMR,19.05,8.96012759170654
fig05,(a) Effective number of UEs.,IA-FMR,19.15,8.96012759170654
fig05,(a) Effective number of UEs.,IA-FMR,19.25,8.96012759170654
fig05,(a) Effective number of UEs.,IA-FMR,19.35,8.96012759170654
fig05,(a) Effective number of UEs.,IA-FMR,19.450000000000003,8.96012759170654
fig05,(a) Effective number of UEs.,IA-FMR,19.55,8.96012759170654
fig05,(a) Effective number of UEs.,IA-FMR,19.65,8.96012759170654
fig05,(a) Effective number of UEs.,IA-FMR,19.75,8.96012759170654
fig05,(a) Effective number of UEs.,IA-FMR,19.85,8.96012759170654
fig05,(a) Effective number of UEs.,IA-FMR,19.950000000000003,8.96012759170654
fig05,(a) Effective number of UEs.,IA-FMR,20.05,8.96012759170654
fig05,(a) Effective number of UEs.,IA-FMR,20.15,8.96012759170654
fig05,(a) Effective number of UEs.,IA-FMR,20.25,8.96012759170654
fig05,(a) Effective number of UEs.,IA-FMR,20.35,8.96012759170654
fig05,(a) Effective number of UEs.,IA-FMR,20.450000000000003,8.96012759170654
fig05,(a) Effective number of UEs.,IA-FMR,20.55,8.96012759170654
fig05,(a) Effective number of UEs.,IA-FMR,20.65,8.96012759170654
fig05,(a) Effective number of UEs.,IA-FMR,20.75,8.96012759170654
fig05,(a) Effective number of UEs.,IA-FMR,20.85,8.96012759170654
fig05,(a) Effective number of UEs.,IA-FMR,20.950000000000003,8.96012759170654
fig05,(a) Effective number of UEs.,IA-FMR,21.05,8.96012759170654
fig05,(a) Effective number of UEs.,IA-FMR,21.15,8.96012759170654
fig05,(a) Effective number of UEs.,IA-FMR,21.25,8.96012759170654
fig05,(a) Effective number of UEs.,IA-FMR,21.35,8.96012759170654
fig05,(a) Effective number of UEs.,IA-FMR,21.450000000000003,8.96012759170654
fig05,(a) Effective number of UEs.,IA-FMR,21.55,8.96012759170654
fig05,(a) Effective number of UEs.,IA-FMR,21.65,8.96012759170654
fig05,(a) Effective number of UEs.,IA-FMR,21.75,8.96012759170654
fig05,(a) Effective number of UEs.,IA-FMR,21.85,8.96012759170654
fig05,(a) Effective number of UEs.,IA-FMR,21.950000000000003,8.96012759170654
fig05,(a) Effective number of UEs.,IA-FMR,22.05,8.96012759170654
fig05,(a) Effective number of UEs.,IA-FMR,22.15,8.96012759170654
fig05,(a) Effective number of UEs.,IA-FMR,22.25,8.96012759170654
fig05,(a) Effective number of UEs.,IA-FMR,22.35,8.96012759170654
fig05,(a) Effective number of UEs.,IA-FMR,22.450000000000003,8.96012759170654
fig05,(a) Effective number of UEs.,IA-FMR,22.55,8.96012759170654
fig05,(a) Effective number of UEs.,IA-FMR,22.65,8.96012759170654
fig05,(a) Effective number of UEs.,IA-FMR,22.75,8.96012759170654
fig05,(a) Effective number of UEs.,IA-FMR,22.85,8.96012759170654
fig05,(a) Effective number of UEs.,IA-FMR,22.950000000000003,8.96012759170654
fig05,(a) Effective number of UEs.,IA-FMR,23.05,8.96012759170654
fig05,(a) Effective number of UEs.,IA-FMR,23.15,8.96012759170654
fig05,(a) Effective number of UEs.,IA-FMR,23.25,8.96012759170654
fig05,(a) Effective number of UEs.,IA-FMR,23.35,8.96012759170654
fig05,(a) Effective number of UEs.,IA-FMR,23.450000000000003,8.96012759170654
fig05,(a) Effective number of UEs.,IA-FMR,23.55,8.96012759170654
fig05,(a) Effective number of UEs.,IA-FMR,23.65,8.96012759170654
fig05,(a) Effective number of UEs.,IA-FMR,23.75,8.96012759170654
fig05,(a) Effective number of UEs.,IA-FMR,23.85,8.96012759170654
fig05,(a) Effective number of UEs.,IA-FMR,23.950000000000003,8.96012759170654
fig05,(a) Effective number of UEs.,IA-FMR,24.05,8.96012759170654
fig05,(a) Effective number of UEs.,IA-FMR,24.15,8.96012759170654
fig05,(a) Effective number of UEs.,IA-FMR,24.25,8.96012759170654
fig05,(a) Effective number of UEs.,IA-FMR,24.35,8.96012759170654
fig05,(a) Effective number of UEs.,IA-FMR,24.450000000000003,8.96012759170654
fig05,(a) Effective number of UEs.,IA-FMR,24.55,8.96012759170654
fig05,(a) Effective number of UEs.,IA-FMR,24.65,8.96012759170654
fig05,(a) Effective number of UEs.,IA-FMR,24.75,8.96012759170654
fig05,(a) Effective number of UEs.,IA-FMR,24.85,8.96012759170654
fig05,(a) Effective number of UEs.,IA-FMR,24.950000000000003,8.96012759170654
fig05,(a) Effective number of UEs.,IA-FMR,25.05,8.96012759170654
fig05,(a) Effective number of UEs.,IA-FMR,25.15,8.96012759170654
fig05,(a) Effective number of UEs.,IA-FMR,25.25,8.96012759170654
fig05,(a) Effective number of UEs.,IA-FMR,25.35,8.96012759170654
fig05,(a) Effective number of UEs.,IA-FMR,25.450000000000003,8.96012759170654
fig05,(a) Effective number of UEs.,IA-FMR,25.55,8.96012759170654
fig05,(a) Effective number of UEs.,IA-FMR,25.65,8.96012759170654
fig05,(a) Effective number of UEs.,IA-FMR,25.75,8.96012759170654
fig05,(a) Effective number of UEs.,IA-FMR,25.85,8.96012759170654
fig05,(a) Effective number of UEs.,IA-FMR,25.950000000000003,8.96012759170654
fig05,(a) Effective number of UEs.,IA-FMR,26.05,8.96012759170654
fig05,(a) Effective number of UEs.,IA-FMR,26.15,8.96012759170654
fig05,(a) Effective number of UEs.,IA-FMR,26.25,8.96012759170654
fig05,(a) Effective number of UEs.,IA-FMR,26.35,8.96012759170654
fig05,(a) Effective number of UEs.,IA-FMR,26.450000000000003,8.96012759170654
fig05,(a) Effective number of UEs.,IA-FMR,26.55,8.96012759170654
fig05,(a) Effective number of UEs.,IA-FMR,26.65,8.96012759170654
fig05,(a) Effective number of UEs.,IA-FMR,26.75,8.96012759170654
fig05,(a) Effective number of UEs.,IA-FMR,26.85,8.96012759170654
fig05,(a) Effective number of UEs.,IA-FMR,26.950000000000003,8.96012759170654
fig05,(a) Effective number of UEs.,IA-FMR,27.05,8.96012759170654
fig05,(a) Effective number of UEs.,IA-FMR,27.15,8.96012759170654
fig05,(a) Effective number of UEs.,IA-FMR,27.25,8.96012759170654
fig05,(a) Effective number of UEs.,IA-FMR,27.35,8.96012759170654
fig05,(a) Effective number of UEs.,IA-FMR,27.450000000000003,8.96012759170654
fig05,(a) Effective number of UEs.,IA-FMR,27.55,8.96012759170654
fig05,(a) Effective number of UEs.,IA-FMR,27.65,8.96012759170654
fig05,(a) Effective number of UEs.,IA-FMR,27.75,8.96012759170654
fig05,(a) Effective number of UEs.,IA-FMR,27.85,8.96012759170654
fig05,(a) Effective number of UEs.,IA-FMR,27.950000000000003,8.96012759170654
fig05,(a) Effective number of UEs.,IA-FMR,28.05,8.96012759170654
fig05,(a) Effective number of UEs.,IA-FMR,28.15,8.96012759170654
fig05,(a) Effective number of UEs.,IA-FMR,28.25,8.96012759170654
fig05,(a) Effective number of UEs.,IA-FMR,28.35,8.96012759170654
fig05,(a) Effective number of UEs.,IA-FMR,28.450000000000003,8.96012759170654
fig05,(a) Effective number of UEs.,IA-FMR,28.55,8.96012759170654
fig05,(a) Effective number of UEs.,IA-FMR,28.65,8.96012759170654
fig05,(a) Effective number of UEs.,IA-FMR,28.75,8.96012759170654
fig05,(a) Effective number of UEs.,IA-FMR,28.85,8.96012759170654
fig05,(a) Effective number of UEs.,IA-FMR,28.950000000000003,8.96012759170654
fig05,(a) Effective number of UEs.,IA-FMR,29.05,8.96012759170654
fig05,(a) Effective number of UEs.,IA-FMR,29.15,8.96012759170654
fig05,(a) Effective number of UEs.,IA-FMR,29.25,8.96012759170654
fig05,(a) Effective number of UEs.,IA-FMR,29.35,8.96012759170654
fig05,(a) Effective number of UEs.,IA-FMR,29.450000000000003,8.96012759170654
fig05,(a) Effective number of UEs.,IA-FMR,29.55,8.96012759170654
fig05,(a) Effective number of UEs.,IA-FMR,29.65,8.96012759170654
fig05,(a) Effective number of UEs.,IA-FMR,29.75,8.96012759170654
fig05,(a) Effective number of UEs.,IA-FMR,29.85,8.96012759170654
fig05,(a) Effective number of UEs.,IA-FMR,29.950000000000003,8.96012759170654
fig05,(a) Effective number of UEs.,IA-FMR,30.05,8.96012759170654
fig05,(a) Effective number of UEs.,IA-FMR,30.15,8.96012759170654
fig05,(a) Effective number of UEs.,IA-FMR,30.25,8.96012759170654
fig05,(a) Effective number of UEs.,IA-FMR,30.35,8.96012759170654
fig05,(b) Largest individual allocation share.,RR,0.45,11.120772106773323
fig05,(b) Largest individual allocation share.,RR,0.55,11.120347022964188
fig05,(b) Largest individual allocation share.,RR,0.65,11.118365098118778
fig05,(b) Largest individual allocation share.,RR,0.75,11.116570382386143
fig05,(b) Largest individual allocation share.,RR,0.8500000000000001,11.115045701616175
fig05,(b) Largest individual allocation share.,RR,0.95,11.116051025813126
fig05,(b) Largest individual allocation share.,RR,1.05,11.11441466735102
fig05,(b) Largest individual allocation share.,RR,1.15,11.113736313618618
fig05,(b) Largest individual allocation share.,RR,1.25,11.116389169111455
fig05,(b) Largest individual allocation share.,RR,1.35,11.119163863895032
fig05,(b) Largest individual allocation share.,RR,1.4500000000000002,11.121067407531868
fig05,(b) Largest individual allocation share.,RR,1.55,11.116895395474751
fig05,(b) Largest individual allocation share.,RR,1.65,11.115662197793164
fig05,(b) Largest individual allocation share.,RR,1.75,11.117781236936054
fig05,(b) Largest individual allocation share.,RR,1.85,11.118235010974734
fig05,(b) Largest individual allocation share.,RR,1.95,11.119356099776178
fig05,(b) Largest individual allocation share.,RR,2.0500000000000003,11.115698580159682
fig05,(b) Largest individual allocation share.,RR,2.15,11.116336699901574
fig05,(b) Largest individual allocation share.,RR,2.25,11.113859093650383
fig05,(b) Largest individual allocation share.,RR,2.35,11.114648846960169
fig05,(b) Largest individual allocation share.,RR,2.45,11.1141491667555
fig05,(b) Largest individual allocation share.,RR,2.5500000000000003,11.115946111948668
fig05,(b) Largest individual allocation share.,RR,2.6500000000000004,11.116087763033718
fig05,(b) Largest individual allocation share.,RR,2.75,11.119440456019882
fig05,(b) Largest individual allocation share.,RR,2.85,11.121764092045538
fig05,(b) Largest individual allocation share.,RR,2.95,11.120389243278902
fig05,(b) Largest individual allocation share.,RR,3.0500000000000003,11.117963493281108
fig05,(b) Largest individual allocation share.,RR,3.1500000000000004,11.117089006604786
fig05,(b) Largest individual allocation share.,RR,3.25,11.120747186294572
fig05,(b) Largest individual allocation share.,RR,3.35,11.121723786943033
fig05,(b) Largest individual allocation share.,RR,3.45,11.119834209850277
fig05,(b) Largest individual allocation share.,RR,3.5500000000000003,11.120481591031554
fig05,(b) Largest individual allocation share.,RR,3.65,11.119504990383092
fig05,(b) Largest individual allocation share.,RR,3.75,11.118041874489682
fig05,(b) Largest individual allocation share.,RR,3.85,11.117394493308405
fig05,(b) Largest individual allocation share.,RR,3.95,11.119553294741849
fig05,(b) Largest individual allocation share.,RR,4.05,11.118961081165947
fig05,(b) Largest individual allocation share.,RR,4.15,11.11765305279558
fig05,(b) Largest individual allocation share.,RR,4.25,11.115494251362136
fig05,(b) Largest individual allocation share.,RR,4.3500000000000005,11.116764818670438
fig05,(b) Largest individual allocation share.,RR,4.45,11.118720228222085
fig05,(b) Largest individual allocation share.,RR,4.55,11.117201071657805
fig05,(b) Largest individual allocation share.,RR,4.65,11.1159305043495
fig05,(b) Largest individual allocation share.,RR,4.75,11.1159305043495
fig05,(b) Largest individual allocation share.,RR,4.8500000000000005,11.1172743736179
fig05,(b) Largest individual allocation share.,RR,4.95,11.119163054751866
fig05,(b) Largest individual allocation share.,RR,5.050000000000001,11.11851567357059
fig05,(b) Largest individual allocation share.,RR,5.15,11.118690960866466
fig05,(b) Largest individual allocation share.,RR,5.25,11.120480237730222
fig05,(b) Largest individual allocation share.,RR,5.3500000000000005,11.120480237730222
fig05,(b) Largest individual allocation share.,RR,5.45,11.119918357905078
fig05,(b) Largest individual allocation share.,RR,5.550000000000001,11.116754232274689
fig05,(b) Largest individual allocation share.,RR,5.65,11.113174433793477
fig05,(b) Largest individual allocation share.,RR,5.75,11.1153935753251
fig05,(b) Largest individual allocation share.,RR,5.8500000000000005,11.11805616122853
fig05,(b) Largest individual allocation share.,RR,5.95,11.117463947652626
fig05,(b) Largest individual allocation share.,RR,6.050000000000001,11.116342858851183
fig05,(b) Largest individual allocation share.,RR,6.15,11.113166440580423
fig05,(b) Largest individual allocation share.,RR,6.25,11.115055121714391
fig05,(b) Largest individual allocation share.,RR,6.3500000000000005,11.116444640228854
fig05,(b) Largest individual allocation share.,RR,6.45,11.117401916967989
fig05,(b) Largest individual allocation share.,RR,6.550000000000001,11.118801762984925
fig05,(b) Largest individual allocation share.,RR,6.65,11.11644880878172
fig05,(b) Largest individual allocation share.,RR,6.75,11.118286780120854
fig05,(b) Largest individual allocation share.,RR,6.8500000000000005,11.118286780120854
fig05,(b) Largest individual allocation share.,RR,6.95,11.118465453648582
fig05,(b) Largest individual allocation share.,RR,7.050000000000001,11.11902987874131
fig05,(b) Largest individual allocation share.,RR,7.15,11.11941930958813
fig05,(b) Largest individual allocation share.,RR,7.25,11.123853330194656
fig05,(b) Largest individual allocation share.,RR,7.35,11.122643847853098
fig05,(b) Largest individual allocation share.,RR,7.45,11.121116080684814
fig05,(b) Largest individual allocation share.,RR,7.550000000000001,11.11790724998272
fig05,(b) Largest individual allocation share.,RR,7.65,11.119435017151003
fig05,(b) Largest individual allocation share.,RR,7.75,11.117284826321567
fig05,(b) Largest individual allocation share.,RR,7.85,11.116308225673109
fig05,(b) Largest individual allocation share.,RR,7.95,11.114314152059883
fig05,(b) Largest individual allocation share.,RR,8.05,11.117371454645491
fig05,(b) Largest individual allocation share.,RR,8.15,11.11800248891065
fig05,(b) Largest individual allocation share.,RR,8.25,11.117662473794548
fig05,(b) Largest individual allocation share.,RR,8.35,11.11569706498952
fig05,(b) Largest individual allocation share.,RR,8.450000000000001,11.114817441468384
fig05,(b) Largest individual allocation share.,RR,8.55,11.117151530197708
fig05,(b) Largest individual allocation share.,RR,8.65,11.116059636417134
fig05,(b) Largest individual allocation share.,RR,8.75,11.116132938377229
fig05,(b) Largest individual allocation share.,RR,8.85,11.115512282965112
fig05,(b) Largest individual allocation share.,RR,8.950000000000001,11.120127079320744
fig05,(b) Largest individual allocation share.,RR,9.05,11.121578458130612
fig05,(b) Largest individual allocation share.,RR,9.15,11.118521155545006
fig05,(b) Largest individual allocation share.,RR,9.25,11.115111207498977
fig05,(b) Largest individual allocation share.,RR,9.35,11.115111207498977
fig05,(b) Largest individual allocation share.,RR,9.45,11.115111207498977
fig05,(b) Largest individual allocation share.,RR,9.55,11.113906359189375
fig05,(b) Largest individual allocation share.,RR,9.65,11.114789069108832
fig05,(b) Largest individual allocation share.,RR,9.75,11.118148742279825
fig05,(b) Largest individual allocation share.,RR,9.85,11.120644499492563
fig05,(b) Largest individual allocation share.,RR,9.95,11.120142959765602
fig05,(b) Largest individual allocation share.,RR,10.05,11.1211508617169
fig05,(b) Largest individual allocation share.,RR,10.15,11.11865510450416
fig05,(b) Largest individual allocation share.,RR,10.25,11.116177498252972
fig05,(b) Largest individual allocation share.,RR,10.35,11.1154878811284
fig05,(b) Largest individual allocation share.,RR,10.45,11.11893272911218
fig05,(b) Largest individual allocation share.,RR,10.55,11.120384107922048
fig05,(b) Largest individual allocation share.,RR,10.65,11.121525543162718
fig05,(b) Largest individual allocation share.,RR,10.75,11.119599851743216
fig05,(b) Largest individual allocation share.,RR,10.85,11.12226905415217
fig05,(b) Largest individual allocation share.,RR,10.95,11.119945418126518
fig05,(b) Largest individual allocation share.,RR,11.05,11.120922018774978
fig05,(b) Largest individual allocation share.,RR,11.15,11.120717421892218
fig05,(b) Largest individual allocation share.,RR,11.25,11.121581337850472
fig05,(b) Largest individual allocation share.,RR,11.35,11.124461057711324
fig05,(b) Largest individual allocation share.,RR,11.45,11.119846261355695
fig05,(b) Largest individual allocation share.,RR,11.55,11.122045320158527
fig05,(b) Largest individual allocation share.,RR,11.65,11.121284639440566
fig05,(b) Largest individual allocation share.,RR,11.75,11.12237653322114
fig05,(b) Largest individual allocation share.,RR,11.85,11.121432597602942
fig05,(b) Largest individual allocation share.,RR,11.95,11.119791469415684
fig05,(b) Largest individual allocation share.,RR,12.05,11.120849766464543
fig05,(b) Largest individual allocation share.,RR,12.15,11.117578839377314
fig05,(b) Largest individual allocation share.,RR,12.25,11.117400419287211
fig05,(b) Largest individual allocation share.,RR,12.35,11.11634212223835
fig05,(b) Largest individual allocation share.,RR,12.45,11.11779350104822
fig05,(b) Largest individual allocation share.,RR,12.55,11.11867621096767
fig05,(b) Largest individual allocation share.,RR,12.65,11.117584317187095
fig05,(b) Largest individual allocation share.,RR,12.75,11.117965487379587
fig05,(b) Largest individual allocation share.,RR,12.85,11.117151513068618
fig05,(b) Largest individual allocation share.,RR,12.95,11.118898543117531
fig05,(b) Largest individual allocation share.,RR,13.05,11.11761080598074
fig05,(b) Largest individual allocation share.,RR,13.15,11.11772049046236
fig05,(b) Largest individual allocation share.,RR,13.25,11.118768708491713
fig05,(b) Largest individual allocation share.,RR,13.35,11.119375784570488
fig05,(b) Largest individual allocation share.,RR,13.45,11.121016912757746
fig05,(b) Largest individual allocation share.,RR,13.55,11.123926252594307
fig05,(b) Largest individual allocation share.,RR,13.65,11.1260452917372
fig05,(b) Largest individual allocation share.,RR,13.75,11.123177525430489
fig05,(b) Largest individual allocation share.,RR,13.85,11.121417844077726
fig05,(b) Largest individual allocation share.,RR,13.95,11.12117062284439
fig05,(b) Largest individual allocation share.,RR,14.05,11.124242986033863
fig05,(b) Largest individual allocation share.,RR,14.15,11.122448270301229
fig05,(b) Largest individual allocation share.,RR,14.25,11.12175865317666
fig05,(b) Largest individual allocation share.,RR,14.35,11.119150690379934
fig05,(b) Largest individual allocation share.,RR,14.45,11.122705087465327
fig05,(b) Largest individual allocation share.,RR,14.55,11.121822377545875
fig05,(b) Largest individual allocation share.,RR,14.65,11.121357977153126
fig05,(b) Largest individual allocation share.,RR,14.75,11.115653389238297
fig05,(b) Largest individual allocation share.,RR,14.85,11.11474682229399
fig05,(b) Largest individual allocation share.,RR,14.95,11.112999792245075
fig05,(b) Largest individual allocation share.,RR,15.05,11.117367367367368
fig05,(b) Largest individual allocation share.,RR,15.15,11.11762887706284
fig05,(b) Largest individual allocation share.,RR,15.25,11.11762887706284
fig05,(b) Largest individual allocation share.,RR,15.35,11.116125285627296
fig05,(b) Largest individual allocation share.,RR,15.45,11.1164708520106
fig05,(b) Largest individual allocation share.,RR,15.55,11.116984684377924
fig05,(b) Largest individual allocation share.,RR,15.65,11.11756554867496
fig05,(b) Largest individual allocation share.,RR,15.75,11.11506979146222
fig05,(b) Largest individual allocation share.,RR,15.85,11.11823391709261
fig05,(b) Largest individual allocation share.,RR,15.95,11.11530290147616
fig05,(b) Largest individual allocation share.,RR,16.05,11.117358230945475
fig05,(b) Largest individual allocation share.,RR,16.150000000000002,11.117852285004869
fig05,(b) Largest individual allocation share.,RR,16.25,11.12195324899317
fig05,(b) Largest individual allocation share.,RR,16.35,11.120411751891185
fig05,(b) Largest individual allocation share.,RR,16.45,11.11623973983407
fig05,(b) Largest individual allocation share.,RR,16.55,11.11162494347844
fig05,(b) Largest individual allocation share.,RR,16.650000000000002,11.11478906910883
fig05,(b) Largest individual allocation share.,RR,16.75,11.117965487379587
fig05,(b) Largest individual allocation share.,RR,16.85,11.12046124459233
fig05,(b) Largest individual allocation share.,RR,16.95,11.12046124459233
fig05,(b) Largest individual allocation share.,RR,17.05,11.117877039897474
fig05,(b) Largest individual allocation share.,RR,17.150000000000002,11.1160800947043
fig05,(b) Largest individual allocation share.,RR,17.25,11.11519738478485
fig05,(b) Largest individual allocation share.,RR,17.35,11.11519738478485
fig05,(b) Largest individual allocation share.,RR,17.45,11.118443479327352
fig05,(b) Largest individual allocation share.,RR,17.55,11.1198202433062
fig05,(b) Largest individual allocation share.,RR,17.650000000000002,11.123400041787413
fig05,(b) Largest individual allocation share.,RR,17.75,11.119455135225342
fig05,(b) Largest individual allocation share.,RR,17.85,11.117494553609896
fig05,(b) Largest individual allocation share.,RR,17.95,11.11902712946761
fig05,(b) Largest individual allocation share.,RR,18.05,11.123199141524722
fig05,(b) Largest individual allocation share.,RR,18.15,11.12194498782219
fig05,(b) Largest individual allocation share.,RR,18.25,11.119918357905078
fig05,(b) Largest individual allocation share.,RR,18.35,11.115746345847962
fig05,(b) Largest individual allocation share.,RR,18.45,11.1170004995505
fig05,(b) Largest individual allocation share.,RR,18.55,11.11726744811485
fig05,(b) Largest individual allocation share.,RR,18.65,11.120062696193116
fig05,(b) Largest individual allocation share.,RR,18.75,11.120715249438195
fig05,(b) Largest individual allocation share.,RR,18.85,11.118825672345444
fig05,(b) Largest individual allocation share.,RR,18.95,11.118894407953922
fig05,(b) Largest individual allocation share.,RR,19.05,11.116987701006307
fig05,(b) Largest individual allocation share.,RR,19.15,11.119104383594106
fig05,(b) Largest individual allocation share.,RR,19.25,11.118736157120097
fig05,(b) Largest individual allocation share.,RR,19.35,11.121723786943036
fig05,(b) Largest individual allocation share.,RR,19.450000000000003,11.118143988461824
fig05,(b) Largest individual allocation share.,RR,19.55,11.116162063616414
fig05,(b) Largest individual allocation share.,RR,19.65,11.113736313618618
fig05,(b) Largest individual allocation share.,RR,19.75,11.117963493281104
fig05,(b) Largest individual allocation share.,RR,19.85,11.117449660913778
fig05,(b) Largest individual allocation share.,RR,19.950000000000003,11.116522717925406
fig05,(b) Largest individual allocation share.,RR,20.05,11.116522717925406
fig05,(b) Largest individual allocation share.,RR,20.15,11.120694729982525
fig05,(b) Largest individual allocation share.,RR,20.25,11.123278934677376
fig05,(b) Largest individual allocation share.,RR,20.35,11.118973373806313
fig05,(b) Largest individual allocation share.,RR,20.450000000000003,11.117012792190865
fig05,(b) Largest individual allocation share.,RR,20.55,11.116893676505711
fig05,(b) Largest individual allocation share.,RR,20.65,11.120057802136104
fig05,(b) Largest individual allocation share.,RR,20.75,11.118300145733116
fig05,(b) Largest individual allocation share.,RR,20.85,11.118920801145231
fig05,(b) Largest individual allocation share.,RR,20.950000000000003,11.116989873196426
fig05,(b) Largest individual allocation share.,RR,21.05,11.12135549239614
fig05,(b) Largest individual allocation share.,RR,21.15,11.1211223823822
fig05,(b) Largest individual allocation share.,RR,21.25,11.121059236717782
fig05,(b) Largest individual allocation share.,RR,21.35,11.118735600692128
fig05,(b) Largest individual allocation share.,RR,21.450000000000003,11.118348055293952
fig05,(b) Largest individual allocation share.,RR,21.55,11.117117944948134
fig05,(b) Largest individual allocation share.,RR,21.65,11.118300145733116
fig05,(b) Largest individual allocation share.,RR,21.75,11.118920801145231
fig05,(b) Largest individual allocation share.,RR,21.85,11.119424303845683
fig05,(b) Largest individual allocation share.,RR,21.950000000000003,11.119106019018956
fig05,(b) Largest individual allocation share.,RR,22.05,11.120247454259632
fig05,(b) Largest individual allocation share.,RR,22.15,11.119804009887824
fig05,(b) Largest individual allocation share.,RR,22.25,11.121263729955224
fig05,(b) Largest individual allocation share.,RR,22.35,11.116444336716832
fig05,(b) Largest individual allocation share.,RR,22.450000000000003,11.11814193479117
fig05,(b) Largest individual allocation share.,RR,22.55,11.113322541552778
fig05,(b) Largest individual allocation share.,RR,22.65,11.115211222686744
fig05,(b) Largest individual allocation share.,RR,22.75,11.116444640228854
fig05,(b) Largest individual allocation share.,RR,22.85,11.117296850008817
fig05,(b) Largest individual allocation share.,RR,22.950000000000003,11.11626037865481
fig05,(b) Largest individual allocation share.,RR,23.05,11.11649348866875
fig05,(b) Largest individual allocation share.,RR,23.15,11.115641278888791
fig05,(b) Largest individual allocation share.,RR,23.25,11.115746345847962
fig05,(b) Largest individual allocation share.,RR,23.35,11.116887781088636
fig05,(b) Largest individual allocation share.,RR,23.450000000000003,11.116887781088636
fig05,(b) Largest individual allocation share.,RR,23.55,11.1159305043495
fig05,(b) Largest individual allocation share.,RR,23.65,11.113166440580429
fig05,(b) Largest individual allocation share.,RR,23.75,11.116844398578143
fig05,(b) Largest individual allocation share.,RR,23.85,11.119340155790884
fig05,(b) Largest individual allocation share.,RR,23.950000000000003,11.118555393629874
fig05,(b) Largest individual allocation share.,RR,24.05,11.115469649208055
fig05,(b) Largest individual allocation share.,RR,24.15,11.117793285233711
fig05,(b) Largest individual allocation share.,RR,24.25,11.119967565909183
fig05,(b) Largest individual allocation share.,RR,24.35,11.123547364390395
fig05,(b) Largest individual allocation share.,RR,24.450000000000003,11.121904389422763
fig05,(b) Largest individual allocation share.,RR,24.55,11.12163595970974
fig05,(b) Largest individual allocation share.,RR,24.65,11.118421224391758
fig05,(b) Largest individual allocation share.,RR,24.75,11.116763962685276
fig05,(b) Largest individual allocation share.,RR,24.85,11.115476225548484
fig05,(b) Largest individual allocation share.,RR,24.950000000000003,11.114518948809351
fig05,(b) Largest individual allocation share.,RR,25.05,11.11369860426464
fig05,(b) Largest individual allocation share.,RR,25.15,11.114783591299046
fig05,(b) Largest individual allocation share.,RR,25.25,11.118728497861118
fig05,(b) Largest individual allocation share.,RR,25.35,11.118986962580683
fig05,(b) Largest individual allocation share.,RR,25.450000000000003,11.11776032446123
fig05,(b) Largest individual allocation share.,RR,25.55,11.114907311679737
fig05,(b) Largest individual allocation share.,RR,25.65,11.114907311679737
fig05,(b) Largest individual allocation share.,RR,25.75,11.120148401826484
fig05,(b) Largest individual allocation share.,RR,25.85,11.124615240019736
fig05,(b) Largest individual allocation share.,RR,25.950000000000003,11.124250176856508
fig05,(b) Largest individual allocation share.,RR,26.05,11.121876853016468
fig05,(b) Largest individual allocation share.,RR,26.15,11.117016933062212
fig05,(b) Largest individual allocation share.,RR,26.25,11.119869567470088
fig05,(b) Largest individual allocation share.,RR,26.35,11.116346664895032
fig05,(b) Largest individual allocation share.,RR,26.450000000000003,11.118143610088202
fig05,(b) Largest individual allocation share.,RR,26.55,11.11749401018269
fig05,(b) Largest individual allocation share.,RR,26.65,11.11735939314125
fig05,(b) Largest individual allocation share.,RR,26.75,11.118541593926231
fig05,(b) Largest individual allocation share.,RR,26.85,11.116838239628535
fig05,(b) Largest individual allocation share.,RR,26.950000000000003,11.118854631057772
fig05,(b) Largest individual allocation share.,RR,27.05,11.116695829624328
fig05,(b) Largest individual allocation share.,RR,27.15,11.11749261697772
fig05,(b) Largest individual allocation share.,RR,27.25,11.115476225548484
fig05,(b) Largest individual allocation share.,RR,27.35,11.118776462222598
fig05,(b) Largest individual allocation share.,RR,27.450000000000003,11.119751764775383
fig05,(b) Largest individual allocation share.,RR,27.55,11.120313644600529
fig05,(b) Largest individual allocation share.,RR,27.65,11.119172209359856
fig05,(b) Largest individual allocation share.,RR,27.75,11.120480237730222
fig05,(b) Largest individual allocation share.,RR,27.85,11.121756329244215
fig05,(b) Largest individual allocation share.,RR,27.950000000000003,11.121135673832098
fig05,(b) Largest individual allocation share.,RR,28.05,11.120020964360586
fig05,(b) Largest individual allocation share.,RR,28.15,11.122045109520712
fig05,(b) Largest individual allocation share.,RR,28.25,11.118987806935108
fig05,(b) Largest individual allocation share.,RR,28.35,11.118426261562242
fig05,(b) Largest individual allocation share.,RR,28.450000000000003,11.11610262553659
fig05,(b) Largest individual allocation share.,RR,28.55,11.118598382749326
fig05,(b) Largest individual allocation share.,RR,28.65,11.121661357510414
fig05,(b) Largest individual allocation share.,RR,28.75,11.119864412317243
fig05,(b) Largest individual allocation share.,RR,28.85,11.117368655104505
fig05,(b) Largest individual allocation share.,RR,28.950000000000003,11.112901816911252
fig05,(b) Largest individual allocation share.,RR,29.05,11.114258334360995
fig05,(b) Largest individual allocation share.,RR,29.15,11.118873130716628
fig05,(b) Largest individual allocation share.,RR,29.25,11.121459194933776
fig05,(b) Largest individual allocation share.,RR,29.35,11.123771440586752
fig05,(b) Largest individual allocation share.,RR,29.450000000000003,11.123524219353415
fig05,(b) Largest individual allocation share.,RR,29.55,11.120438474931598
fig05,(b) Largest individual allocation share.,RR,29.65,11.118566657022043
fig05,(b) Largest individual allocation share.,RR,29.75,11.114199081899756
fig05,(b) Largest individual allocation share.,RR,29.85,11.114950737592247
fig05,(b) Largest individual allocation share.,RR,29.950000000000003,11.112454980379509
fig05,(b) Largest individual allocation share.,RR,30.05,11.1172743736179
fig05,(b) Largest individual allocation share.,RR,30.15,11.120545300705132
fig05,(b) Largest individual allocation share.,RR,30.25,11.122695491534566
fig05,(b) Largest individual allocation share.,RR,30.35,11.121258591888708
fig05,(b) Largest individual allocation share.,PF,0.45,12.38771735109138
fig05,(b) Largest individual allocation share.,PF,0.55,12.800314075156374
fig05,(b) Largest individual allocation share.,PF,0.65,13.308857770053132
fig05,(b) Largest individual allocation share.,PF,0.75,13.392098613560348
fig05,(b) Largest individual allocation share.,PF,0.8500000000000001,12.910046533329847
fig05,(b) Largest individual allocation share.,PF,0.95,13.660093668804071
fig05,(b) Largest individual allocation share.,PF,1.05,13.721792578126577
fig05,(b) Largest individual allocation share.,PF,1.15,14.22533071548918
fig05,(b) Largest individual allocation share.,PF,1.25,13.155368613869683
fig05,(b) Largest individual allocation share.,PF,1.35,13.770818551507348
fig05,(b) Largest individual allocation share.,PF,1.4500000000000002,14.610584131838964
fig05,(b) Largest individual allocation share.,PF,1.55,14.275803860709525
fig05,(b) Largest individual allocation share.,PF,1.65,14.351125813389968
fig05,(b) Largest individual allocation share.,PF,1.75,13.76414443272524
fig05,(b) Largest individual allocation share.,PF,1.85,15.04542080834124
fig05,(b) Largest individual allocation share.,PF,1.95,14.696286076515776
fig05,(b) Largest individual allocation share.,PF,2.0500000000000003,14.248139063561544
fig05,(b) Largest individual allocation share.,PF,2.15,14.16346138155881
fig05,(b) Largest individual allocation share.,PF,2.25,13.871236424854771
fig05,(b) Largest individual allocation share.,PF,2.35,13.710607637030146
fig05,(b) Largest individual allocation share.,PF,2.45,13.317701489617754
fig05,(b) Largest individual allocation share.,PF,2.5500000000000003,14.72837833897385
fig05,(b) Largest individual allocation share.,PF,2.6500000000000004,15.4867853928392
fig05,(b) Largest individual allocation share.,PF,2.75,15.179110376331522
fig05,(b) Largest individual allocation share.,PF,2.85,15.561585169183674
fig05,(b) Largest individual allocation share.,PF,2.95,14.501168232957108
fig05,(b) Largest individual allocation share.,PF,3.0500000000000003,14.147754430773304
fig05,(b) Largest individual allocation share.,PF,3.1500000000000004,12.203659392338642
fig05,(b) Largest individual allocation share.,PF,3.25,12.493864811514683
fig05,(b) Largest individual allocation share.,PF,3.35,13.271259586550968
fig05,(b) Largest individual allocation share.,PF,3.45,13.108935537434467
fig05,(b) Largest individual allocation share.,PF,3.5500000000000003,13.863216186329398
fig05,(b) Largest individual allocation share.,PF,3.65,13.69750119129464
fig05,(b) Largest individual allocation share.,PF,3.75,14.038920777997246
fig05,(b) Largest individual allocation share.,PF,3.85,13.575159892656169
fig05,(b) Largest individual allocation share.,PF,3.95,13.450220293604325
fig05,(b) Largest individual allocation share.,PF,4.05,12.962798909956524
fig05,(b) Largest individual allocation share.,PF,4.15,13.445306771591746
fig05,(b) Largest individual allocation share.,PF,4.25,12.986637831964734
fig05,(b) Largest individual allocation share.,PF,4.3500000000000005,13.424895602743172
fig05,(b) Largest individual allocation share.,PF,4.45,13.044832033391716
fig05,(b) Largest individual allocation share.,PF,4.55,13.810737291966175
fig05,(b) Largest individual allocation share.,PF,4.65,13.5810715439625
fig05,(b) Largest individual allocation share.,PF,4.75,13.627015616458609
fig05,(b) Largest individual allocation share.,PF,4.8500000000000005,13.449068789194932
fig05,(b) Largest individual allocation share.,PF,4.95,13.40920463492606
fig05,(b) Largest individual allocation share.,PF,5.050000000000001,13.3079733190721
fig05,(b) Largest individual allocation share.,PF,5.15,12.78870223376328
fig05,(b) Largest individual allocation share.,PF,5.25,12.978852908098192
fig05,(b) Largest individual allocation share.,PF,5.3500000000000005,13.481464377690797
fig05,(b) Largest individual allocation share.,PF,5.45,14.61499705702934
fig05,(b) Largest individual allocation share.,PF,5.550000000000001,14.49083026370802
fig05,(b) Largest individual allocation share.,PF,5.65,13.737180912050285
fig05,(b) Largest individual allocation share.,PF,5.75,13.97250968395427
fig05,(b) Largest individual allocation share.,PF,5.8500000000000005,14.19077786854679
fig05,(b) Largest individual allocation share.,PF,5.95,14.869304928101103
fig05,(b) Largest individual allocation share.,PF,6.050000000000001,13.58408000918986
fig05,(b) Largest individual allocation share.,PF,6.15,14.382021261869292
fig05,(b) Largest individual allocation share.,PF,6.25,16.153982288779286
fig05,(b) Largest individual allocation share.,PF,6.3500000000000005,15.938439320836176
fig05,(b) Largest individual allocation share.,PF,6.45,15.384536328114814
fig05,(b) Largest individual allocation share.,PF,6.550000000000001,13.380230828976286
fig05,(b) Largest individual allocation share.,PF,6.65,14.079947311195092
fig05,(b) Largest individual allocation share.,PF,6.75,13.696572752213651
fig05,(b) Largest individual allocation share.,PF,6.8500000000000005,13.462661781771653
fig05,(b) Largest individual allocation share.,PF,6.95,13.229218626135332
fig05,(b) Largest individual allocation share.,PF,7.050000000000001,14.610290129158054
fig05,(b) Largest individual allocation share.,PF,7.15,14.044681070594615
fig05,(b) Largest individual allocation share.,PF,7.25,13.888591876769572
fig05,(b) Largest individual allocation share.,PF,7.35,13.089757587369244
fig05,(b) Largest individual allocation share.,PF,7.45,14.700359389038637
fig05,(b) Largest individual allocation share.,PF,7.550000000000001,15.251335886887029
fig05,(b) Largest individual allocation share.,PF,7.65,14.68968115757049
fig05,(b) Largest individual allocation share.,PF,7.75,14.889245743927532
fig05,(b) Largest individual allocation share.,PF,7.85,14.437750128578886
fig05,(b) Largest individual allocation share.,PF,7.95,14.516876188528286
fig05,(b) Largest individual allocation share.,PF,8.05,13.290461094188665
fig05,(b) Largest individual allocation share.,PF,8.15,14.00387329344992
fig05,(b) Largest individual allocation share.,PF,8.25,14.338727012180565
fig05,(b) Largest individual allocation share.,PF,8.35,15.27444443210158
fig05,(b) Largest individual allocation share.,PF,8.450000000000001,14.222694363739537
fig05,(b) Largest individual allocation share.,PF,8.55,13.640256659735073
fig05,(b) Largest individual allocation share.,PF,8.65,12.41530419520385
fig05,(b) Largest individual allocation share.,PF,8.75,13.72686709981656
fig05,(b) Largest individual allocation share.,PF,8.85,15.246618354144871
fig05,(b) Largest individual allocation share.,PF,8.950000000000001,16.424477353416773
fig05,(b) Largest individual allocation share.,PF,9.05,15.550583454971838
fig05,(b) Largest individual allocation share.,PF,9.15,14.783190691209562
fig05,(b) Largest individual allocation share.,PF,9.25,13.988744263617832
fig05,(b) Largest individual allocation share.,PF,9.35,14.782894208711175
fig05,(b) Largest individual allocation share.,PF,9.45,16.837502336432507
fig05,(b) Largest individual allocation share.,PF,9.55,16.35761939745169
fig05,(b) Largest individual allocation share.,PF,9.65,15.40367771802502
fig05,(b) Largest individual allocation share.,PF,9.75,12.653314873322552
fig05,(b) Largest individual allocation share.,PF,9.85,14.113955091185248
fig05,(b) Largest individual allocation share.,PF,9.95,13.956224114127934
fig05,(b) Largest individual allocation share.,PF,10.05,14.239242982052462
fig05,(b) Largest individual allocation share.,PF,10.15,14.17100064505725
fig05,(b) Largest individual allocation share.,PF,10.25,14.70906020850527
fig05,(b) Largest individual allocation share.,PF,10.35,14.34908006947846
fig05,(b) Largest individual allocation share.,PF,10.45,13.4419683133101
fig05,(b) Largest individual allocation share.,PF,10.55,12.85432972774806
fig05,(b) Largest individual allocation share.,PF,10.65,13.7410394265233
fig05,(b) Largest individual allocation share.,PF,10.75,13.723023179143844
fig05,(b) Largest individual allocation share.,PF,10.85,13.939576497128796
fig05,(b) Largest individual allocation share.,PF,10.95,13.734799617823615
fig05,(b) Largest individual allocation share.,PF,11.05,13.148173026321851
fig05,(b) Largest individual allocation share.,PF,11.15,13.235129548060982
fig05,(b) Largest individual allocation share.,PF,11.25,12.592484421014584
fig05,(b) Largest individual allocation share.,PF,11.35,12.87039546989625
fig05,(b) Largest individual allocation share.,PF,11.45,12.61457581785018
fig05,(b) Largest individual allocation share.,PF,11.55,12.83801092152394
fig05,(b) Largest individual allocation share.,PF,11.65,12.4916763979408
fig05,(b) Largest individual allocation share.,PF,11.75,13.232916290124086
fig05,(b) Largest individual allocation share.,PF,11.85,12.971486526135235
fig05,(b) Largest individual allocation share.,PF,11.95,14.344953068420052
fig05,(b) Largest individual allocation share.,PF,12.05,13.419281255955786
fig05,(b) Largest individual allocation share.,PF,12.15,14.366059517002917
fig05,(b) Largest individual allocation share.,PF,12.25,13.400521786759304
fig05,(b) Largest individual allocation share.,PF,12.35,13.569530217108564
fig05,(b) Largest individual allocation share.,PF,12.45,13.70385959672096
fig05,(b) Largest individual allocation share.,PF,12.55,14.56224389785209
fig05,(b) Largest individual allocation share.,PF,12.65,16.187784733750213
fig05,(b) Largest individual allocation share.,PF,12.75,15.344415965853145
fig05,(b) Largest individual allocation share.,PF,12.85,15.511766394877304
fig05,(b) Largest individual allocation share.,PF,12.95,14.253380650642503
fig05,(b) Largest individual allocation share.,PF,13.05,14.510597228613795
fig05,(b) Largest individual allocation share.,PF,13.15,13.695492662473796
fig05,(b) Largest individual allocation share.,PF,13.25,14.692755648730492
fig05,(b) Largest individual allocation share.,PF,13.35,14.514302920806989
fig05,(b) Largest individual allocation share.,PF,13.45,13.880321598146418
fig05,(b) Largest individual allocation share.,PF,13.55,13.99309935952016
fig05,(b) Largest individual allocation share.,PF,13.65,14.88297310649389
fig05,(b) Largest individual allocation share.,PF,13.75,16.82694108819772
fig05,(b) Largest individual allocation share.,PF,13.85,15.661041353476916
fig05,(b) Largest individual allocation share.,PF,13.95,14.517169454411093
fig05,(b) Largest individual allocation share.,PF,14.05,13.709243898234527
fig05,(b) Largest individual allocation share.,PF,14.15,14.895099993688952
fig05,(b) Largest individual allocation share.,PF,14.25,16.453337037226564
fig05,(b) Largest individual allocation share.,PF,14.35,16.354404099624983
fig05,(b) Largest individual allocation share.,PF,14.45,16.167292721882504
fig05,(b) Largest individual allocation share.,PF,14.55,15.780097108271796
fig05,(b) Largest individual allocation share.,PF,14.65,14.90736726585783
fig05,(b) Largest individual allocation share.,PF,14.75,14.282520414595888
fig05,(b) Largest individual allocation share.,PF,14.85,13.399046030216878
fig05,(b) Largest individual allocation share.,PF,14.95,14.744665453940735
fig05,(b) Largest individual allocation share.,PF,15.05,15.159608446575184
fig05,(b) Largest individual allocation share.,PF,15.15,16.083032399205646
fig05,(b) Largest individual allocation share.,PF,15.25,15.65948951316434
fig05,(b) Largest individual allocation share.,PF,15.35,16.12060267960492
fig05,(b) Largest individual allocation share.,PF,15.45,15.100972414691634
fig05,(b) Largest individual allocation share.,PF,15.55,14.25911664456139
fig05,(b) Largest individual allocation share.,PF,15.65,13.211533898865438
fig05,(b) Largest individual allocation share.,PF,15.75,14.126104129473404
fig05,(b) Largest individual allocation share.,PF,15.85,14.379800239312011
fig05,(b) Largest individual allocation share.,PF,15.95,14.316621279906636
fig05,(b) Largest individual allocation share.,PF,16.05,15.16904715591742
fig05,(b) Largest individual allocation share.,PF,16.150000000000002,14.730308475591498
fig05,(b) Largest individual allocation share.,PF,16.25,14.454465869560211
fig05,(b) Largest individual allocation share.,PF,16.35,12.831114455852406
fig05,(b) Largest individual allocation share.,PF,16.45,13.737074324076424
fig05,(b) Largest individual allocation share.,PF,16.55,13.900485336544042
fig05,(b) Largest individual allocation share.,PF,16.650000000000002,13.693709330501788
fig05,(b) Largest individual allocation share.,PF,16.75,13.868128726619297
fig05,(b) Largest individual allocation share.,PF,16.85,14.287432539848558
fig05,(b) Largest individual allocation share.,PF,16.95,15.146382014736464
fig05,(b) Largest individual allocation share.,PF,17.05,14.900384301757615
fig05,(b) Largest individual allocation share.,PF,17.150000000000002,13.938698342372629
fig05,(b) Largest individual allocation share.,PF,17.25,14.177810939171556
fig05,(b) Largest individual allocation share.,PF,17.35,14.051284857040594
fig05,(b) Largest individual allocation share.,PF,17.45,15.181664273041353
fig05,(b) Largest individual allocation share.,PF,17.55,14.84259873637969
fig05,(b) Largest individual allocation share.,PF,17.650000000000002,14.614779478316258
fig05,(b) Largest individual allocation share.,PF,17.75,13.989318623837836
fig05,(b) Largest individual allocation share.,PF,17.85,14.1683945733811
fig05,(b) Largest individual allocation share.,PF,17.95,14.301760023832506
fig05,(b) Largest individual allocation share.,PF,18.05,14.618244222916283
fig05,(b) Largest individual allocation share.,PF,18.15,14.311759752011326
fig05,(b) Largest individual allocation share.,PF,18.25,13.615184268497552
fig05,(b) Largest individual allocation share.,PF,18.35,13.477363009083
fig05,(b) Largest individual allocation share.,PF,18.45,13.431824166374346
fig05,(b) Largest individual allocation share.,PF,18.55,13.41831768459051
fig05,(b) Largest individual allocation share.,PF,18.65,12.987383605857689
fig05,(b) Largest individual allocation share.,PF,18.75,13.367243525811949
fig05,(b) Largest individual allocation share.,PF,18.85,13.67603383072307
fig05,(b) Largest individual allocation share.,PF,18.95,14.181328675640556
fig05,(b) Largest individual allocation share.,PF,19.05,14.153409791589596
fig05,(b) Largest individual allocation share.,PF,19.15,14.976230548911923
fig05,(b) Largest individual allocation share.,PF,19.25,14.4359951030161
fig05,(b) Largest individual allocation share.,PF,19.35,14.600239299253737
fig05,(b) Largest individual allocation share.,PF,19.450000000000003,15.399690092060894
fig05,(b) Largest individual allocation share.,PF,19.55,15.80556986389064
fig05,(b) Largest individual allocation share.,PF,19.65,14.520411383878743
fig05,(b) Largest individual allocation share.,PF,19.75,13.842813300620286
fig05,(b) Largest individual allocation share.,PF,19.85,13.564816128371248
fig05,(b) Largest individual allocation share.,PF,19.950000000000003,14.038587848932684
fig05,(b) Largest individual allocation share.,PF,20.05,13.143858888165983
fig05,(b) Largest individual allocation share.,PF,20.15,13.49165497658782
fig05,(b) Largest individual allocation share.,PF,20.25,13.76490518477622
fig05,(b) Largest individual allocation share.,PF,20.35,15.125492186872656
fig05,(b) Largest individual allocation share.,PF,20.450000000000003,14.715631840247903
fig05,(b) Largest individual allocation share.,PF,20.55,15.15938838622561
fig05,(b) Largest individual allocation share.,PF,20.65,13.829431131740057
fig05,(b) Largest individual allocation share.,PF,20.75,14.123260010777209
fig05,(b) Largest individual allocation share.,PF,20.85,13.474426319192142
fig05,(b) Largest individual allocation share.,PF,20.950000000000003,14.582161351455476
fig05,(b) Largest individual allocation share.,PF,21.05,14.796413502109711
fig05,(b) Largest individual allocation share.,PF,21.15,15.081957547169816
fig05,(b) Largest individual allocation share.,PF,21.25,14.24666450186857
fig05,(b) Largest individual allocation share.,PF,21.35,13.615240970652124
fig05,(b) Largest individual allocation share.,PF,21.450000000000003,13.219781698994586
fig05,(b) Largest individual allocation share.,PF,21.55,13.326170132136506
fig05,(b) Largest individual allocation share.,PF,21.65,13.858848069324338
fig05,(b) Largest individual allocation share.,PF,21.75,14.4713694016552
fig05,(b) Largest individual allocation share.,PF,21.85,15.380567514862747
fig05,(b) Largest individual allocation share.,PF,21.950000000000003,14.984030090023436
fig05,(b) Largest individual allocation share.,PF,22.05,14.78741462095084
fig05,(b) Largest individual allocation share.,PF,22.15,13.576735426184351
fig05,(b) Largest individual allocation share.,PF,22.25,13.47037212614736
fig05,(b) Largest individual allocation share.,PF,22.35,13.484752146613802
fig05,(b) Largest individual allocation share.,PF,22.450000000000003,13.158014515202188
fig05,(b) Largest individual allocation share.,PF,22.55,13.196834188700072
fig05,(b) Largest individual allocation share.,PF,22.65,13.433606741673016
fig05,(b) Largest individual allocation share.,PF,22.75,13.390310779591164
fig05,(b) Largest individual allocation share.,PF,22.85,14.495396140736998
fig05,(b) Largest individual allocation share.,PF,22.950000000000003,14.376116158086814
fig05,(b) Largest individual allocation share.,PF,23.05,14.576932664762309
fig05,(b) Largest individual allocation share.,PF,23.15,13.939785840203852
fig05,(b) Largest individual allocation share.,PF,23.25,13.473387705796386
fig05,(b) Largest individual allocation share.,PF,23.35,13.957944526003653
fig05,(b) Largest individual allocation share.,PF,23.450000000000003,14.575424491824306
fig05,(b) Largest individual allocation share.,PF,23.55,14.101844502086292
fig05,(b) Largest individual allocation share.,PF,23.65,14.1187772548681
fig05,(b) Largest individual allocation share.,PF,23.75,13.930536119287751
fig05,(b) Largest individual allocation share.,PF,23.85,14.30801977979606
fig05,(b) Largest individual allocation share.,PF,23.950000000000003,14.17798408372263
fig05,(b) Largest individual allocation share.,PF,24.05,13.461907296613656
fig05,(b) Largest individual allocation share.,PF,24.15,13.777103720316768
fig05,(b) Largest individual allocation share.,PF,24.25,13.95400092829056
fig05,(b) Largest individual allocation share.,PF,24.35,14.632654908831332
fig05,(b) Largest individual allocation share.,PF,24.450000000000003,14.110787556958485
fig05,(b) Largest individual allocation share.,PF,24.55,14.595023179928846
fig05,(b) Largest individual allocation share.,PF,24.65,15.070679598981492
fig05,(b) Largest individual allocation share.,PF,24.75,15.671218612153808
fig05,(b) Largest individual allocation share.,PF,24.85,14.565424549017663
fig05,(b) Largest individual allocation share.,PF,24.950000000000003,12.9708625770972
fig05,(b) Largest individual allocation share.,PF,25.05,13.391792597680007
fig05,(b) Largest individual allocation share.,PF,25.15,13.467474215609366
fig05,(b) Largest individual allocation share.,PF,25.25,14.332978468136169
fig05,(b) Largest individual allocation share.,PF,25.35,14.160339396418555
fig05,(b) Largest individual allocation share.,PF,25.450000000000003,14.717645855703845
fig05,(b) Largest individual allocation share.,PF,25.55,14.814092493559944
fig05,(b) Largest individual allocation share.,PF,25.65,14.271368969704346
fig05,(b) Largest individual allocation share.,PF,25.75,14.182322412641222
fig05,(b) Largest individual allocation share.,PF,25.85,14.758756268190234
fig05,(b) Largest individual allocation share.,PF,25.950000000000003,14.799146661593412
fig05,(b) Largest individual allocation share.,PF,26.05,14.664283621069991
fig05,(b) Largest individual allocation share.,PF,26.15,13.673226482721311
fig05,(b) Largest individual allocation share.,PF,26.25,13.330695881517554
fig05,(b) Largest individual allocation share.,PF,26.35,13.34694326097248
fig05,(b) Largest individual allocation share.,PF,26.450000000000003,14.725459366136397
fig05,(b) Largest individual allocation share.,PF,26.55,15.031795737162795
fig05,(b) Largest individual allocation share.,PF,26.65,14.67301929348069
fig05,(b) Largest individual allocation share.,PF,26.75,13.733038076029995
fig05,(b) Largest individual allocation share.,PF,26.85,13.757001896805194
fig05,(b) Largest individual allocation share.,PF,26.950000000000003,14.436738143604607
fig05,(b) Largest individual allocation share.,PF,27.05,13.718012424878888
fig05,(b) Largest individual allocation share.,PF,27.15,14.346759934177202
fig05,(b) Largest individual allocation share.,PF,27.25,14.936338753862666
fig05,(b) Largest individual allocation share.,PF,27.35,15.58643338157906
fig05,(b) Largest individual allocation share.,PF,27.450000000000003,14.810489297946477
fig05,(b) Largest individual allocation share.,PF,27.55,13.461873597664775
fig05,(b) Largest individual allocation share.,PF,27.65,14.49650435557077
fig05,(b) Largest individual allocation share.,PF,27.75,14.069000429154974
fig05,(b) Largest individual allocation share.,PF,27.85,14.639515823034476
fig05,(b) Largest individual allocation share.,PF,27.950000000000003,13.148458527861536
fig05,(b) Largest individual allocation share.,PF,28.05,13.821357661535249
fig05,(b) Largest individual allocation share.,PF,28.15,13.805080516004002
fig05,(b) Largest individual allocation share.,PF,28.25,13.610266502507512
fig05,(b) Largest individual allocation share.,PF,28.35,12.913723353134174
fig05,(b) Largest individual allocation share.,PF,28.450000000000003,12.698428879611058
fig05,(b) Largest individual allocation share.,PF,28.55,13.686426727223145
fig05,(b) Largest individual allocation share.,PF,28.65,14.209808822321673
fig05,(b) Largest individual allocation share.,PF,28.75,13.614974143271622
fig05,(b) Largest individual allocation share.,PF,28.85,12.414835074231869
fig05,(b) Largest individual allocation share.,PF,28.950000000000003,11.91623843007364
fig05,(b) Largest individual allocation share.,PF,29.05,12.882053482283922
fig05,(b) Largest individual allocation share.,PF,29.15,13.313078358704145
fig05,(b) Largest individual allocation share.,PF,29.25,13.477654537297434
fig05,(b) Largest individual allocation share.,PF,29.35,13.352526418067788
fig05,(b) Largest individual allocation share.,PF,29.450000000000003,15.155873044732845
fig05,(b) Largest individual allocation share.,PF,29.55,17.20796410352384
fig05,(b) Largest individual allocation share.,PF,29.65,17.18562025303723
fig05,(b) Largest individual allocation share.,PF,29.75,15.19301285357497
fig05,(b) Largest individual allocation share.,PF,29.85,13.968467785931592
fig05,(b) Largest individual allocation share.,PF,29.950000000000003,15.206997133122
fig05,(b) Largest individual allocation share.,PF,30.05,15.326223623563934
fig05,(b) Largest individual allocation share.,PF,30.15,14.726463994154708
fig05,(b) Largest individual allocation share.,PF,30.25,13.101931639197362
fig05,(b) Largest individual allocation share.,PF,30.35,13.034829991671971
fig05,(b) Largest individual allocation share.,MR,0.45,19.96819635554375
fig05,(b) Largest individual allocation share.,MR,0.55,19.9407307050861
fig05,(b) Largest individual allocation share.,MR,0.65,19.40298055222939
fig05,(b) Largest individual allocation share.,MR,0.75,19.32314084974817
fig05,(b) Largest individual allocation share.,MR,0.8500000000000001,19.56745169485346
fig05,(b) Largest individual allocation share.,MR,0.95,21.53383934044312
fig05,(b) Largest individual allocation share.,MR,1.05,21.34275270447068
fig05,(b) Largest individual allocation share.,MR,1.15,21.85256665551711
fig05,(b) Largest individual allocation share.,MR,1.25,19.954543295229595
fig05,(b) Largest individual allocation share.,MR,1.35,19.211677876966952
fig05,(b) Largest individual allocation share.,MR,1.4500000000000002,17.76413374290733
fig05,(b) Largest individual allocation share.,MR,1.55,18.769198780991232
fig05,(b) Largest individual allocation share.,MR,1.65,18.92079027270303
fig05,(b) Largest individual allocation share.,MR,1.75,18.80321987211376
fig05,(b) Largest individual allocation share.,MR,1.85,18.39339292926795
fig05,(b) Largest individual allocation share.,MR,1.95,21.515514143197944
fig05,(b) Largest individual allocation share.,MR,2.0500000000000003,23.50484966411673
fig05,(b) Largest individual allocation share.,MR,2.15,22.92311901163136
fig05,(b) Largest individual allocation share.,MR,2.25,20.108149468928364
fig05,(b) Largest individual allocation share.,MR,2.35,18.98068210547522
fig05,(b) Largest individual allocation share.,MR,2.45,19.59610548033256
fig05,(b) Largest individual allocation share.,MR,2.5500000000000003,20.10622686271097
fig05,(b) Largest individual allocation share.,MR,2.6500000000000004,19.97334669838427
fig05,(b) Largest individual allocation share.,MR,2.75,19.221938281881517
fig05,(b) Largest individual allocation share.,MR,2.85,18.86740943344717
fig05,(b) Largest individual allocation share.,MR,2.95,19.12469931337856
fig05,(b) Largest individual allocation share.,MR,3.0500000000000003,19.365101440573135
fig05,(b) Largest individual allocation share.,MR,3.1500000000000004,20.124969370252387
fig05,(b) Largest individual allocation share.,MR,3.25,20.44989994282447
fig05,(b) Largest individual allocation share.,MR,3.35,25.24467565338481
fig05,(b) Largest individual allocation share.,MR,3.45,28.495128493182825
fig05,(b) Largest individual allocation share.,MR,3.5500000000000003,30.854027019534183
fig05,(b) Largest individual allocation share.,MR,3.65,29.47602476131797
fig05,(b) Largest individual allocation share.,MR,3.75,25.923919957132146
fig05,(b) Largest individual allocation share.,MR,3.85,26.46415540302797
fig05,(b) Largest individual allocation share.,MR,3.95,25.935707092061147
fig05,(b) Largest individual allocation share.,MR,4.05,29.95792665351741
fig05,(b) Largest individual allocation share.,MR,4.15,31.65691337608904
fig05,(b) Largest individual allocation share.,MR,4.25,32.92743818978811
fig05,(b) Largest individual allocation share.,MR,4.3500000000000005,33.07802577082375
fig05,(b) Largest individual allocation share.,MR,4.45,32.68743461050703
fig05,(b) Largest individual allocation share.,MR,4.55,32.187364729305074
fig05,(b) Largest individual allocation share.,MR,4.65,32.15019527197915
fig05,(b) Largest individual allocation share.,MR,4.75,30.954706940984817
fig05,(b) Largest individual allocation share.,MR,4.8500000000000005,31.716940555604666
fig05,(b) Largest individual allocation share.,MR,4.95,31.372221428724306
fig05,(b) Largest individual allocation share.,MR,5.050000000000001,32.16032346531494
fig05,(b) Largest individual allocation share.,MR,5.15,31.998298309873807
fig05,(b) Largest individual allocation share.,MR,5.25,31.314428710980167
fig05,(b) Largest individual allocation share.,MR,5.3500000000000005,32.47351727681169
fig05,(b) Largest individual allocation share.,MR,5.45,33.09707518899521
fig05,(b) Largest individual allocation share.,MR,5.550000000000001,34.32411231218845
fig05,(b) Largest individual allocation share.,MR,5.65,32.95034771200875
fig05,(b) Largest individual allocation share.,MR,5.75,32.15770792957757
fig05,(b) Largest individual allocation share.,MR,5.8500000000000005,30.458035389424754
fig05,(b) Largest individual allocation share.,MR,5.95,30.7475232600447
fig05,(b) Largest individual allocation share.,MR,6.050000000000001,28.206895865960675
fig05,(b) Largest individual allocation share.,MR,6.15,30.75395132622368
fig05,(b) Largest individual allocation share.,MR,6.25,29.889705250434872
fig05,(b) Largest individual allocation share.,MR,6.3500000000000005,29.95359268921977
fig05,(b) Largest individual allocation share.,MR,6.45,27.906431493389665
fig05,(b) Largest individual allocation share.,MR,6.550000000000001,30.315853788473596
fig05,(b) Largest individual allocation share.,MR,6.65,35.08268483478577
fig05,(b) Largest individual allocation share.,MR,6.75,37.94203156520707
fig05,(b) Largest individual allocation share.,MR,6.8500000000000005,38.10731132075472
fig05,(b) Largest individual allocation share.,MR,6.95,35.739201965929446
fig05,(b) Largest individual allocation share.,MR,7.050000000000001,31.294908706777694
fig05,(b) Largest individual allocation share.,MR,7.15,26.66833637973367
fig05,(b) Largest individual allocation share.,MR,7.25,24.40004636348976
fig05,(b) Largest individual allocation share.,MR,7.35,24.25314465408805
fig05,(b) Largest individual allocation share.,MR,7.45,24.202910758232743
fig05,(b) Largest individual allocation share.,MR,7.550000000000001,24.253714721683554
fig05,(b) Largest individual allocation share.,MR,7.65,24.2438876776584
fig05,(b) Largest individual allocation share.,MR,7.75,24.294121573513703
fig05,(b) Largest individual allocation share.,MR,7.85,24.24331761006289
fig05,(b) Largest individual allocation share.,MR,7.95,24.202910758232743
fig05,(b) Largest individual allocation share.,MR,8.05,24.202910758232743
fig05,(b) Largest individual allocation share.,MR,8.15,24.253714721683554
fig05,(b) Largest individual allocation share.,MR,8.25,24.294121573513703
fig05,(b) Largest individual allocation share.,MR,8.35,24.294121573513703
fig05,(b) Largest individual allocation share.,MR,8.450000000000001,24.202910758232743
fig05,(b) Largest individual allocation share.,MR,8.55,24.202910758232743
fig05,(b) Largest individual allocation share.,MR,8.65,24.2438876776584
fig05,(b) Largest individual allocation share.,MR,8.75,24.294121573513703
fig05,(b) Largest individual allocation share.,MR,8.85,24.294121573513703
fig05,(b) Largest individual allocation share.,MR,8.950000000000001,24.202910758232743
fig05,(b) Largest individual allocation share.,MR,9.05,24.202910758232743
fig05,(b) Largest individual allocation share.,MR,9.15,24.253714721683554
fig05,(b) Largest individual allocation share.,MR,9.25,24.294121573513703
fig05,(b) Largest individual allocation share.,MR,9.35,24.294121573513703
fig05,(b) Largest individual allocation share.,MR,9.45,24.202910758232743
fig05,(b) Largest individual allocation share.,MR,9.55,24.202910758232743
fig05,(b) Largest individual allocation share.,MR,9.65,24.2438876776584
fig05,(b) Largest individual allocation share.,MR,9.75,24.294121573513703
fig05,(b) Largest individual allocation share.,MR,9.85,24.294121573513703
fig05,(b) Largest individual allocation share.,MR,9.95,24.202910758232743
fig05,(b) Largest individual allocation share.,MR,10.05,24.202910758232743
fig05,(b) Largest individual allocation share.,MR,10.15,24.253714721683554
fig05,(b) Largest individual allocation share.,MR,10.25,24.294121573513703
fig05,(b) Largest individual allocation share.,MR,10.35,24.294121573513703
fig05,(b) Largest individual allocation share.,MR,10.45,24.202910758232743
fig05,(b) Largest individual allocation share.,MR,10.55,24.202910758232743
fig05,(b) Largest individual allocation share.,MR,10.65,24.2438876776584
fig05,(b) Largest individual allocation share.,MR,10.75,24.294121573513703
fig05,(b) Largest individual allocation share.,MR,10.85,24.294121573513703
fig05,(b) Largest individual allocation share.,MR,10.95,24.202910758232743
fig05,(b) Largest individual allocation share.,MR,11.05,24.202910758232743
fig05,(b) Largest individual allocation share.,MR,11.15,24.253714721683554
fig05,(b) Largest individual allocation share.,MR,11.25,24.294121573513703
fig05,(b) Largest individual allocation share.,MR,11.35,24.294121573513703
fig05,(b) Largest individual allocation share.,MR,11.45,24.202910758232743
fig05,(b) Largest individual allocation share.,MR,11.55,24.202910758232743
fig05,(b) Largest individual allocation share.,MR,11.65,24.2438876776584
fig05,(b) Largest individual allocation share.,MR,11.75,24.294121573513703
fig05,(b) Largest individual allocation share.,MR,11.85,24.294121573513703
fig05,(b) Largest individual allocation share.,MR,11.95,24.202910758232743
fig05,(b) Largest individual allocation share.,MR,12.05,24.202910758232743
fig05,(b) Largest individual allocation share.,MR,12.15,24.253714721683554
fig05,(b) Largest individual allocation share.,MR,12.25,24.294121573513703
fig05,(b) Largest individual allocation share.,MR,12.35,24.6439643408093
fig05,(b) Largest individual allocation share.,MR,12.45,25.005896226415093
fig05,(b) Largest individual allocation share.,MR,12.55,25.41863207547169
fig05,(b) Largest individual allocation share.,MR,12.65,25.471698113207548
fig05,(b) Largest individual allocation share.,MR,12.75,25.471698113207548
fig05,(b) Largest individual allocation share.,MR,12.85,25.471698113207548
fig05,(b) Largest individual allocation share.,MR,12.95,25.471698113207548
fig05,(b) Largest individual allocation share.,MR,13.05,25.471698113207548
fig05,(b) Largest individual allocation share.,MR,13.15,25.471698113207548
fig05,(b) Largest individual allocation share.,MR,13.25,25.471698113207548
fig05,(b) Largest individual allocation share.,MR,13.35,25.471698113207548
fig05,(b) Largest individual allocation share.,MR,13.45,25.471698113207548
fig05,(b) Largest individual allocation share.,MR,13.55,25.471698113207548
fig05,(b) Largest individual allocation share.,MR,13.65,25.471698113207548
fig05,(b) Largest individual allocation share.,MR,13.75,25.471698113207548
fig05,(b) Largest individual allocation share.,MR,13.85,25.471698113207548
fig05,(b) Largest individual allocation share.,MR,13.95,25.471698113207548
fig05,(b) Largest individual allocation share.,MR,14.05,25.471698113207548
fig05,(b) Largest individual allocation share.,MR,14.15,25.471698113207548
fig05,(b) Largest individual allocation share.,MR,14.25,25.471698113207548
fig05,(b) Largest individual allocation share.,MR,14.35,25.471698113207548
fig05,(b) Largest individual allocation share.,MR,14.45,25.471698113207548
fig05,(b) Largest individual allocation share.,MR,14.55,25.471698113207548
fig05,(b) Largest individual allocation share.,MR,14.65,25.471698113207548
fig05,(b) Largest individual allocation share.,MR,14.75,25.471698113207548
fig05,(b) Largest individual allocation share.,MR,14.85,25.471698113207548
fig05,(b) Largest individual allocation share.,MR,14.95,25.471698113207548
fig05,(b) Largest individual allocation share.,MR,15.05,25.471698113207548
fig05,(b) Largest individual allocation share.,MR,15.15,25.471698113207548
fig05,(b) Largest individual allocation share.,MR,15.25,25.471698113207548
fig05,(b) Largest individual allocation share.,MR,15.35,25.471698113207548
fig05,(b) Largest individual allocation share.,MR,15.45,25.471698113207548
fig05,(b) Largest individual allocation share.,MR,15.55,25.471698113207548
fig05,(b) Largest individual allocation share.,MR,15.65,25.471698113207548
fig05,(b) Largest individual allocation share.,MR,15.75,25.471698113207548
fig05,(b) Largest individual allocation share.,MR,15.85,25.471698113207548
fig05,(b) Largest individual allocation share.,MR,15.95,25.471698113207548
fig05,(b) Largest individual allocation share.,MR,16.05,25.471698113207548
fig05,(b) Largest individual allocation share.,MR,16.150000000000002,25.471698113207548
fig05,(b) Largest individual allocation share.,MR,16.25,25.471698113207548
fig05,(b) Largest individual allocation share.,MR,16.35,25.471698113207548
fig05,(b) Largest individual allocation share.,MR,16.45,25.471698113207548
fig05,(b) Largest individual allocation share.,MR,16.55,25.471698113207548
fig05,(b) Largest individual allocation share.,MR,16.650000000000002,25.471698113207548
fig05,(b) Largest individual allocation share.,MR,16.75,25.471698113207548
fig05,(b) Largest individual allocation share.,MR,16.85,25.471698113207548
fig05,(b) Largest individual allocation share.,MR,16.95,25.471698113207548
fig05,(b) Largest individual allocation share.,MR,17.05,25.471698113207548
fig05,(b) Largest individual allocation share.,MR,17.150000000000002,25.471698113207548
fig05,(b) Largest individual allocation share.,MR,17.25,25.471698113207548
fig05,(b) Largest individual allocation share.,MR,17.35,25.471698113207548
fig05,(b) Largest individual allocation share.,MR,17.45,25.471698113207548
fig05,(b) Largest individual allocation share.,MR,17.55,25.471698113207548
fig05,(b) Largest individual allocation share.,MR,17.650000000000002,25.471698113207548
fig05,(b) Largest individual allocation share.,MR,17.75,25.471698113207548
fig05,(b) Largest individual allocation share.,MR,17.85,25.471698113207548
fig05,(b) Largest individual allocation share.,MR,17.95,25.471698113207548
fig05,(b) Largest individual allocation share.,MR,18.05,25.471698113207548
fig05,(b) Largest individual allocation share.,MR,18.15,25.471698113207548
fig05,(b) Largest individual allocation share.,MR,18.25,25.471698113207548
fig05,(b) Largest individual allocation share.,MR,18.35,25.471698113207548
fig05,(b) Largest individual allocation share.,MR,18.45,25.471698113207548
fig05,(b) Largest individual allocation share.,MR,18.55,25.471698113207548
fig05,(b) Largest individual allocation share.,MR,18.65,25.471698113207548
fig05,(b) Largest individual allocation share.,MR,18.75,25.471698113207548
fig05,(b) Largest individual allocation share.,MR,18.85,25.471698113207548
fig05,(b) Largest individual allocation share.,MR,18.95,25.471698113207548
fig05,(b) Largest individual allocation share.,MR,19.05,25.471698113207548
fig05,(b) Largest individual allocation share.,MR,19.15,25.471698113207548
fig05,(b) Largest individual allocation share.,MR,19.25,25.471698113207548
fig05,(b) Largest individual allocation share.,MR,19.35,25.471698113207548
fig05,(b) Largest individual allocation share.,MR,19.450000000000003,25.471698113207548
fig05,(b) Largest individual allocation share.,MR,19.55,25.471698113207548
fig05,(b) Largest individual allocation share.,MR,19.65,25.471698113207548
fig05,(b) Largest individual allocation share.,MR,19.75,25.471698113207548
fig05,(b) Largest individual allocation share.,MR,19.85,25.471698113207548
fig05,(b) Largest individual allocation share.,MR,19.950000000000003,25.471698113207548
fig05,(b) Largest individual allocation share.,MR,20.05,25.471698113207548
fig05,(b) Largest individual allocation share.,MR,20.15,25.471698113207548
fig05,(b) Largest individual allocation share.,MR,20.25,25.471698113207548
fig05,(b) Largest individual allocation share.,MR,20.35,25.471698113207548
fig05,(b) Largest individual allocation share.,MR,20.450000000000003,25.471698113207548
fig05,(b) Largest individual allocation share.,MR,20.55,25.471698113207548
fig05,(b) Largest individual allocation share.,MR,20.65,25.471698113207548
fig05,(b) Largest individual allocation share.,MR,20.75,25.471698113207548
fig05,(b) Largest individual allocation share.,MR,20.85,25.471698113207548
fig05,(b) Largest individual allocation share.,MR,20.950000000000003,25.471698113207548
fig05,(b) Largest individual allocation share.,MR,21.05,25.471698113207548
fig05,(b) Largest individual allocation share.,MR,21.15,25.471698113207548
fig05,(b) Largest individual allocation share.,MR,21.25,25.471698113207548
fig05,(b) Largest individual allocation share.,MR,21.35,25.471698113207548
fig05,(b) Largest individual allocation share.,MR,21.450000000000003,25.471698113207548
fig05,(b) Largest individual allocation share.,MR,21.55,25.471698113207548
fig05,(b) Largest individual allocation share.,MR,21.65,25.471698113207548
fig05,(b) Largest individual allocation share.,MR,21.75,25.471698113207548
fig05,(b) Largest individual allocation share.,MR,21.85,25.471698113207548
fig05,(b) Largest individual allocation share.,MR,21.950000000000003,25.471698113207548
fig05,(b) Largest individual allocation share.,MR,22.05,25.471698113207548
fig05,(b) Largest individual allocation share.,MR,22.15,25.471698113207548
fig05,(b) Largest individual allocation share.,MR,22.25,25.471698113207548
fig05,(b) Largest individual allocation share.,MR,22.35,25.471698113207548
fig05,(b) Largest individual allocation share.,MR,22.450000000000003,25.471698113207548
fig05,(b) Largest individual allocation share.,MR,22.55,25.471698113207548
fig05,(b) Largest individual allocation share.,MR,22.65,25.471698113207548
fig05,(b) Largest individual allocation share.,MR,22.75,25.471698113207548
fig05,(b) Largest individual allocation share.,MR,22.85,25.471698113207548
fig05,(b) Largest individual allocation share.,MR,22.950000000000003,25.471698113207548
fig05,(b) Largest individual allocation share.,MR,23.05,25.471698113207548
fig05,(b) Largest individual allocation share.,MR,23.15,25.471698113207548
fig05,(b) Largest individual allocation share.,MR,23.25,25.471698113207548
fig05,(b) Largest individual allocation share.,MR,23.35,25.471698113207548
fig05,(b) Largest individual allocation share.,MR,23.450000000000003,25.471698113207548
fig05,(b) Largest individual allocation share.,MR,23.55,25.471698113207548
fig05,(b) Largest individual allocation share.,MR,23.65,25.471698113207548
fig05,(b) Largest individual allocation share.,MR,23.75,25.471698113207548
fig05,(b) Largest individual allocation share.,MR,23.85,25.471698113207548
fig05,(b) Largest individual allocation share.,MR,23.950000000000003,25.471698113207548
fig05,(b) Largest individual allocation share.,MR,24.05,25.471698113207548
fig05,(b) Largest individual allocation share.,MR,24.15,25.471698113207548
fig05,(b) Largest individual allocation share.,MR,24.25,25.426774483378257
fig05,(b) Largest individual allocation share.,MR,24.35,25.426774483378257
fig05,(b) Largest individual allocation share.,MR,24.450000000000003,25.426774483378257
fig05,(b) Largest individual allocation share.,MR,24.55,25.471698113207548
fig05,(b) Largest individual allocation share.,MR,24.65,25.471698113207548
fig05,(b) Largest individual allocation share.,MR,24.75,25.471698113207548
fig05,(b) Largest individual allocation share.,MR,24.85,25.471698113207548
fig05,(b) Largest individual allocation share.,MR,24.950000000000003,25.471698113207548
fig05,(b) Largest individual allocation share.,MR,25.05,25.471698113207548
fig05,(b) Largest individual allocation share.,MR,25.15,25.471698113207548
fig05,(b) Largest individual allocation share.,MR,25.25,25.471698113207548
fig05,(b) Largest individual allocation share.,MR,25.35,25.471698113207548
fig05,(b) Largest individual allocation share.,MR,25.450000000000003,25.471698113207548
fig05,(b) Largest individual allocation share.,MR,25.55,25.471698113207548
fig05,(b) Largest individual allocation share.,MR,25.65,25.471698113207548
fig05,(b) Largest individual allocation share.,MR,25.75,25.471698113207548
fig05,(b) Largest individual allocation share.,MR,25.85,25.471698113207548
fig05,(b) Largest individual allocation share.,MR,25.950000000000003,25.471698113207548
fig05,(b) Largest individual allocation share.,MR,26.05,25.471698113207548
fig05,(b) Largest individual allocation share.,MR,26.15,25.471698113207548
fig05,(b) Largest individual allocation share.,MR,26.25,25.471698113207548
fig05,(b) Largest individual allocation share.,MR,26.35,25.471698113207548
fig05,(b) Largest individual allocation share.,MR,26.450000000000003,25.471698113207548
fig05,(b) Largest individual allocation share.,MR,26.55,25.471698113207548
fig05,(b) Largest individual allocation share.,MR,26.65,25.471698113207548
fig05,(b) Largest individual allocation share.,MR,26.75,25.471698113207548
fig05,(b) Largest individual allocation share.,MR,26.85,25.471698113207548
fig05,(b) Largest individual allocation share.,MR,26.950000000000003,25.471698113207548
fig05,(b) Largest individual allocation share.,MR,27.05,25.471698113207548
fig05,(b) Largest individual allocation share.,MR,27.15,25.471698113207548
fig05,(b) Largest individual allocation share.,MR,27.25,25.471698113207548
fig05,(b) Largest individual allocation share.,MR,27.35,25.471698113207548
fig05,(b) Largest individual allocation share.,MR,27.450000000000003,25.471698113207548
fig05,(b) Largest individual allocation share.,MR,27.55,25.471698113207548
fig05,(b) Largest individual allocation share.,MR,27.65,25.471698113207548
fig05,(b) Largest individual allocation share.,MR,27.75,25.471698113207548
fig05,(b) Largest individual allocation share.,MR,27.85,25.471698113207548
fig05,(b) Largest individual allocation share.,MR,27.950000000000003,25.471698113207548
fig05,(b) Largest individual allocation share.,MR,28.05,25.471698113207548
fig05,(b) Largest individual allocation share.,MR,28.15,25.471698113207548
fig05,(b) Largest individual allocation share.,MR,28.25,25.471698113207548
fig05,(b) Largest individual allocation share.,MR,28.35,25.471698113207548
fig05,(b) Largest individual allocation share.,MR,28.450000000000003,25.471698113207548
fig05,(b) Largest individual allocation share.,MR,28.55,25.471698113207548
fig05,(b) Largest individual allocation share.,MR,28.65,25.471698113207548
fig05,(b) Largest individual allocation share.,MR,28.75,25.471698113207548
fig05,(b) Largest individual allocation share.,MR,28.85,25.471698113207548
fig05,(b) Largest individual allocation share.,MR,28.950000000000003,25.471698113207548
fig05,(b) Largest individual allocation share.,MR,29.05,25.471698113207548
fig05,(b) Largest individual allocation share.,MR,29.15,25.471698113207548
fig05,(b) Largest individual allocation share.,MR,29.25,25.471698113207548
fig05,(b) Largest individual allocation share.,MR,29.35,25.471698113207548
fig05,(b) Largest individual allocation share.,MR,29.450000000000003,25.471698113207548
fig05,(b) Largest individual allocation share.,MR,29.55,25.471698113207548
fig05,(b) Largest individual allocation share.,MR,29.65,25.471698113207548
fig05,(b) Largest individual allocation share.,MR,29.75,25.471698113207548
fig05,(b) Largest individual allocation share.,MR,29.85,25.471698113207548
fig05,(b) Largest individual allocation share.,MR,29.950000000000003,25.471698113207548
fig05,(b) Largest individual allocation share.,MR,30.05,25.471698113207548
fig05,(b) Largest individual allocation share.,MR,30.15,25.471698113207548
fig05,(b) Largest individual allocation share.,MR,30.25,25.471698113207548
fig05,(b) Largest individual allocation share.,MR,30.35,25.471698113207548
fig05,(b) Largest individual allocation share.,IA-FMR,0.45,12.242428003972194
fig05,(b) Largest individual allocation share.,IA-FMR,0.55,12.249668983780206
fig05,(b) Largest individual allocation share.,IA-FMR,0.65,12.264150943396226
fig05,(b) Largest individual allocation share.,IA-FMR,0.75,12.264150943396226
fig05,(b) Largest individual allocation share.,IA-FMR,0.8500000000000001,12.264150943396226
fig05,(b) Largest individual allocation share.,IA-FMR,0.95,12.264150943396226
fig05,(b) Largest individual allocation share.,IA-FMR,1.05,12.264150943396226
fig05,(b) Largest individual allocation share.,IA-FMR,1.15,12.264150943396226
fig05,(b) Largest individual allocation share.,IA-FMR,1.25,12.264150943396226
fig05,(b) Largest individual allocation share.,IA-FMR,1.35,12.264150943396226
fig05,(b) Largest individual allocation share.,IA-FMR,1.4500000000000002,12.264150943396226
fig05,(b) Largest individual allocation share.,IA-FMR,1.55,12.264150943396226
fig05,(b) Largest individual allocation share.,IA-FMR,1.65,12.264150943396226
fig05,(b) Largest individual allocation share.,IA-FMR,1.75,12.264150943396226
fig05,(b) Largest individual allocation share.,IA-FMR,1.85,12.264150943396226
fig05,(b) Largest individual allocation share.,IA-FMR,1.95,12.264150943396226
fig05,(b) Largest individual allocation share.,IA-FMR,2.0500000000000003,12.264150943396226
fig05,(b) Largest individual allocation share.,IA-FMR,2.15,12.264150943396226
fig05,(b) Largest individual allocation share.,IA-FMR,2.25,12.264150943396226
fig05,(b) Largest individual allocation share.,IA-FMR,2.35,12.264150943396226
fig05,(b) Largest individual allocation share.,IA-FMR,2.45,12.264150943396226
fig05,(b) Largest individual allocation share.,IA-FMR,2.5500000000000003,12.264150943396226
fig05,(b) Largest individual allocation share.,IA-FMR,2.6500000000000004,12.264150943396226
fig05,(b) Largest individual allocation share.,IA-FMR,2.75,12.264150943396226
fig05,(b) Largest individual allocation share.,IA-FMR,2.85,12.264150943396226
fig05,(b) Largest individual allocation share.,IA-FMR,2.95,12.264150943396226
fig05,(b) Largest individual allocation share.,IA-FMR,3.0500000000000003,12.264150943396226
fig05,(b) Largest individual allocation share.,IA-FMR,3.1500000000000004,12.264150943396226
fig05,(b) Largest individual allocation share.,IA-FMR,3.25,12.264150943396226
fig05,(b) Largest individual allocation share.,IA-FMR,3.35,12.264150943396226
fig05,(b) Largest individual allocation share.,IA-FMR,3.45,12.264150943396226
fig05,(b) Largest individual allocation share.,IA-FMR,3.5500000000000003,12.264150943396226
fig05,(b) Largest individual allocation share.,IA-FMR,3.65,12.264150943396226
fig05,(b) Largest individual allocation share.,IA-FMR,3.75,12.264150943396226
fig05,(b) Largest individual allocation share.,IA-FMR,3.85,12.264150943396226
fig05,(b) Largest individual allocation share.,IA-FMR,3.95,12.264150943396226
fig05,(b) Largest individual allocation share.,IA-FMR,4.05,12.264150943396226
fig05,(b) Largest individual allocation share.,IA-FMR,4.15,12.264150943396226
fig05,(b) Largest individual allocation share.,IA-FMR,4.25,12.264150943396226
fig05,(b) Largest individual allocation share.,IA-FMR,4.3500000000000005,12.264150943396226
fig05,(b) Largest individual allocation share.,IA-FMR,4.45,12.264150943396226
fig05,(b) Largest individual allocation share.,IA-FMR,4.55,12.264150943396226
fig05,(b) Largest individual allocation share.,IA-FMR,4.65,12.264150943396226
fig05,(b) Largest individual allocation share.,IA-FMR,4.75,12.264150943396226
fig05,(b) Largest individual allocation share.,IA-FMR,4.8500000000000005,12.264150943396226
fig05,(b) Largest individual allocation share.,IA-FMR,4.95,12.264150943396226
fig05,(b) Largest individual allocation share.,IA-FMR,5.050000000000001,12.264150943396226
fig05,(b) Largest individual allocation share.,IA-FMR,5.15,12.264150943396226
fig05,(b) Largest individual allocation share.,IA-FMR,5.25,12.264150943396226
fig05,(b) Largest individual allocation share.,IA-FMR,5.3500000000000005,12.264150943396226
fig05,(b) Largest individual allocation share.,IA-FMR,5.45,12.264150943396226
fig05,(b) Largest individual allocation share.,IA-FMR,5.550000000000001,12.264150943396226
fig05,(b) Largest individual allocation share.,IA-FMR,5.65,12.264150943396226
fig05,(b) Largest individual allocation share.,IA-FMR,5.75,12.264150943396226
fig05,(b) Largest individual allocation share.,IA-FMR,5.8500000000000005,12.264150943396226
fig05,(b) Largest individual allocation share.,IA-FMR,5.95,12.264150943396226
fig05,(b) Largest individual allocation share.,IA-FMR,6.050000000000001,12.264150943396226
fig05,(b) Largest individual allocation share.,IA-FMR,6.15,12.264150943396226
fig05,(b) Largest individual allocation share.,IA-FMR,6.25,12.264150943396226
fig05,(b) Largest individual allocation share.,IA-FMR,6.3500000000000005,12.264150943396226
fig05,(b) Largest individual allocation share.,IA-FMR,6.45,12.264150943396226
fig05,(b) Largest individual allocation share.,IA-FMR,6.550000000000001,12.264150943396226
fig05,(b) Largest individual allocation share.,IA-FMR,6.65,12.264150943396226
fig05,(b) Largest individual allocation share.,IA-FMR,6.75,12.264150943396226
fig05,(b) Largest individual allocation share.,IA-FMR,6.8500000000000005,12.264150943396226
fig05,(b) Largest individual allocation share.,IA-FMR,6.95,12.264150943396226
fig05,(b) Largest individual allocation share.,IA-FMR,7.050000000000001,12.264150943396226
fig05,(b) Largest individual allocation share.,IA-FMR,7.15,12.264150943396226
fig05,(b) Largest individual allocation share.,IA-FMR,7.25,12.264150943396226
fig05,(b) Largest individual allocation share.,IA-FMR,7.35,12.264150943396226
fig05,(b) Largest individual allocation share.,IA-FMR,7.45,12.264150943396226
fig05,(b) Largest individual allocation share.,IA-FMR,7.550000000000001,12.264150943396226
fig05,(b) Largest individual allocation share.,IA-FMR,7.65,12.264150943396226
fig05,(b) Largest individual allocation share.,IA-FMR,7.75,12.264150943396226
fig05,(b) Largest individual allocation share.,IA-FMR,7.85,12.264150943396226
fig05,(b) Largest individual allocation share.,IA-FMR,7.95,12.264150943396226
fig05,(b) Largest individual allocation share.,IA-FMR,8.05,12.264150943396226
fig05,(b) Largest individual allocation share.,IA-FMR,8.15,12.264150943396226
fig05,(b) Largest individual allocation share.,IA-FMR,8.25,12.264150943396226
fig05,(b) Largest individual allocation share.,IA-FMR,8.35,12.264150943396226
fig05,(b) Largest individual allocation share.,IA-FMR,8.450000000000001,12.264150943396226
fig05,(b) Largest individual allocation share.,IA-FMR,8.55,12.264150943396226
fig05,(b) Largest individual allocation share.,IA-FMR,8.65,12.264150943396226
fig05,(b) Largest individual allocation share.,IA-FMR,8.75,12.264150943396226
fig05,(b) Largest individual allocation share.,IA-FMR,8.85,12.264150943396226
fig05,(b) Largest individual allocation share.,IA-FMR,8.950000000000001,12.264150943396226
fig05,(b) Largest individual allocation share.,IA-FMR,9.05,12.264150943396226
fig05,(b) Largest individual allocation share.,IA-FMR,9.15,12.264150943396226
fig05,(b) Largest individual allocation share.,IA-FMR,9.25,12.264150943396226
fig05,(b) Largest individual allocation share.,IA-FMR,9.35,12.264150943396226
fig05,(b) Largest individual allocation share.,IA-FMR,9.45,12.264150943396226
fig05,(b) Largest individual allocation share.,IA-FMR,9.55,12.264150943396226
fig05,(b) Largest individual allocation share.,IA-FMR,9.65,12.264150943396226
fig05,(b) Largest individual allocation share.,IA-FMR,9.75,12.264150943396226
fig05,(b) Largest individual allocation share.,IA-FMR,9.85,12.264150943396226
fig05,(b) Largest individual allocation share.,IA-FMR,9.95,12.264150943396226
fig05,(b) Largest individual allocation share.,IA-FMR,10.05,12.264150943396226
fig05,(b) Largest individual allocation share.,IA-FMR,10.15,12.264150943396226
fig05,(b) Largest individual allocation share.,IA-FMR,10.25,12.264150943396226
fig05,(b) Largest individual allocation share.,IA-FMR,10.35,12.264150943396226
fig05,(b) Largest individual allocation share.,IA-FMR,10.45,12.264150943396226
fig05,(b) Largest individual allocation share.,IA-FMR,10.55,12.264150943396226
fig05,(b) Largest individual allocation share.,IA-FMR,10.65,12.264150943396226
fig05,(b) Largest individual allocation share.,IA-FMR,10.75,12.264150943396226
fig05,(b) Largest individual allocation share.,IA-FMR,10.85,12.264150943396226
fig05,(b) Largest individual allocation share.,IA-FMR,10.95,12.264150943396226
fig05,(b) Largest individual allocation share.,IA-FMR,11.05,12.264150943396226
fig05,(b) Largest individual allocation share.,IA-FMR,11.15,12.264150943396226
fig05,(b) Largest individual allocation share.,IA-FMR,11.25,12.264150943396226
fig05,(b) Largest individual allocation share.,IA-FMR,11.35,12.264150943396226
fig05,(b) Largest individual allocation share.,IA-FMR,11.45,12.264150943396226
fig05,(b) Largest individual allocation share.,IA-FMR,11.55,12.264150943396226
fig05,(b) Largest individual allocation share.,IA-FMR,11.65,12.264150943396226
fig05,(b) Largest individual allocation share.,IA-FMR,11.75,12.264150943396226
fig05,(b) Largest individual allocation share.,IA-FMR,11.85,12.264150943396226
fig05,(b) Largest individual allocation share.,IA-FMR,11.95,12.264150943396226
fig05,(b) Largest individual allocation share.,IA-FMR,12.05,12.264150943396226
fig05,(b) Largest individual allocation share.,IA-FMR,12.15,12.264150943396226
fig05,(b) Largest individual allocation share.,IA-FMR,12.25,12.264150943396226
fig05,(b) Largest individual allocation share.,IA-FMR,12.35,12.264150943396226
fig05,(b) Largest individual allocation share.,IA-FMR,12.45,12.264150943396226
fig05,(b) Largest individual allocation share.,IA-FMR,12.55,12.264150943396226
fig05,(b) Largest individual allocation share.,IA-FMR,12.65,12.264150943396226
fig05,(b) Largest individual allocation share.,IA-FMR,12.75,12.264150943396226
fig05,(b) Largest individual allocation share.,IA-FMR,12.85,12.264150943396226
fig05,(b) Largest individual allocation share.,IA-FMR,12.95,12.264150943396226
fig05,(b) Largest individual allocation share.,IA-FMR,13.05,12.264150943396226
fig05,(b) Largest individual allocation share.,IA-FMR,13.15,12.264150943396226
fig05,(b) Largest individual allocation share.,IA-FMR,13.25,12.264150943396226
fig05,(b) Largest individual allocation share.,IA-FMR,13.35,12.264150943396226
fig05,(b) Largest individual allocation share.,IA-FMR,13.45,12.264150943396226
fig05,(b) Largest individual allocation share.,IA-FMR,13.55,12.264150943396226
fig05,(b) Largest individual allocation share.,IA-FMR,13.65,12.264150943396226
fig05,(b) Largest individual allocation share.,IA-FMR,13.75,12.264150943396226
fig05,(b) Largest individual allocation share.,IA-FMR,13.85,12.264150943396226
fig05,(b) Largest individual allocation share.,IA-FMR,13.95,12.264150943396226
fig05,(b) Largest individual allocation share.,IA-FMR,14.05,12.264150943396226
fig05,(b) Largest individual allocation share.,IA-FMR,14.15,12.264150943396226
fig05,(b) Largest individual allocation share.,IA-FMR,14.25,12.264150943396226
fig05,(b) Largest individual allocation share.,IA-FMR,14.35,12.264150943396226
fig05,(b) Largest individual allocation share.,IA-FMR,14.45,12.264150943396226
fig05,(b) Largest individual allocation share.,IA-FMR,14.55,12.264150943396226
fig05,(b) Largest individual allocation share.,IA-FMR,14.65,12.264150943396226
fig05,(b) Largest individual allocation share.,IA-FMR,14.75,12.264150943396226
fig05,(b) Largest individual allocation share.,IA-FMR,14.85,12.264150943396226
fig05,(b) Largest individual allocation share.,IA-FMR,14.95,12.264150943396226
fig05,(b) Largest individual allocation share.,IA-FMR,15.05,12.264150943396226
fig05,(b) Largest individual allocation share.,IA-FMR,15.15,12.264150943396226
fig05,(b) Largest individual allocation share.,IA-FMR,15.25,12.264150943396226
fig05,(b) Largest individual allocation share.,IA-FMR,15.35,12.264150943396226
fig05,(b) Largest individual allocation share.,IA-FMR,15.45,12.264150943396226
fig05,(b) Largest individual allocation share.,IA-FMR,15.55,12.264150943396226
fig05,(b) Largest individual allocation share.,IA-FMR,15.65,12.264150943396226
fig05,(b) Largest individual allocation share.,IA-FMR,15.75,12.264150943396226
fig05,(b) Largest individual allocation share.,IA-FMR,15.85,12.264150943396226
fig05,(b) Largest individual allocation share.,IA-FMR,15.95,12.264150943396226
fig05,(b) Largest individual allocation share.,IA-FMR,16.05,12.264150943396226
fig05,(b) Largest individual allocation share.,IA-FMR,16.150000000000002,12.264150943396226
fig05,(b) Largest individual allocation share.,IA-FMR,16.25,12.264150943396226
fig05,(b) Largest individual allocation share.,IA-FMR,16.35,12.264150943396226
fig05,(b) Largest individual allocation share.,IA-FMR,16.45,12.264150943396226
fig05,(b) Largest individual allocation share.,IA-FMR,16.55,12.264150943396226
fig05,(b) Largest individual allocation share.,IA-FMR,16.650000000000002,12.264150943396226
fig05,(b) Largest individual allocation share.,IA-FMR,16.75,12.264150943396226
fig05,(b) Largest individual allocation share.,IA-FMR,16.85,12.264150943396226
fig05,(b) Largest individual allocation share.,IA-FMR,16.95,12.264150943396226
fig05,(b) Largest individual allocation share.,IA-FMR,17.05,12.264150943396226
fig05,(b) Largest individual allocation share.,IA-FMR,17.150000000000002,12.264150943396226
fig05,(b) Largest individual allocation share.,IA-FMR,17.25,12.264150943396226
fig05,(b) Largest individual allocation share.,IA-FMR,17.35,12.264150943396226
fig05,(b) Largest individual allocation share.,IA-FMR,17.45,12.264150943396226
fig05,(b) Largest individual allocation share.,IA-FMR,17.55,12.264150943396226
fig05,(b) Largest individual allocation share.,IA-FMR,17.650000000000002,12.264150943396226
fig05,(b) Largest individual allocation share.,IA-FMR,17.75,12.264150943396226
fig05,(b) Largest individual allocation share.,IA-FMR,17.85,12.264150943396226
fig05,(b) Largest individual allocation share.,IA-FMR,17.95,12.264150943396226
fig05,(b) Largest individual allocation share.,IA-FMR,18.05,12.264150943396226
fig05,(b) Largest individual allocation share.,IA-FMR,18.15,12.264150943396226
fig05,(b) Largest individual allocation share.,IA-FMR,18.25,12.264150943396226
fig05,(b) Largest individual allocation share.,IA-FMR,18.35,12.264150943396226
fig05,(b) Largest individual allocation share.,IA-FMR,18.45,12.264150943396226
fig05,(b) Largest individual allocation share.,IA-FMR,18.55,12.264150943396226
fig05,(b) Largest individual allocation share.,IA-FMR,18.65,12.264150943396226
fig05,(b) Largest individual allocation share.,IA-FMR,18.75,12.264150943396226
fig05,(b) Largest individual allocation share.,IA-FMR,18.85,12.264150943396226
fig05,(b) Largest individual allocation share.,IA-FMR,18.95,12.264150943396226
fig05,(b) Largest individual allocation share.,IA-FMR,19.05,12.264150943396226
fig05,(b) Largest individual allocation share.,IA-FMR,19.15,12.264150943396226
fig05,(b) Largest individual allocation share.,IA-FMR,19.25,12.264150943396226
fig05,(b) Largest individual allocation share.,IA-FMR,19.35,12.264150943396226
fig05,(b) Largest individual allocation share.,IA-FMR,19.450000000000003,12.264150943396226
fig05,(b) Largest individual allocation share.,IA-FMR,19.55,12.264150943396226
fig05,(b) Largest individual allocation share.,IA-FMR,19.65,12.264150943396226
fig05,(b) Largest individual allocation share.,IA-FMR,19.75,12.264150943396226
fig05,(b) Largest individual allocation share.,IA-FMR,19.85,12.264150943396226
fig05,(b) Largest individual allocation share.,IA-FMR,19.950000000000003,12.264150943396226
fig05,(b) Largest individual allocation share.,IA-FMR,20.05,12.264150943396226
fig05,(b) Largest individual allocation share.,IA-FMR,20.15,12.264150943396226
fig05,(b) Largest individual allocation share.,IA-FMR,20.25,12.264150943396226
fig05,(b) Largest individual allocation share.,IA-FMR,20.35,12.264150943396226
fig05,(b) Largest individual allocation share.,IA-FMR,20.450000000000003,12.264150943396226
fig05,(b) Largest individual allocation share.,IA-FMR,20.55,12.264150943396226
fig05,(b) Largest individual allocation share.,IA-FMR,20.65,12.264150943396226
fig05,(b) Largest individual allocation share.,IA-FMR,20.75,12.264150943396226
fig05,(b) Largest individual allocation share.,IA-FMR,20.85,12.264150943396226
fig05,(b) Largest individual allocation share.,IA-FMR,20.950000000000003,12.264150943396226
fig05,(b) Largest individual allocation share.,IA-FMR,21.05,12.264150943396226
fig05,(b) Largest individual allocation share.,IA-FMR,21.15,12.264150943396226
fig05,(b) Largest individual allocation share.,IA-FMR,21.25,12.264150943396226
fig05,(b) Largest individual allocation share.,IA-FMR,21.35,12.264150943396226
fig05,(b) Largest individual allocation share.,IA-FMR,21.450000000000003,12.264150943396226
fig05,(b) Largest individual allocation share.,IA-FMR,21.55,12.264150943396226
fig05,(b) Largest individual allocation share.,IA-FMR,21.65,12.264150943396226
fig05,(b) Largest individual allocation share.,IA-FMR,21.75,12.264150943396226
fig05,(b) Largest individual allocation share.,IA-FMR,21.85,12.264150943396226
fig05,(b) Largest individual allocation share.,IA-FMR,21.950000000000003,12.264150943396226
fig05,(b) Largest individual allocation share.,IA-FMR,22.05,12.264150943396226
fig05,(b) Largest individual allocation share.,IA-FMR,22.15,12.264150943396226
fig05,(b) Largest individual allocation share.,IA-FMR,22.25,12.264150943396226
fig05,(b) Largest individual allocation share.,IA-FMR,22.35,12.264150943396226
fig05,(b) Largest individual allocation share.,IA-FMR,22.450000000000003,12.264150943396226
fig05,(b) Largest individual allocation share.,IA-FMR,22.55,12.264150943396226
fig05,(b) Largest individual allocation share.,IA-FMR,22.65,12.264150943396226
fig05,(b) Largest individual allocation share.,IA-FMR,22.75,12.264150943396226
fig05,(b) Largest individual allocation share.,IA-FMR,22.85,12.264150943396226
fig05,(b) Largest individual allocation share.,IA-FMR,22.950000000000003,12.264150943396226
fig05,(b) Largest individual allocation share.,IA-FMR,23.05,12.264150943396226
fig05,(b) Largest individual allocation share.,IA-FMR,23.15,12.264150943396226
fig05,(b) Largest individual allocation share.,IA-FMR,23.25,12.264150943396226
fig05,(b) Largest individual allocation share.,IA-FMR,23.35,12.264150943396226
fig05,(b) Largest individual allocation share.,IA-FMR,23.450000000000003,12.264150943396226
fig05,(b) Largest individual allocation share.,IA-FMR,23.55,12.264150943396226
fig05,(b) Largest individual allocation share.,IA-FMR,23.65,12.264150943396226
fig05,(b) Largest individual allocation share.,IA-FMR,23.75,12.264150943396226
fig05,(b) Largest individual allocation share.,IA-FMR,23.85,12.264150943396226
fig05,(b) Largest individual allocation share.,IA-FMR,23.950000000000003,12.264150943396226
fig05,(b) Largest individual allocation share.,IA-FMR,24.05,12.264150943396226
fig05,(b) Largest individual allocation share.,IA-FMR,24.15,12.264150943396226
fig05,(b) Largest individual allocation share.,IA-FMR,24.25,12.264150943396226
fig05,(b) Largest individual allocation share.,IA-FMR,24.35,12.264150943396226
fig05,(b) Largest individual allocation share.,IA-FMR,24.450000000000003,12.264150943396226
fig05,(b) Largest individual allocation share.,IA-FMR,24.55,12.264150943396226
fig05,(b) Largest individual allocation share.,IA-FMR,24.65,12.264150943396226
fig05,(b) Largest individual allocation share.,IA-FMR,24.75,12.264150943396226
fig05,(b) Largest individual allocation share.,IA-FMR,24.85,12.264150943396226
fig05,(b) Largest individual allocation share.,IA-FMR,24.950000000000003,12.264150943396226
fig05,(b) Largest individual allocation share.,IA-FMR,25.05,12.264150943396226
fig05,(b) Largest individual allocation share.,IA-FMR,25.15,12.264150943396226
fig05,(b) Largest individual allocation share.,IA-FMR,25.25,12.264150943396226
fig05,(b) Largest individual allocation share.,IA-FMR,25.35,12.264150943396226
fig05,(b) Largest individual allocation share.,IA-FMR,25.450000000000003,12.264150943396226
fig05,(b) Largest individual allocation share.,IA-FMR,25.55,12.264150943396226
fig05,(b) Largest individual allocation share.,IA-FMR,25.65,12.264150943396226
fig05,(b) Largest individual allocation share.,IA-FMR,25.75,12.264150943396226
fig05,(b) Largest individual allocation share.,IA-FMR,25.85,12.264150943396226
fig05,(b) Largest individual allocation share.,IA-FMR,25.950000000000003,12.264150943396226
fig05,(b) Largest individual allocation share.,IA-FMR,26.05,12.264150943396226
fig05,(b) Largest individual allocation share.,IA-FMR,26.15,12.264150943396226
fig05,(b) Largest individual allocation share.,IA-FMR,26.25,12.264150943396226
fig05,(b) Largest individual allocation share.,IA-FMR,26.35,12.264150943396226
fig05,(b) Largest individual allocation share.,IA-FMR,26.450000000000003,12.264150943396226
fig05,(b) Largest individual allocation share.,IA-FMR,26.55,12.264150943396226
fig05,(b) Largest individual allocation share.,IA-FMR,26.65,12.264150943396226
fig05,(b) Largest individual allocation share.,IA-FMR,26.75,12.264150943396226
fig05,(b) Largest individual allocation share.,IA-FMR,26.85,12.264150943396226
fig05,(b) Largest individual allocation share.,IA-FMR,26.950000000000003,12.264150943396226
fig05,(b) Largest individual allocation share.,IA-FMR,27.05,12.264150943396226
fig05,(b) Largest individual allocation share.,IA-FMR,27.15,12.264150943396226
fig05,(b) Largest individual allocation share.,IA-FMR,27.25,12.264150943396226
fig05,(b) Largest individual allocation share.,IA-FMR,27.35,12.264150943396226
fig05,(b) Largest individual allocation share.,IA-FMR,27.450000000000003,12.264150943396226
fig05,(b) Largest individual allocation share.,IA-FMR,27.55,12.264150943396226
fig05,(b) Largest individual allocation share.,IA-FMR,27.65,12.264150943396226
fig05,(b) Largest individual allocation share.,IA-FMR,27.75,12.264150943396226
fig05,(b) Largest individual allocation share.,IA-FMR,27.85,12.264150943396226
fig05,(b) Largest individual allocation share.,IA-FMR,27.950000000000003,12.264150943396226
fig05,(b) Largest individual allocation share.,IA-FMR,28.05,12.264150943396226
fig05,(b) Largest individual allocation share.,IA-FMR,28.15,12.264150943396226
fig05,(b) Largest individual allocation share.,IA-FMR,28.25,12.264150943396226
fig05,(b) Largest individual allocation share.,IA-FMR,28.35,12.264150943396226
fig05,(b) Largest individual allocation share.,IA-FMR,28.450000000000003,12.264150943396226
fig05,(b) Largest individual allocation share.,IA-FMR,28.55,12.264150943396226
fig05,(b) Largest individual allocation share.,IA-FMR,28.65,12.264150943396226
fig05,(b) Largest individual allocation share.,IA-FMR,28.75,12.264150943396226
fig05,(b) Largest individual allocation share.,IA-FMR,28.85,12.264150943396226
fig05,(b) Largest individual allocation share.,IA-FMR,28.950000000000003,12.264150943396226
fig05,(b) Largest individual allocation share.,IA-FMR,29.05,12.264150943396226
fig05,(b) Largest individual allocation share.,IA-FMR,29.15,12.264150943396226
fig05,(b) Largest individual allocation share.,IA-FMR,29.25,12.264150943396226
fig05,(b) Largest individual allocation share.,IA-FMR,29.35,12.264150943396226
fig05,(b) Largest individual allocation share.,IA-FMR,29.450000000000003,12.264150943396226
fig05,(b) Largest individual allocation share.,IA-FMR,29.55,12.264150943396226
fig05,(b) Largest individual allocation share.,IA-FMR,29.65,12.264150943396226
fig05,(b) Largest individual allocation share.,IA-FMR,29.75,12.264150943396226
fig05,(b) Largest individual allocation share.,IA-FMR,29.85,12.264150943396226
fig05,(b) Largest individual allocation share.,IA-FMR,29.950000000000003,12.264150943396226
fig05,(b) Largest individual allocation share.,IA-FMR,30.05,12.264150943396226
fig05,(b) Largest individual allocation share.,IA-FMR,30.15,12.264150943396226
fig05,(b) Largest individual allocation share.,IA-FMR,30.25,12.264150943396226
fig05,(b) Largest individual allocation share.,IA-FMR,30.35,12.264150943396226
fig05,(c) UEs receiving a positive allocation.,RR,0.45,9.0
fig05,(c) UEs receiving a positive allocation.,RR,0.55,9.0
fig05,(c) UEs receiving a positive allocation.,RR,0.65,9.0
fig05,(c) UEs receiving a positive allocation.,RR,0.75,9.0
fig05,(c) UEs receiving a positive allocation.,RR,0.8500000000000001,9.0
fig05,(c) UEs receiving a positive allocation.,RR,0.95,9.0
fig05,(c) UEs receiving a positive allocation.,RR,1.05,9.0
fig05,(c) UEs receiving a positive allocation.,RR,1.15,9.0
fig05,(c) UEs receiving a positive allocation.,RR,1.25,9.0
fig05,(c) UEs receiving a positive allocation.,RR,1.35,9.0
fig05,(c) UEs receiving a positive allocation.,RR,1.4500000000000002,9.0
fig05,(c) UEs receiving a positive allocation.,RR,1.55,9.0
fig05,(c) UEs receiving a positive allocation.,RR,1.65,9.0
fig05,(c) UEs receiving a positive allocation.,RR,1.75,9.0
fig05,(c) UEs receiving a positive allocation.,RR,1.85,9.0
fig05,(c) UEs receiving a positive allocation.,RR,1.95,9.0
fig05,(c) UEs receiving a positive allocation.,RR,2.0500000000000003,9.0
fig05,(c) UEs receiving a positive allocation.,RR,2.15,9.0
fig05,(c) UEs receiving a positive allocation.,RR,2.25,9.0
fig05,(c) UEs receiving a positive allocation.,RR,2.35,9.0
fig05,(c) UEs receiving a positive allocation.,RR,2.45,9.0
fig05,(c) UEs receiving a positive allocation.,RR,2.5500000000000003,9.0
fig05,(c) UEs receiving a positive allocation.,RR,2.6500000000000004,9.0
fig05,(c) UEs receiving a positive allocation.,RR,2.75,9.0
fig05,(c) UEs receiving a positive allocation.,RR,2.85,9.0
fig05,(c) UEs receiving a positive allocation.,RR,2.95,9.0
fig05,(c) UEs receiving a positive allocation.,RR,3.0500000000000003,9.0
fig05,(c) UEs receiving a positive allocation.,RR,3.1500000000000004,9.0
fig05,(c) UEs receiving a positive allocation.,RR,3.25,9.0
fig05,(c) UEs receiving a positive allocation.,RR,3.35,9.0
fig05,(c) UEs receiving a positive allocation.,RR,3.45,9.0
fig05,(c) UEs receiving a positive allocation.,RR,3.5500000000000003,9.0
fig05,(c) UEs receiving a positive allocation.,RR,3.65,9.0
fig05,(c) UEs receiving a positive allocation.,RR,3.75,9.0
fig05,(c) UEs receiving a positive allocation.,RR,3.85,9.0
fig05,(c) UEs receiving a positive allocation.,RR,3.95,9.0
fig05,(c) UEs receiving a positive allocation.,RR,4.05,9.0
fig05,(c) UEs receiving a positive allocation.,RR,4.15,9.0
fig05,(c) UEs receiving a positive allocation.,RR,4.25,9.0
fig05,(c) UEs receiving a positive allocation.,RR,4.3500000000000005,9.0
fig05,(c) UEs receiving a positive allocation.,RR,4.45,9.0
fig05,(c) UEs receiving a positive allocation.,RR,4.55,9.0
fig05,(c) UEs receiving a positive allocation.,RR,4.65,9.0
fig05,(c) UEs receiving a positive allocation.,RR,4.75,9.0
fig05,(c) UEs receiving a positive allocation.,RR,4.8500000000000005,9.0
fig05,(c) UEs receiving a positive allocation.,RR,4.95,9.0
fig05,(c) UEs receiving a positive allocation.,RR,5.050000000000001,9.0
fig05,(c) UEs receiving a positive allocation.,RR,5.15,9.0
fig05,(c) UEs receiving a positive allocation.,RR,5.25,9.0
fig05,(c) UEs receiving a positive allocation.,RR,5.3500000000000005,9.0
fig05,(c) UEs receiving a positive allocation.,RR,5.45,9.0
fig05,(c) UEs receiving a positive allocation.,RR,5.550000000000001,9.0
fig05,(c) UEs receiving a positive allocation.,RR,5.65,9.0
fig05,(c) UEs receiving a positive allocation.,RR,5.75,9.0
fig05,(c) UEs receiving a positive allocation.,RR,5.8500000000000005,9.0
fig05,(c) UEs receiving a positive allocation.,RR,5.95,9.0
fig05,(c) UEs receiving a positive allocation.,RR,6.050000000000001,9.0
fig05,(c) UEs receiving a positive allocation.,RR,6.15,9.0
fig05,(c) UEs receiving a positive allocation.,RR,6.25,9.0
fig05,(c) UEs receiving a positive allocation.,RR,6.3500000000000005,9.0
fig05,(c) UEs receiving a positive allocation.,RR,6.45,9.0
fig05,(c) UEs receiving a positive allocation.,RR,6.550000000000001,9.0
fig05,(c) UEs receiving a positive allocation.,RR,6.65,9.0
fig05,(c) UEs receiving a positive allocation.,RR,6.75,9.0
fig05,(c) UEs receiving a positive allocation.,RR,6.8500000000000005,9.0
fig05,(c) UEs receiving a positive allocation.,RR,6.95,9.0
fig05,(c) UEs receiving a positive allocation.,RR,7.050000000000001,9.0
fig05,(c) UEs receiving a positive allocation.,RR,7.15,9.0
fig05,(c) UEs receiving a positive allocation.,RR,7.25,9.0
fig05,(c) UEs receiving a positive allocation.,RR,7.35,9.0
fig05,(c) UEs receiving a positive allocation.,RR,7.45,9.0
fig05,(c) UEs receiving a positive allocation.,RR,7.550000000000001,9.0
fig05,(c) UEs receiving a positive allocation.,RR,7.65,9.0
fig05,(c) UEs receiving a positive allocation.,RR,7.75,9.0
fig05,(c) UEs receiving a positive allocation.,RR,7.85,9.0
fig05,(c) UEs receiving a positive allocation.,RR,7.95,9.0
fig05,(c) UEs receiving a positive allocation.,RR,8.05,9.0
fig05,(c) UEs receiving a positive allocation.,RR,8.15,9.0
fig05,(c) UEs receiving a positive allocation.,RR,8.25,9.0
fig05,(c) UEs receiving a positive allocation.,RR,8.35,9.0
fig05,(c) UEs receiving a positive allocation.,RR,8.450000000000001,9.0
fig05,(c) UEs receiving a positive allocation.,RR,8.55,9.0
fig05,(c) UEs receiving a positive allocation.,RR,8.65,9.0
fig05,(c) UEs receiving a positive allocation.,RR,8.75,9.0
fig05,(c) UEs receiving a positive allocation.,RR,8.85,9.0
fig05,(c) UEs receiving a positive allocation.,RR,8.950000000000001,9.0
fig05,(c) UEs receiving a positive allocation.,RR,9.05,9.0
fig05,(c) UEs receiving a positive allocation.,RR,9.15,9.0
fig05,(c) UEs receiving a positive allocation.,RR,9.25,9.0
fig05,(c) UEs receiving a positive allocation.,RR,9.35,9.0
fig05,(c) UEs receiving a positive allocation.,RR,9.45,9.0
fig05,(c) UEs receiving a positive allocation.,RR,9.55,9.0
fig05,(c) UEs receiving a positive allocation.,RR,9.65,9.0
fig05,(c) UEs receiving a positive allocation.,RR,9.75,9.0
fig05,(c) UEs receiving a positive allocation.,RR,9.85,9.0
fig05,(c) UEs receiving a positive allocation.,RR,9.95,9.0
fig05,(c) UEs receiving a positive allocation.,RR,10.05,9.0
fig05,(c) UEs receiving a positive allocation.,RR,10.15,9.0
fig05,(c) UEs receiving a positive allocation.,RR,10.25,9.0
fig05,(c) UEs receiving a positive allocation.,RR,10.35,9.0
fig05,(c) UEs receiving a positive allocation.,RR,10.45,9.0
fig05,(c) UEs receiving a positive allocation.,RR,10.55,9.0
fig05,(c) UEs receiving a positive allocation.,RR,10.65,9.0
fig05,(c) UEs receiving a positive allocation.,RR,10.75,9.0
fig05,(c) UEs receiving a positive allocation.,RR,10.85,9.0
fig05,(c) UEs receiving a positive allocation.,RR,10.95,9.0
fig05,(c) UEs receiving a positive allocation.,RR,11.05,9.0
fig05,(c) UEs receiving a positive allocation.,RR,11.15,9.0
fig05,(c) UEs receiving a positive allocation.,RR,11.25,9.0
fig05,(c) UEs receiving a positive allocation.,RR,11.35,9.0
fig05,(c) UEs receiving a positive allocation.,RR,11.45,9.0
fig05,(c) UEs receiving a positive allocation.,RR,11.55,9.0
fig05,(c) UEs receiving a positive allocation.,RR,11.65,9.0
fig05,(c) UEs receiving a positive allocation.,RR,11.75,9.0
fig05,(c) UEs receiving a positive allocation.,RR,11.85,9.0
fig05,(c) UEs receiving a positive allocation.,RR,11.95,9.0
fig05,(c) UEs receiving a positive allocation.,RR,12.05,9.0
fig05,(c) UEs receiving a positive allocation.,RR,12.15,9.0
fig05,(c) UEs receiving a positive allocation.,RR,12.25,9.0
fig05,(c) UEs receiving a positive allocation.,RR,12.35,9.0
fig05,(c) UEs receiving a positive allocation.,RR,12.45,9.0
fig05,(c) UEs receiving a positive allocation.,RR,12.55,9.0
fig05,(c) UEs receiving a positive allocation.,RR,12.65,9.0
fig05,(c) UEs receiving a positive allocation.,RR,12.75,9.0
fig05,(c) UEs receiving a positive allocation.,RR,12.85,9.0
fig05,(c) UEs receiving a positive allocation.,RR,12.95,9.0
fig05,(c) UEs receiving a positive allocation.,RR,13.05,9.0
fig05,(c) UEs receiving a positive allocation.,RR,13.15,9.0
fig05,(c) UEs receiving a positive allocation.,RR,13.25,9.0
fig05,(c) UEs receiving a positive allocation.,RR,13.35,9.0
fig05,(c) UEs receiving a positive allocation.,RR,13.45,9.0
fig05,(c) UEs receiving a positive allocation.,RR,13.55,9.0
fig05,(c) UEs receiving a positive allocation.,RR,13.65,9.0
fig05,(c) UEs receiving a positive allocation.,RR,13.75,9.0
fig05,(c) UEs receiving a positive allocation.,RR,13.85,9.0
fig05,(c) UEs receiving a positive allocation.,RR,13.95,9.0
fig05,(c) UEs receiving a positive allocation.,RR,14.05,9.0
fig05,(c) UEs receiving a positive allocation.,RR,14.15,9.0
fig05,(c) UEs receiving a positive allocation.,RR,14.25,9.0
fig05,(c) UEs receiving a positive allocation.,RR,14.35,9.0
fig05,(c) UEs receiving a positive allocation.,RR,14.45,9.0
fig05,(c) UEs receiving a positive allocation.,RR,14.55,9.0
fig05,(c) UEs receiving a positive allocation.,RR,14.65,9.0
fig05,(c) UEs receiving a positive allocation.,RR,14.75,9.0
fig05,(c) UEs receiving a positive allocation.,RR,14.85,9.0
fig05,(c) UEs receiving a positive allocation.,RR,14.95,9.0
fig05,(c) UEs receiving a positive allocation.,RR,15.05,9.0
fig05,(c) UEs receiving a positive allocation.,RR,15.15,9.0
fig05,(c) UEs receiving a positive allocation.,RR,15.25,9.0
fig05,(c) UEs receiving a positive allocation.,RR,15.35,9.0
fig05,(c) UEs receiving a positive allocation.,RR,15.45,9.0
fig05,(c) UEs receiving a positive allocation.,RR,15.55,9.0
fig05,(c) UEs receiving a positive allocation.,RR,15.65,9.0
fig05,(c) UEs receiving a positive allocation.,RR,15.75,9.0
fig05,(c) UEs receiving a positive allocation.,RR,15.85,9.0
fig05,(c) UEs receiving a positive allocation.,RR,15.95,9.0
fig05,(c) UEs receiving a positive allocation.,RR,16.05,9.0
fig05,(c) UEs receiving a positive allocation.,RR,16.150000000000002,9.0
fig05,(c) UEs receiving a positive allocation.,RR,16.25,9.0
fig05,(c) UEs receiving a positive allocation.,RR,16.35,9.0
fig05,(c) UEs receiving a positive allocation.,RR,16.45,9.0
fig05,(c) UEs receiving a positive allocation.,RR,16.55,9.0
fig05,(c) UEs receiving a positive allocation.,RR,16.650000000000002,9.0
fig05,(c) UEs receiving a positive allocation.,RR,16.75,9.0
fig05,(c) UEs receiving a positive allocation.,RR,16.85,9.0
fig05,(c) UEs receiving a positive allocation.,RR,16.95,9.0
fig05,(c) UEs receiving a positive allocation.,RR,17.05,9.0
fig05,(c) UEs receiving a positive allocation.,RR,17.150000000000002,9.0
fig05,(c) UEs receiving a positive allocation.,RR,17.25,9.0
fig05,(c) UEs receiving a positive allocation.,RR,17.35,9.0
fig05,(c) UEs receiving a positive allocation.,RR,17.45,9.0
fig05,(c) UEs receiving a positive allocation.,RR,17.55,9.0
fig05,(c) UEs receiving a positive allocation.,RR,17.650000000000002,9.0
fig05,(c) UEs receiving a positive allocation.,RR,17.75,9.0
fig05,(c) UEs receiving a positive allocation.,RR,17.85,9.0
fig05,(c) UEs receiving a positive allocation.,RR,17.95,9.0
fig05,(c) UEs receiving a positive allocation.,RR,18.05,9.0
fig05,(c) UEs receiving a positive allocation.,RR,18.15,9.0
fig05,(c) UEs receiving a positive allocation.,RR,18.25,9.0
fig05,(c) UEs receiving a positive allocation.,RR,18.35,9.0
fig05,(c) UEs receiving a positive allocation.,RR,18.45,9.0
fig05,(c) UEs receiving a positive allocation.,RR,18.55,9.0
fig05,(c) UEs receiving a positive allocation.,RR,18.65,9.0
fig05,(c) UEs receiving a positive allocation.,RR,18.75,9.0
fig05,(c) UEs receiving a positive allocation.,RR,18.85,9.0
fig05,(c) UEs receiving a positive allocation.,RR,18.95,9.0
fig05,(c) UEs receiving a positive allocation.,RR,19.05,9.0
fig05,(c) UEs receiving a positive allocation.,RR,19.15,9.0
fig05,(c) UEs receiving a positive allocation.,RR,19.25,9.0
fig05,(c) UEs receiving a positive allocation.,RR,19.35,9.0
fig05,(c) UEs receiving a positive allocation.,RR,19.450000000000003,9.0
fig05,(c) UEs receiving a positive allocation.,RR,19.55,9.0
fig05,(c) UEs receiving a positive allocation.,RR,19.65,9.0
fig05,(c) UEs receiving a positive allocation.,RR,19.75,9.0
fig05,(c) UEs receiving a positive allocation.,RR,19.85,9.0
fig05,(c) UEs receiving a positive allocation.,RR,19.950000000000003,9.0
fig05,(c) UEs receiving a positive allocation.,RR,20.05,9.0
fig05,(c) UEs receiving a positive allocation.,RR,20.15,9.0
fig05,(c) UEs receiving a positive allocation.,RR,20.25,9.0
fig05,(c) UEs receiving a positive allocation.,RR,20.35,9.0
fig05,(c) UEs receiving a positive allocation.,RR,20.450000000000003,9.0
fig05,(c) UEs receiving a positive allocation.,RR,20.55,9.0
fig05,(c) UEs receiving a positive allocation.,RR,20.65,9.0
fig05,(c) UEs receiving a positive allocation.,RR,20.75,9.0
fig05,(c) UEs receiving a positive allocation.,RR,20.85,9.0
fig05,(c) UEs receiving a positive allocation.,RR,20.950000000000003,9.0
fig05,(c) UEs receiving a positive allocation.,RR,21.05,9.0
fig05,(c) UEs receiving a positive allocation.,RR,21.15,9.0
fig05,(c) UEs receiving a positive allocation.,RR,21.25,9.0
fig05,(c) UEs receiving a positive allocation.,RR,21.35,9.0
fig05,(c) UEs receiving a positive allocation.,RR,21.450000000000003,9.0
fig05,(c) UEs receiving a positive allocation.,RR,21.55,9.0
fig05,(c) UEs receiving a positive allocation.,RR,21.65,9.0
fig05,(c) UEs receiving a positive allocation.,RR,21.75,9.0
fig05,(c) UEs receiving a positive allocation.,RR,21.85,9.0
fig05,(c) UEs receiving a positive allocation.,RR,21.950000000000003,9.0
fig05,(c) UEs receiving a positive allocation.,RR,22.05,9.0
fig05,(c) UEs receiving a positive allocation.,RR,22.15,9.0
fig05,(c) UEs receiving a positive allocation.,RR,22.25,9.0
fig05,(c) UEs receiving a positive allocation.,RR,22.35,9.0
fig05,(c) UEs receiving a positive allocation.,RR,22.450000000000003,9.0
fig05,(c) UEs receiving a positive allocation.,RR,22.55,9.0
fig05,(c) UEs receiving a positive allocation.,RR,22.65,9.0
fig05,(c) UEs receiving a positive allocation.,RR,22.75,9.0
fig05,(c) UEs receiving a positive allocation.,RR,22.85,9.0
fig05,(c) UEs receiving a positive allocation.,RR,22.950000000000003,9.0
fig05,(c) UEs receiving a positive allocation.,RR,23.05,9.0
fig05,(c) UEs receiving a positive allocation.,RR,23.15,9.0
fig05,(c) UEs receiving a positive allocation.,RR,23.25,9.0
fig05,(c) UEs receiving a positive allocation.,RR,23.35,9.0
fig05,(c) UEs receiving a positive allocation.,RR,23.450000000000003,9.0
fig05,(c) UEs receiving a positive allocation.,RR,23.55,9.0
fig05,(c) UEs receiving a positive allocation.,RR,23.65,9.0
fig05,(c) UEs receiving a positive allocation.,RR,23.75,9.0
fig05,(c) UEs receiving a positive allocation.,RR,23.85,9.0
fig05,(c) UEs receiving a positive allocation.,RR,23.950000000000003,9.0
fig05,(c) UEs receiving a positive allocation.,RR,24.05,9.0
fig05,(c) UEs receiving a positive allocation.,RR,24.15,9.0
fig05,(c) UEs receiving a positive allocation.,RR,24.25,9.0
fig05,(c) UEs receiving a positive allocation.,RR,24.35,9.0
fig05,(c) UEs receiving a positive allocation.,RR,24.450000000000003,9.0
fig05,(c) UEs receiving a positive allocation.,RR,24.55,9.0
fig05,(c) UEs receiving a positive allocation.,RR,24.65,9.0
fig05,(c) UEs receiving a positive allocation.,RR,24.75,9.0
fig05,(c) UEs receiving a positive allocation.,RR,24.85,9.0
fig05,(c) UEs receiving a positive allocation.,RR,24.950000000000003,9.0
fig05,(c) UEs receiving a positive allocation.,RR,25.05,9.0
fig05,(c) UEs receiving a positive allocation.,RR,25.15,9.0
fig05,(c) UEs receiving a positive allocation.,RR,25.25,9.0
fig05,(c) UEs receiving a positive allocation.,RR,25.35,9.0
fig05,(c) UEs receiving a positive allocation.,RR,25.450000000000003,9.0
fig05,(c) UEs receiving a positive allocation.,RR,25.55,9.0
fig05,(c) UEs receiving a positive allocation.,RR,25.65,9.0
fig05,(c) UEs receiving a positive allocation.,RR,25.75,9.0
fig05,(c) UEs receiving a positive allocation.,RR,25.85,9.0
fig05,(c) UEs receiving a positive allocation.,RR,25.950000000000003,9.0
fig05,(c) UEs receiving a positive allocation.,RR,26.05,9.0
fig05,(c) UEs receiving a positive allocation.,RR,26.15,9.0
fig05,(c) UEs receiving a positive allocation.,RR,26.25,9.0
fig05,(c) UEs receiving a positive allocation.,RR,26.35,9.0
fig05,(c) UEs receiving a positive allocation.,RR,26.450000000000003,9.0
fig05,(c) UEs receiving a positive allocation.,RR,26.55,9.0
fig05,(c) UEs receiving a positive allocation.,RR,26.65,9.0
fig05,(c) UEs receiving a positive allocation.,RR,26.75,9.0
fig05,(c) UEs receiving a positive allocation.,RR,26.85,9.0
fig05,(c) UEs receiving a positive allocation.,RR,26.950000000000003,9.0
fig05,(c) UEs receiving a positive allocation.,RR,27.05,9.0
fig05,(c) UEs receiving a positive allocation.,RR,27.15,9.0
fig05,(c) UEs receiving a positive allocation.,RR,27.25,9.0
fig05,(c) UEs receiving a positive allocation.,RR,27.35,9.0
fig05,(c) UEs receiving a positive allocation.,RR,27.450000000000003,9.0
fig05,(c) UEs receiving a positive allocation.,RR,27.55,9.0
fig05,(c) UEs receiving a positive allocation.,RR,27.65,9.0
fig05,(c) UEs receiving a positive allocation.,RR,27.75,9.0
fig05,(c) UEs receiving a positive allocation.,RR,27.85,9.0
fig05,(c) UEs receiving a positive allocation.,RR,27.950000000000003,9.0
fig05,(c) UEs receiving a positive allocation.,RR,28.05,9.0
fig05,(c) UEs receiving a positive allocation.,RR,28.15,9.0
fig05,(c) UEs receiving a positive allocation.,RR,28.25,9.0
fig05,(c) UEs receiving a positive allocation.,RR,28.35,9.0
fig05,(c) UEs receiving a positive allocation.,RR,28.450000000000003,9.0
fig05,(c) UEs receiving a positive allocation.,RR,28.55,9.0
fig05,(c) UEs receiving a positive allocation.,RR,28.65,9.0
fig05,(c) UEs receiving a positive allocation.,RR,28.75,9.0
fig05,(c) UEs receiving a positive allocation.,RR,28.85,9.0
fig05,(c) UEs receiving a positive allocation.,RR,28.950000000000003,9.0
fig05,(c) UEs receiving a positive allocation.,RR,29.05,9.0
fig05,(c) UEs receiving a positive allocation.,RR,29.15,9.0
fig05,(c) UEs receiving a positive allocation.,RR,29.25,9.0
fig05,(c) UEs receiving a positive allocation.,RR,29.35,9.0
fig05,(c) UEs receiving a positive allocation.,RR,29.450000000000003,9.0
fig05,(c) UEs receiving a positive allocation.,RR,29.55,9.0
fig05,(c) UEs receiving a positive allocation.,RR,29.65,9.0
fig05,(c) UEs receiving a positive allocation.,RR,29.75,9.0
fig05,(c) UEs receiving a positive allocation.,RR,29.85,9.0
fig05,(c) UEs receiving a positive allocation.,RR,29.950000000000003,9.0
fig05,(c) UEs receiving a positive allocation.,RR,30.05,9.0
fig05,(c) UEs receiving a positive allocation.,RR,30.15,9.0
fig05,(c) UEs receiving a positive allocation.,RR,30.25,9.0
fig05,(c) UEs receiving a positive allocation.,RR,30.35,9.0
fig05,(c) UEs receiving a positive allocation.,PF,0.45,6.809607843137255
fig05,(c) UEs receiving a positive allocation.,PF,0.55,6.430033920741292
fig05,(c) UEs receiving a positive allocation.,PF,0.65,5.735178517392739
fig05,(c) UEs receiving a positive allocation.,PF,0.75,5.371312971174251
fig05,(c) UEs receiving a positive allocation.,PF,0.8500000000000001,5.263789148104986
fig05,(c) UEs receiving a positive allocation.,PF,0.95,5.371591411356921
fig05,(c) UEs receiving a positive allocation.,PF,1.05,5.476956088873497
fig05,(c) UEs receiving a positive allocation.,PF,1.15,5.345699704808125
fig05,(c) UEs receiving a positive allocation.,PF,1.25,5.353207998853873
fig05,(c) UEs receiving a positive allocation.,PF,1.35,5.325303638797615
fig05,(c) UEs receiving a positive allocation.,PF,1.4500000000000002,5.405390218884196
fig05,(c) UEs receiving a positive allocation.,PF,1.55,5.266204906204906
fig05,(c) UEs receiving a positive allocation.,PF,1.65,5.13080808080808
fig05,(c) UEs receiving a positive allocation.,PF,1.75,4.971670117322291
fig05,(c) UEs receiving a positive allocation.,PF,1.85,4.802622498274673
fig05,(c) UEs receiving a positive allocation.,PF,1.95,5.020531400966184
fig05,(c) UEs receiving a positive allocation.,PF,2.0500000000000003,5.28689547167808
fig05,(c) UEs receiving a positive allocation.,PF,2.15,5.268962982226603
fig05,(c) UEs receiving a positive allocation.,PF,2.25,5.306450904931918
fig05,(c) UEs receiving a positive allocation.,PF,2.35,5.084481303651971
fig05,(c) UEs receiving a positive allocation.,PF,2.45,5.091629479377958
fig05,(c) UEs receiving a positive allocation.,PF,2.5500000000000003,5.010835828584307
fig05,(c) UEs receiving a positive allocation.,PF,2.6500000000000004,5.319350725364773
fig05,(c) UEs receiving a positive allocation.,PF,2.75,5.535831241621909
fig05,(c) UEs receiving a positive allocation.,PF,2.85,5.613873569664237
fig05,(c) UEs receiving a positive allocation.,PF,2.95,5.377689624525068
fig05,(c) UEs receiving a positive allocation.,PF,3.0500000000000003,5.368147268147268
fig05,(c) UEs receiving a positive allocation.,PF,3.1500000000000004,5.286454146454147
fig05,(c) UEs receiving a positive allocation.,PF,3.25,5.53397381802445
fig05,(c) UEs receiving a positive allocation.,PF,3.35,5.575319971870606
fig05,(c) UEs receiving a positive allocation.,PF,3.45,5.339959776510409
fig05,(c) UEs receiving a positive allocation.,PF,3.5500000000000003,5.041071428571429
fig05,(c) UEs receiving a positive allocation.,PF,3.65,4.886904761904762
fig05,(c) UEs receiving a positive allocation.,PF,3.75,4.914010989010989
fig05,(c) UEs receiving a positive allocation.,PF,3.85,5.135565476190476
fig05,(c) UEs receiving a positive allocation.,PF,3.95,5.300316434044883
fig05,(c) UEs receiving a positive allocation.,PF,4.05,5.385237068965517
fig05,(c) UEs receiving a positive allocation.,PF,4.15,5.469451812555261
fig05,(c) UEs receiving a positive allocation.,PF,4.25,5.262065195786126
fig05,(c) UEs receiving a positive allocation.,PF,4.3500000000000005,5.331665695161906
fig05,(c) UEs receiving a positive allocation.,PF,4.45,5.047574159457468
fig05,(c) UEs receiving a positive allocation.,PF,4.55,5.013581465881774
fig05,(c) UEs receiving a positive allocation.,PF,4.65,4.938675098840576
fig05,(c) UEs receiving a positive allocation.,PF,4.75,5.075010224288605
fig05,(c) UEs receiving a positive allocation.,PF,4.8500000000000005,5.181553106693555
fig05,(c) UEs receiving a positive allocation.,PF,4.95,5.100257667169433
fig05,(c) UEs receiving a positive allocation.,PF,5.050000000000001,5.087974117385882
fig05,(c) UEs receiving a positive allocation.,PF,5.15,5.319598049009813
fig05,(c) UEs receiving a positive allocation.,PF,5.25,5.586754911754912
fig05,(c) UEs receiving a positive allocation.,PF,5.3500000000000005,5.585612535612536
fig05,(c) UEs receiving a positive allocation.,PF,5.45,5.428491744756805
fig05,(c) UEs receiving a positive allocation.,PF,5.550000000000001,5.253913685685075
fig05,(c) UEs receiving a positive allocation.,PF,5.65,5.158749076631577
fig05,(c) UEs receiving a positive allocation.,PF,5.75,5.059026241629598
fig05,(c) UEs receiving a positive allocation.,PF,5.8500000000000005,4.95119689329392
fig05,(c) UEs receiving a positive allocation.,PF,5.95,4.968120761606677
fig05,(c) UEs receiving a positive allocation.,PF,6.050000000000001,5.045617706747844
fig05,(c) UEs receiving a positive allocation.,PF,6.15,5.299467061720795
fig05,(c) UEs receiving a positive allocation.,PF,6.25,5.486010777567789
fig05,(c) UEs receiving a positive allocation.,PF,6.3500000000000005,5.194983655380409
fig05,(c) UEs receiving a positive allocation.,PF,6.45,5.072500041148199
fig05,(c) UEs receiving a positive allocation.,PF,6.550000000000001,4.820343875502008
fig05,(c) UEs receiving a positive allocation.,PF,6.65,4.956571956141397
fig05,(c) UEs receiving a positive allocation.,PF,6.75,4.793589232564162
fig05,(c) UEs receiving a positive allocation.,PF,6.8500000000000005,5.026829887491563
fig05,(c) UEs receiving a positive allocation.,PF,6.95,5.031255330035818
fig05,(c) UEs receiving a positive allocation.,PF,7.050000000000001,5.256604506604506
fig05,(c) UEs receiving a positive allocation.,PF,7.15,4.983965752953094
fig05,(c) UEs receiving a positive allocation.,PF,7.25,5.08881423780158
fig05,(c) UEs receiving a positive allocation.,PF,7.35,4.74937589836324
fig05,(c) UEs receiving a positive allocation.,PF,7.45,4.688681318681319
fig05,(c) UEs receiving a positive allocation.,PF,7.550000000000001,4.483593599383073
fig05,(c) UEs receiving a positive allocation.,PF,7.65,4.813078460513505
fig05,(c) UEs receiving a positive allocation.,PF,7.75,5.146839144274187
fig05,(c) UEs receiving a positive allocation.,PF,7.85,5.357588239233809
fig05,(c) UEs receiving a positive allocation.,PF,7.95,5.365769776745387
fig05,(c) UEs receiving a positive allocation.,PF,8.05,5.076880887856498
fig05,(c) UEs receiving a positive allocation.,PF,8.15,5.076219512195123
fig05,(c) UEs receiving a positive allocation.,PF,8.25,4.92457805907173
fig05,(c) UEs receiving a positive allocation.,PF,8.35,4.957523795505838
fig05,(c) UEs receiving a positive allocation.,PF,8.450000000000001,4.948465824491346
fig05,(c) UEs receiving a positive allocation.,PF,8.55,4.955554432086282
fig05,(c) UEs receiving a positive allocation.,PF,8.65,4.986562184024267
fig05,(c) UEs receiving a positive allocation.,PF,8.75,5.00214625945643
fig05,(c) UEs receiving a positive allocation.,PF,8.85,5.070011427995756
fig05,(c) UEs receiving a positive allocation.,PF,8.950000000000001,4.997816181381904
fig05,(c) UEs receiving a positive allocation.,PF,9.05,4.94221600289016
fig05,(c) UEs receiving a positive allocation.,PF,9.15,4.877207977207977
fig05,(c) UEs receiving a positive allocation.,PF,9.25,4.882872415862106
fig05,(c) UEs receiving a positive allocation.,PF,9.35,5.1759941089838
fig05,(c) UEs receiving a positive allocation.,PF,9.45,5.661342094331785
fig05,(c) UEs receiving a positive allocation.,PF,9.55,5.788405010627232
fig05,(c) UEs receiving a positive allocation.,PF,9.65,5.59189260284722
fig05,(c) UEs receiving a positive allocation.,PF,9.75,5.017020807975425
fig05,(c) UEs receiving a positive allocation.,PF,9.85,4.959608381999313
fig05,(c) UEs receiving a positive allocation.,PF,9.95,4.816239837398374
fig05,(c) UEs receiving a positive allocation.,PF,10.05,4.969866211024748
fig05,(c) UEs receiving a positive allocation.,PF,10.15,5.050228937728938
fig05,(c) UEs receiving a positive allocation.,PF,10.25,5.08478776125835
fig05,(c) UEs receiving a positive allocation.,PF,10.35,5.149757878860046
fig05,(c) UEs receiving a positive allocation.,PF,10.45,5.007877536979705
fig05,(c) UEs receiving a positive allocation.,PF,10.55,4.991643086210149
fig05,(c) UEs receiving a positive allocation.,PF,10.65,4.865546594982079
fig05,(c) UEs receiving a positive allocation.,PF,10.75,5.037074372759857
fig05,(c) UEs receiving a positive allocation.,PF,10.85,5.033061594202898
fig05,(c) UEs receiving a positive allocation.,PF,10.95,5.0499266735679775
fig05,(c) UEs receiving a positive allocation.,PF,11.05,5.1228433402346445
fig05,(c) UEs receiving a positive allocation.,PF,11.15,5.344920634920634
fig05,(c) UEs receiving a positive allocation.,PF,11.25,5.338987898789879
fig05,(c) UEs receiving a positive allocation.,PF,11.35,5.055299955527468
fig05,(c) UEs receiving a positive allocation.,PF,11.45,4.942341802569314
fig05,(c) UEs receiving a positive allocation.,PF,11.55,4.941933514317809
fig05,(c) UEs receiving a positive allocation.,PF,11.65,5.181761808457413
fig05,(c) UEs receiving a positive allocation.,PF,11.75,5.006437133132739
fig05,(c) UEs receiving a positive allocation.,PF,11.85,5.449038078149921
fig05,(c) UEs receiving a positive allocation.,PF,11.95,5.401988636363637
fig05,(c) UEs receiving a positive allocation.,PF,12.05,5.601382575757576
fig05,(c) UEs receiving a positive allocation.,PF,12.15,5.398528138528138
fig05,(c) UEs receiving a positive allocation.,PF,12.25,5.346299974535268
fig05,(c) UEs receiving a positive allocation.,PF,12.35,5.2316900454572535
fig05,(c) UEs receiving a positive allocation.,PF,12.45,5.060811374578583
fig05,(c) UEs receiving a positive allocation.,PF,12.55,4.85643089898409
fig05,(c) UEs receiving a positive allocation.,PF,12.65,4.9488186058398815
fig05,(c) UEs receiving a positive allocation.,PF,12.75,5.208208765230041
fig05,(c) UEs receiving a positive allocation.,PF,12.85,5.535401292474464
fig05,(c) UEs receiving a positive allocation.,PF,12.95,5.377168969242139
fig05,(c) UEs receiving a positive allocation.,PF,13.05,4.992553584626755
fig05,(c) UEs receiving a positive allocation.,PF,13.15,5.041767676767677
fig05,(c) UEs receiving a positive allocation.,PF,13.25,5.394320987654321
fig05,(c) UEs receiving a positive allocation.,PF,13.35,5.51789822342668
fig05,(c) UEs receiving a positive allocation.,PF,13.45,5.515524486052942
fig05,(c) UEs receiving a positive allocation.,PF,13.55,5.348683936583284
fig05,(c) UEs receiving a positive allocation.,PF,13.65,5.429454526897882
fig05,(c) UEs receiving a positive allocation.,PF,13.75,5.118848466291822
fig05,(c) UEs receiving a positive allocation.,PF,13.85,5.050958671382012
fig05,(c) UEs receiving a positive allocation.,PF,13.95,5.091572085605134
fig05,(c) UEs receiving a positive allocation.,PF,14.05,5.171543144508777
fig05,(c) UEs receiving a positive allocation.,PF,14.15,5.121684302000207
fig05,(c) UEs receiving a positive allocation.,PF,14.25,5.058945283912351
fig05,(c) UEs receiving a positive allocation.,PF,14.35,5.160068879417969
fig05,(c) UEs receiving a positive allocation.,PF,14.45,5.148922937237544
fig05,(c) UEs receiving a positive allocation.,PF,14.55,4.9863588346734415
fig05,(c) UEs receiving a positive allocation.,PF,14.65,5.116104060548505
fig05,(c) UEs receiving a positive allocation.,PF,14.75,5.107446051890496
fig05,(c) UEs receiving a positive allocation.,PF,14.85,5.273176060086258
fig05,(c) UEs receiving a positive allocation.,PF,14.95,5.041000732303695
fig05,(c) UEs receiving a positive allocation.,PF,15.05,5.2368245163627725
fig05,(c) UEs receiving a positive allocation.,PF,15.15,5.135419072491576
fig05,(c) UEs receiving a positive allocation.,PF,15.25,5.473613790662644
fig05,(c) UEs receiving a positive allocation.,PF,15.35,5.813047341860901
fig05,(c) UEs receiving a positive allocation.,PF,15.45,5.945489778651164
fig05,(c) UEs receiving a positive allocation.,PF,15.55,5.805918695980808
fig05,(c) UEs receiving a positive allocation.,PF,15.65,5.222080312142424
fig05,(c) UEs receiving a positive allocation.,PF,15.75,5.097321858036144
fig05,(c) UEs receiving a positive allocation.,PF,15.85,4.789691589433857
fig05,(c) UEs receiving a positive allocation.,PF,15.95,4.833900343642612
fig05,(c) UEs receiving a positive allocation.,PF,16.05,5.073450608192876
fig05,(c) UEs receiving a positive allocation.,PF,16.150000000000002,5.328054538054538
fig05,(c) UEs receiving a positive allocation.,PF,16.25,5.546601546601546
fig05,(c) UEs receiving a positive allocation.,PF,16.35,5.240899018676797
fig05,(c) UEs receiving a positive allocation.,PF,16.45,5.15390268168046
fig05,(c) UEs receiving a positive allocation.,PF,16.55,5.034966062743841
fig05,(c) UEs receiving a positive allocation.,PF,16.650000000000002,5.049603174603175
fig05,(c) UEs receiving a positive allocation.,PF,16.75,5.07900432900433
fig05,(c) UEs receiving a positive allocation.,PF,16.85,4.949556541019956
fig05,(c) UEs receiving a positive allocation.,PF,16.95,4.9322120434123
fig05,(c) UEs receiving a positive allocation.,PF,17.05,4.879636285836543
fig05,(c) UEs receiving a positive allocation.,PF,17.150000000000002,4.927165991902834
fig05,(c) UEs receiving a positive allocation.,PF,17.25,5.168208739617191
fig05,(c) UEs receiving a positive allocation.,PF,17.35,5.183306778832876
fig05,(c) UEs receiving a positive allocation.,PF,17.45,5.266419068841718
fig05,(c) UEs receiving a positive allocation.,PF,17.55,5.093332355792338
fig05,(c) UEs receiving a positive allocation.,PF,17.650000000000002,4.964143407485742
fig05,(c) UEs receiving a positive allocation.,PF,17.75,5.00000547645126
fig05,(c) UEs receiving a positive allocation.,PF,17.85,4.928290043290043
fig05,(c) UEs receiving a positive allocation.,PF,17.95,5.160940623162845
fig05,(c) UEs receiving a positive allocation.,PF,18.05,5.108759553203996
fig05,(c) UEs receiving a positive allocation.,PF,18.15,5.276036720481165
fig05,(c) UEs receiving a positive allocation.,PF,18.25,5.099216180134055
fig05,(c) UEs receiving a positive allocation.,PF,18.35,4.835841694537346
fig05,(c) UEs receiving a positive allocation.,PF,18.45,4.708607817303469
fig05,(c) UEs receiving a positive allocation.,PF,18.55,4.71842208492694
fig05,(c) UEs receiving a positive allocation.,PF,18.65,5.0749035664084206
fig05,(c) UEs receiving a positive allocation.,PF,18.75,5.015812657317512
fig05,(c) UEs receiving a positive allocation.,PF,18.85,4.97739651416122
fig05,(c) UEs receiving a positive allocation.,PF,18.95,4.757667169431875
fig05,(c) UEs receiving a positive allocation.,PF,19.05,4.768778280542986
fig05,(c) UEs receiving a positive allocation.,PF,19.15,4.999819429396894
fig05,(c) UEs receiving a positive allocation.,PF,19.25,5.12152139892495
fig05,(c) UEs receiving a positive allocation.,PF,19.35,5.191569708103695
fig05,(c) UEs receiving a positive allocation.,PF,19.450000000000003,5.268317230273753
fig05,(c) UEs receiving a positive allocation.,PF,19.55,5.239837284200277
fig05,(c) UEs receiving a positive allocation.,PF,19.65,5.3551690919805965
fig05,(c) UEs receiving a positive allocation.,PF,19.75,5.2328145946261
fig05,(c) UEs receiving a positive allocation.,PF,19.85,5.42061821219716
fig05,(c) UEs receiving a positive allocation.,PF,19.950000000000003,5.275467980295566
fig05,(c) UEs receiving a positive allocation.,PF,20.05,5.187174329501915
fig05,(c) UEs receiving a positive allocation.,PF,20.15,5.126639870992774
fig05,(c) UEs receiving a positive allocation.,PF,20.25,5.336770736296053
fig05,(c) UEs receiving a positive allocation.,PF,20.35,5.298715180740497
fig05,(c) UEs receiving a positive allocation.,PF,20.450000000000003,5.252841370515789
fig05,(c) UEs receiving a positive allocation.,PF,20.55,5.184618454191607
fig05,(c) UEs receiving a positive allocation.,PF,20.65,5.406205755778909
fig05,(c) UEs receiving a positive allocation.,PF,20.75,5.228935863593218
fig05,(c) UEs receiving a positive allocation.,PF,20.85,5.182522361483514
fig05,(c) UEs receiving a positive allocation.,PF,20.950000000000003,5.107601726562879
fig05,(c) UEs receiving a positive allocation.,PF,21.05,5.26239099859353
fig05,(c) UEs receiving a positive allocation.,PF,21.15,5.291597222222222
fig05,(c) UEs receiving a positive allocation.,PF,21.25,5.451403985507246
fig05,(c) UEs receiving a positive allocation.,PF,21.35,5.4253877253446445
fig05,(c) UEs receiving a positive allocation.,PF,21.450000000000003,5.4342922952371175
fig05,(c) UEs receiving a positive allocation.,PF,21.55,5.006152198618761
fig05,(c) UEs receiving a positive allocation.,PF,21.65,5.060739887352791
fig05,(c) UEs receiving a positive allocation.,PF,21.75,5.015989729225023
fig05,(c) UEs receiving a positive allocation.,PF,21.85,5.195434173669468
fig05,(c) UEs receiving a positive allocation.,PF,21.950000000000003,5.187317290552585
fig05,(c) UEs receiving a positive allocation.,PF,22.05,5.181888237210818
fig05,(c) UEs receiving a positive allocation.,PF,22.15,5.030723578576279
fig05,(c) UEs receiving a positive allocation.,PF,22.25,4.923994523317813
fig05,(c) UEs receiving a positive allocation.,PF,22.35,4.859557168557878
fig05,(c) UEs receiving a positive allocation.,PF,22.450000000000003,5.103620377917053
fig05,(c) UEs receiving a positive allocation.,PF,22.55,5.217124934669331
fig05,(c) UEs receiving a positive allocation.,PF,22.65,5.385875724109776
fig05,(c) UEs receiving a positive allocation.,PF,22.75,5.239374479782445
fig05,(c) UEs receiving a positive allocation.,PF,22.85,5.215436613904047
fig05,(c) UEs receiving a positive allocation.,PF,22.950000000000003,5.087798940203584
fig05,(c) UEs receiving a positive allocation.,PF,23.05,5.093682335560662
fig05,(c) UEs receiving a positive allocation.,PF,23.15,5.182638216506208
fig05,(c) UEs receiving a positive allocation.,PF,23.25,5.152843370511463
fig05,(c) UEs receiving a positive allocation.,PF,23.35,5.177559005753413
fig05,(c) UEs receiving a positive allocation.,PF,23.450000000000003,5.023030241983524
fig05,(c) UEs receiving a positive allocation.,PF,23.55,5.105875055531807
fig05,(c) UEs receiving a positive allocation.,PF,23.65,5.383693533350285
fig05,(c) UEs receiving a positive allocation.,PF,23.75,5.414601686085061
fig05,(c) UEs receiving a positive allocation.,PF,23.85,5.471705176593328
fig05,(c) UEs receiving a positive allocation.,PF,23.950000000000003,5.316349821237973
fig05,(c) UEs receiving a positive allocation.,PF,24.05,5.422469845005057
fig05,(c) UEs receiving a positive allocation.,PF,24.15,5.183397872718261
fig05,(c) UEs receiving a positive allocation.,PF,24.25,5.047467825023507
fig05,(c) UEs receiving a positive allocation.,PF,24.35,5.000070777626459
fig05,(c) UEs receiving a positive allocation.,PF,24.450000000000003,5.1562852445205385
fig05,(c) UEs receiving a positive allocation.,PF,24.55,5.125348425348425
fig05,(c) UEs receiving a positive allocation.,PF,24.65,5.334361634361635
fig05,(c) UEs receiving a positive allocation.,PF,24.75,5.41687893427024
fig05,(c) UEs receiving a positive allocation.,PF,24.85,5.699165568730787
fig05,(c) UEs receiving a positive allocation.,PF,24.950000000000003,5.4479871175523344
fig05,(c) UEs receiving a positive allocation.,PF,25.05,5.3011496835561545
fig05,(c) UEs receiving a positive allocation.,PF,25.15,5.056236786469345
fig05,(c) UEs receiving a positive allocation.,PF,25.25,4.99625485331668
fig05,(c) UEs receiving a positive allocation.,PF,25.35,5.1973918042210725
fig05,(c) UEs receiving a positive allocation.,PF,25.450000000000003,5.26579945799458
fig05,(c) UEs receiving a positive allocation.,PF,25.55,5.327569386038689
fig05,(c) UEs receiving a positive allocation.,PF,25.65,5.100365478834781
fig05,(c) UEs receiving a positive allocation.,PF,25.75,4.962064755168203
fig05,(c) UEs receiving a positive allocation.,PF,25.85,5.0724460724460725
fig05,(c) UEs receiving a positive allocation.,PF,25.950000000000003,5.108682237714496
fig05,(c) UEs receiving a positive allocation.,PF,26.05,5.37305342208568
fig05,(c) UEs receiving a positive allocation.,PF,26.15,5.209032258064516
fig05,(c) UEs receiving a positive allocation.,PF,26.25,5.087407407407408
fig05,(c) UEs receiving a positive allocation.,PF,26.35,4.821296296296296
fig05,(c) UEs receiving a positive allocation.,PF,26.450000000000003,4.7899237472766885
fig05,(c) UEs receiving a positive allocation.,PF,26.55,4.907232893157263
fig05,(c) UEs receiving a positive allocation.,PF,26.65,4.906475317399687
fig05,(c) UEs receiving a positive allocation.,PF,26.75,5.048958977530405
fig05,(c) UEs receiving a positive allocation.,PF,26.85,5.049537932516656
fig05,(c) UEs receiving a positive allocation.,PF,26.950000000000003,5.096310001027855
fig05,(c) UEs receiving a positive allocation.,PF,27.05,5.202370607088461
fig05,(c) UEs receiving a positive allocation.,PF,27.15,5.352569771569176
fig05,(c) UEs receiving a positive allocation.,PF,27.25,5.4499313471916215
fig05,(c) UEs receiving a positive allocation.,PF,27.35,5.360666606764089
fig05,(c) UEs receiving a positive allocation.,PF,27.450000000000003,5.08635396710607
fig05,(c) UEs receiving a positive allocation.,PF,27.55,5.025070097311562
fig05,(c) UEs receiving a positive allocation.,PF,27.65,5.10481339379142
fig05,(c) UEs receiving a positive allocation.,PF,27.75,5.130531945489814
fig05,(c) UEs receiving a positive allocation.,PF,27.85,5.196699820168328
fig05,(c) UEs receiving a positive allocation.,PF,27.950000000000003,4.972709677663239
fig05,(c) UEs receiving a positive allocation.,PF,28.05,4.912139059197883
fig05,(c) UEs receiving a positive allocation.,PF,28.15,4.798380543570208
fig05,(c) UEs receiving a positive allocation.,PF,28.25,4.894889189222562
fig05,(c) UEs receiving a positive allocation.,PF,28.35,5.2063370006703735
fig05,(c) UEs receiving a positive allocation.,PF,28.450000000000003,5.234640321086755
fig05,(c) UEs receiving a positive allocation.,PF,28.55,5.054069938289744
fig05,(c) UEs receiving a positive allocation.,PF,28.65,5.0103806179013946
fig05,(c) UEs receiving a positive allocation.,PF,28.75,5.152878770155644
fig05,(c) UEs receiving a positive allocation.,PF,28.85,5.351319592267622
fig05,(c) UEs receiving a positive allocation.,PF,28.950000000000003,5.258993586985473
fig05,(c) UEs receiving a positive allocation.,PF,29.05,5.181322135629812
fig05,(c) UEs receiving a positive allocation.,PF,29.15,5.0350901488592
fig05,(c) UEs receiving a positive allocation.,PF,29.25,5.282919820521259
fig05,(c) UEs receiving a positive allocation.,PF,29.35,5.222256113059834
fig05,(c) UEs receiving a positive allocation.,PF,29.450000000000003,5.537938596078328
fig05,(c) UEs receiving a positive allocation.,PF,29.55,5.614720741314837
fig05,(c) UEs receiving a positive allocation.,PF,29.65,5.802240049316072
fig05,(c) UEs receiving a positive allocation.,PF,29.75,5.755680569940057
fig05,(c) UEs receiving a positive allocation.,PF,29.85,5.517300528928435
fig05,(c) UEs receiving a positive allocation.,PF,29.950000000000003,5.386006120525594
fig05,(c) UEs receiving a positive allocation.,PF,30.05,5.101102823994389
fig05,(c) UEs receiving a positive allocation.,PF,30.15,5.086260523437804
fig05,(c) UEs receiving a positive allocation.,PF,30.25,5.313261550803079
fig05,(c) UEs receiving a positive allocation.,PF,30.35,5.565851922164214
fig05,(c) UEs receiving a positive allocation.,MR,0.45,3.922817775758952
fig05,(c) UEs receiving a positive allocation.,MR,0.55,3.7964984002135695
fig05,(c) UEs receiving a positive allocation.,MR,0.65,3.745024599684184
fig05,(c) UEs receiving a positive allocation.,MR,0.75,3.756627111286696
fig05,(c) UEs receiving a positive allocation.,MR,0.8500000000000001,3.809574795813328
fig05,(c) UEs receiving a positive allocation.,MR,0.95,3.730446355446355
fig05,(c) UEs receiving a positive allocation.,MR,1.05,3.658941836573416
fig05,(c) UEs receiving a positive allocation.,MR,1.15,3.66629781640646
fig05,(c) UEs receiving a positive allocation.,MR,1.25,3.73177400688265
fig05,(c) UEs receiving a positive allocation.,MR,1.35,3.7802806902577535
fig05,(c) UEs receiving a positive allocation.,MR,1.4500000000000002,3.793945731445731
fig05,(c) UEs receiving a positive allocation.,MR,1.55,3.784400471900472
fig05,(c) UEs receiving a positive allocation.,MR,1.65,3.785574565391079
fig05,(c) UEs receiving a positive allocation.,MR,1.75,3.8389612854444657
fig05,(c) UEs receiving a positive allocation.,MR,1.85,3.81279225927544
fig05,(c) UEs receiving a positive allocation.,MR,1.95,3.701909627196984
fig05,(c) UEs receiving a positive allocation.,MR,2.0500000000000003,3.590369101163704
fig05,(c) UEs receiving a positive allocation.,MR,2.15,3.598520109314712
fig05,(c) UEs receiving a positive allocation.,MR,2.25,3.674341847568392
fig05,(c) UEs receiving a positive allocation.,MR,2.35,3.76119101557698
fig05,(c) UEs receiving a positive allocation.,MR,2.45,3.73815905504502
fig05,(c) UEs receiving a positive allocation.,MR,2.5500000000000003,3.75790236612508
fig05,(c) UEs receiving a positive allocation.,MR,2.6500000000000004,3.728497203386584
fig05,(c) UEs receiving a positive allocation.,MR,2.75,3.763541175930557
fig05,(c) UEs receiving a positive allocation.,MR,2.85,3.768058968058968
fig05,(c) UEs receiving a positive allocation.,MR,2.95,3.774119574119574
fig05,(c) UEs receiving a positive allocation.,MR,3.0500000000000003,3.774789887289888
fig05,(c) UEs receiving a positive allocation.,MR,3.1500000000000004,3.7862012987012985
fig05,(c) UEs receiving a positive allocation.,MR,3.25,3.725
fig05,(c) UEs receiving a positive allocation.,MR,3.35,3.544662214479287
fig05,(c) UEs receiving a positive allocation.,MR,3.45,3.3760347634988954
fig05,(c) UEs receiving a positive allocation.,MR,3.5500000000000003,3.3133821383462703
fig05,(c) UEs receiving a positive allocation.,MR,3.65,3.349545450799067
fig05,(c) UEs receiving a positive allocation.,MR,3.75,3.516387187493745
fig05,(c) UEs receiving a positive allocation.,MR,3.85,3.5220851931917507
fig05,(c) UEs receiving a positive allocation.,MR,3.95,3.5361826354473416
fig05,(c) UEs receiving a positive allocation.,MR,4.05,3.3539463111655627
fig05,(c) UEs receiving a positive allocation.,MR,4.15,3.28649616871542
fig05,(c) UEs receiving a positive allocation.,MR,4.25,3.18431129476584
fig05,(c) UEs receiving a positive allocation.,MR,4.3500000000000005,3.1477371273712738
fig05,(c) UEs receiving a positive allocation.,MR,4.45,3.149872113597169
fig05,(c) UEs receiving a positive allocation.,MR,4.55,3.2257695494946046
fig05,(c) UEs receiving a positive allocation.,MR,4.65,3.299357208448117
fig05,(c) UEs receiving a positive allocation.,MR,4.75,3.3213957759412303
fig05,(c) UEs receiving a positive allocation.,MR,4.8500000000000005,3.3224731299597607
fig05,(c) UEs receiving a positive allocation.,MR,4.95,3.271685533717619
fig05,(c) UEs receiving a positive allocation.,MR,5.050000000000001,3.2763371166106325
fig05,(c) UEs receiving a positive allocation.,MR,5.15,3.254616563982802
fig05,(c) UEs receiving a positive allocation.,MR,5.25,3.243123089747152
fig05,(c) UEs receiving a positive allocation.,MR,5.3500000000000005,3.173964619801797
fig05,(c) UEs receiving a positive allocation.,MR,5.45,3.151183500793231
fig05,(c) UEs receiving a positive allocation.,MR,5.550000000000001,3.1984896472051894
fig05,(c) UEs receiving a positive allocation.,MR,5.65,3.208796525512068
fig05,(c) UEs receiving a positive allocation.,MR,5.75,3.218527263981809
fig05,(c) UEs receiving a positive allocation.,MR,5.8500000000000005,3.2295465477283662
fig05,(c) UEs receiving a positive allocation.,MR,5.95,3.224573002754821
fig05,(c) UEs receiving a positive allocation.,MR,6.050000000000001,3.329615522817104
fig05,(c) UEs receiving a positive allocation.,MR,6.15,3.2539130434782613
fig05,(c) UEs receiving a positive allocation.,MR,6.25,3.3539690658872243
fig05,(c) UEs receiving a positive allocation.,MR,6.3500000000000005,3.53669937905232
fig05,(c) UEs receiving a positive allocation.,MR,6.45,3.635968785445014
fig05,(c) UEs receiving a positive allocation.,MR,6.550000000000001,3.709749241023472
fig05,(c) UEs receiving a positive allocation.,MR,6.65,3.5614392177134486
fig05,(c) UEs receiving a positive allocation.,MR,6.75,3.630503144654088
fig05,(c) UEs receiving a positive allocation.,MR,6.8500000000000005,3.625
fig05,(c) UEs receiving a positive allocation.,MR,6.95,3.714679911699779
fig05,(c) UEs receiving a positive allocation.,MR,7.050000000000001,3.792671364691232
fig05,(c) UEs receiving a positive allocation.,MR,7.15,3.8530880313578986
fig05,(c) UEs receiving a positive allocation.,MR,7.25,3.8175747863247858
fig05,(c) UEs receiving a positive allocation.,MR,7.35,3.8
fig05,(c) UEs receiving a positive allocation.,MR,7.45,3.7900491718426497
fig05,(c) UEs receiving a positive allocation.,MR,7.550000000000001,3.800085859473677
fig05,(c) UEs receiving a positive allocation.,MR,7.65,3.793835859473677
fig05,(c) UEs receiving a positive allocation.,MR,7.75,3.803786687631027
fig05,(c) UEs receiving a positive allocation.,MR,7.85,3.79375
fig05,(c) UEs receiving a positive allocation.,MR,7.95,3.7941899585921326
fig05,(c) UEs receiving a positive allocation.,MR,8.05,3.790023291925465
fig05,(c) UEs receiving a positive allocation.,MR,8.15,3.800059979556493
fig05,(c) UEs receiving a positive allocation.,MR,8.25,3.799620020964361
fig05,(c) UEs receiving a positive allocation.,MR,8.35,3.803786687631027
fig05,(c) UEs receiving a positive allocation.,MR,8.450000000000001,3.79004917184265
fig05,(c) UEs receiving a positive allocation.,MR,8.55,3.794215838509317
fig05,(c) UEs receiving a positive allocation.,MR,8.65,3.7938096540229433
fig05,(c) UEs receiving a positive allocation.,MR,8.75,3.803760482180293
fig05,(c) UEs receiving a positive allocation.,MR,8.85,3.799593815513626
fig05,(c) UEs receiving a positive allocation.,MR,8.950000000000001,3.7941899585921326
fig05,(c) UEs receiving a positive allocation.,MR,9.05,3.790023291925465
fig05,(c) UEs receiving a positive allocation.,MR,9.15,3.800059979556493
fig05,(c) UEs receiving a positive allocation.,MR,9.25,3.799620020964361
fig05,(c) UEs receiving a positive allocation.,MR,9.35,3.803786687631027
fig05,(c) UEs receiving a positive allocation.,MR,9.45,3.79004917184265
fig05,(c) UEs receiving a positive allocation.,MR,9.55,3.794215838509317
fig05,(c) UEs receiving a positive allocation.,MR,9.65,3.7938096540229433
fig05,(c) UEs receiving a positive allocation.,MR,9.75,3.803760482180293
fig05,(c) UEs receiving a positive allocation.,MR,9.85,3.799593815513626
fig05,(c) UEs receiving a positive allocation.,MR,9.95,3.7941899585921326
fig05,(c) UEs receiving a positive allocation.,MR,10.05,3.790023291925465
fig05,(c) UEs receiving a positive allocation.,MR,10.15,3.800059979556493
fig05,(c) UEs receiving a positive allocation.,MR,10.25,3.799620020964361
fig05,(c) UEs receiving a positive allocation.,MR,10.35,3.803786687631027
fig05,(c) UEs receiving a positive allocation.,MR,10.45,3.79004917184265
fig05,(c) UEs receiving a positive allocation.,MR,10.55,3.794215838509317
fig05,(c) UEs receiving a positive allocation.,MR,10.65,3.7938096540229433
fig05,(c) UEs receiving a positive allocation.,MR,10.75,3.803760482180293
fig05,(c) UEs receiving a positive allocation.,MR,10.85,3.799593815513626
fig05,(c) UEs receiving a positive allocation.,MR,10.95,3.7941899585921326
fig05,(c) UEs receiving a positive allocation.,MR,11.05,3.790023291925465
fig05,(c) UEs receiving a positive allocation.,MR,11.15,3.800059979556493
fig05,(c) UEs receiving a positive allocation.,MR,11.25,3.799620020964361
fig05,(c) UEs receiving a positive allocation.,MR,11.35,3.803786687631027
fig05,(c) UEs receiving a positive allocation.,MR,11.45,3.79004917184265
fig05,(c) UEs receiving a positive allocation.,MR,11.55,3.794215838509317
fig05,(c) UEs receiving a positive allocation.,MR,11.65,3.7938096540229433
fig05,(c) UEs receiving a positive allocation.,MR,11.75,3.803760482180293
fig05,(c) UEs receiving a positive allocation.,MR,11.85,3.799593815513626
fig05,(c) UEs receiving a positive allocation.,MR,11.95,3.7941899585921326
fig05,(c) UEs receiving a positive allocation.,MR,12.05,3.790023291925465
fig05,(c) UEs receiving a positive allocation.,MR,12.15,3.800059979556493
fig05,(c) UEs receiving a positive allocation.,MR,12.25,3.799620020964361
fig05,(c) UEs receiving a positive allocation.,MR,12.35,3.864203354297693
fig05,(c) UEs receiving a positive allocation.,MR,12.45,3.925
fig05,(c) UEs receiving a positive allocation.,MR,12.55,3.995833333333333
fig05,(c) UEs receiving a positive allocation.,MR,12.65,4.0
fig05,(c) UEs receiving a positive allocation.,MR,12.75,4.0
fig05,(c) UEs receiving a positive allocation.,MR,12.85,4.0
fig05,(c) UEs receiving a positive allocation.,MR,12.95,4.0
fig05,(c) UEs receiving a positive allocation.,MR,13.05,4.0
fig05,(c) UEs receiving a positive allocation.,MR,13.15,4.0
fig05,(c) UEs receiving a positive allocation.,MR,13.25,4.0
fig05,(c) UEs receiving a positive allocation.,MR,13.35,4.0
fig05,(c) UEs receiving a positive allocation.,MR,13.45,4.0
fig05,(c) UEs receiving a positive allocation.,MR,13.55,4.0
fig05,(c) UEs receiving a positive allocation.,MR,13.65,4.0
fig05,(c) UEs receiving a positive allocation.,MR,13.75,4.0
fig05,(c) UEs receiving a positive allocation.,MR,13.85,4.0
fig05,(c) UEs receiving a positive allocation.,MR,13.95,4.0
fig05,(c) UEs receiving a positive allocation.,MR,14.05,4.0
fig05,(c) UEs receiving a positive allocation.,MR,14.15,4.0
fig05,(c) UEs receiving a positive allocation.,MR,14.25,4.0
fig05,(c) UEs receiving a positive allocation.,MR,14.35,4.0
fig05,(c) UEs receiving a positive allocation.,MR,14.45,4.0
fig05,(c) UEs receiving a positive allocation.,MR,14.55,4.0
fig05,(c) UEs receiving a positive allocation.,MR,14.65,4.0
fig05,(c) UEs receiving a positive allocation.,MR,14.75,4.0
fig05,(c) UEs receiving a positive allocation.,MR,14.85,4.0
fig05,(c) UEs receiving a positive allocation.,MR,14.95,4.0
fig05,(c) UEs receiving a positive allocation.,MR,15.05,4.0
fig05,(c) UEs receiving a positive allocation.,MR,15.15,4.0
fig05,(c) UEs receiving a positive allocation.,MR,15.25,4.0
fig05,(c) UEs receiving a positive allocation.,MR,15.35,4.0
fig05,(c) UEs receiving a positive allocation.,MR,15.45,4.0
fig05,(c) UEs receiving a positive allocation.,MR,15.55,4.0
fig05,(c) UEs receiving a positive allocation.,MR,15.65,4.0
fig05,(c) UEs receiving a positive allocation.,MR,15.75,4.0
fig05,(c) UEs receiving a positive allocation.,MR,15.85,4.0
fig05,(c) UEs receiving a positive allocation.,MR,15.95,4.0
fig05,(c) UEs receiving a positive allocation.,MR,16.05,4.0
fig05,(c) UEs receiving a positive allocation.,MR,16.150000000000002,4.0
fig05,(c) UEs receiving a positive allocation.,MR,16.25,4.0
fig05,(c) UEs receiving a positive allocation.,MR,16.35,4.0
fig05,(c) UEs receiving a positive allocation.,MR,16.45,4.0
fig05,(c) UEs receiving a positive allocation.,MR,16.55,4.0
fig05,(c) UEs receiving a positive allocation.,MR,16.650000000000002,4.0
fig05,(c) UEs receiving a positive allocation.,MR,16.75,4.0
fig05,(c) UEs receiving a positive allocation.,MR,16.85,4.0
fig05,(c) UEs receiving a positive allocation.,MR,16.95,4.0
fig05,(c) UEs receiving a positive allocation.,MR,17.05,4.0
fig05,(c) UEs receiving a positive allocation.,MR,17.150000000000002,4.0
fig05,(c) UEs receiving a positive allocation.,MR,17.25,4.0
fig05,(c) UEs receiving a positive allocation.,MR,17.35,4.0
fig05,(c) UEs receiving a positive allocation.,MR,17.45,4.0
fig05,(c) UEs receiving a positive allocation.,MR,17.55,4.0
fig05,(c) UEs receiving a positive allocation.,MR,17.650000000000002,4.0
fig05,(c) UEs receiving a positive allocation.,MR,17.75,4.0
fig05,(c) UEs receiving a positive allocation.,MR,17.85,4.0
fig05,(c) UEs receiving a positive allocation.,MR,17.95,4.0
fig05,(c) UEs receiving a positive allocation.,MR,18.05,4.0
fig05,(c) UEs receiving a positive allocation.,MR,18.15,4.0
fig05,(c) UEs receiving a positive allocation.,MR,18.25,4.0
fig05,(c) UEs receiving a positive allocation.,MR,18.35,4.0
fig05,(c) UEs receiving a positive allocation.,MR,18.45,4.0
fig05,(c) UEs receiving a positive allocation.,MR,18.55,4.0
fig05,(c) UEs receiving a positive allocation.,MR,18.65,4.0
fig05,(c) UEs receiving a positive allocation.,MR,18.75,4.0
fig05,(c) UEs receiving a positive allocation.,MR,18.85,4.0
fig05,(c) UEs receiving a positive allocation.,MR,18.95,4.0
fig05,(c) UEs receiving a positive allocation.,MR,19.05,4.0
fig05,(c) UEs receiving a positive allocation.,MR,19.15,4.0
fig05,(c) UEs receiving a positive allocation.,MR,19.25,4.0
fig05,(c) UEs receiving a positive allocation.,MR,19.35,4.0
fig05,(c) UEs receiving a positive allocation.,MR,19.450000000000003,4.0
fig05,(c) UEs receiving a positive allocation.,MR,19.55,4.0
fig05,(c) UEs receiving a positive allocation.,MR,19.65,4.0
fig05,(c) UEs receiving a positive allocation.,MR,19.75,4.0
fig05,(c) UEs receiving a positive allocation.,MR,19.85,4.0
fig05,(c) UEs receiving a positive allocation.,MR,19.950000000000003,4.0
fig05,(c) UEs receiving a positive allocation.,MR,20.05,4.0
fig05,(c) UEs receiving a positive allocation.,MR,20.15,4.0
fig05,(c) UEs receiving a positive allocation.,MR,20.25,4.0
fig05,(c) UEs receiving a positive allocation.,MR,20.35,4.0
fig05,(c) UEs receiving a positive allocation.,MR,20.450000000000003,4.0
fig05,(c) UEs receiving a positive allocation.,MR,20.55,4.0
fig05,(c) UEs receiving a positive allocation.,MR,20.65,4.0
fig05,(c) UEs receiving a positive allocation.,MR,20.75,4.0
fig05,(c) UEs receiving a positive allocation.,MR,20.85,4.0
fig05,(c) UEs receiving a positive allocation.,MR,20.950000000000003,4.0
fig05,(c) UEs receiving a positive allocation.,MR,21.05,4.0
fig05,(c) UEs receiving a positive allocation.,MR,21.15,4.0
fig05,(c) UEs receiving a positive allocation.,MR,21.25,4.0
fig05,(c) UEs receiving a positive allocation.,MR,21.35,4.0
fig05,(c) UEs receiving a positive allocation.,MR,21.450000000000003,4.0
fig05,(c) UEs receiving a positive allocation.,MR,21.55,4.0
fig05,(c) UEs receiving a positive allocation.,MR,21.65,4.0
fig05,(c) UEs receiving a positive allocation.,MR,21.75,4.0
fig05,(c) UEs receiving a positive allocation.,MR,21.85,4.0
fig05,(c) UEs receiving a positive allocation.,MR,21.950000000000003,4.0
fig05,(c) UEs receiving a positive allocation.,MR,22.05,4.0
fig05,(c) UEs receiving a positive allocation.,MR,22.15,4.0
fig05,(c) UEs receiving a positive allocation.,MR,22.25,4.0
fig05,(c) UEs receiving a positive allocation.,MR,22.35,4.0
fig05,(c) UEs receiving a positive allocation.,MR,22.450000000000003,4.0
fig05,(c) UEs receiving a positive allocation.,MR,22.55,4.0
fig05,(c) UEs receiving a positive allocation.,MR,22.65,4.0
fig05,(c) UEs receiving a positive allocation.,MR,22.75,4.0
fig05,(c) UEs receiving a positive allocation.,MR,22.85,4.0
fig05,(c) UEs receiving a positive allocation.,MR,22.950000000000003,4.0
fig05,(c) UEs receiving a positive allocation.,MR,23.05,4.0
fig05,(c) UEs receiving a positive allocation.,MR,23.15,4.0
fig05,(c) UEs receiving a positive allocation.,MR,23.25,4.0
fig05,(c) UEs receiving a positive allocation.,MR,23.35,4.0
fig05,(c) UEs receiving a positive allocation.,MR,23.450000000000003,4.0
fig05,(c) UEs receiving a positive allocation.,MR,23.55,4.0
fig05,(c) UEs receiving a positive allocation.,MR,23.65,4.0
fig05,(c) UEs receiving a positive allocation.,MR,23.75,4.0
fig05,(c) UEs receiving a positive allocation.,MR,23.85,4.0
fig05,(c) UEs receiving a positive allocation.,MR,23.950000000000003,4.0
fig05,(c) UEs receiving a positive allocation.,MR,24.05,4.0
fig05,(c) UEs receiving a positive allocation.,MR,24.15,4.0
fig05,(c) UEs receiving a positive allocation.,MR,24.25,4.0103519668737055
fig05,(c) UEs receiving a positive allocation.,MR,24.35,4.0103519668737055
fig05,(c) UEs receiving a positive allocation.,MR,24.450000000000003,4.0103519668737055
fig05,(c) UEs receiving a positive allocation.,MR,24.55,4.0
fig05,(c) UEs receiving a positive allocation.,MR,24.65,4.0
fig05,(c) UEs receiving a positive allocation.,MR,24.75,4.0
fig05,(c) UEs receiving a positive allocation.,MR,24.85,4.0
fig05,(c) UEs receiving a positive allocation.,MR,24.950000000000003,4.0
fig05,(c) UEs receiving a positive allocation.,MR,25.05,4.0
fig05,(c) UEs receiving a positive allocation.,MR,25.15,4.0
fig05,(c) UEs receiving a positive allocation.,MR,25.25,4.0
fig05,(c) UEs receiving a positive allocation.,MR,25.35,4.0
fig05,(c) UEs receiving a positive allocation.,MR,25.450000000000003,4.0
fig05,(c) UEs receiving a positive allocation.,MR,25.55,4.0
fig05,(c) UEs receiving a positive allocation.,MR,25.65,4.0
fig05,(c) UEs receiving a positive allocation.,MR,25.75,4.0
fig05,(c) UEs receiving a positive allocation.,MR,25.85,4.0
fig05,(c) UEs receiving a positive allocation.,MR,25.950000000000003,4.0
fig05,(c) UEs receiving a positive allocation.,MR,26.05,4.0
fig05,(c) UEs receiving a positive allocation.,MR,26.15,4.0
fig05,(c) UEs receiving a positive allocation.,MR,26.25,4.0
fig05,(c) UEs receiving a positive allocation.,MR,26.35,4.0
fig05,(c) UEs receiving a positive allocation.,MR,26.450000000000003,4.0
fig05,(c) UEs receiving a positive allocation.,MR,26.55,4.0
fig05,(c) UEs receiving a positive allocation.,MR,26.65,4.0
fig05,(c) UEs receiving a positive allocation.,MR,26.75,4.0
fig05,(c) UEs receiving a positive allocation.,MR,26.85,4.0
fig05,(c) UEs receiving a positive allocation.,MR,26.950000000000003,4.0
fig05,(c) UEs receiving a positive allocation.,MR,27.05,4.0
fig05,(c) UEs receiving a positive allocation.,MR,27.15,4.0
fig05,(c) UEs receiving a positive allocation.,MR,27.25,4.0
fig05,(c) UEs receiving a positive allocation.,MR,27.35,4.0
fig05,(c) UEs receiving a positive allocation.,MR,27.450000000000003,4.0
fig05,(c) UEs receiving a positive allocation.,MR,27.55,4.0
fig05,(c) UEs receiving a positive allocation.,MR,27.65,4.0
fig05,(c) UEs receiving a positive allocation.,MR,27.75,4.0
fig05,(c) UEs receiving a positive allocation.,MR,27.85,4.0
fig05,(c) UEs receiving a positive allocation.,MR,27.950000000000003,4.0
fig05,(c) UEs receiving a positive allocation.,MR,28.05,4.0
fig05,(c) UEs receiving a positive allocation.,MR,28.15,4.0
fig05,(c) UEs receiving a positive allocation.,MR,28.25,4.0
fig05,(c) UEs receiving a positive allocation.,MR,28.35,4.0
fig05,(c) UEs receiving a positive allocation.,MR,28.450000000000003,4.0
fig05,(c) UEs receiving a positive allocation.,MR,28.55,4.0
fig05,(c) UEs receiving a positive allocation.,MR,28.65,4.0
fig05,(c) UEs receiving a positive allocation.,MR,28.75,4.0
fig05,(c) UEs receiving a positive allocation.,MR,28.85,4.0
fig05,(c) UEs receiving a positive allocation.,MR,28.950000000000003,4.0
fig05,(c) UEs receiving a positive allocation.,MR,29.05,4.0
fig05,(c) UEs receiving a positive allocation.,MR,29.15,4.0
fig05,(c) UEs receiving a positive allocation.,MR,29.25,4.0
fig05,(c) UEs receiving a positive allocation.,MR,29.35,4.0
fig05,(c) UEs receiving a positive allocation.,MR,29.450000000000003,4.0
fig05,(c) UEs receiving a positive allocation.,MR,29.55,4.0
fig05,(c) UEs receiving a positive allocation.,MR,29.65,4.0
fig05,(c) UEs receiving a positive allocation.,MR,29.75,4.0
fig05,(c) UEs receiving a positive allocation.,MR,29.85,4.0
fig05,(c) UEs receiving a positive allocation.,MR,29.950000000000003,4.0
fig05,(c) UEs receiving a positive allocation.,MR,30.05,4.0
fig05,(c) UEs receiving a positive allocation.,MR,30.15,4.0
fig05,(c) UEs receiving a positive allocation.,MR,30.25,4.0
fig05,(c) UEs receiving a positive allocation.,MR,30.35,4.0
fig05,(c) UEs receiving a positive allocation.,IA-FMR,0.45,9.0
fig05,(c) UEs receiving a positive allocation.,IA-FMR,0.55,9.0
fig05,(c) UEs receiving a positive allocation.,IA-FMR,0.65,9.0
fig05,(c) UEs receiving a positive allocation.,IA-FMR,0.75,9.0
fig05,(c) UEs receiving a positive allocation.,IA-FMR,0.8500000000000001,9.0
fig05,(c) UEs receiving a positive allocation.,IA-FMR,0.95,9.0
fig05,(c) UEs receiving a positive allocation.,IA-FMR,1.05,9.0
fig05,(c) UEs receiving a positive allocation.,IA-FMR,1.15,9.0
fig05,(c) UEs receiving a positive allocation.,IA-FMR,1.25,9.0
fig05,(c) UEs receiving a positive allocation.,IA-FMR,1.35,9.0
fig05,(c) UEs receiving a positive allocation.,IA-FMR,1.4500000000000002,9.0
fig05,(c) UEs receiving a positive allocation.,IA-FMR,1.55,9.0
fig05,(c) UEs receiving a positive allocation.,IA-FMR,1.65,9.0
fig05,(c) UEs receiving a positive allocation.,IA-FMR,1.75,9.0
fig05,(c) UEs receiving a positive allocation.,IA-FMR,1.85,9.0
fig05,(c) UEs receiving a positive allocation.,IA-FMR,1.95,9.0
fig05,(c) UEs receiving a positive allocation.,IA-FMR,2.0500000000000003,9.0
fig05,(c) UEs receiving a positive allocation.,IA-FMR,2.15,9.0
fig05,(c) UEs receiving a positive allocation.,IA-FMR,2.25,9.0
fig05,(c) UEs receiving a positive allocation.,IA-FMR,2.35,9.0
fig05,(c) UEs receiving a positive allocation.,IA-FMR,2.45,9.0
fig05,(c) UEs receiving a positive allocation.,IA-FMR,2.5500000000000003,9.0
fig05,(c) UEs receiving a positive allocation.,IA-FMR,2.6500000000000004,9.0
fig05,(c) UEs receiving a positive allocation.,IA-FMR,2.75,9.0
fig05,(c) UEs receiving a positive allocation.,IA-FMR,2.85,9.0
fig05,(c) UEs receiving a positive allocation.,IA-FMR,2.95,9.0
fig05,(c) UEs receiving a positive allocation.,IA-FMR,3.0500000000000003,9.0
fig05,(c) UEs receiving a positive allocation.,IA-FMR,3.1500000000000004,9.0
fig05,(c) UEs receiving a positive allocation.,IA-FMR,3.25,9.0
fig05,(c) UEs receiving a positive allocation.,IA-FMR,3.35,9.0
fig05,(c) UEs receiving a positive allocation.,IA-FMR,3.45,9.0
fig05,(c) UEs receiving a positive allocation.,IA-FMR,3.5500000000000003,9.0
fig05,(c) UEs receiving a positive allocation.,IA-FMR,3.65,9.0
fig05,(c) UEs receiving a positive allocation.,IA-FMR,3.75,9.0
fig05,(c) UEs receiving a positive allocation.,IA-FMR,3.85,9.0
fig05,(c) UEs receiving a positive allocation.,IA-FMR,3.95,9.0
fig05,(c) UEs receiving a positive allocation.,IA-FMR,4.05,9.0
fig05,(c) UEs receiving a positive allocation.,IA-FMR,4.15,9.0
fig05,(c) UEs receiving a positive allocation.,IA-FMR,4.25,9.0
fig05,(c) UEs receiving a positive allocation.,IA-FMR,4.3500000000000005,9.0
fig05,(c) UEs receiving a positive allocation.,IA-FMR,4.45,9.0
fig05,(c) UEs receiving a positive allocation.,IA-FMR,4.55,9.0
fig05,(c) UEs receiving a positive allocation.,IA-FMR,4.65,9.0
fig05,(c) UEs receiving a positive allocation.,IA-FMR,4.75,9.0
fig05,(c) UEs receiving a positive allocation.,IA-FMR,4.8500000000000005,9.0
fig05,(c) UEs receiving a positive allocation.,IA-FMR,4.95,9.0
fig05,(c) UEs receiving a positive allocation.,IA-FMR,5.050000000000001,9.0
fig05,(c) UEs receiving a positive allocation.,IA-FMR,5.15,9.0
fig05,(c) UEs receiving a positive allocation.,IA-FMR,5.25,9.0
fig05,(c) UEs receiving a positive allocation.,IA-FMR,5.3500000000000005,9.0
fig05,(c) UEs receiving a positive allocation.,IA-FMR,5.45,9.0
fig05,(c) UEs receiving a positive allocation.,IA-FMR,5.550000000000001,9.0
fig05,(c) UEs receiving a positive allocation.,IA-FMR,5.65,9.0
fig05,(c) UEs receiving a positive allocation.,IA-FMR,5.75,9.0
fig05,(c) UEs receiving a positive allocation.,IA-FMR,5.8500000000000005,9.0
fig05,(c) UEs receiving a positive allocation.,IA-FMR,5.95,9.0
fig05,(c) UEs receiving a positive allocation.,IA-FMR,6.050000000000001,9.0
fig05,(c) UEs receiving a positive allocation.,IA-FMR,6.15,9.0
fig05,(c) UEs receiving a positive allocation.,IA-FMR,6.25,9.0
fig05,(c) UEs receiving a positive allocation.,IA-FMR,6.3500000000000005,9.0
fig05,(c) UEs receiving a positive allocation.,IA-FMR,6.45,9.0
fig05,(c) UEs receiving a positive allocation.,IA-FMR,6.550000000000001,9.0
fig05,(c) UEs receiving a positive allocation.,IA-FMR,6.65,9.0
fig05,(c) UEs receiving a positive allocation.,IA-FMR,6.75,9.0
fig05,(c) UEs receiving a positive allocation.,IA-FMR,6.8500000000000005,9.0
fig05,(c) UEs receiving a positive allocation.,IA-FMR,6.95,9.0
fig05,(c) UEs receiving a positive allocation.,IA-FMR,7.050000000000001,9.0
fig05,(c) UEs receiving a positive allocation.,IA-FMR,7.15,9.0
fig05,(c) UEs receiving a positive allocation.,IA-FMR,7.25,9.0
fig05,(c) UEs receiving a positive allocation.,IA-FMR,7.35,9.0
fig05,(c) UEs receiving a positive allocation.,IA-FMR,7.45,9.0
fig05,(c) UEs receiving a positive allocation.,IA-FMR,7.550000000000001,9.0
fig05,(c) UEs receiving a positive allocation.,IA-FMR,7.65,9.0
fig05,(c) UEs receiving a positive allocation.,IA-FMR,7.75,9.0
fig05,(c) UEs receiving a positive allocation.,IA-FMR,7.85,9.0
fig05,(c) UEs receiving a positive allocation.,IA-FMR,7.95,9.0
fig05,(c) UEs receiving a positive allocation.,IA-FMR,8.05,9.0
fig05,(c) UEs receiving a positive allocation.,IA-FMR,8.15,9.0
fig05,(c) UEs receiving a positive allocation.,IA-FMR,8.25,9.0
fig05,(c) UEs receiving a positive allocation.,IA-FMR,8.35,9.0
fig05,(c) UEs receiving a positive allocation.,IA-FMR,8.450000000000001,9.0
fig05,(c) UEs receiving a positive allocation.,IA-FMR,8.55,9.0
fig05,(c) UEs receiving a positive allocation.,IA-FMR,8.65,9.0
fig05,(c) UEs receiving a positive allocation.,IA-FMR,8.75,9.0
fig05,(c) UEs receiving a positive allocation.,IA-FMR,8.85,9.0
fig05,(c) UEs receiving a positive allocation.,IA-FMR,8.950000000000001,9.0
fig05,(c) UEs receiving a positive allocation.,IA-FMR,9.05,9.0
fig05,(c) UEs receiving a positive allocation.,IA-FMR,9.15,9.0
fig05,(c) UEs receiving a positive allocation.,IA-FMR,9.25,9.0
fig05,(c) UEs receiving a positive allocation.,IA-FMR,9.35,9.0
fig05,(c) UEs receiving a positive allocation.,IA-FMR,9.45,9.0
fig05,(c) UEs receiving a positive allocation.,IA-FMR,9.55,9.0
fig05,(c) UEs receiving a positive allocation.,IA-FMR,9.65,9.0
fig05,(c) UEs receiving a positive allocation.,IA-FMR,9.75,9.0
fig05,(c) UEs receiving a positive allocation.,IA-FMR,9.85,9.0
fig05,(c) UEs receiving a positive allocation.,IA-FMR,9.95,9.0
fig05,(c) UEs receiving a positive allocation.,IA-FMR,10.05,9.0
fig05,(c) UEs receiving a positive allocation.,IA-FMR,10.15,9.0
fig05,(c) UEs receiving a positive allocation.,IA-FMR,10.25,9.0
fig05,(c) UEs receiving a positive allocation.,IA-FMR,10.35,9.0
fig05,(c) UEs receiving a positive allocation.,IA-FMR,10.45,9.0
fig05,(c) UEs receiving a positive allocation.,IA-FMR,10.55,9.0
fig05,(c) UEs receiving a positive allocation.,IA-FMR,10.65,9.0
fig05,(c) UEs receiving a positive allocation.,IA-FMR,10.75,9.0
fig05,(c) UEs receiving a positive allocation.,IA-FMR,10.85,9.0
fig05,(c) UEs receiving a positive allocation.,IA-FMR,10.95,9.0
fig05,(c) UEs receiving a positive allocation.,IA-FMR,11.05,9.0
fig05,(c) UEs receiving a positive allocation.,IA-FMR,11.15,9.0
fig05,(c) UEs receiving a positive allocation.,IA-FMR,11.25,9.0
fig05,(c) UEs receiving a positive allocation.,IA-FMR,11.35,9.0
fig05,(c) UEs receiving a positive allocation.,IA-FMR,11.45,9.0
fig05,(c) UEs receiving a positive allocation.,IA-FMR,11.55,9.0
fig05,(c) UEs receiving a positive allocation.,IA-FMR,11.65,9.0
fig05,(c) UEs receiving a positive allocation.,IA-FMR,11.75,9.0
fig05,(c) UEs receiving a positive allocation.,IA-FMR,11.85,9.0
fig05,(c) UEs receiving a positive allocation.,IA-FMR,11.95,9.0
fig05,(c) UEs receiving a positive allocation.,IA-FMR,12.05,9.0
fig05,(c) UEs receiving a positive allocation.,IA-FMR,12.15,9.0
fig05,(c) UEs receiving a positive allocation.,IA-FMR,12.25,9.0
fig05,(c) UEs receiving a positive allocation.,IA-FMR,12.35,9.0
fig05,(c) UEs receiving a positive allocation.,IA-FMR,12.45,9.0
fig05,(c) UEs receiving a positive allocation.,IA-FMR,12.55,9.0
fig05,(c) UEs receiving a positive allocation.,IA-FMR,12.65,9.0
fig05,(c) UEs receiving a positive allocation.,IA-FMR,12.75,9.0
fig05,(c) UEs receiving a positive allocation.,IA-FMR,12.85,9.0
fig05,(c) UEs receiving a positive allocation.,IA-FMR,12.95,9.0
fig05,(c) UEs receiving a positive allocation.,IA-FMR,13.05,9.0
fig05,(c) UEs receiving a positive allocation.,IA-FMR,13.15,9.0
fig05,(c) UEs receiving a positive allocation.,IA-FMR,13.25,9.0
fig05,(c) UEs receiving a positive allocation.,IA-FMR,13.35,9.0
fig05,(c) UEs receiving a positive allocation.,IA-FMR,13.45,9.0
fig05,(c) UEs receiving a positive allocation.,IA-FMR,13.55,9.0
fig05,(c) UEs receiving a positive allocation.,IA-FMR,13.65,9.0
fig05,(c) UEs receiving a positive allocation.,IA-FMR,13.75,9.0
fig05,(c) UEs receiving a positive allocation.,IA-FMR,13.85,9.0
fig05,(c) UEs receiving a positive allocation.,IA-FMR,13.95,9.0
fig05,(c) UEs receiving a positive allocation.,IA-FMR,14.05,9.0
fig05,(c) UEs receiving a positive allocation.,IA-FMR,14.15,9.0
fig05,(c) UEs receiving a positive allocation.,IA-FMR,14.25,9.0
fig05,(c) UEs receiving a positive allocation.,IA-FMR,14.35,9.0
fig05,(c) UEs receiving a positive allocation.,IA-FMR,14.45,9.0
fig05,(c) UEs receiving a positive allocation.,IA-FMR,14.55,9.0
fig05,(c) UEs receiving a positive allocation.,IA-FMR,14.65,9.0
fig05,(c) UEs receiving a positive allocation.,IA-FMR,14.75,9.0
fig05,(c) UEs receiving a positive allocation.,IA-FMR,14.85,9.0
fig05,(c) UEs receiving a positive allocation.,IA-FMR,14.95,9.0
fig05,(c) UEs receiving a positive allocation.,IA-FMR,15.05,9.0
fig05,(c) UEs receiving a positive allocation.,IA-FMR,15.15,9.0
fig05,(c) UEs receiving a positive allocation.,IA-FMR,15.25,9.0
fig05,(c) UEs receiving a positive allocation.,IA-FMR,15.35,9.0
fig05,(c) UEs receiving a positive allocation.,IA-FMR,15.45,9.0
fig05,(c) UEs receiving a positive allocation.,IA-FMR,15.55,9.0
fig05,(c) UEs receiving a positive allocation.,IA-FMR,15.65,9.0
fig05,(c) UEs receiving a positive allocation.,IA-FMR,15.75,9.0
fig05,(c) UEs receiving a positive allocation.,IA-FMR,15.85,9.0
fig05,(c) UEs receiving a positive allocation.,IA-FMR,15.95,9.0
fig05,(c) UEs receiving a positive allocation.,IA-FMR,16.05,9.0
fig05,(c) UEs receiving a positive allocation.,IA-FMR,16.150000000000002,9.0
fig05,(c) UEs receiving a positive allocation.,IA-FMR,16.25,9.0
fig05,(c) UEs receiving a positive allocation.,IA-FMR,16.35,9.0
fig05,(c) UEs receiving a positive allocation.,IA-FMR,16.45,9.0
fig05,(c) UEs receiving a positive allocation.,IA-FMR,16.55,9.0
fig05,(c) UEs receiving a positive allocation.,IA-FMR,16.650000000000002,9.0
fig05,(c) UEs receiving a positive allocation.,IA-FMR,16.75,9.0
fig05,(c) UEs receiving a positive allocation.,IA-FMR,16.85,9.0
fig05,(c) UEs receiving a positive allocation.,IA-FMR,16.95,9.0
fig05,(c) UEs receiving a positive allocation.,IA-FMR,17.05,9.0
fig05,(c) UEs receiving a positive allocation.,IA-FMR,17.150000000000002,9.0
fig05,(c) UEs receiving a positive allocation.,IA-FMR,17.25,9.0
fig05,(c) UEs receiving a positive allocation.,IA-FMR,17.35,9.0
fig05,(c) UEs receiving a positive allocation.,IA-FMR,17.45,9.0
fig05,(c) UEs receiving a positive allocation.,IA-FMR,17.55,9.0
fig05,(c) UEs receiving a positive allocation.,IA-FMR,17.650000000000002,9.0
fig05,(c) UEs receiving a positive allocation.,IA-FMR,17.75,9.0
fig05,(c) UEs receiving a positive allocation.,IA-FMR,17.85,9.0
fig05,(c) UEs receiving a positive allocation.,IA-FMR,17.95,9.0
fig05,(c) UEs receiving a positive allocation.,IA-FMR,18.05,9.0
fig05,(c) UEs receiving a positive allocation.,IA-FMR,18.15,9.0
fig05,(c) UEs receiving a positive allocation.,IA-FMR,18.25,9.0
fig05,(c) UEs receiving a positive allocation.,IA-FMR,18.35,9.0
fig05,(c) UEs receiving a positive allocation.,IA-FMR,18.45,9.0
fig05,(c) UEs receiving a positive allocation.,IA-FMR,18.55,9.0
fig05,(c) UEs receiving a positive allocation.,IA-FMR,18.65,9.0
fig05,(c) UEs receiving a positive allocation.,IA-FMR,18.75,9.0
fig05,(c) UEs receiving a positive allocation.,IA-FMR,18.85,9.0
fig05,(c) UEs receiving a positive allocation.,IA-FMR,18.95,9.0
fig05,(c) UEs receiving a positive allocation.,IA-FMR,19.05,9.0
fig05,(c) UEs receiving a positive allocation.,IA-FMR,19.15,9.0
fig05,(c) UEs receiving a positive allocation.,IA-FMR,19.25,9.0
fig05,(c) UEs receiving a positive allocation.,IA-FMR,19.35,9.0
fig05,(c) UEs receiving a positive allocation.,IA-FMR,19.450000000000003,9.0
fig05,(c) UEs receiving a positive allocation.,IA-FMR,19.55,9.0
fig05,(c) UEs receiving a positive allocation.,IA-FMR,19.65,9.0
fig05,(c) UEs receiving a positive allocation.,IA-FMR,19.75,9.0
fig05,(c) UEs receiving a positive allocation.,IA-FMR,19.85,9.0
fig05,(c) UEs receiving a positive allocation.,IA-FMR,19.950000000000003,9.0
fig05,(c) UEs receiving a positive allocation.,IA-FMR,20.05,9.0
fig05,(c) UEs receiving a positive allocation.,IA-FMR,20.15,9.0
fig05,(c) UEs receiving a positive allocation.,IA-FMR,20.25,9.0
fig05,(c) UEs receiving a positive allocation.,IA-FMR,20.35,9.0
fig05,(c) UEs receiving a positive allocation.,IA-FMR,20.450000000000003,9.0
fig05,(c) UEs receiving a positive allocation.,IA-FMR,20.55,9.0
fig05,(c) UEs receiving a positive allocation.,IA-FMR,20.65,9.0
fig05,(c) UEs receiving a positive allocation.,IA-FMR,20.75,9.0
fig05,(c) UEs receiving a positive allocation.,IA-FMR,20.85,9.0
fig05,(c) UEs receiving a positive allocation.,IA-FMR,20.950000000000003,9.0
fig05,(c) UEs receiving a positive allocation.,IA-FMR,21.05,9.0
fig05,(c) UEs receiving a positive allocation.,IA-FMR,21.15,9.0
fig05,(c) UEs receiving a positive allocation.,IA-FMR,21.25,9.0
fig05,(c) UEs receiving a positive allocation.,IA-FMR,21.35,9.0
fig05,(c) UEs receiving a positive allocation.,IA-FMR,21.450000000000003,9.0
fig05,(c) UEs receiving a positive allocation.,IA-FMR,21.55,9.0
fig05,(c) UEs receiving a positive allocation.,IA-FMR,21.65,9.0
fig05,(c) UEs receiving a positive allocation.,IA-FMR,21.75,9.0
fig05,(c) UEs receiving a positive allocation.,IA-FMR,21.85,9.0
fig05,(c) UEs receiving a positive allocation.,IA-FMR,21.950000000000003,9.0
fig05,(c) UEs receiving a positive allocation.,IA-FMR,22.05,9.0
fig05,(c) UEs receiving a positive allocation.,IA-FMR,22.15,9.0
fig05,(c) UEs receiving a positive allocation.,IA-FMR,22.25,9.0
fig05,(c) UEs receiving a positive allocation.,IA-FMR,22.35,9.0
fig05,(c) UEs receiving a positive allocation.,IA-FMR,22.450000000000003,9.0
fig05,(c) UEs receiving a positive allocation.,IA-FMR,22.55,9.0
fig05,(c) UEs receiving a positive allocation.,IA-FMR,22.65,9.0
fig05,(c) UEs receiving a positive allocation.,IA-FMR,22.75,9.0
fig05,(c) UEs receiving a positive allocation.,IA-FMR,22.85,9.0
fig05,(c) UEs receiving a positive allocation.,IA-FMR,22.950000000000003,9.0
fig05,(c) UEs receiving a positive allocation.,IA-FMR,23.05,9.0
fig05,(c) UEs receiving a positive allocation.,IA-FMR,23.15,9.0
fig05,(c) UEs receiving a positive allocation.,IA-FMR,23.25,9.0
fig05,(c) UEs receiving a positive allocation.,IA-FMR,23.35,9.0
fig05,(c) UEs receiving a positive allocation.,IA-FMR,23.450000000000003,9.0
fig05,(c) UEs receiving a positive allocation.,IA-FMR,23.55,9.0
fig05,(c) UEs receiving a positive allocation.,IA-FMR,23.65,9.0
fig05,(c) UEs receiving a positive allocation.,IA-FMR,23.75,9.0
fig05,(c) UEs receiving a positive allocation.,IA-FMR,23.85,9.0
fig05,(c) UEs receiving a positive allocation.,IA-FMR,23.950000000000003,9.0
fig05,(c) UEs receiving a positive allocation.,IA-FMR,24.05,9.0
fig05,(c) UEs receiving a positive allocation.,IA-FMR,24.15,9.0
fig05,(c) UEs receiving a positive allocation.,IA-FMR,24.25,9.0
fig05,(c) UEs receiving a positive allocation.,IA-FMR,24.35,9.0
fig05,(c) UEs receiving a positive allocation.,IA-FMR,24.450000000000003,9.0
fig05,(c) UEs receiving a positive allocation.,IA-FMR,24.55,9.0
fig05,(c) UEs receiving a positive allocation.,IA-FMR,24.65,9.0
fig05,(c) UEs receiving a positive allocation.,IA-FMR,24.75,9.0
fig05,(c) UEs receiving a positive allocation.,IA-FMR,24.85,9.0
fig05,(c) UEs receiving a positive allocation.,IA-FMR,24.950000000000003,9.0
fig05,(c) UEs receiving a positive allocation.,IA-FMR,25.05,9.0
fig05,(c) UEs receiving a positive allocation.,IA-FMR,25.15,9.0
fig05,(c) UEs receiving a positive allocation.,IA-FMR,25.25,9.0
fig05,(c) UEs receiving a positive allocation.,IA-FMR,25.35,9.0
fig05,(c) UEs receiving a positive allocation.,IA-FMR,25.450000000000003,9.0
fig05,(c) UEs receiving a positive allocation.,IA-FMR,25.55,9.0
fig05,(c) UEs receiving a positive allocation.,IA-FMR,25.65,9.0
fig05,(c) UEs receiving a positive allocation.,IA-FMR,25.75,9.0
fig05,(c) UEs receiving a positive allocation.,IA-FMR,25.85,9.0
fig05,(c) UEs receiving a positive allocation.,IA-FMR,25.950000000000003,9.0
fig05,(c) UEs receiving a positive allocation.,IA-FMR,26.05,9.0
fig05,(c) UEs receiving a positive allocation.,IA-FMR,26.15,9.0
fig05,(c) UEs receiving a positive allocation.,IA-FMR,26.25,9.0
fig05,(c) UEs receiving a positive allocation.,IA-FMR,26.35,9.0
fig05,(c) UEs receiving a positive allocation.,IA-FMR,26.450000000000003,9.0
fig05,(c) UEs receiving a positive allocation.,IA-FMR,26.55,9.0
fig05,(c) UEs receiving a positive allocation.,IA-FMR,26.65,9.0
fig05,(c) UEs receiving a positive allocation.,IA-FMR,26.75,9.0
fig05,(c) UEs receiving a positive allocation.,IA-FMR,26.85,9.0
fig05,(c) UEs receiving a positive allocation.,IA-FMR,26.950000000000003,9.0
fig05,(c) UEs receiving a positive allocation.,IA-FMR,27.05,9.0
fig05,(c) UEs receiving a positive allocation.,IA-FMR,27.15,9.0
fig05,(c) UEs receiving a positive allocation.,IA-FMR,27.25,9.0
fig05,(c) UEs receiving a positive allocation.,IA-FMR,27.35,9.0
fig05,(c) UEs receiving a positive allocation.,IA-FMR,27.450000000000003,9.0
fig05,(c) UEs receiving a positive allocation.,IA-FMR,27.55,9.0
fig05,(c) UEs receiving a positive allocation.,IA-FMR,27.65,9.0
fig05,(c) UEs receiving a positive allocation.,IA-FMR,27.75,9.0
fig05,(c) UEs receiving a positive allocation.,IA-FMR,27.85,9.0
fig05,(c) UEs receiving a positive allocation.,IA-FMR,27.950000000000003,9.0
fig05,(c) UEs receiving a positive allocation.,IA-FMR,28.05,9.0
fig05,(c) UEs receiving a positive allocation.,IA-FMR,28.15,9.0
fig05,(c) UEs receiving a positive allocation.,IA-FMR,28.25,9.0
fig05,(c) UEs receiving a positive allocation.,IA-FMR,28.35,9.0
fig05,(c) UEs receiving a positive allocation.,IA-FMR,28.450000000000003,9.0
fig05,(c) UEs receiving a positive allocation.,IA-FMR,28.55,9.0
fig05,(c) UEs receiving a positive allocation.,IA-FMR,28.65,9.0
fig05,(c) UEs receiving a positive allocation.,IA-FMR,28.75,9.0
fig05,(c) UEs receiving a positive allocation.,IA-FMR,28.85,9.0
fig05,(c) UEs receiving a positive allocation.,IA-FMR,28.950000000000003,9.0
fig05,(c) UEs receiving a positive allocation.,IA-FMR,29.05,9.0
fig05,(c) UEs receiving a positive allocation.,IA-FMR,29.15,9.0
fig05,(c) UEs receiving a positive allocation.,IA-FMR,29.25,9.0
fig05,(c) UEs receiving a positive allocation.,IA-FMR,29.35,9.0
fig05,(c) UEs receiving a positive allocation.,IA-FMR,29.450000000000003,9.0
fig05,(c) UEs receiving a positive allocation.,IA-FMR,29.55,9.0
fig05,(c) UEs receiving a positive allocation.,IA-FMR,29.65,9.0
fig05,(c) UEs receiving a positive allocation.,IA-FMR,29.75,9.0
fig05,(c) UEs receiving a positive allocation.,IA-FMR,29.85,9.0
fig05,(c) UEs receiving a positive allocation.,IA-FMR,29.950000000000003,9.0
fig05,(c) UEs receiving a positive allocation.,IA-FMR,30.05,9.0
fig05,(c) UEs receiving a positive allocation.,IA-FMR,30.15,9.0
fig05,(c) UEs receiving a positive allocation.,IA-FMR,30.25,9.0
fig05,(c) UEs receiving a positive allocation.,IA-FMR,30.35,9.0
fig05,(d) Aggregate backlog.,RR,0.45,11.323522903225808
fig05,(d) Aggregate backlog.,RR,0.55,17.202898859928315
fig05,(d) Aggregate backlog.,RR,0.65,28.553080271693023
fig05,(d) Aggregate backlog.,RR,0.75,40.055365679798896
fig05,(d) Aggregate backlog.,RR,0.8500000000000001,51.86012684020293
fig05,(d) Aggregate backlog.,RR,0.95,63.682753080612144
fig05,(d) Aggregate backlog.,RR,1.05,75.22569440368906
fig05,(d) Aggregate backlog.,RR,1.15,86.62810244313437
fig05,(d) Aggregate backlog.,RR,1.25,98.27322609444305
fig05,(d) Aggregate backlog.,RR,1.35,109.83512069052148
fig05,(d) Aggregate backlog.,RR,1.4500000000000002,120.43563102337052
fig05,(d) Aggregate backlog.,RR,1.55,130.71892390507313
fig05,(d) Aggregate backlog.,RR,1.65,141.95293366193587
fig05,(d) Aggregate backlog.,RR,1.75,154.02810789661692
fig05,(d) Aggregate backlog.,RR,1.85,166.33474282831483
fig05,(d) Aggregate backlog.,RR,1.95,178.42538770769693
fig05,(d) Aggregate backlog.,RR,2.0500000000000003,189.31003179212877
fig05,(d) Aggregate backlog.,RR,2.15,200.38701917524563
fig05,(d) Aggregate backlog.,RR,2.25,211.80877716958904
fig05,(d) Aggregate backlog.,RR,2.35,224.00181314888889
fig05,(d) Aggregate backlog.,RR,2.45,236.20952999352167
fig05,(d) Aggregate backlog.,RR,2.5500000000000003,247.9371440811407
fig05,(d) Aggregate backlog.,RR,2.6500000000000004,259.2817526048644
fig05,(d) Aggregate backlog.,RR,2.75,270.5321011311994
fig05,(d) Aggregate backlog.,RR,2.85,281.7511228743849
fig05,(d) Aggregate backlog.,RR,2.95,293.5868300264782
fig05,(d) Aggregate backlog.,RR,3.0500000000000003,305.096718773868
fig05,(d) Aggregate backlog.,RR,3.1500000000000004,316.3960373723107
fig05,(d) Aggregate backlog.,RR,3.25,328.00373098073914
fig05,(d) Aggregate backlog.,RR,3.35,339.5619051052388
fig05,(d) Aggregate backlog.,RR,3.45,351.1516526911549
fig05,(d) Aggregate backlog.,RR,3.5500000000000003,363.0899204674458
fig05,(d) Aggregate backlog.,RR,3.65,375.0580168743472
fig05,(d) Aggregate backlog.,RR,3.75,387.0739838472064
fig05,(d) Aggregate backlog.,RR,3.85,398.5853117326069
fig05,(d) Aggregate backlog.,RR,3.95,410.0119701267081
fig05,(d) Aggregate backlog.,RR,4.05,421.3709254146642
fig05,(d) Aggregate backlog.,RR,4.15,432.66230510115
fig05,(d) Aggregate backlog.,RR,4.25,444.30601254279753
fig05,(d) Aggregate backlog.,RR,4.3500000000000005,456.4530058280308
fig05,(d) Aggregate backlog.,RR,4.45,468.42377338258143
fig05,(d) Aggregate backlog.,RR,4.55,480.3037930637408
fig05,(d) Aggregate backlog.,RR,4.65,491.6852929054917
fig05,(d) Aggregate backlog.,RR,4.75,502.9157584687102
fig05,(d) Aggregate backlog.,RR,4.8500000000000005,513.8555075798213
fig05,(d) Aggregate backlog.,RR,4.95,524.8388916528943
fig05,(d) Aggregate backlog.,RR,5.050000000000001,535.779419505356
fig05,(d) Aggregate backlog.,RR,5.15,547.1601015343416
fig05,(d) Aggregate backlog.,RR,5.25,558.8334160246213
fig05,(d) Aggregate backlog.,RR,5.3500000000000005,570.358858691288
fig05,(d) Aggregate backlog.,RR,5.45,582.0098184461685
fig05,(d) Aggregate backlog.,RR,5.550000000000001,593.2002976453431
fig05,(d) Aggregate backlog.,RR,5.65,604.8130034566256
fig05,(d) Aggregate backlog.,RR,5.75,616.5022708848807
fig05,(d) Aggregate backlog.,RR,5.8500000000000005,628.1921611593905
fig05,(d) Aggregate backlog.,RR,5.95,639.9357225454545
fig05,(d) Aggregate backlog.,RR,6.050000000000001,651.9322206797386
fig05,(d) Aggregate backlog.,RR,6.15,664.5430990994915
fig05,(d) Aggregate backlog.,RR,6.25,676.9883040124046
fig05,(d) Aggregate backlog.,RR,6.3500000000000005,690.8770399962028
fig05,(d) Aggregate backlog.,RR,6.45,708.478873302477
fig05,(d) Aggregate backlog.,RR,6.550000000000001,730.511504394793
fig05,(d) Aggregate backlog.,RR,6.65,754.0462483284783
fig05,(d) Aggregate backlog.,RR,6.75,778.425293562451
fig05,(d) Aggregate backlog.,RR,6.8500000000000005,802.2038350212744
fig05,(d) Aggregate backlog.,RR,6.95,826.3007200159715
fig05,(d) Aggregate backlog.,RR,7.050000000000001,850.5679157739202
fig05,(d) Aggregate backlog.,RR,7.15,875.5113150116223
fig05,(d) Aggregate backlog.,RR,7.25,901.404681138524
fig05,(d) Aggregate backlog.,RR,7.35,927.1736972616008
fig05,(d) Aggregate backlog.,RR,7.45,952.888643732496
fig05,(d) Aggregate backlog.,RR,7.550000000000001,977.8917225787544
fig05,(d) Aggregate backlog.,RR,7.65,1001.685090860536
fig05,(d) Aggregate backlog.,RR,7.75,1025.7935016984684
fig05,(d) Aggregate backlog.,RR,7.85,1049.8719630947417
fig05,(d) Aggregate backlog.,RR,7.95,1075.0108548394046
fig05,(d) Aggregate backlog.,RR,8.05,1098.9718043399334
fig05,(d) Aggregate backlog.,RR,8.15,1123.178095318752
fig05,(d) Aggregate backlog.,RR,8.25,1147.1305138700852
fig05,(d) Aggregate backlog.,RR,8.35,1170.876806261752
fig05,(d) Aggregate backlog.,RR,8.450000000000001,1195.2101323074396
fig05,(d) Aggregate backlog.,RR,8.55,1219.277536795069
fig05,(d) Aggregate backlog.,RR,8.65,1244.7673104560774
fig05,(d) Aggregate backlog.,RR,8.75,1269.9659010599623
fig05,(d) Aggregate backlog.,RR,8.85,1294.4571905201965
fig05,(d) Aggregate backlog.,RR,8.950000000000001,1318.5008251241252
fig05,(d) Aggregate backlog.,RR,9.05,1341.827942725493
fig05,(d) Aggregate backlog.,RR,9.15,1366.834476300625
fig05,(d) Aggregate backlog.,RR,9.25,1391.6604762248642
fig05,(d) Aggregate backlog.,RR,9.35,1416.106248562642
fig05,(d) Aggregate backlog.,RR,9.45,1439.846583880102
fig05,(d) Aggregate backlog.,RR,9.55,1463.2414984177776
fig05,(d) Aggregate backlog.,RR,9.65,1487.755799625731
fig05,(d) Aggregate backlog.,RR,9.75,1512.2554391613437
fig05,(d) Aggregate backlog.,RR,9.85,1538.049615642825
fig05,(d) Aggregate backlog.,RR,9.95,1562.2995170271952
fig05,(d) Aggregate backlog.,RR,10.05,1587.608796010101
fig05,(d) Aggregate backlog.,RR,10.15,1612.31841926936
fig05,(d) Aggregate backlog.,RR,10.25,1638.4249874503705
fig05,(d) Aggregate backlog.,RR,10.35,1663.762560263236
fig05,(d) Aggregate backlog.,RR,10.45,1689.1834509006903
fig05,(d) Aggregate backlog.,RR,10.55,1715.044050728383
fig05,(d) Aggregate backlog.,RR,10.65,1739.7787787469344
fig05,(d) Aggregate backlog.,RR,10.75,1764.3591566569842
fig05,(d) Aggregate backlog.,RR,10.85,1789.4618484964185
fig05,(d) Aggregate backlog.,RR,10.95,1814.925756182461
fig05,(d) Aggregate backlog.,RR,11.05,1839.6314902328409
fig05,(d) Aggregate backlog.,RR,11.15,1863.7819426743936
fig05,(d) Aggregate backlog.,RR,11.25,1888.850420763771
fig05,(d) Aggregate backlog.,RR,11.35,1915.234658804064
fig05,(d) Aggregate backlog.,RR,11.45,1941.780028319088
fig05,(d) Aggregate backlog.,RR,11.55,1967.7271243890184
fig05,(d) Aggregate backlog.,RR,11.65,1993.9691524915825
fig05,(d) Aggregate backlog.,RR,11.75,2018.1672802878784
fig05,(d) Aggregate backlog.,RR,11.85,2043.699850367924
fig05,(d) Aggregate backlog.,RR,11.95,2068.57123635374
fig05,(d) Aggregate backlog.,RR,12.05,2095.56960776656
fig05,(d) Aggregate backlog.,RR,12.15,2121.2327294114566
fig05,(d) Aggregate backlog.,RR,12.25,2145.7706021634185
fig05,(d) Aggregate backlog.,RR,12.35,2172.414119125598
fig05,(d) Aggregate backlog.,RR,12.45,2204.6737207638885
fig05,(d) Aggregate backlog.,RR,12.55,2243.704713488099
fig05,(d) Aggregate backlog.,RR,12.65,2286.111219941142
fig05,(d) Aggregate backlog.,RR,12.75,2329.165076820334
fig05,(d) Aggregate backlog.,RR,12.85,2371.899487784575
fig05,(d) Aggregate backlog.,RR,12.95,2415.255098745421
fig05,(d) Aggregate backlog.,RR,13.05,2457.109889661064
fig05,(d) Aggregate backlog.,RR,13.15,2499.4037443979555
fig05,(d) Aggregate backlog.,RR,13.25,2540.937312549066
fig05,(d) Aggregate backlog.,RR,13.35,2583.260148936454
fig05,(d) Aggregate backlog.,RR,13.45,2626.365486917987
fig05,(d) Aggregate backlog.,RR,13.55,2669.950450239892
fig05,(d) Aggregate backlog.,RR,13.65,2713.471691277628
fig05,(d) Aggregate backlog.,RR,13.75,2756.9568711551965
fig05,(d) Aggregate backlog.,RR,13.85,2799.954872457807
fig05,(d) Aggregate backlog.,RR,13.95,2843.0602684756277
fig05,(d) Aggregate backlog.,RR,14.05,2885.8839740051294
fig05,(d) Aggregate backlog.,RR,14.15,2929.2158552226647
fig05,(d) Aggregate backlog.,RR,14.25,2972.6372040443016
fig05,(d) Aggregate backlog.,RR,14.35,3015.1761936529147
fig05,(d) Aggregate backlog.,RR,14.45,3057.2016314048774
fig05,(d) Aggregate backlog.,RR,14.55,3100.283093541018
fig05,(d) Aggregate backlog.,RR,14.65,3142.0131742251247
fig05,(d) Aggregate backlog.,RR,14.75,3184.8698327466664
fig05,(d) Aggregate backlog.,RR,14.85,3226.7701172108104
fig05,(d) Aggregate backlog.,RR,14.95,3270.3717872182174
fig05,(d) Aggregate backlog.,RR,15.05,3312.068551551551
fig05,(d) Aggregate backlog.,RR,15.15,3354.8952934586887
fig05,(d) Aggregate backlog.,RR,15.25,3396.619411051282
fig05,(d) Aggregate backlog.,RR,15.35,3438.880835249825
fig05,(d) Aggregate backlog.,RR,15.45,3480.4433474842567
fig05,(d) Aggregate backlog.,RR,15.55,3523.7902854711847
fig05,(d) Aggregate backlog.,RR,15.65,3566.598428670138
fig05,(d) Aggregate backlog.,RR,15.75,3610.15481609871
fig05,(d) Aggregate backlog.,RR,15.85,3652.653986006519
fig05,(d) Aggregate backlog.,RR,15.95,3694.298392876996
fig05,(d) Aggregate backlog.,RR,16.05,3736.784550927417
fig05,(d) Aggregate backlog.,RR,16.150000000000002,3779.7605743394793
fig05,(d) Aggregate backlog.,RR,16.25,3824.4745824216097
fig05,(d) Aggregate backlog.,RR,16.35,3866.967680186315
fig05,(d) Aggregate backlog.,RR,16.45,3908.752316546183
fig05,(d) Aggregate backlog.,RR,16.55,3950.548207492375
fig05,(d) Aggregate backlog.,RR,16.650000000000002,3992.232335670565
fig05,(d) Aggregate backlog.,RR,16.75,4034.796745882687
fig05,(d) Aggregate backlog.,RR,16.85,4076.109127316549
fig05,(d) Aggregate backlog.,RR,16.95,4119.953291819473
fig05,(d) Aggregate backlog.,RR,17.05,4161.201900580986
fig05,(d) Aggregate backlog.,RR,17.150000000000002,4204.874074708606
fig05,(d) Aggregate backlog.,RR,17.25,4246.586255466968
fig05,(d) Aggregate backlog.,RR,17.35,4289.554701297477
fig05,(d) Aggregate backlog.,RR,17.45,4331.937348120703
fig05,(d) Aggregate backlog.,RR,17.55,4374.084549908032
fig05,(d) Aggregate backlog.,RR,17.650000000000002,4416.880098176857
fig05,(d) Aggregate backlog.,RR,17.75,4459.539246063755
fig05,(d) Aggregate backlog.,RR,17.85,4501.989506067031
fig05,(d) Aggregate backlog.,RR,17.95,4544.109261685671
fig05,(d) Aggregate backlog.,RR,18.05,4586.154101313458
fig05,(d) Aggregate backlog.,RR,18.15,4628.964661193234
fig05,(d) Aggregate backlog.,RR,18.25,4671.799885583496
fig05,(d) Aggregate backlog.,RR,18.35,4709.250993906327
fig05,(d) Aggregate backlog.,RR,18.45,4737.160142651023
fig05,(d) Aggregate backlog.,RR,18.55,4757.617245221481
fig05,(d) Aggregate backlog.,RR,18.65,4773.040775787406
fig05,(d) Aggregate backlog.,RR,18.75,4788.626693572841
fig05,(d) Aggregate backlog.,RR,18.85,4803.685967391098
fig05,(d) Aggregate backlog.,RR,18.95,4820.214102445087
fig05,(d) Aggregate backlog.,RR,19.05,4836.590181595323
fig05,(d) Aggregate backlog.,RR,19.15,4853.043109934021
fig05,(d) Aggregate backlog.,RR,19.25,4868.691738963843
fig05,(d) Aggregate backlog.,RR,19.35,4884.4185162141
fig05,(d) Aggregate backlog.,RR,19.450000000000003,4900.049416045115
fig05,(d) Aggregate backlog.,RR,19.55,4916.067459478168
fig05,(d) Aggregate backlog.,RR,19.65,4932.113358884121
fig05,(d) Aggregate backlog.,RR,19.75,4948.41604832811
fig05,(d) Aggregate backlog.,RR,19.85,4964.410112171247
fig05,(d) Aggregate backlog.,RR,19.950000000000003,4980.674137489187
fig05,(d) Aggregate backlog.,RR,20.05,4996.174959512176
fig05,(d) Aggregate backlog.,RR,20.15,5012.418978656455
fig05,(d) Aggregate backlog.,RR,20.25,5028.08565436267
fig05,(d) Aggregate backlog.,RR,20.35,5044.65109122271
fig05,(d) Aggregate backlog.,RR,20.450000000000003,5060.004528652272
fig05,(d) Aggregate backlog.,RR,20.55,5075.393974952271
fig05,(d) Aggregate backlog.,RR,20.65,5090.235033154541
fig05,(d) Aggregate backlog.,RR,20.75,5104.974550191091
fig05,(d) Aggregate backlog.,RR,20.85,5119.913946803372
fig05,(d) Aggregate backlog.,RR,20.950000000000003,5134.482821544892
fig05,(d) Aggregate backlog.,RR,21.05,5150.127210968986
fig05,(d) Aggregate backlog.,RR,21.15,5166.200854554358
fig05,(d) Aggregate backlog.,RR,21.25,5182.074981837357
fig05,(d) Aggregate backlog.,RR,21.35,5197.226014136207
fig05,(d) Aggregate backlog.,RR,21.450000000000003,5211.563408505221
fig05,(d) Aggregate backlog.,RR,21.55,5225.800828303896
fig05,(d) Aggregate backlog.,RR,21.65,5240.472116245416
fig05,(d) Aggregate backlog.,RR,21.75,5256.439006747171
fig05,(d) Aggregate backlog.,RR,21.85,5273.1001590451015
fig05,(d) Aggregate backlog.,RR,21.950000000000003,5289.659440949735
fig05,(d) Aggregate backlog.,RR,22.05,5306.699842638785
fig05,(d) Aggregate backlog.,RR,22.15,5323.152721413429
fig05,(d) Aggregate backlog.,RR,22.25,5339.3623529235965
fig05,(d) Aggregate backlog.,RR,22.35,5354.406994755015
fig05,(d) Aggregate backlog.,RR,22.450000000000003,5369.958724928755
fig05,(d) Aggregate backlog.,RR,22.55,5385.75073234492
fig05,(d) Aggregate backlog.,RR,22.65,5401.681637239814
fig05,(d) Aggregate backlog.,RR,22.75,5417.368805692421
fig05,(d) Aggregate backlog.,RR,22.85,5432.647433684161
fig05,(d) Aggregate backlog.,RR,22.950000000000003,5447.351159006069
fig05,(d) Aggregate backlog.,RR,23.05,5462.205974887463
fig05,(d) Aggregate backlog.,RR,23.15,5477.534100057393
fig05,(d) Aggregate backlog.,RR,23.25,5492.741134330696
fig05,(d) Aggregate backlog.,RR,23.35,5508.1539884166
fig05,(d) Aggregate backlog.,RR,23.450000000000003,5524.224971544172
fig05,(d) Aggregate backlog.,RR,23.55,5540.40089275777
fig05,(d) Aggregate backlog.,RR,23.65,5556.816838922295
fig05,(d) Aggregate backlog.,RR,23.75,5573.121894644192
fig05,(d) Aggregate backlog.,RR,23.85,5589.708071051599
fig05,(d) Aggregate backlog.,RR,23.950000000000003,5606.475867371505
fig05,(d) Aggregate backlog.,RR,24.05,5623.09928178562
fig05,(d) Aggregate backlog.,RR,24.15,5639.797403084471
fig05,(d) Aggregate backlog.,RR,24.25,5655.871842914432
fig05,(d) Aggregate backlog.,RR,24.35,5677.24487286097
fig05,(d) Aggregate backlog.,RR,24.450000000000003,5711.1906160166645
fig05,(d) Aggregate backlog.,RR,24.55,5756.937996437208
fig05,(d) Aggregate backlog.,RR,24.65,5808.371200489276
fig05,(d) Aggregate backlog.,RR,24.75,5857.938733102364
fig05,(d) Aggregate backlog.,RR,24.85,5907.93376353425
fig05,(d) Aggregate backlog.,RR,24.950000000000003,5959.271284979878
fig05,(d) Aggregate backlog.,RR,25.05,6011.908115818912
fig05,(d) Aggregate backlog.,RR,25.15,6063.33647335006
fig05,(d) Aggregate backlog.,RR,25.25,6115.098141310235
fig05,(d) Aggregate backlog.,RR,25.35,6166.865689535989
fig05,(d) Aggregate backlog.,RR,25.450000000000003,6219.226476890126
fig05,(d) Aggregate backlog.,RR,25.55,6270.303650371309
fig05,(d) Aggregate backlog.,RR,25.65,6320.8204241064695
fig05,(d) Aggregate backlog.,RR,25.75,6372.987196684247
fig05,(d) Aggregate backlog.,RR,25.85,6425.377445873641
fig05,(d) Aggregate backlog.,RR,25.950000000000003,6479.081788926965
fig05,(d) Aggregate backlog.,RR,26.05,6530.702623784826
fig05,(d) Aggregate backlog.,RR,26.15,6582.233915712099
fig05,(d) Aggregate backlog.,RR,26.25,6632.497487068191
fig05,(d) Aggregate backlog.,RR,26.35,6683.606771726995
fig05,(d) Aggregate backlog.,RR,26.450000000000003,6735.1010702793765
fig05,(d) Aggregate backlog.,RR,26.55,6786.615772717937
fig05,(d) Aggregate backlog.,RR,26.65,6838.435685741909
fig05,(d) Aggregate backlog.,RR,26.75,6888.155168480756
fig05,(d) Aggregate backlog.,RR,26.85,6938.780685140201
fig05,(d) Aggregate backlog.,RR,26.950000000000003,6987.903670256299
fig05,(d) Aggregate backlog.,RR,27.05,7040.7025777071
fig05,(d) Aggregate backlog.,RR,27.15,7093.529279494262
fig05,(d) Aggregate backlog.,RR,27.25,7145.012310816521
fig05,(d) Aggregate backlog.,RR,27.35,7195.931911656099
fig05,(d) Aggregate backlog.,RR,27.450000000000003,7244.747287723447
fig05,(d) Aggregate backlog.,RR,27.55,7297.836710199522
fig05,(d) Aggregate backlog.,RR,27.65,7350.475720365282
fig05,(d) Aggregate backlog.,RR,27.75,7403.097410673087
fig05,(d) Aggregate backlog.,RR,27.85,7453.71330469357
fig05,(d) Aggregate backlog.,RR,27.950000000000003,7503.384118379535
fig05,(d) Aggregate backlog.,RR,28.05,7553.614377342223
fig05,(d) Aggregate backlog.,RR,28.15,7604.548610156322
fig05,(d) Aggregate backlog.,RR,28.25,7655.499080693359
fig05,(d) Aggregate backlog.,RR,28.35,7708.31168714574
fig05,(d) Aggregate backlog.,RR,28.450000000000003,7759.538029503704
fig05,(d) Aggregate backlog.,RR,28.55,7810.20817847619
fig05,(d) Aggregate backlog.,RR,28.65,7861.170398887446
fig05,(d) Aggregate backlog.,RR,28.75,7913.635464266493
fig05,(d) Aggregate backlog.,RR,28.85,7966.034537642155
fig05,(d) Aggregate backlog.,RR,28.950000000000003,8017.917803778518
fig05,(d) Aggregate backlog.,RR,29.05,8068.397952136165
fig05,(d) Aggregate backlog.,RR,29.15,8120.756157787458
fig05,(d) Aggregate backlog.,RR,29.25,8173.864904679271
fig05,(d) Aggregate backlog.,RR,29.35,8227.304600783847
fig05,(d) Aggregate backlog.,RR,29.450000000000003,8278.502356336257
fig05,(d) Aggregate backlog.,RR,29.55,8329.647787317326
fig05,(d) Aggregate backlog.,RR,29.65,8382.103768333198
fig05,(d) Aggregate backlog.,RR,29.75,8434.014108166533
fig05,(d) Aggregate backlog.,RR,29.85,8485.261981759462
fig05,(d) Aggregate backlog.,RR,29.950000000000003,8536.096593971104
fig05,(d) Aggregate backlog.,RR,30.05,8587.651220518996
fig05,(d) Aggregate backlog.,RR,30.15,8638.852332200982
fig05,(d) Aggregate backlog.,RR,30.25,8690.476424361505
fig05,(d) Aggregate backlog.,RR,30.35,8716.745520887083
fig05,(d) Aggregate backlog.,PF,0.45,11.87964259764706
fig05,(d) Aggregate backlog.,PF,0.55,17.33291076130057
fig05,(d) Aggregate backlog.,PF,0.65,28.695798770067697
fig05,(d) Aggregate backlog.,PF,0.75,39.67448688211252
fig05,(d) Aggregate backlog.,PF,0.8500000000000001,50.94307897617215
fig05,(d) Aggregate backlog.,PF,0.95,61.524235323733535
fig05,(d) Aggregate backlog.,PF,1.05,72.35839690540924
fig05,(d) Aggregate backlog.,PF,1.15,83.22891132726828
fig05,(d) Aggregate backlog.,PF,1.25,94.19372277945384
fig05,(d) Aggregate backlog.,PF,1.35,105.3974970250797
fig05,(d) Aggregate backlog.,PF,1.4500000000000002,116.20772715927885
fig05,(d) Aggregate backlog.,PF,1.55,127.09745279584416
fig05,(d) Aggregate backlog.,PF,1.65,137.23785944473306
fig05,(d) Aggregate backlog.,PF,1.75,147.25776414189096
fig05,(d) Aggregate backlog.,PF,1.85,157.76195067984187
fig05,(d) Aggregate backlog.,PF,1.95,168.1103061967501
fig05,(d) Aggregate backlog.,PF,2.0500000000000003,179.24668074301545
fig05,(d) Aggregate backlog.,PF,2.15,189.73132388302312
fig05,(d) Aggregate backlog.,PF,2.25,200.74740808167044
fig05,(d) Aggregate backlog.,PF,2.35,211.22466130418735
fig05,(d) Aggregate backlog.,PF,2.45,222.0580723866396
fig05,(d) Aggregate backlog.,PF,2.5500000000000003,232.93460605203643
fig05,(d) Aggregate backlog.,PF,2.6500000000000004,244.52467924972615
fig05,(d) Aggregate backlog.,PF,2.75,256.0316248592571
fig05,(d) Aggregate backlog.,PF,2.85,267.7074521555533
fig05,(d) Aggregate backlog.,PF,2.95,278.8075841636212
fig05,(d) Aggregate backlog.,PF,3.0500000000000003,290.0619983875744
fig05,(d) Aggregate backlog.,PF,3.1500000000000004,301.8598087681035
fig05,(d) Aggregate backlog.,PF,3.25,313.6349802184399
fig05,(d) Aggregate backlog.,PF,3.35,325.22102325946554
fig05,(d) Aggregate backlog.,PF,3.45,335.9711532419808
fig05,(d) Aggregate backlog.,PF,3.5500000000000003,346.31400408131867
fig05,(d) Aggregate backlog.,PF,3.65,356.5811313479853
fig05,(d) Aggregate backlog.,PF,3.75,366.9148740410257
fig05,(d) Aggregate backlog.,PF,3.85,378.0737459416667
fig05,(d) Aggregate backlog.,PF,3.95,389.5030715278736
fig05,(d) Aggregate backlog.,PF,4.05,400.6116743024768
fig05,(d) Aggregate backlog.,PF,4.15,411.6851094172203
fig05,(d) Aggregate backlog.,PF,4.25,422.6567431023313
fig05,(d) Aggregate backlog.,PF,4.3500000000000005,433.62858741087416
fig05,(d) Aggregate backlog.,PF,4.45,444.0792202168295
fig05,(d) Aggregate backlog.,PF,4.55,454.4143177501094
fig05,(d) Aggregate backlog.,PF,4.65,464.7186621396225
fig05,(d) Aggregate backlog.,PF,4.75,475.0866627105902
fig05,(d) Aggregate backlog.,PF,4.8500000000000005,485.8117948119754
fig05,(d) Aggregate backlog.,PF,4.95,496.800639731473
fig05,(d) Aggregate backlog.,PF,5.050000000000001,507.5140351700013
fig05,(d) Aggregate backlog.,PF,5.15,518.7927557101722
fig05,(d) Aggregate backlog.,PF,5.25,529.8753342513486
fig05,(d) Aggregate backlog.,PF,5.3500000000000005,541.1910192980057
fig05,(d) Aggregate backlog.,PF,5.45,552.1576732655064
fig05,(d) Aggregate backlog.,PF,5.550000000000001,563.3751325060127
fig05,(d) Aggregate backlog.,PF,5.65,574.4966301685641
fig05,(d) Aggregate backlog.,PF,5.75,585.4033456375387
fig05,(d) Aggregate backlog.,PF,5.8500000000000005,596.337271789625
fig05,(d) Aggregate backlog.,PF,5.95,607.5315370085551
fig05,(d) Aggregate backlog.,PF,6.050000000000001,618.6425889295789
fig05,(d) Aggregate backlog.,PF,6.15,629.2179936493459
fig05,(d) Aggregate backlog.,PF,6.25,640.5264923367776
fig05,(d) Aggregate backlog.,PF,6.3500000000000005,654.6084817339278
fig05,(d) Aggregate backlog.,PF,6.45,672.9129137465683
fig05,(d) Aggregate backlog.,PF,6.550000000000001,695.7726550245984
fig05,(d) Aggregate backlog.,PF,6.65,719.0993306191746
fig05,(d) Aggregate backlog.,PF,6.75,742.6963137949878
fig05,(d) Aggregate backlog.,PF,6.8500000000000005,766.0177766551669
fig05,(d) Aggregate backlog.,PF,6.95,789.7855770719085
fig05,(d) Aggregate backlog.,PF,7.050000000000001,814.659636283916
fig05,(d) Aggregate backlog.,PF,7.15,838.4328964633384
fig05,(d) Aggregate backlog.,PF,7.25,863.1445535578838
fig05,(d) Aggregate backlog.,PF,7.35,886.8426680633784
fig05,(d) Aggregate backlog.,PF,7.45,910.59217070105
fig05,(d) Aggregate backlog.,PF,7.550000000000001,934.5138139628044
fig05,(d) Aggregate backlog.,PF,7.65,958.4782047672744
fig05,(d) Aggregate backlog.,PF,7.75,982.9586749245392
fig05,(d) Aggregate backlog.,PF,7.85,1007.8427925889224
fig05,(d) Aggregate backlog.,PF,7.95,1032.5212175303652
fig05,(d) Aggregate backlog.,PF,8.05,1056.7644768636983
fig05,(d) Aggregate backlog.,PF,8.15,1080.8874538975608
fig05,(d) Aggregate backlog.,PF,8.25,1105.1005684666668
fig05,(d) Aggregate backlog.,PF,8.35,1129.2139368015503
fig05,(d) Aggregate backlog.,PF,8.450000000000001,1152.7150829841592
fig05,(d) Aggregate backlog.,PF,8.55,1175.8778302374924
fig05,(d) Aggregate backlog.,PF,8.65,1199.0629622685
fig05,(d) Aggregate backlog.,PF,8.75,1222.2060643132006
fig05,(d) Aggregate backlog.,PF,8.85,1245.9413323108038
fig05,(d) Aggregate backlog.,PF,8.950000000000001,1269.9587047595642
fig05,(d) Aggregate backlog.,PF,9.05,1294.2674872359587
fig05,(d) Aggregate backlog.,PF,9.15,1317.9475804374033
fig05,(d) Aggregate backlog.,PF,9.25,1340.8687280378715
fig05,(d) Aggregate backlog.,PF,9.35,1363.5608842368133
fig05,(d) Aggregate backlog.,PF,9.45,1387.3523710664838
fig05,(d) Aggregate backlog.,PF,9.55,1412.525231599512
fig05,(d) Aggregate backlog.,PF,9.65,1438.2487701344246
fig05,(d) Aggregate backlog.,PF,9.75,1462.591664025707
fig05,(d) Aggregate backlog.,PF,9.85,1486.580104300323
fig05,(d) Aggregate backlog.,PF,9.95,1509.7394572960975
fig05,(d) Aggregate backlog.,PF,10.05,1534.037215536683
fig05,(d) Aggregate backlog.,PF,10.15,1557.4716367207568
fig05,(d) Aggregate backlog.,PF,10.25,1581.2997016952668
fig05,(d) Aggregate backlog.,PF,10.35,1605.498783719944
fig05,(d) Aggregate backlog.,PF,10.45,1630.074404127921
fig05,(d) Aggregate backlog.,PF,10.55,1653.938042406816
fig05,(d) Aggregate backlog.,PF,10.65,1676.8759327015532
fig05,(d) Aggregate backlog.,PF,10.75,1700.614963603405
fig05,(d) Aggregate backlog.,PF,10.85,1724.9696603601449
fig05,(d) Aggregate backlog.,PF,10.95,1749.3388431030023
fig05,(d) Aggregate backlog.,PF,11.05,1773.77789366601
fig05,(d) Aggregate backlog.,PF,11.15,1797.4248405691983
fig05,(d) Aggregate backlog.,PF,11.25,1821.1845629246911
fig05,(d) Aggregate backlog.,PF,11.35,1844.3833962677115
fig05,(d) Aggregate backlog.,PF,11.45,1867.473641186846
fig05,(d) Aggregate backlog.,PF,11.55,1891.645895956537
fig05,(d) Aggregate backlog.,PF,11.65,1914.980594642614
fig05,(d) Aggregate backlog.,PF,11.75,1938.0480371707529
fig05,(d) Aggregate backlog.,PF,11.85,1961.5215846527117
fig05,(d) Aggregate backlog.,PF,11.95,1986.0312685782828
fig05,(d) Aggregate backlog.,PF,12.05,2011.2638442421207
fig05,(d) Aggregate backlog.,PF,12.15,2035.633322492121
fig05,(d) Aggregate backlog.,PF,12.25,2060.351669630327
fig05,(d) Aggregate backlog.,PF,12.35,2086.880950969712
fig05,(d) Aggregate backlog.,PF,12.45,2119.7320894561985
fig05,(d) Aggregate backlog.,PF,12.55,2158.183135933295
fig05,(d) Aggregate backlog.,PF,12.65,2198.4306783094653
fig05,(d) Aggregate backlog.,PF,12.75,2240.2299318640044
fig05,(d) Aggregate backlog.,PF,12.85,2281.454286489156
fig05,(d) Aggregate backlog.,PF,12.95,2325.8535397764285
fig05,(d) Aggregate backlog.,PF,13.05,2367.564372890958
fig05,(d) Aggregate backlog.,PF,13.15,2409.4522206650504
fig05,(d) Aggregate backlog.,PF,13.25,2449.573927320494
fig05,(d) Aggregate backlog.,PF,13.35,2491.490754262499
fig05,(d) Aggregate backlog.,PF,13.45,2533.2228328136102
fig05,(d) Aggregate backlog.,PF,13.55,2575.5051644825376
fig05,(d) Aggregate backlog.,PF,13.65,2617.000404008165
fig05,(d) Aggregate backlog.,PF,13.75,2657.8171355839227
fig05,(d) Aggregate backlog.,PF,13.85,2699.392952427016
fig05,(d) Aggregate backlog.,PF,13.95,2740.3615222922
fig05,(d) Aggregate backlog.,PF,14.05,2782.4750947838584
fig05,(d) Aggregate backlog.,PF,14.15,2824.6550535941024
fig05,(d) Aggregate backlog.,PF,14.25,2866.1680667723963
fig05,(d) Aggregate backlog.,PF,14.35,2907.481926188127
fig05,(d) Aggregate backlog.,PF,14.45,2949.0350996822804
fig05,(d) Aggregate backlog.,PF,14.55,2991.675231374588
fig05,(d) Aggregate backlog.,PF,14.65,3033.946794714487
fig05,(d) Aggregate backlog.,PF,14.75,3076.076304740461
fig05,(d) Aggregate backlog.,PF,14.85,3117.5032131577427
fig05,(d) Aggregate backlog.,PF,14.95,3158.373753668031
fig05,(d) Aggregate backlog.,PF,15.05,3199.9292105801774
fig05,(d) Aggregate backlog.,PF,15.15,3242.2790465918006
fig05,(d) Aggregate backlog.,PF,15.25,3285.199938840388
fig05,(d) Aggregate backlog.,PF,15.35,3328.2891025920217
fig05,(d) Aggregate backlog.,PF,15.45,3371.282646026365
fig05,(d) Aggregate backlog.,PF,15.55,3414.246604553288
fig05,(d) Aggregate backlog.,PF,15.65,3455.8680175095164
fig05,(d) Aggregate backlog.,PF,15.75,3496.336546353961
fig05,(d) Aggregate backlog.,PF,15.85,3537.3751839908223
fig05,(d) Aggregate backlog.,PF,15.95,3577.132511185704
fig05,(d) Aggregate backlog.,PF,16.05,3618.365931505281
fig05,(d) Aggregate backlog.,PF,16.150000000000002,3659.8766645629953
fig05,(d) Aggregate backlog.,PF,16.25,3702.774667933252
fig05,(d) Aggregate backlog.,PF,16.35,3745.409257435898
fig05,(d) Aggregate backlog.,PF,16.45,3786.0659412674
fig05,(d) Aggregate backlog.,PF,16.55,3826.996847454545
fig05,(d) Aggregate backlog.,PF,16.650000000000002,3868.278239686868
fig05,(d) Aggregate backlog.,PF,16.75,3910.614482809524
fig05,(d) Aggregate backlog.,PF,16.85,3951.856377285292
fig05,(d) Aggregate backlog.,PF,16.95,3992.685443988641
fig05,(d) Aggregate backlog.,PF,17.05,4033.220191137732
fig05,(d) Aggregate backlog.,PF,17.150000000000002,4074.784299500459
fig05,(d) Aggregate backlog.,PF,17.25,4116.602688915334
fig05,(d) Aggregate backlog.,PF,17.35,4158.071908353765
fig05,(d) Aggregate backlog.,PF,17.45,4200.334402841239
fig05,(d) Aggregate backlog.,PF,17.55,4241.246626083731
fig05,(d) Aggregate backlog.,PF,17.650000000000002,4284.094367799239
fig05,(d) Aggregate backlog.,PF,17.75,4325.113340764757
fig05,(d) Aggregate backlog.,PF,17.85,4367.153411139972
fig05,(d) Aggregate backlog.,PF,17.95,4408.469723038213
fig05,(d) Aggregate backlog.,PF,18.05,4449.5295499024105
fig05,(d) Aggregate backlog.,PF,18.15,4491.661638566635
fig05,(d) Aggregate backlog.,PF,18.25,4532.780255419381
fig05,(d) Aggregate backlog.,PF,18.35,4570.161406752714
fig05,(d) Aggregate backlog.,PF,18.45,4596.954021928318
fig05,(d) Aggregate backlog.,PF,18.55,4615.293859828697
fig05,(d) Aggregate backlog.,PF,18.65,4629.635539742278
fig05,(d) Aggregate backlog.,PF,18.75,4644.121338478641
fig05,(d) Aggregate backlog.,PF,18.85,4659.500066754902
fig05,(d) Aggregate backlog.,PF,18.95,4675.019194353193
fig05,(d) Aggregate backlog.,PF,19.05,4690.882233911312
fig05,(d) Aggregate backlog.,PF,19.15,4706.080388059228
fig05,(d) Aggregate backlog.,PF,19.25,4721.582515924704
fig05,(d) Aggregate backlog.,PF,19.35,4736.734107880112
fig05,(d) Aggregate backlog.,PF,19.450000000000003,4752.240196706924
fig05,(d) Aggregate backlog.,PF,19.55,4767.97260410362
fig05,(d) Aggregate backlog.,PF,19.65,4783.086994890095
fig05,(d) Aggregate backlog.,PF,19.75,4798.05076854618
fig05,(d) Aggregate backlog.,PF,19.85,4812.406578525714
fig05,(d) Aggregate backlog.,PF,19.950000000000003,4827.351984079737
fig05,(d) Aggregate backlog.,PF,20.05,4842.3509353218005
fig05,(d) Aggregate backlog.,PF,20.15,4856.948592646358
fig05,(d) Aggregate backlog.,PF,20.25,4872.212358458569
fig05,(d) Aggregate backlog.,PF,20.35,4887.547543890791
fig05,(d) Aggregate backlog.,PF,20.450000000000003,4903.704743780497
fig05,(d) Aggregate backlog.,PF,20.55,4918.788758048019
fig05,(d) Aggregate backlog.,PF,20.65,4934.352834767672
fig05,(d) Aggregate backlog.,PF,20.75,4948.67415201226
fig05,(d) Aggregate backlog.,PF,20.85,4964.228410172597
fig05,(d) Aggregate backlog.,PF,20.950000000000003,4979.448792297388
fig05,(d) Aggregate backlog.,PF,21.05,4994.70158613187
fig05,(d) Aggregate backlog.,PF,21.15,5009.883033604444
fig05,(d) Aggregate backlog.,PF,21.25,5025.434130901449
fig05,(d) Aggregate backlog.,PF,21.35,5042.422051548604
fig05,(d) Aggregate backlog.,PF,21.450000000000003,5058.087625881937
fig05,(d) Aggregate backlog.,PF,21.55,5072.848400558266
fig05,(d) Aggregate backlog.,PF,21.65,5086.857986840049
fig05,(d) Aggregate backlog.,PF,21.75,5101.845158722402
fig05,(d) Aggregate backlog.,PF,21.85,5116.520542251291
fig05,(d) Aggregate backlog.,PF,21.950000000000003,5131.821072734474
fig05,(d) Aggregate backlog.,PF,22.05,5146.428218185455
fig05,(d) Aggregate backlog.,PF,22.15,5162.23007624425
fig05,(d) Aggregate backlog.,PF,22.25,5177.125369224285
fig05,(d) Aggregate backlog.,PF,22.35,5191.907777458718
fig05,(d) Aggregate backlog.,PF,22.450000000000003,5206.656025890356
fig05,(d) Aggregate backlog.,PF,22.55,5221.253592472848
fig05,(d) Aggregate backlog.,PF,22.65,5236.559842445313
fig05,(d) Aggregate backlog.,PF,22.75,5250.72254350343
fig05,(d) Aggregate backlog.,PF,22.85,5265.379493226724
fig05,(d) Aggregate backlog.,PF,22.950000000000003,5280.445902800922
fig05,(d) Aggregate backlog.,PF,23.05,5296.562650345703
fig05,(d) Aggregate backlog.,PF,23.15,5311.992046212102
fig05,(d) Aggregate backlog.,PF,23.25,5326.827026850484
fig05,(d) Aggregate backlog.,PF,23.35,5341.288522575026
fig05,(d) Aggregate backlog.,PF,23.450000000000003,5356.146757912439
fig05,(d) Aggregate backlog.,PF,23.55,5370.876007811804
fig05,(d) Aggregate backlog.,PF,23.65,5385.611800324299
fig05,(d) Aggregate backlog.,PF,23.75,5400.380443591172
fig05,(d) Aggregate backlog.,PF,23.85,5415.656899638529
fig05,(d) Aggregate backlog.,PF,23.950000000000003,5430.909304965455
fig05,(d) Aggregate backlog.,PF,24.05,5445.978981818377
fig05,(d) Aggregate backlog.,PF,24.15,5460.163279232115
fig05,(d) Aggregate backlog.,PF,24.25,5474.434891843313
fig05,(d) Aggregate backlog.,PF,24.35,5494.288027568774
fig05,(d) Aggregate backlog.,PF,24.450000000000003,5527.607609626676
fig05,(d) Aggregate backlog.,PF,24.55,5571.370242562625
fig05,(d) Aggregate backlog.,PF,24.65,5621.715974839858
fig05,(d) Aggregate backlog.,PF,24.75,5671.524308267722
fig05,(d) Aggregate backlog.,PF,24.85,5724.207414582696
fig05,(d) Aggregate backlog.,PF,24.950000000000003,5775.826583773269
fig05,(d) Aggregate backlog.,PF,25.05,5827.71276047656
fig05,(d) Aggregate backlog.,PF,25.15,5877.824206482123
fig05,(d) Aggregate backlog.,PF,25.25,5926.845420109585
fig05,(d) Aggregate backlog.,PF,25.35,5975.352407518371
fig05,(d) Aggregate backlog.,PF,25.450000000000003,6024.033633361517
fig05,(d) Aggregate backlog.,PF,25.55,6075.792683129203
fig05,(d) Aggregate backlog.,PF,25.65,6127.394243766077
fig05,(d) Aggregate backlog.,PF,25.75,6177.692385351354
fig05,(d) Aggregate backlog.,PF,25.85,6227.211577719169
fig05,(d) Aggregate backlog.,PF,25.950000000000003,6277.624774966166
fig05,(d) Aggregate backlog.,PF,26.05,6328.3399631460925
fig05,(d) Aggregate backlog.,PF,26.15,6379.238430443584
fig05,(d) Aggregate backlog.,PF,26.25,6428.444975463418
fig05,(d) Aggregate backlog.,PF,26.35,6479.438849323417
fig05,(d) Aggregate backlog.,PF,26.450000000000003,6529.186105518736
fig05,(d) Aggregate backlog.,PF,26.55,6579.865947046778
fig05,(d) Aggregate backlog.,PF,26.65,6629.110328625567
fig05,(d) Aggregate backlog.,PF,26.75,6679.573728859253
fig05,(d) Aggregate backlog.,PF,26.85,6728.337035461075
fig05,(d) Aggregate backlog.,PF,26.950000000000003,6777.04453321997
fig05,(d) Aggregate backlog.,PF,27.05,6827.085786584383
fig05,(d) Aggregate backlog.,PF,27.15,6877.597374657053
fig05,(d) Aggregate backlog.,PF,27.25,6930.177546651849
fig05,(d) Aggregate backlog.,PF,27.35,6980.308426108745
fig05,(d) Aggregate backlog.,PF,27.450000000000003,7031.822716844585
fig05,(d) Aggregate backlog.,PF,27.55,7080.648469020616
fig05,(d) Aggregate backlog.,PF,27.65,7131.109098869899
fig05,(d) Aggregate backlog.,PF,27.75,7181.541620414952
fig05,(d) Aggregate backlog.,PF,27.85,7231.699122075307
fig05,(d) Aggregate backlog.,PF,27.950000000000003,7281.909765612862
fig05,(d) Aggregate backlog.,PF,28.05,7331.201294578589
fig05,(d) Aggregate backlog.,PF,28.15,7380.625079829351
fig05,(d) Aggregate backlog.,PF,28.25,7429.163446952375
fig05,(d) Aggregate backlog.,PF,28.35,7478.547835570942
fig05,(d) Aggregate backlog.,PF,28.450000000000003,7529.639723152129
fig05,(d) Aggregate backlog.,PF,28.55,7579.759922983353
fig05,(d) Aggregate backlog.,PF,28.65,7629.688004122819
fig05,(d) Aggregate backlog.,PF,28.75,7679.020595573522
fig05,(d) Aggregate backlog.,PF,28.85,7728.450111589208
fig05,(d) Aggregate backlog.,PF,28.950000000000003,7777.635573288274
fig05,(d) Aggregate backlog.,PF,29.05,7826.135179098162
fig05,(d) Aggregate backlog.,PF,29.15,7876.515183468018
fig05,(d) Aggregate backlog.,PF,29.25,7926.543176027114
fig05,(d) Aggregate backlog.,PF,29.35,7977.836546975752
fig05,(d) Aggregate backlog.,PF,29.450000000000003,8028.251840219839
fig05,(d) Aggregate backlog.,PF,29.55,8078.885582122126
fig05,(d) Aggregate backlog.,PF,29.65,8129.831394731744
fig05,(d) Aggregate backlog.,PF,29.75,8181.672404947076
fig05,(d) Aggregate backlog.,PF,29.85,8232.256443124794
fig05,(d) Aggregate backlog.,PF,29.950000000000003,8281.730210338466
fig05,(d) Aggregate backlog.,PF,30.05,8330.52784233189
fig05,(d) Aggregate backlog.,PF,30.15,8380.128639811172
fig05,(d) Aggregate backlog.,PF,30.25,8431.425343035977
fig05,(d) Aggregate backlog.,PF,30.35,8456.613146796391
fig05,(d) Aggregate backlog.,MR,0.45,8.254570088878795
fig05,(d) Aggregate backlog.,MR,0.55,12.322028012468904
fig05,(d) Aggregate backlog.,MR,0.65,20.45978896762528
fig05,(d) Aggregate backlog.,MR,0.75,28.53272525897117
fig05,(d) Aggregate backlog.,MR,0.8500000000000001,36.567503660109146
fig05,(d) Aggregate backlog.,MR,0.95,44.69024083660543
fig05,(d) Aggregate backlog.,MR,1.05,52.79327715218225
fig05,(d) Aggregate backlog.,MR,1.15,60.93334126877591
fig05,(d) Aggregate backlog.,MR,1.25,68.95625112591878
fig05,(d) Aggregate backlog.,MR,1.35,76.97956178047184
fig05,(d) Aggregate backlog.,MR,1.4500000000000002,84.99146052273703
fig05,(d) Aggregate backlog.,MR,1.55,92.99813844465896
fig05,(d) Aggregate backlog.,MR,1.65,101.0171779485908
fig05,(d) Aggregate backlog.,MR,1.75,109.02728950080969
fig05,(d) Aggregate backlog.,MR,1.85,117.03140957888776
fig05,(d) Aggregate backlog.,MR,1.95,125.02103021370796
fig05,(d) Aggregate backlog.,MR,2.0500000000000003,133.09269730914545
fig05,(d) Aggregate backlog.,MR,2.15,141.16570237220853
fig05,(d) Aggregate backlog.,MR,2.25,149.2909355789034
fig05,(d) Aggregate backlog.,MR,2.35,157.3284136686511
fig05,(d) Aggregate backlog.,MR,2.45,165.34335846273092
fig05,(d) Aggregate backlog.,MR,2.5500000000000003,173.3734482384386
fig05,(d) Aggregate backlog.,MR,2.6500000000000004,181.39238320903343
fig05,(d) Aggregate backlog.,MR,2.75,189.4495603368756
fig05,(d) Aggregate backlog.,MR,2.85,197.48589717346437
fig05,(d) Aggregate backlog.,MR,2.95,205.4938737552825
fig05,(d) Aggregate backlog.,MR,3.0500000000000003,213.4675854131547
fig05,(d) Aggregate backlog.,MR,3.1500000000000004,221.51493564891777
fig05,(d) Aggregate backlog.,MR,3.25,229.57661736017317
fig05,(d) Aggregate backlog.,MR,3.35,237.6822785926548
fig05,(d) Aggregate backlog.,MR,3.45,245.8059274425657
fig05,(d) Aggregate backlog.,MR,3.5500000000000003,253.9123680459437
fig05,(d) Aggregate backlog.,MR,3.65,262.0325882908235
fig05,(d) Aggregate backlog.,MR,3.75,270.0686108426443
fig05,(d) Aggregate backlog.,MR,3.85,278.1791700677156
fig05,(d) Aggregate backlog.,MR,3.95,286.3361117234073
fig05,(d) Aggregate backlog.,MR,4.05,294.4960202621716
fig05,(d) Aggregate backlog.,MR,4.15,302.67671644165875
fig05,(d) Aggregate backlog.,MR,4.25,310.8323036737484
fig05,(d) Aggregate backlog.,MR,4.3500000000000005,318.9828713684336
fig05,(d) Aggregate backlog.,MR,4.45,327.135037413429
fig05,(d) Aggregate backlog.,MR,4.55,335.3406981547168
fig05,(d) Aggregate backlog.,MR,4.65,343.6097687771892
fig05,(d) Aggregate backlog.,MR,4.75,351.8806278846272
fig05,(d) Aggregate backlog.,MR,4.8500000000000005,360.05192967035345
fig05,(d) Aggregate backlog.,MR,4.95,368.2598806204135
fig05,(d) Aggregate backlog.,MR,5.050000000000001,376.40414337144085
fig05,(d) Aggregate backlog.,MR,5.15,384.5477308081783
fig05,(d) Aggregate backlog.,MR,5.25,392.6767632012596
fig05,(d) Aggregate backlog.,MR,5.3500000000000005,400.8117320542432
fig05,(d) Aggregate backlog.,MR,5.45,409.0411154265778
fig05,(d) Aggregate backlog.,MR,5.550000000000001,417.191081733221
fig05,(d) Aggregate backlog.,MR,5.65,425.4140216064063
fig05,(d) Aggregate backlog.,MR,5.75,433.5531754882156
fig05,(d) Aggregate backlog.,MR,5.8500000000000005,441.7078723036425
fig05,(d) Aggregate backlog.,MR,5.95,449.819708793124
fig05,(d) Aggregate backlog.,MR,6.050000000000001,457.9374876454895
fig05,(d) Aggregate backlog.,MR,6.15,466.0349138995942
fig05,(d) Aggregate backlog.,MR,6.25,474.12519093641214
fig05,(d) Aggregate backlog.,MR,6.3500000000000005,483.6597986879881
fig05,(d) Aggregate backlog.,MR,6.45,496.7685707194036
fig05,(d) Aggregate backlog.,MR,6.550000000000001,512.7476921504767
fig05,(d) Aggregate backlog.,MR,6.65,530.1018269873065
fig05,(d) Aggregate backlog.,MR,6.75,546.7409448092243
fig05,(d) Aggregate backlog.,MR,6.8500000000000005,563.347147
fig05,(d) Aggregate backlog.,MR,6.95,580.0203487902869
fig05,(d) Aggregate backlog.,MR,7.050000000000001,596.6473750894323
fig05,(d) Aggregate backlog.,MR,7.15,613.0961282394322
fig05,(d) Aggregate backlog.,MR,7.25,629.3744298824787
fig05,(d) Aggregate backlog.,MR,7.35,645.5762367333333
fig05,(d) Aggregate backlog.,MR,7.45,661.8504429808489
fig05,(d) Aggregate backlog.,MR,7.550000000000001,678.1259577676414
fig05,(d) Aggregate backlog.,MR,7.65,694.3842280509747
fig05,(d) Aggregate backlog.,MR,7.75,710.6258618034591
fig05,(d) Aggregate backlog.,MR,7.85,726.8661870166667
fig05,(d) Aggregate backlog.,MR,7.95,743.1397028731884
fig05,(d) Aggregate backlog.,MR,8.05,759.4318357731885
fig05,(d) Aggregate backlog.,MR,8.15,775.7073505599809
fig05,(d) Aggregate backlog.,MR,8.25,791.9496747034591
fig05,(d) Aggregate backlog.,MR,8.35,808.173381803459
fig05,(d) Aggregate backlog.,MR,8.450000000000001,824.4296429808488
fig05,(d) Aggregate backlog.,MR,8.55,840.7210914141821
fig05,(d) Aggregate backlog.,MR,8.65,856.9973008700522
fig05,(d) Aggregate backlog.,MR,8.75,873.2389346225367
fig05,(d) Aggregate backlog.,MR,8.85,889.4633261892033
fig05,(d) Aggregate backlog.,MR,8.950000000000001,905.7189028731884
fig05,(d) Aggregate backlog.,MR,9.05,922.0110357731884
fig05,(d) Aggregate backlog.,MR,9.15,938.2865505599808
fig05,(d) Aggregate backlog.,MR,9.25,954.5288747034592
fig05,(d) Aggregate backlog.,MR,9.35,970.7525818034592
fig05,(d) Aggregate backlog.,MR,9.45,987.0088429808488
fig05,(d) Aggregate backlog.,MR,9.55,1003.3002914141822
fig05,(d) Aggregate backlog.,MR,9.65,1019.5765008700522
fig05,(d) Aggregate backlog.,MR,9.75,1035.8181346225367
fig05,(d) Aggregate backlog.,MR,9.85,1052.0425261892035
fig05,(d) Aggregate backlog.,MR,9.95,1068.2981028731883
fig05,(d) Aggregate backlog.,MR,10.05,1084.5902357731884
fig05,(d) Aggregate backlog.,MR,10.15,1100.8657505599806
fig05,(d) Aggregate backlog.,MR,10.25,1117.1080747034591
fig05,(d) Aggregate backlog.,MR,10.35,1133.331781803459
fig05,(d) Aggregate backlog.,MR,10.45,1149.5880429808487
fig05,(d) Aggregate backlog.,MR,10.55,1165.8794914141822
fig05,(d) Aggregate backlog.,MR,10.65,1182.1557008700522
fig05,(d) Aggregate backlog.,MR,10.75,1198.3973346225366
fig05,(d) Aggregate backlog.,MR,10.85,1214.6217261892032
fig05,(d) Aggregate backlog.,MR,10.95,1230.8773028731882
fig05,(d) Aggregate backlog.,MR,11.05,1247.1694357731883
fig05,(d) Aggregate backlog.,MR,11.15,1263.4449505599807
fig05,(d) Aggregate backlog.,MR,11.25,1279.6872747034593
fig05,(d) Aggregate backlog.,MR,11.35,1295.9109818034592
fig05,(d) Aggregate backlog.,MR,11.45,1312.1672429808489
fig05,(d) Aggregate backlog.,MR,11.55,1328.458691414182
fig05,(d) Aggregate backlog.,MR,11.65,1344.7349008700523
fig05,(d) Aggregate backlog.,MR,11.75,1360.9765346225367
fig05,(d) Aggregate backlog.,MR,11.85,1377.2009261892033
fig05,(d) Aggregate backlog.,MR,11.95,1393.4565028731886
fig05,(d) Aggregate backlog.,MR,12.05,1409.7486357731884
fig05,(d) Aggregate backlog.,MR,12.15,1426.0241505599809
fig05,(d) Aggregate backlog.,MR,12.25,1442.266474703459
fig05,(d) Aggregate backlog.,MR,12.35,1461.241133953459
fig05,(d) Aggregate backlog.,MR,12.45,1485.7662104020703
fig05,(d) Aggregate backlog.,MR,12.55,1515.844727968737
fig05,(d) Aggregate backlog.,MR,12.65,1548.640269433936
fig05,(d) Aggregate backlog.,MR,12.75,1581.3673850985324
fig05,(d) Aggregate backlog.,MR,12.85,1614.0594544318658
fig05,(d) Aggregate backlog.,MR,12.95,1646.7846980000002
fig05,(d) Aggregate backlog.,MR,13.05,1679.5782040496897
fig05,(d) Aggregate backlog.,MR,13.15,1712.3736004815553
fig05,(d) Aggregate backlog.,MR,13.25,1745.1339204815552
fig05,(d) Aggregate backlog.,MR,13.35,1777.861054431866
fig05,(d) Aggregate backlog.,MR,13.45,1810.586298
fig05,(d) Aggregate backlog.,MR,13.55,1843.3798040496893
fig05,(d) Aggregate backlog.,MR,13.65,1876.1752004815555
fig05,(d) Aggregate backlog.,MR,13.75,1908.9355204815556
fig05,(d) Aggregate backlog.,MR,13.85,1941.6626544318656
fig05,(d) Aggregate backlog.,MR,13.95,1974.387898
fig05,(d) Aggregate backlog.,MR,14.05,2007.1814040496893
fig05,(d) Aggregate backlog.,MR,14.15,2039.976800481555
fig05,(d) Aggregate backlog.,MR,14.25,2072.7371204815554
fig05,(d) Aggregate backlog.,MR,14.35,2105.464254431866
fig05,(d) Aggregate backlog.,MR,14.45,2138.189498
fig05,(d) Aggregate backlog.,MR,14.55,2170.983004049689
fig05,(d) Aggregate backlog.,MR,14.65,2203.7784004815558
fig05,(d) Aggregate backlog.,MR,14.75,2236.538720481556
fig05,(d) Aggregate backlog.,MR,14.85,2269.265854431866
fig05,(d) Aggregate backlog.,MR,14.95,2301.991098
fig05,(d) Aggregate backlog.,MR,15.05,2334.7846040496897
fig05,(d) Aggregate backlog.,MR,15.15,2367.580000481555
fig05,(d) Aggregate backlog.,MR,15.25,2400.3403204815554
fig05,(d) Aggregate backlog.,MR,15.35,2433.067454431866
fig05,(d) Aggregate backlog.,MR,15.45,2465.792698
fig05,(d) Aggregate backlog.,MR,15.55,2498.586204049689
fig05,(d) Aggregate backlog.,MR,15.65,2531.381600481556
fig05,(d) Aggregate backlog.,MR,15.75,2564.141920481555
fig05,(d) Aggregate backlog.,MR,15.85,2596.8690544318656
fig05,(d) Aggregate backlog.,MR,15.95,2629.594298
fig05,(d) Aggregate backlog.,MR,16.05,2662.3878040496897
fig05,(d) Aggregate backlog.,MR,16.150000000000002,2695.183200481556
fig05,(d) Aggregate backlog.,MR,16.25,2727.976706531245
fig05,(d) Aggregate backlog.,MR,16.35,2760.738916913421
fig05,(d) Aggregate backlog.,MR,16.45,2793.464160481555
fig05,(d) Aggregate backlog.,MR,16.55,2826.224480481555
fig05,(d) Aggregate backlog.,MR,16.650000000000002,2858.984800481556
fig05,(d) Aggregate backlog.,MR,16.75,2891.7783065312447
fig05,(d) Aggregate backlog.,MR,16.85,2924.540516913421
fig05,(d) Aggregate backlog.,MR,16.95,2957.2657604815554
fig05,(d) Aggregate backlog.,MR,17.05,2990.0260804815557
fig05,(d) Aggregate backlog.,MR,17.150000000000002,3022.7863164899413
fig05,(d) Aggregate backlog.,MR,17.25,3055.57961516903
fig05,(d) Aggregate backlog.,MR,17.35,3088.341615572171
fig05,(d) Aggregate backlog.,MR,17.45,3121.0667344652525
fig05,(d) Aggregate backlog.,MR,17.55,3153.827054465253
fig05,(d) Aggregate backlog.,MR,17.650000000000002,3186.5873744652527
fig05,(d) Aggregate backlog.,MR,17.75,3219.3808818110083
fig05,(d) Aggregate backlog.,MR,17.85,3252.1430895847493
fig05,(d) Aggregate backlog.,MR,17.95,3284.8683344652527
fig05,(d) Aggregate backlog.,MR,18.05,3317.628654465253
fig05,(d) Aggregate backlog.,MR,18.15,3350.388974465253
fig05,(d) Aggregate backlog.,MR,18.25,3383.1824818110085
fig05,(d) Aggregate backlog.,MR,18.35,3411.5224788677683
fig05,(d) Aggregate backlog.,MR,18.45,3431.051750914938
fig05,(d) Aggregate backlog.,MR,18.55,3441.7873277927847
fig05,(d) Aggregate backlog.,MR,18.65,3448.143807792785
fig05,(d) Aggregate backlog.,MR,18.75,3454.505984849721
fig05,(d) Aggregate backlog.,MR,18.85,3460.8643250286336
fig05,(d) Aggregate backlog.,MR,18.95,3467.213247792785
fig05,(d) Aggregate backlog.,MR,19.05,3473.5697277927848
fig05,(d) Aggregate backlog.,MR,19.15,3479.926207792785
fig05,(d) Aggregate backlog.,MR,19.25,3486.2883848497204
fig05,(d) Aggregate backlog.,MR,19.35,3492.646725028633
fig05,(d) Aggregate backlog.,MR,19.450000000000003,3498.9956477927844
fig05,(d) Aggregate backlog.,MR,19.55,3505.352127792785
fig05,(d) Aggregate backlog.,MR,19.65,3511.7086077927847
fig05,(d) Aggregate backlog.,MR,19.75,3518.0707848497204
fig05,(d) Aggregate backlog.,MR,19.85,3524.4291250286337
fig05,(d) Aggregate backlog.,MR,19.950000000000003,3530.778047792785
fig05,(d) Aggregate backlog.,MR,20.05,3537.134527792785
fig05,(d) Aggregate backlog.,MR,20.15,3543.491007792785
fig05,(d) Aggregate backlog.,MR,20.25,3549.853184849721
fig05,(d) Aggregate backlog.,MR,20.35,3556.2115250286347
fig05,(d) Aggregate backlog.,MR,20.450000000000003,3562.560447792785
fig05,(d) Aggregate backlog.,MR,20.55,3568.916927792785
fig05,(d) Aggregate backlog.,MR,20.65,3575.2734077927853
fig05,(d) Aggregate backlog.,MR,20.75,3581.635584849721
fig05,(d) Aggregate backlog.,MR,20.85,3587.993925028634
fig05,(d) Aggregate backlog.,MR,20.950000000000003,3594.342847792785
fig05,(d) Aggregate backlog.,MR,21.05,3600.699327792785
fig05,(d) Aggregate backlog.,MR,21.15,3607.055807792785
fig05,(d) Aggregate backlog.,MR,21.25,3613.4179848497206
fig05,(d) Aggregate backlog.,MR,21.35,3619.7763250286334
fig05,(d) Aggregate backlog.,MR,21.450000000000003,3626.1252477927846
fig05,(d) Aggregate backlog.,MR,21.55,3632.481727792785
fig05,(d) Aggregate backlog.,MR,21.65,3638.838207792785
fig05,(d) Aggregate backlog.,MR,21.75,3645.2003848497206
fig05,(d) Aggregate backlog.,MR,21.85,3651.5587250286335
fig05,(d) Aggregate backlog.,MR,21.950000000000003,3657.9076477927847
fig05,(d) Aggregate backlog.,MR,22.05,3664.264127792785
fig05,(d) Aggregate backlog.,MR,22.15,3670.620607792785
fig05,(d) Aggregate backlog.,MR,22.25,3676.9827848497207
fig05,(d) Aggregate backlog.,MR,22.35,3683.3411250286335
fig05,(d) Aggregate backlog.,MR,22.450000000000003,3689.6900477927848
fig05,(d) Aggregate backlog.,MR,22.55,3696.0465277927847
fig05,(d) Aggregate backlog.,MR,22.65,3702.403007792785
fig05,(d) Aggregate backlog.,MR,22.75,3708.76518484972
fig05,(d) Aggregate backlog.,MR,22.85,3715.1235250286336
fig05,(d) Aggregate backlog.,MR,22.950000000000003,3721.472447792785
fig05,(d) Aggregate backlog.,MR,23.05,3727.8289277927847
fig05,(d) Aggregate backlog.,MR,23.15,3734.185407792784
fig05,(d) Aggregate backlog.,MR,23.25,3740.54758484972
fig05,(d) Aggregate backlog.,MR,23.35,3746.9059250286336
fig05,(d) Aggregate backlog.,MR,23.450000000000003,3753.254847792785
fig05,(d) Aggregate backlog.,MR,23.55,3759.611327792785
fig05,(d) Aggregate backlog.,MR,23.65,3765.967807792785
fig05,(d) Aggregate backlog.,MR,23.75,3772.329984849721
fig05,(d) Aggregate backlog.,MR,23.85,3778.688325028634
fig05,(d) Aggregate backlog.,MR,23.950000000000003,3785.037247792785
fig05,(d) Aggregate backlog.,MR,24.05,3791.393727792785
fig05,(d) Aggregate backlog.,MR,24.15,3797.750207792784
fig05,(d) Aggregate backlog.,MR,24.25,3804.112384849721
fig05,(d) Aggregate backlog.,MR,24.35,3816.380062085238
fig05,(d) Aggregate backlog.,MR,24.450000000000003,3840.3365771827225
fig05,(d) Aggregate backlog.,MR,24.55,3876.072320669264
fig05,(d) Aggregate backlog.,MR,24.65,3917.633849306581
fig05,(d) Aggregate backlog.,MR,24.75,3959.2377775167256
fig05,(d) Aggregate backlog.,MR,24.85,4000.801319903017
fig05,(d) Aggregate backlog.,MR,24.950000000000003,4042.318649306581
fig05,(d) Aggregate backlog.,MR,25.05,4083.880249306581
fig05,(d) Aggregate backlog.,MR,25.15,4125.441849306581
fig05,(d) Aggregate backlog.,MR,25.25,4167.045777516726
fig05,(d) Aggregate backlog.,MR,25.35,4208.609319903017
fig05,(d) Aggregate backlog.,MR,25.450000000000003,4250.1266493065805
fig05,(d) Aggregate backlog.,MR,25.55,4291.645921096436
fig05,(d) Aggregate backlog.,MR,25.65,4333.1632505
fig05,(d) Aggregate backlog.,MR,25.75,4374.767178710145
fig05,(d) Aggregate backlog.,MR,25.85,4416.373049306581
fig05,(d) Aggregate backlog.,MR,25.950000000000003,4457.934649306581
fig05,(d) Aggregate backlog.,MR,26.05,4499.453921096437
fig05,(d) Aggregate backlog.,MR,26.15,4540.9712505
fig05,(d) Aggregate backlog.,MR,26.25,4582.575178710144
fig05,(d) Aggregate backlog.,MR,26.35,4624.181012275135
fig05,(d) Aggregate backlog.,MR,26.450000000000003,4665.742566275135
fig05,(d) Aggregate backlog.,MR,26.55,4707.26179206499
fig05,(d) Aggregate backlog.,MR,26.65,4748.7791125
fig05,(d) Aggregate backlog.,MR,26.75,4790.38304099586
fig05,(d) Aggregate backlog.,MR,26.85,4831.988911302987
fig05,(d) Aggregate backlog.,MR,26.950000000000003,4873.550511302987
fig05,(d) Aggregate backlog.,MR,27.05,4915.069782807128
fig05,(d) Aggregate backlog.,MR,27.15,4956.5871125
fig05,(d) Aggregate backlog.,MR,27.25,4998.191040995859
fig05,(d) Aggregate backlog.,MR,27.35,5039.796911302987
fig05,(d) Aggregate backlog.,MR,27.450000000000003,5081.358511302987
fig05,(d) Aggregate backlog.,MR,27.55,5122.877782807128
fig05,(d) Aggregate backlog.,MR,27.65,5164.395112499999
fig05,(d) Aggregate backlog.,MR,27.75,5205.999040995859
fig05,(d) Aggregate backlog.,MR,27.85,5247.60486930718
fig05,(d) Aggregate backlog.,MR,27.950000000000003,5289.166260640513
fig05,(d) Aggregate backlog.,MR,28.05,5330.685323477987
fig05,(d) Aggregate backlog.,MR,28.15,5372.202486499999
fig05,(d) Aggregate backlog.,MR,28.25,5413.806416291925
fig05,(d) Aggregate backlog.,MR,28.35,5455.412285286685
fig05,(d) Aggregate backlog.,MR,28.450000000000003,5496.973885286684
fig05,(d) Aggregate backlog.,MR,28.55,5538.493155494759
fig05,(d) Aggregate backlog.,MR,28.65,5580.0104865
fig05,(d) Aggregate backlog.,MR,28.75,5621.614416291925
fig05,(d) Aggregate backlog.,MR,28.85,5663.220285286686
fig05,(d) Aggregate backlog.,MR,28.950000000000003,5704.781885286685
fig05,(d) Aggregate backlog.,MR,29.05,5746.301155494759
fig05,(d) Aggregate backlog.,MR,29.15,5787.8184865
fig05,(d) Aggregate backlog.,MR,29.25,5829.422416291926
fig05,(d) Aggregate backlog.,MR,29.35,5871.028285286685
fig05,(d) Aggregate backlog.,MR,29.450000000000003,5912.589885286684
fig05,(d) Aggregate backlog.,MR,29.55,5954.109155494759
fig05,(d) Aggregate backlog.,MR,29.65,5995.6264865
fig05,(d) Aggregate backlog.,MR,29.75,6037.230416291925
fig05,(d) Aggregate backlog.,MR,29.85,6078.836285286685
fig05,(d) Aggregate backlog.,MR,29.950000000000003,6120.397885286685
fig05,(d) Aggregate backlog.,MR,30.05,6161.917155494758
fig05,(d) Aggregate backlog.,MR,30.15,6203.434486499999
fig05,(d) Aggregate backlog.,MR,30.25,6244.9960865
fig05,(d) Aggregate backlog.,MR,30.35,6265.776886500002
fig05,(d) Aggregate backlog.,IA-FMR,0.45,5.380721862700229
fig05,(d) Aggregate backlog.,IA-FMR,0.55,7.290961275555428
fig05,(d) Aggregate backlog.,IA-FMR,0.65,11.190812274989495
fig05,(d) Aggregate backlog.,IA-FMR,0.75,15.187166290313044
fig05,(d) Aggregate backlog.,IA-FMR,0.8500000000000001,19.24747874912677
fig05,(d) Aggregate backlog.,IA-FMR,0.95,23.299426751592357
fig05,(d) Aggregate backlog.,IA-FMR,1.05,27.372514004246284
fig05,(d) Aggregate backlog.,IA-FMR,1.15,31.466696290171907
fig05,(d) Aggregate backlog.,IA-FMR,1.25,35.5682643884277
fig05,(d) Aggregate backlog.,IA-FMR,1.35,39.65360489079583
fig05,(d) Aggregate backlog.,IA-FMR,1.4500000000000002,43.716364108054925
fig05,(d) Aggregate backlog.,IA-FMR,1.55,47.78755052566824
fig05,(d) Aggregate backlog.,IA-FMR,1.65,51.85921285981817
fig05,(d) Aggregate backlog.,IA-FMR,1.75,55.94105056026698
fig05,(d) Aggregate backlog.,IA-FMR,1.85,59.99637204744647
fig05,(d) Aggregate backlog.,IA-FMR,1.95,64.05344965254203
fig05,(d) Aggregate backlog.,IA-FMR,2.0500000000000003,68.11239038096794
fig05,(d) Aggregate backlog.,IA-FMR,2.15,72.18035162632697
fig05,(d) Aggregate backlog.,IA-FMR,2.25,76.26567831847133
fig05,(d) Aggregate backlog.,IA-FMR,2.35,80.34581037247536
fig05,(d) Aggregate backlog.,IA-FMR,2.45,84.4278028878001
fig05,(d) Aggregate backlog.,IA-FMR,2.5500000000000003,88.50639862453046
fig05,(d) Aggregate backlog.,IA-FMR,2.6500000000000004,92.57794801426316
fig05,(d) Aggregate backlog.,IA-FMR,2.75,96.66864754140128
fig05,(d) Aggregate backlog.,IA-FMR,2.85,100.7399358670776
fig05,(d) Aggregate backlog.,IA-FMR,2.95,104.83087714945552
fig05,(d) Aggregate backlog.,IA-FMR,3.0500000000000003,108.9058291265909
fig05,(d) Aggregate backlog.,IA-FMR,3.1500000000000004,112.97236876016092
fig05,(d) Aggregate backlog.,IA-FMR,3.25,117.04002240941782
fig05,(d) Aggregate backlog.,IA-FMR,3.35,121.1203572812127
fig05,(d) Aggregate backlog.,IA-FMR,3.45,125.21637599712558
fig05,(d) Aggregate backlog.,IA-FMR,3.5500000000000003,129.31085975763514
fig05,(d) Aggregate backlog.,IA-FMR,3.65,133.39272261904378
fig05,(d) Aggregate backlog.,IA-FMR,3.75,137.45846747320024
fig05,(d) Aggregate backlog.,IA-FMR,3.85,141.51733111651234
fig05,(d) Aggregate backlog.,IA-FMR,3.95,145.57112620447492
fig05,(d) Aggregate backlog.,IA-FMR,4.05,149.65133622234094
fig05,(d) Aggregate backlog.,IA-FMR,4.15,153.7387982970003
fig05,(d) Aggregate backlog.,IA-FMR,4.25,157.84013894591968
fig05,(d) Aggregate backlog.,IA-FMR,4.3500000000000005,161.89923290616898
fig05,(d) Aggregate backlog.,IA-FMR,4.45,165.95644843660514
fig05,(d) Aggregate backlog.,IA-FMR,4.55,170.02255204344274
fig05,(d) Aggregate backlog.,IA-FMR,4.65,174.11866188633022
fig05,(d) Aggregate backlog.,IA-FMR,4.75,178.22003288083184
fig05,(d) Aggregate backlog.,IA-FMR,4.8500000000000005,182.30560761587455
fig05,(d) Aggregate backlog.,IA-FMR,4.95,186.3877820889321
fig05,(d) Aggregate backlog.,IA-FMR,5.050000000000001,190.46262914876124
fig05,(d) Aggregate backlog.,IA-FMR,5.15,194.5357848161356
fig05,(d) Aggregate backlog.,IA-FMR,5.25,198.61413170156243
fig05,(d) Aggregate backlog.,IA-FMR,5.3500000000000005,202.69092480646745
fig05,(d) Aggregate backlog.,IA-FMR,5.45,206.77653992324028
fig05,(d) Aggregate backlog.,IA-FMR,5.550000000000001,210.86362092075888
fig05,(d) Aggregate backlog.,IA-FMR,5.65,214.94752433835023
fig05,(d) Aggregate backlog.,IA-FMR,5.75,219.020523172841
fig05,(d) Aggregate backlog.,IA-FMR,5.8500000000000005,223.0922482733136
fig05,(d) Aggregate backlog.,IA-FMR,5.95,227.16341838545964
fig05,(d) Aggregate backlog.,IA-FMR,6.050000000000001,231.24016453599725
fig05,(d) Aggregate backlog.,IA-FMR,6.15,235.29733462346007
fig05,(d) Aggregate backlog.,IA-FMR,6.25,239.36874131266651
fig05,(d) Aggregate backlog.,IA-FMR,6.3500000000000005,245.5879368879353
fig05,(d) Aggregate backlog.,IA-FMR,6.45,256.1397679256061
fig05,(d) Aggregate backlog.,IA-FMR,6.550000000000001,270.98124549741914
fig05,(d) Aggregate backlog.,IA-FMR,6.65,287.95285376408583
fig05,(d) Aggregate backlog.,IA-FMR,6.75,304.90770642557646
fig05,(d) Aggregate backlog.,IA-FMR,6.8500000000000005,321.86069556666666
fig05,(d) Aggregate backlog.,IA-FMR,6.95,338.8490657540372
fig05,(d) Aggregate backlog.,IA-FMR,7.050000000000001,355.8392875978528
fig05,(d) Aggregate backlog.,IA-FMR,7.15,372.81087656451945
fig05,(d) Aggregate backlog.,IA-FMR,7.25,389.7657148104822
fig05,(d) Aggregate backlog.,IA-FMR,7.35,406.7186948
fig05,(d) Aggregate backlog.,IA-FMR,7.45,423.7070539995859
fig05,(d) Aggregate backlog.,IA-FMR,7.550000000000001,440.69725406834897
fig05,(d) Aggregate backlog.,IA-FMR,7.65,457.6688365016824
fig05,(d) Aggregate backlog.,IA-FMR,7.75,474.62366961876313
fig05,(d) Aggregate backlog.,IA-FMR,7.85,491.5766488000001
fig05,(d) Aggregate backlog.,IA-FMR,7.95,508.5649988200829
fig05,(d) Aggregate backlog.,IA-FMR,8.05,525.5719377200829
fig05,(d) Aggregate backlog.,IA-FMR,8.15,542.562142404674
fig05,(d) Aggregate backlog.,IA-FMR,8.25,559.516975151258
fig05,(d) Aggregate backlog.,IA-FMR,8.35,576.4532153845912
fig05,(d) Aggregate backlog.,IA-FMR,8.450000000000001,593.4229386119047
fig05,(d) Aggregate backlog.,IA-FMR,8.55,610.4298860785715
fig05,(d) Aggregate backlog.,IA-FMR,8.65,627.4200906507937
fig05,(d) Aggregate backlog.,IA-FMR,8.75,644.3749295555557
fig05,(d) Aggregate backlog.,IA-FMR,8.85,661.3111639722222
fig05,(d) Aggregate backlog.,IA-FMR,8.950000000000001,678.2808840771222
fig05,(d) Aggregate backlog.,IA-FMR,9.05,695.2878340604556
fig05,(d) Aggregate backlog.,IA-FMR,9.15,712.2780386941032
fig05,(d) Aggregate backlog.,IA-FMR,9.25,729.2328800503145
fig05,(d) Aggregate backlog.,IA-FMR,9.35,746.1691074169811
fig05,(d) Aggregate backlog.,IA-FMR,9.45,763.1388301658385
fig05,(d) Aggregate backlog.,IA-FMR,9.55,780.1457783825052
fig05,(d) Aggregate backlog.,IA-FMR,9.65,797.1359863721278
fig05,(d) Aggregate backlog.,IA-FMR,9.75,814.0908290896227
fig05,(d) Aggregate backlog.,IA-FMR,9.85,831.0270537896226
fig05,(d) Aggregate backlog.,IA-FMR,9.95,847.9967810317806
fig05,(d) Aggregate backlog.,IA-FMR,10.05,865.0037247317805
fig05,(d) Aggregate backlog.,IA-FMR,10.15,881.9939410122837
fig05,(d) Aggregate backlog.,IA-FMR,10.25,898.9487764138365
fig05,(d) Aggregate backlog.,IA-FMR,10.35,915.8850036638364
fig05,(d) Aggregate backlog.,IA-FMR,10.45,932.8547244313664
fig05,(d) Aggregate backlog.,IA-FMR,10.55,949.8616723980332
fig05,(d) Aggregate backlog.,IA-FMR,10.65,966.8518870089348
fig05,(d) Aggregate backlog.,IA-FMR,10.75,983.8067214775682
fig05,(d) Aggregate backlog.,IA-FMR,10.85,1000.742949727568
fig05,(d) Aggregate backlog.,IA-FMR,10.95,1017.7126722897516
fig05,(d) Aggregate backlog.,IA-FMR,11.05,1034.7196245397515
fig05,(d) Aggregate backlog.,IA-FMR,11.15,1051.7098333691015
fig05,(d) Aggregate backlog.,IA-FMR,11.25,1068.6646672293502
fig05,(d) Aggregate backlog.,IA-FMR,11.35,1085.6008970960168
fig05,(d) Aggregate backlog.,IA-FMR,11.45,1102.5706229838509
fig05,(d) Aggregate backlog.,IA-FMR,11.55,1119.5775752005177
fig05,(d) Aggregate backlog.,IA-FMR,11.65,1136.56777500492
fig05,(d) Aggregate backlog.,IA-FMR,11.75,1153.5226114377358
fig05,(d) Aggregate backlog.,IA-FMR,11.85,1170.4588427210692
fig05,(d) Aggregate backlog.,IA-FMR,11.95,1187.4285748034165
fig05,(d) Aggregate backlog.,IA-FMR,12.05,1204.4355212534165
fig05,(d) Aggregate backlog.,IA-FMR,12.15,1221.4257193603344
fig05,(d) Aggregate backlog.,IA-FMR,12.25,1238.380559956918
fig05,(d) Aggregate backlog.,IA-FMR,12.35,1258.2296681902517
fig05,(d) Aggregate backlog.,IA-FMR,12.45,1283.9981193897518
fig05,(d) Aggregate backlog.,IA-FMR,12.55,1315.6895949397515
fig05,(d) Aggregate backlog.,IA-FMR,12.65,1350.3006331810514
fig05,(d) Aggregate backlog.,IA-FMR,12.75,1384.839658824633
fig05,(d) Aggregate backlog.,IA-FMR,12.85,1419.3417861246332
fig05,(d) Aggregate backlog.,IA-FMR,12.95,1453.8789976833332
fig05,(d) Aggregate backlog.,IA-FMR,13.05,1488.4882471867495
fig05,(d) Aggregate backlog.,IA-FMR,13.15,1523.0993333098104
fig05,(d) Aggregate backlog.,IA-FMR,13.25,1557.68322570981
fig05,(d) Aggregate backlog.,IA-FMR,13.35,1592.278778156394
fig05,(d) Aggregate backlog.,IA-FMR,13.45,1626.922857883333
fig05,(d) Aggregate backlog.,IA-FMR,13.55,1661.6797612297105
fig05,(d) Aggregate backlog.,IA-FMR,13.65,1696.442095367446
fig05,(d) Aggregate backlog.,IA-FMR,13.75,1731.167330567446
fig05,(d) Aggregate backlog.,IA-FMR,13.85,1765.857306687736
fig05,(d) Aggregate backlog.,IA-FMR,13.95,1800.54545165
fig05,(d) Aggregate backlog.,IA-FMR,14.05,1835.305962300414
fig05,(d) Aggregate backlog.,IA-FMR,14.15,1870.0682876884648
fig05,(d) Aggregate backlog.,IA-FMR,14.25,1904.7935261384644
fig05,(d) Aggregate backlog.,IA-FMR,14.35,1939.4834988380503
fig05,(d) Aggregate backlog.,IA-FMR,14.45,1974.1716556
fig05,(d) Aggregate backlog.,IA-FMR,14.55,2008.932160063044
fig05,(d) Aggregate backlog.,IA-FMR,14.65,2043.6944872032952
fig05,(d) Aggregate backlog.,IA-FMR,14.75,2078.419722603295
fig05,(d) Aggregate backlog.,IA-FMR,14.85,2113.109692323585
fig05,(d) Aggregate backlog.,IA-FMR,14.95,2147.7978387166663
fig05,(d) Aggregate backlog.,IA-FMR,15.05,2182.558325915942
fig05,(d) Aggregate backlog.,IA-FMR,15.15,2217.320647842357
fig05,(d) Aggregate backlog.,IA-FMR,15.25,2252.045872942357
fig05,(d) Aggregate backlog.,IA-FMR,15.35,2286.7358418764147
fig05,(d) Aggregate backlog.,IA-FMR,15.45,2321.4239811833336
fig05,(d) Aggregate backlog.,IA-FMR,15.55,2356.184473792443
fig05,(d) Aggregate backlog.,IA-FMR,15.65,2390.94679901498
fig05,(d) Aggregate backlog.,IA-FMR,15.75,2425.6720236983133
fig05,(d) Aggregate backlog.,IA-FMR,15.85,2460.3619924558698
fig05,(d) Aggregate backlog.,IA-FMR,15.95,2495.0501254
fig05,(d) Aggregate backlog.,IA-FMR,16.05,2529.810623038405
fig05,(d) Aggregate backlog.,IA-FMR,16.150000000000002,2564.5729433191186
fig05,(d) Aggregate backlog.,IA-FMR,16.25,2599.3334321272964
fig05,(d) Aggregate backlog.,IA-FMR,16.35,2634.0604926957044
fig05,(d) Aggregate backlog.,IA-FMR,16.45,2668.748626748325
fig05,(d) Aggregate backlog.,IA-FMR,16.55,2703.473864446047
fig05,(d) Aggregate backlog.,IA-FMR,16.650000000000002,2738.199087137871
fig05,(d) Aggregate backlog.,IA-FMR,16.75,2772.9595858192383
fig05,(d) Aggregate backlog.,IA-FMR,16.85,2807.686641052645
fig05,(d) Aggregate backlog.,IA-FMR,16.95,2842.374781070675
fig05,(d) Aggregate backlog.,IA-FMR,17.05,2877.100003381234
fig05,(d) Aggregate backlog.,IA-FMR,17.150000000000002,2911.8251512722186
fig05,(d) Aggregate backlog.,IA-FMR,17.25,2946.5854418490308
fig05,(d) Aggregate backlog.,IA-FMR,17.35,2981.312289697567
fig05,(d) Aggregate backlog.,IA-FMR,17.45,3016.0002972839397
fig05,(d) Aggregate backlog.,IA-FMR,17.55,3050.725517789115
fig05,(d) Aggregate backlog.,IA-FMR,17.650000000000002,3085.4507591979204
fig05,(d) Aggregate backlog.,IA-FMR,17.75,3120.211259079287
fig05,(d) Aggregate backlog.,IA-FMR,17.85,3154.938313388075
fig05,(d) Aggregate backlog.,IA-FMR,17.95,3189.626441088809
fig05,(d) Aggregate backlog.,IA-FMR,18.05,3224.351668981148
fig05,(d) Aggregate backlog.,IA-FMR,18.15,3259.076911580729
fig05,(d) Aggregate backlog.,IA-FMR,18.25,3293.837403541909
fig05,(d) Aggregate backlog.,IA-FMR,18.35,3324.150497347449
fig05,(d) Aggregate backlog.,IA-FMR,18.45,3345.650974757092
fig05,(d) Aggregate backlog.,IA-FMR,18.55,3358.3598639662014
fig05,(d) Aggregate backlog.,IA-FMR,18.65,3366.6812574588644
fig05,(d) Aggregate backlog.,IA-FMR,18.75,3375.010488126359
fig05,(d) Aggregate backlog.,IA-FMR,18.85,3383.3335326473693
fig05,(d) Aggregate backlog.,IA-FMR,18.95,3391.645417842128
fig05,(d) Aggregate backlog.,IA-FMR,19.05,3399.966817792439
fig05,(d) Aggregate backlog.,IA-FMR,19.15,3408.288198773571
fig05,(d) Aggregate backlog.,IA-FMR,19.25,3416.6174326905475
fig05,(d) Aggregate backlog.,IA-FMR,19.35,3424.940478206076
fig05,(d) Aggregate backlog.,IA-FMR,19.450000000000003,3433.252377133644
fig05,(d) Aggregate backlog.,IA-FMR,19.55,3441.573759642961
fig05,(d) Aggregate backlog.,IA-FMR,19.65,3449.8951440454766
fig05,(d) Aggregate backlog.,IA-FMR,19.75,3458.224371301066
fig05,(d) Aggregate backlog.,IA-FMR,19.85,3466.547430384416
fig05,(d) Aggregate backlog.,IA-FMR,19.950000000000003,3474.8317022652336
fig05,(d) Aggregate backlog.,IA-FMR,20.05,3483.066837536455
fig05,(d) Aggregate backlog.,IA-FMR,20.15,3491.2434968739813
fig05,(d) Aggregate backlog.,IA-FMR,20.25,3499.397152209696
fig05,(d) Aggregate backlog.,IA-FMR,20.35,3507.544784826596
fig05,(d) Aggregate backlog.,IA-FMR,20.450000000000003,3515.681430562758
fig05,(d) Aggregate backlog.,IA-FMR,20.55,3523.827391506858
fig05,(d) Aggregate backlog.,IA-FMR,20.65,3531.97335761168
fig05,(d) Aggregate backlog.,IA-FMR,20.75,3540.1269872103344
fig05,(d) Aggregate backlog.,IA-FMR,20.85,3548.274616902952
fig05,(d) Aggregate backlog.,IA-FMR,20.950000000000003,3556.411259037753
fig05,(d) Aggregate backlog.,IA-FMR,21.05,3564.557222002556
fig05,(d) Aggregate backlog.,IA-FMR,21.15,3572.703187537147
fig05,(d) Aggregate backlog.,IA-FMR,21.25,3580.856819078141
fig05,(d) Aggregate backlog.,IA-FMR,21.35,3589.0044474619585
fig05,(d) Aggregate backlog.,IA-FMR,21.450000000000003,3597.141092904935
fig05,(d) Aggregate backlog.,IA-FMR,21.55,3605.287054428745
fig05,(d) Aggregate backlog.,IA-FMR,21.65,3613.433020583881
fig05,(d) Aggregate backlog.,IA-FMR,21.75,3621.586647541024
fig05,(d) Aggregate backlog.,IA-FMR,21.85,3629.73427578796
fig05,(d) Aggregate backlog.,IA-FMR,21.950000000000003,3637.870921218883
fig05,(d) Aggregate backlog.,IA-FMR,22.05,3646.016881616398
fig05,(d) Aggregate backlog.,IA-FMR,22.15,3654.162852802981
fig05,(d) Aggregate backlog.,IA-FMR,22.25,3662.316480327929
fig05,(d) Aggregate backlog.,IA-FMR,22.35,3670.464112771384
fig05,(d) Aggregate backlog.,IA-FMR,22.450000000000003,3678.600747673061
fig05,(d) Aggregate backlog.,IA-FMR,22.55,3686.746713569542
fig05,(d) Aggregate backlog.,IA-FMR,22.65,3694.892684454238
fig05,(d) Aggregate backlog.,IA-FMR,22.75,3703.0463154275294
fig05,(d) Aggregate backlog.,IA-FMR,22.85,3711.193939485032
fig05,(d) Aggregate backlog.,IA-FMR,22.950000000000003,3719.330577035556
fig05,(d) Aggregate backlog.,IA-FMR,23.05,3727.476546642181
fig05,(d) Aggregate backlog.,IA-FMR,23.15,3735.622517308848
fig05,(d) Aggregate backlog.,IA-FMR,23.25,3743.7761436268606
fig05,(d) Aggregate backlog.,IA-FMR,23.35,3751.9237650509262
fig05,(d) Aggregate backlog.,IA-FMR,23.450000000000003,3760.060408521995
fig05,(d) Aggregate backlog.,IA-FMR,23.55,3768.2063856482896
fig05,(d) Aggregate backlog.,IA-FMR,23.65,3776.352350646194
fig05,(d) Aggregate backlog.,IA-FMR,23.75,3784.50597274081
fig05,(d) Aggregate backlog.,IA-FMR,23.85,3792.653589674701
fig05,(d) Aggregate backlog.,IA-FMR,23.950000000000003,3800.7902458728154
fig05,(d) Aggregate backlog.,IA-FMR,24.05,3808.9362157113233
fig05,(d) Aggregate backlog.,IA-FMR,24.15,3817.0821797700232
fig05,(d) Aggregate backlog.,IA-FMR,24.25,3825.235798334206
fig05,(d) Aggregate backlog.,IA-FMR,24.35,3839.267596120786
fig05,(d) Aggregate backlog.,IA-FMR,24.450000000000003,3864.986680350556
fig05,(d) Aggregate backlog.,IA-FMR,24.55,3902.486681642481
fig05,(d) Aggregate backlog.,IA-FMR,24.65,3945.8377634705735
fig05,(d) Aggregate backlog.,IA-FMR,24.75,3989.233075672644
fig05,(d) Aggregate backlog.,IA-FMR,24.85,4032.586040658255
fig05,(d) Aggregate backlog.,IA-FMR,24.950000000000003,4075.891029777123
fig05,(d) Aggregate backlog.,IA-FMR,25.05,4119.24211091998
fig05,(d) Aggregate backlog.,IA-FMR,25.15,4162.593193083502
fig05,(d) Aggregate backlog.,IA-FMR,25.25,4205.988512308554
fig05,(d) Aggregate backlog.,IA-FMR,25.35,4249.34147149696
fig05,(d) Aggregate backlog.,IA-FMR,25.450000000000003,4292.646455058385
fig05,(d) Aggregate backlog.,IA-FMR,25.55,4335.953308416666
fig05,(d) Aggregate backlog.,IA-FMR,25.65,4379.258299833334
fig05,(d) Aggregate backlog.,IA-FMR,25.75,4422.653619367081
fig05,(d) Aggregate backlog.,IA-FMR,25.85,4466.050803878716
fig05,(d) Aggregate backlog.,IA-FMR,25.950000000000003,4509.401883812049
fig05,(d) Aggregate backlog.,IA-FMR,26.05,4552.708744911634
fig05,(d) Aggregate backlog.,IA-FMR,26.15,4596.013732616667
fig05,(d) Aggregate backlog.,IA-FMR,26.25,4639.409051130021
fig05,(d) Aggregate backlog.,IA-FMR,26.35,4682.806192679497
fig05,(d) Aggregate backlog.,IA-FMR,26.450000000000003,4726.157234762831
fig05,(d) Aggregate backlog.,IA-FMR,26.55,4769.464046032809
fig05,(d) Aggregate backlog.,IA-FMR,26.65,4812.769026566667
fig05,(d) Aggregate backlog.,IA-FMR,26.75,4856.164340175466
fig05,(d) Aggregate backlog.,IA-FMR,26.85,4899.561522689931
fig05,(d) Aggregate backlog.,IA-FMR,26.950000000000003,4942.912611056598
fig05,(d) Aggregate backlog.,IA-FMR,27.05,4986.219468664465
fig05,(d) Aggregate backlog.,IA-FMR,27.15,5029.5244576
fig05,(d) Aggregate backlog.,IA-FMR,27.25,5072.919774141511
fig05,(d) Aggregate backlog.,IA-FMR,27.35,5116.316957019079
fig05,(d) Aggregate backlog.,IA-FMR,27.450000000000003,5159.66804271908
fig05,(d) Aggregate backlog.,IA-FMR,27.55,5202.974897327568
fig05,(d) Aggregate backlog.,IA-FMR,27.65,5246.279888399999
fig05,(d) Aggregate backlog.,IA-FMR,27.75,5289.675204510041
fig05,(d) Aggregate backlog.,IA-FMR,27.85,5333.072342673354
fig05,(d) Aggregate backlog.,IA-FMR,27.950000000000003,5376.423219706688
fig05,(d) Aggregate backlog.,IA-FMR,28.05,5419.729869379979
fig05,(d) Aggregate backlog.,IA-FMR,28.15,5463.034696933333
fig05,(d) Aggregate backlog.,IA-FMR,28.25,5506.430009427018
fig05,(d) Aggregate backlog.,IA-FMR,28.35,5549.827190894943
fig05,(d) Aggregate backlog.,IA-FMR,28.450000000000003,5593.178277194944
fig05,(d) Aggregate backlog.,IA-FMR,28.55,5636.485137234591
fig05,(d) Aggregate backlog.,IA-FMR,28.65,5679.790126083334
fig05,(d) Aggregate backlog.,IA-FMR,28.75,5723.185436932297
fig05,(d) Aggregate backlog.,IA-FMR,28.85,5766.58261895148
fig05,(d) Aggregate backlog.,IA-FMR,28.950000000000003,5809.933708684814
fig05,(d) Aggregate backlog.,IA-FMR,29.05,5853.240566785848
fig05,(d) Aggregate backlog.,IA-FMR,29.15,5896.545551533333
fig05,(d) Aggregate backlog.,IA-FMR,29.25,5939.940867151657
fig05,(d) Aggregate backlog.,IA-FMR,29.35,5983.3380567508175
fig05,(d) Aggregate backlog.,IA-FMR,29.450000000000003,6026.689144784152
fig05,(d) Aggregate backlog.,IA-FMR,29.55,6069.995997265828
fig05,(d) Aggregate backlog.,IA-FMR,29.65,6113.30097985
fig05,(d) Aggregate backlog.,IA-FMR,29.75,6156.696304
fig05,(d) Aggregate backlog.,IA-FMR,29.85,6200.093487137631
fig05,(d) Aggregate backlog.,IA-FMR,29.950000000000003,6243.444571620964
fig05,(d) Aggregate backlog.,IA-FMR,30.05,6286.751420404297
fig05,(d) Aggregate backlog.,IA-FMR,30.15,6330.056413066665
fig05,(d) Aggregate backlog.,IA-FMR,30.25,6373.407507299999
fig05,(d) Aggregate backlog.,IA-FMR,30.35,6395.083055775
