figure,panel,scheduler,ue,time_s,rbg_share_pct
fig06,(a) RR,RR,1,0.45,11.113164072689331
fig06,(a) RR,RR,1,0.55,11.111082128124124
fig06,(a) RR,RR,1,0.65,11.109100203278716
fig06,(a) RR,RR,1,0.75,11.112377510268743
fig06,(a) RR,RR,1,0.8500000000000001,11.115045701616175
fig06,(a) RR,RR,1,0.95,11.1114935561203
fig06,(a) RR,RR,1,1.05,11.109857197658192
fig06,(a) RR,RR,1,1.15,11.109178843925791
fig06,(a) RR,RR,1,1.25,11.111695655547203
fig06,(a) RR,RR,1,1.35,11.110770757286012
fig06,(a) RR,RR,1,1.4500000000000002,11.112674300922848
fig06,(a) RR,RR,1,1.55,11.113195802429985
fig06,(a) RR,RR,1,1.65,11.109496209385222
fig06,(a) RR,RR,1,1.75,11.111615248528112
fig06,(a) RR,RR,1,1.85,11.112069022566793
fig06,(a) RR,RR,1,1.95,11.114591472370044
fig06,(a) RR,RR,1,2.0500000000000003,11.110933952753546
fig06,(a) RR,RR,1,2.15,11.106658550482855
fig06,(a) RR,RR,1,2.25,11.108945571637804
fig06,(a) RR,RR,1,2.35,11.109735324947588
fig06,(a) RR,RR,1,2.45,11.114149166755498
fig06,(a) RR,RR,1,2.5500000000000003,11.111453748965742
fig06,(a) RR,RR,1,2.6500000000000004,11.111595400050788
fig06,(a) RR,RR,1,2.75,11.109876070314291
fig06,(a) RR,RR,1,2.85,11.111270251929684
fig06,(a) RR,RR,1,2.95,11.10989540316305
fig06,(a) RR,RR,1,3.0500000000000003,11.112541675887917
fig06,(a) RR,RR,1,3.1500000000000004,11.112016983882125
fig06,(a) RR,RR,1,3.25,11.110981650007655
fig06,(a) RR,RR,1,3.35,11.111958250656118
fig06,(a) RR,RR,1,3.45,11.108974707878083
fig06,(a) RR,RR,1,3.5500000000000003,11.10889378523042
fig06,(a) RR,RR,1,3.65,11.10791718458196
fig06,(a) RR,RR,1,3.75,11.11262005709649
fig06,(a) RR,RR,1,3.85,11.112700979744153
fig06,(a) RR,RR,1,3.95,11.11072207843016
fig06,(a) RR,RR,1,4.05,11.110129864854258
fig06,(a) RR,RR,1,4.15,11.113515350048145
fig06,(a) RR,RR,1,4.25,11.11093678166931
fig06,(a) RR,RR,1,4.3500000000000005,11.112207348977613
fig06,(a) RR,RR,1,4.45,11.108740941136064
fig06,(a) RR,RR,1,4.55,11.111779254264611
fig06,(a) RR,RR,1,4.65,11.110508686956312
fig06,(a) RR,RR,1,4.75,11.11050868695631
fig06,(a) RR,RR,1,4.8500000000000005,11.11185255622471
fig06,(a) RR,RR,1,4.95,11.109491704807256
fig06,(a) RR,RR,1,5.050000000000001,11.114266141019169
fig06,(a) RR,RR,1,5.15,11.10988395862222
fig06,(a) RR,RR,1,5.25,11.115922768037397
fig06,(a) RR,RR,1,5.3500000000000005,11.11122925447314
fig06,(a) RR,RR,1,5.45,11.110917099014728
fig06,(a) RR,RR,1,5.550000000000001,11.107752973384336
fig06,(a) RR,RR,1,5.65,11.10886668846738
fig06,(a) RR,RR,1,5.75,11.1153935753251
fig06,(a) RR,RR,1,5.8500000000000005,11.113291533822393
fig06,(a) RR,RR,1,5.95,11.112699320246492
fig06,(a) RR,RR,1,6.050000000000001,11.111578231445046
fig06,(a) RR,RR,1,6.15,11.113166440580423
fig06,(a) RR,RR,1,6.25,11.11080558916297
fig06,(a) RR,RR,1,6.3500000000000005,11.107766017412578
fig06,(a) RR,RR,1,6.45,11.108723294151709
fig06,(a) RR,RR,1,6.550000000000001,11.1106730796753
fig06,(a) RR,RR,1,6.65,11.112749215736956
fig06,(a) RR,RR,1,6.75,11.110394314958688
fig06,(a) RR,RR,1,6.8500000000000005,11.110394314958688
fig06,(a) RR,RR,1,6.95,11.110572988486418
fig06,(a) RR,RR,1,7.050000000000001,11.115330285696546
fig06,(a) RR,RR,1,7.15,11.113902372591548
fig06,(a) RR,RR,1,7.25,11.111918731793892
fig06,(a) RR,RR,1,7.35,11.110709249452333
fig06,(a) RR,RR,1,7.45,11.109860489914398
fig06,(a) RR,RR,1,7.550000000000001,11.11306932061649
fig06,(a) RR,RR,1,7.65,11.11045938503734
fig06,(a) RR,RR,1,7.75,11.113147123574135
fig06,(a) RR,RR,1,7.85,11.107613053232845
fig06,(a) RR,RR,1,7.95,11.109756682367058
fig06,(a) RR,RR,1,8.05,11.1088831673426
fig06,(a) RR,RR,1,8.15,11.114071671300588
fig06,(a) RR,RR,1,8.25,11.109700048379294
fig06,(a) RR,RR,1,8.35,11.111665457184325
fig06,(a) RR,RR,1,8.450000000000001,11.110785833663192
fig06,(a) RR,RR,1,8.55,11.111634593201126
fig06,(a) RR,RR,1,8.65,11.110542699420554
fig06,(a) RR,RR,1,8.75,11.110616001380649
fig06,(a) RR,RR,1,8.85,11.11158146535505
fig06,(a) RR,RR,1,8.950000000000001,11.110262952110585
fig06,(a) RR,RR,1,9.05,11.111714330920456
fig06,(a) RR,RR,1,9.15,11.11258784594491
fig06,(a) RR,RR,1,9.25,11.111496662570184
fig06,(a) RR,RR,1,9.35,11.111496662570184
fig06,(a) RR,RR,1,9.45,11.111496662570184
fig06,(a) RR,RR,1,9.55,11.113906359189375
fig06,(a) RR,RR,1,9.65,11.109272132112253
fig06,(a) RR,RR,1,9.75,11.112631805283243
fig06,(a) RR,RR,1,9.85,11.110635199513055
fig06,(a) RR,RR,1,9.95,11.110885969376534
fig06,(a) RR,RR,1,10.05,11.111893871327837
fig06,(a) RR,RR,1,10.15,11.113890477098025
fig06,(a) RR,RR,1,10.25,11.116177498252968
fig06,(a) RR,RR,1,10.35,11.109970944131817
fig06,(a) RR,RR,1,10.45,11.108986701850736
fig06,(a) RR,RR,1,10.55,11.110438080660607
fig06,(a) RR,RR,1,10.65,11.111674635504668
fig06,(a) RR,RR,1,10.75,11.109620564657195
fig06,(a) RR,RR,1,10.85,11.112289767066152
fig06,(a) RR,RR,1,10.95,11.110895585450765
fig06,(a) RR,RR,1,11.05,11.116429655792052
fig06,(a) RR,RR,1,11.15,11.110291749309193
fig06,(a) RR,RR,1,11.25,11.109600616542588
fig06,(a) RR,RR,1,11.35,11.112480336403442
fig06,(a) RR,RR,1,11.45,11.113798849647909
fig06,(a) RR,RR,1,11.55,11.114898379049322
fig06,(a) RR,RR,1,11.65,11.108204388731266
fig06,(a) RR,RR,1,11.75,11.10929628251184
fig06,(a) RR,RR,1,11.85,11.109565978402754
fig06,(a) RR,RR,1,11.95,11.113858159815589
fig06,(a) RR,RR,1,12.05,11.11007852749822
fig06,(a) RR,RR,1,12.15,11.112740910011082
fig06,(a) RR,RR,1,12.25,11.10836961780358
fig06,(a) RR,RR,1,12.35,11.112149250120948
fig06,(a) RR,RR,1,12.45,11.109407756813418
fig06,(a) RR,RR,1,12.55,11.11448333885027
fig06,(a) RR,RR,1,12.65,11.113391445069697
fig06,(a) RR,RR,1,12.75,11.113200859973452
fig06,(a) RR,RR,1,12.85,11.107231715026332
fig06,(a) RR,RR,1,12.95,11.10897874507525
fig06,(a) RR,RR,1,13.05,11.112455635344594
fig06,(a) RR,RR,1,13.15,11.111029737083532
fig06,(a) RR,RR,1,13.25,11.10788508299548
fig06,(a) RR,RR,1,13.35,11.108492159074254
fig06,(a) RR,RR,1,13.45,11.11089073104025
fig06,(a) RR,RR,1,13.55,11.11157528159003
fig06,(a) RR,RR,1,13.65,11.11369432073292
fig06,(a) RR,RR,1,13.75,11.111518773879553
fig06,(a) RR,RR,1,13.85,11.111104731208314
fig06,(a) RR,RR,1,13.95,11.110857509974975
fig06,(a) RR,RR,1,14.05,11.113749145918012
fig06,(a) RR,RR,1,14.15,11.112188523541809
fig06,(a) RR,RR,1,14.25,11.111498906417236
fig06,(a) RR,RR,1,14.35,11.1103321862187
fig06,(a) RR,RR,1,14.45,11.112306851266146
fig06,(a) RR,RR,1,14.55,11.11142414134669
fig06,(a) RR,RR,1,14.65,11.10969922560219
fig06,(a) RR,RR,1,14.75,11.110412299091545
fig06,(a) RR,RR,1,14.85,11.10950573214724
fig06,(a) RR,RR,1,14.95,11.112999792245075
fig06,(a) RR,RR,1,15.05,11.110816004683931
fig06,(a) RR,RR,1,15.15,11.111077514379405
fig06,(a) RR,RR,1,15.25,11.1110775143794
fig06,(a) RR,RR,1,15.35,11.110970114991147
fig06,(a) RR,RR,1,15.45,11.11131568137445
fig06,(a) RR,RR,1,15.55,11.11182951374178
fig06,(a) RR,RR,1,15.65,11.113136458410096
fig06,(a) RR,RR,1,15.75,11.11064070119736
fig06,(a) RR,RR,1,15.85,11.10828788983117
fig06,(a) RR,RR,1,15.95,11.10978596447958
fig06,(a) RR,RR,1,16.05,11.111841293948894
fig06,(a) RR,RR,1,16.150000000000002,11.113158771440617
fig06,(a) RR,RR,1,16.25,11.11132642582882
fig06,(a) RR,RR,1,16.35,11.109784928726834
fig06,(a) RR,RR,1,16.45,11.110306430233974
fig06,(a) RR,RR,1,16.55,11.11162494347844
fig06,(a) RR,RR,1,16.650000000000002,11.10927213211225
fig06,(a) RR,RR,1,16.75,11.112448550383007
fig06,(a) RR,RR,1,16.85,11.109328853867083
fig06,(a) RR,RR,1,16.95,11.110708088116231
fig06,(a) RR,RR,1,17.05,11.108123883421378
fig06,(a) RR,RR,1,17.150000000000002,11.111942391956868
fig06,(a) RR,RR,1,17.25,11.11100451266745
fig06,(a) RR,RR,1,17.35,11.11100451266745
fig06,(a) RR,RR,1,17.45,11.114250607209952
fig06,(a) RR,RR,1,17.55,11.115126729741943
fig06,(a) RR,RR,1,17.650000000000002,11.114013014658902
fig06,(a) RR,RR,1,17.75,11.110068108096833
fig06,(a) RR,RR,1,17.85,11.108820465250638
fig06,(a) RR,RR,1,17.95,11.108628893268424
fig06,(a) RR,RR,1,18.05,11.108107391761283
fig06,(a) RR,RR,1,18.15,11.11083381285375
fig06,(a) RR,RR,1,18.25,11.111087141593387
fig06,(a) RR,RR,1,18.35,11.11160864310053
fig06,(a) RR,RR,1,18.45,11.112862796803062
fig06,(a) RR,RR,1,18.55,11.112195425392189
fig06,(a) RR,RR,1,18.65,11.110797801353051
fig06,(a) RR,RR,1,18.75,11.111450354598134
fig06,(a) RR,RR,1,18.85,11.1084668118201
fig06,(a) RR,RR,1,18.95,11.11272841954598
fig06,(a) RR,RR,1,19.05,11.110821712598366
fig06,(a) RR,RR,1,19.15,11.114410870029852
fig06,(a) RR,RR,1,19.25,11.109550280572911
fig06,(a) RR,RR,1,19.35,11.107465887673191
fig06,(a) RR,RR,1,19.450000000000003,11.108579602756231
fig06,(a) RR,RR,1,19.55,11.111090040893751
fig06,(a) RR,RR,1,19.65,11.113736313618618
fig06,(a) RR,RR,1,19.75,11.112541675887917
fig06,(a) RR,RR,1,19.85,11.112027843520588
fig06,(a) RR,RR,1,19.950000000000003,11.111100900532216
fig06,(a) RR,RR,1,20.05,11.111100900532216
fig06,(a) RR,RR,1,20.15,11.110579399025076
fig06,(a) RR,RR,1,20.25,11.108398976313794
fig06,(a) RR,RR,1,20.35,11.109515232835925
fig06,(a) RR,RR,1,20.450000000000003,11.112248164784727
fig06,(a) RR,RR,1,20.55,11.112962858895647
fig06,(a) RR,RR,1,20.65,11.111989281778603
fig06,(a) RR,RR,1,20.75,11.110231625375617
fig06,(a) RR,RR,1,20.85,11.11064539565036
fig06,(a) RR,RR,1,20.950000000000003,11.112852170448994
fig06,(a) RR,RR,1,21.05,11.111795972255512
fig06,(a) RR,RR,1,21.15,11.111271474724148
fig06,(a) RR,RR,1,21.25,11.11120832905973
fig06,(a) RR,RR,1,21.35,11.110562874608162
fig06,(a) RR,RR,1,21.450000000000003,11.11067360186478
fig06,(a) RR,RR,1,21.55,11.109443491518965
fig06,(a) RR,RR,1,21.65,11.108852391126474
fig06,(a) RR,RR,1,21.75,11.113403864148651
fig06,(a) RR,RR,1,21.85,11.113907366849103
fig06,(a) RR,RR,1,21.950000000000003,11.113058607311167
fig06,(a) RR,RR,1,22.05,11.10877822515865
fig06,(a) RR,RR,1,22.15,11.108334780786846
fig06,(a) RR,RR,1,22.25,11.11042009516884
fig06,(a) RR,RR,1,22.35,11.11102251932364
fig06,(a) RR,RR,1,22.450000000000003,11.11272011739798
fig06,(a) RR,RR,1,22.55,11.113322541552776
fig06,(a) RR,RR,1,22.65,11.110961690135325
fig06,(a) RR,RR,1,22.75,11.107766017412578
fig06,(a) RR,RR,1,22.85,11.108618227192537
fig06,(a) RR,RR,1,22.950000000000003,11.11183128838995
fig06,(a) RR,RR,1,23.05,11.110976551672168
fig06,(a) RR,RR,1,23.15,11.11012434189221
fig06,(a) RR,RR,1,23.25,11.110229408851383
fig06,(a) RR,RR,1,23.35,11.111465963695444
fig06,(a) RR,RR,1,23.450000000000003,11.111465963695444
fig06,(a) RR,RR,1,23.55,11.11050868695631
fig06,(a) RR,RR,1,23.65,11.113166440580423
fig06,(a) RR,RR,1,23.75,11.111327461581563
fig06,(a) RR,RR,1,23.85,11.113823218794304
fig06,(a) RR,RR,1,23.950000000000003,11.10732090374593
fig06,(a) RR,RR,1,24.05,11.109752096320692
fig06,(a) RR,RR,1,24.15,11.106653914953156
fig06,(a) RR,RR,1,24.25,11.114545748515996
fig06,(a) RR,RR,1,24.35,11.113432033432952
fig06,(a) RR,RR,1,24.450000000000003,11.112446248452372
fig06,(a) RR,RR,1,24.55,11.107413191333212
fig06,(a) RR,RR,1,24.65,11.108891969579489
fig06,(a) RR,RR,1,24.75,11.111999335279142
fig06,(a) RR,RR,1,24.85,11.111226692997064
fig06,(a) RR,RR,1,24.950000000000003,11.11026941625793
fig06,(a) RR,RR,1,25.05,11.109449071713222
fig06,(a) RR,RR,1,25.15,11.114783591299046
fig06,(a) RR,RR,1,25.25,11.113656475138455
fig06,(a) RR,RR,1,25.35,11.11391493985802
fig06,(a) RR,RR,1,25.450000000000003,11.112688301738569
fig06,(a) RR,RR,1,25.55,11.109993789667156
fig06,(a) RR,RR,1,25.65,11.109993789667156
fig06,(a) RR,RR,1,25.75,11.10737324459378
fig06,(a) RR,RR,1,25.85,11.109606663690403
fig06,(a) RR,RR,1,25.950000000000003,11.109241600527175
fig06,(a) RR,RR,1,26.05,11.114729911907268
fig06,(a) RR,RR,1,26.15,11.11072762488611
fig06,(a) RR,RR,1,26.25,11.113580259293988
fig06,(a) RR,RR,1,26.35,11.105143834706352
fig06,(a) RR,RR,1,26.450000000000003,11.113230088075625
fig06,(a) RR,RR,1,26.55,11.10838761605271
fig06,(a) RR,RR,1,26.65,11.113166521023848
fig06,(a) RR,RR,1,26.75,11.110211019061396
fig06,(a) RR,RR,1,26.85,11.112700536881102
fig06,(a) RR,RR,1,26.950000000000003,11.108026174931508
fig06,(a) RR,RR,1,27.05,11.110005076245498
fig06,(a) RR,RR,1,27.15,11.110801863598889
fig06,(a) RR,RR,1,27.25,11.115476225548484
fig06,(a) RR,RR,1,27.35,11.113354644829409
fig06,(a) RR,RR,1,27.450000000000003,11.109174776746045
fig06,(a) RR,RR,1,27.55,11.109736656571188
fig06,(a) RR,RR,1,27.65,11.108500101727126
fig06,(a) RR,RR,1,27.75,11.110269787169386
fig06,(a) RR,RR,1,27.85,11.111545878683378
fig06,(a) RR,RR,1,27.950000000000003,11.11251134265778
fig06,(a) RR,RR,1,28.05,11.11215932914046
fig06,(a) RR,RR,1,28.15,11.108761656907395
fig06,(a) RR,RR,1,28.25,11.109635171931853
fig06,(a) RR,RR,1,28.35,11.11300444416905
fig06,(a) RR,RR,1,28.450000000000003,11.11161026255366
fig06,(a) RR,RR,1,28.55,11.114106019766396
fig06,(a) RR,RR,1,28.65,11.110022053418282
fig06,(a) RR,RR,1,28.75,11.112717471208038
fig06,(a) RR,RR,1,28.85,11.1102217139953
fig06,(a) RR,RR,1,28.950000000000003,11.112901816911252
fig06,(a) RR,RR,1,29.05,11.108092345953056
fig06,(a) RR,RR,1,29.15,11.112707142308686
fig06,(a) RR,RR,1,29.25,11.109776269529254
fig06,(a) RR,RR,1,29.35,11.111703140906734
fig06,(a) RR,RR,1,29.450000000000003,11.111455919673398
fig06,(a) RR,RR,1,29.55,11.108557190065026
fig06,(a) RR,RR,1,29.65,11.113236734838909
fig06,(a) RR,RR,1,29.75,11.108869159716615
fig06,(a) RR,RR,1,29.85,11.114950737592244
fig06,(a) RR,RR,1,29.950000000000003,11.112454980379509
fig06,(a) RR,RR,1,30.05,11.11185255622471
fig06,(a) RR,RR,1,30.15,11.109190173711848
fig06,(a) RR,RR,1,30.25,11.111340364541284
fig06,(a) RR,RR,1,30.35,11.112358627488568
fig06,(a) RR,RR,2,0.45,11.113164072689331
fig06,(a) RR,RR,2,0.55,11.111082128124124
fig06,(a) RR,RR,2,0.65,11.109100203278716
fig06,(a) RR,RR,2,0.75,11.112377510268743
fig06,(a) RR,RR,2,0.8500000000000001,11.115045701616175
fig06,(a) RR,RR,2,0.95,11.1114935561203
fig06,(a) RR,RR,2,1.05,11.109857197658192
fig06,(a) RR,RR,2,1.15,11.109178843925791
fig06,(a) RR,RR,2,1.25,11.111695655547203
fig06,(a) RR,RR,2,1.35,11.110770757286012
fig06,(a) RR,RR,2,1.4500000000000002,11.112674300922848
fig06,(a) RR,RR,2,1.55,11.113195802429985
fig06,(a) RR,RR,2,1.65,11.109496209385222
fig06,(a) RR,RR,2,1.75,11.111615248528112
fig06,(a) RR,RR,2,1.85,11.107985056218675
fig06,(a) RR,RR,2,1.95,11.11527213342806
fig06,(a) RR,RR,2,2.0500000000000003,11.111614613811565
fig06,(a) RR,RR,2,2.15,11.111423177888996
fig06,(a) RR,RR,2,2.25,11.108945571637804
fig06,(a) RR,RR,2,2.35,11.109735324947588
fig06,(a) RR,RR,2,2.45,11.114149166755498
fig06,(a) RR,RR,2,2.5500000000000003,11.111453748965742
fig06,(a) RR,RR,2,2.6500000000000004,11.111595400050788
fig06,(a) RR,RR,2,2.75,11.109876070314291
fig06,(a) RR,RR,2,2.85,11.111270251929689
fig06,(a) RR,RR,2,2.95,11.10989540316305
fig06,(a) RR,RR,2,3.0500000000000003,11.112541675887917
fig06,(a) RR,RR,2,3.1500000000000004,11.112016983882125
fig06,(a) RR,RR,2,3.25,11.110981650007654
fig06,(a) RR,RR,2,3.35,11.107465887673191
fig06,(a) RR,RR,2,3.45,11.110648333303097
fig06,(a) RR,RR,2,3.5500000000000003,11.110567410655436
fig06,(a) RR,RR,2,3.65,11.1140831729899
fig06,(a) RR,RR,2,3.75,11.112620057096493
fig06,(a) RR,RR,2,3.85,11.11270097974415
fig06,(a) RR,RR,2,3.95,11.110722078430165
fig06,(a) RR,RR,2,4.05,11.110129864854256
fig06,(a) RR,RR,2,4.15,11.108360179411996
fig06,(a) RR,RR,2,4.25,11.110339080725987
fig06,(a) RR,RR,2,4.3500000000000005,11.11160964803429
fig06,(a) RR,RR,2,4.45,11.11329841082889
fig06,(a) RR,RR,2,4.55,11.111779254264617
fig06,(a) RR,RR,2,4.65,11.11050868695631
fig06,(a) RR,RR,2,4.75,11.110508686956312
fig06,(a) RR,RR,2,4.8500000000000005,11.11185255622471
fig06,(a) RR,RR,2,4.95,11.109491704807256
fig06,(a) RR,RR,2,5.050000000000001,11.109572627454916
fig06,(a) RR,RR,2,5.15,11.109747914750791
fig06,(a) RR,RR,2,5.25,11.110269787169386
fig06,(a) RR,RR,2,5.3500000000000005,11.114963300733642
fig06,(a) RR,RR,2,5.45,11.110093675582403
fig06,(a) RR,RR,2,5.550000000000001,11.112446486948592
fig06,(a) RR,RR,2,5.65,11.10886668846738
fig06,(a) RR,RR,2,5.75,11.110628947918965
fig06,(a) RR,RR,2,5.8500000000000005,11.113291533822393
fig06,(a) RR,RR,2,5.95,11.112699320246492
fig06,(a) RR,RR,2,6.050000000000001,11.110176870443242
fig06,(a) RR,RR,2,6.15,11.107000452172484
fig06,(a) RR,RR,2,6.25,11.108889133306448
fig06,(a) RR,RR,2,6.3500000000000005,11.112015549963994
fig06,(a) RR,RR,2,6.45,11.112972826703128
fig06,(a) RR,RR,2,6.550000000000001,11.1106730796753
fig06,(a) RR,RR,2,6.65,11.112749215736956
fig06,(a) RR,RR,2,6.75,11.110394314958688
fig06,(a) RR,RR,2,6.8500000000000005,11.110394314958688
fig06,(a) RR,RR,2,6.95,11.110572988486418
fig06,(a) RR,RR,2,7.050000000000001,11.115330285696546
fig06,(a) RR,RR,2,7.15,11.113902372591548
fig06,(a) RR,RR,2,7.25,11.11191873179389
fig06,(a) RR,RR,2,7.35,11.110709249452333
fig06,(a) RR,RR,2,7.45,11.109860489914398
fig06,(a) RR,RR,2,7.550000000000001,11.113069320616493
fig06,(a) RR,RR,2,7.65,11.11045938503734
fig06,(a) RR,RR,2,7.75,11.113147123574132
fig06,(a) RR,RR,2,7.85,11.107613053232845
fig06,(a) RR,RR,2,7.95,11.109756682367058
fig06,(a) RR,RR,2,8.05,11.1088831673426
fig06,(a) RR,RR,2,8.15,11.114071671300586
fig06,(a) RR,RR,2,8.25,11.109700048379294
fig06,(a) RR,RR,2,8.35,11.111665457184325
fig06,(a) RR,RR,2,8.450000000000001,11.110785833663192
fig06,(a) RR,RR,2,8.55,11.111634593201126
fig06,(a) RR,RR,2,8.65,11.110542699420554
fig06,(a) RR,RR,2,8.75,11.110616001380649
fig06,(a) RR,RR,2,8.85,11.11158146535505
fig06,(a) RR,RR,2,8.950000000000001,11.110262952110585
fig06,(a) RR,RR,2,9.05,11.111714330920456
fig06,(a) RR,RR,2,9.15,11.11258784594491
fig06,(a) RR,RR,2,9.25,11.111496662570184
fig06,(a) RR,RR,2,9.35,11.11149666257018
fig06,(a) RR,RR,2,9.45,11.111496662570184
fig06,(a) RR,RR,2,9.55,11.113906359189375
fig06,(a) RR,RR,2,9.65,11.10927213211225
fig06,(a) RR,RR,2,9.75,11.106584393575456
fig06,(a) RR,RR,2,9.85,11.109080150788197
fig06,(a) RR,RR,2,9.95,11.109330920651676
fig06,(a) RR,RR,2,10.05,11.11638623431076
fig06,(a) RR,RR,2,10.15,11.113890477098025
fig06,(a) RR,RR,2,10.25,11.109888190076868
fig06,(a) RR,RR,2,10.35,11.109198572952296
fig06,(a) RR,RR,2,10.45,11.108214330671217
fig06,(a) RR,RR,2,10.55,11.115955017657187
fig06,(a) RR,RR,2,10.65,11.111674635504668
fig06,(a) RR,RR,2,10.75,11.109620564657195
fig06,(a) RR,RR,2,10.85,11.10686794967296
fig06,(a) RR,RR,2,10.95,11.1099661310405
fig06,(a) RR,RR,2,11.05,11.109884747653126
fig06,(a) RR,RR,2,11.15,11.115101968163556
fig06,(a) RR,RR,2,11.25,11.109918472414025
fig06,(a) RR,RR,2,11.35,11.110350430393147
fig06,(a) RR,RR,2,11.45,11.105735634037522
fig06,(a) RR,RR,2,11.55,11.113982104548144
fig06,(a) RR,RR,2,11.65,11.115351329840472
fig06,(a) RR,RR,2,11.75,11.116443223621042
fig06,(a) RR,RR,2,11.85,11.10956597840275
fig06,(a) RR,RR,2,11.95,11.107167406436757
fig06,(a) RR,RR,2,12.05,11.10822570348562
fig06,(a) RR,RR,2,12.15,11.110888085998482
fig06,(a) RR,RR,2,12.25,11.113207547169813
fig06,(a) RR,RR,2,12.35,11.112149250120948
fig06,(a) RR,RR,2,12.45,11.109407756813418
fig06,(a) RR,RR,2,12.55,11.10896640185369
fig06,(a) RR,RR,2,12.65,11.107874508073118
fig06,(a) RR,RR,2,12.75,11.112448550383007
fig06,(a) RR,RR,2,12.85,11.11199634243247
fig06,(a) RR,RR,2,12.95,11.113743372481387
fig06,(a) RR,RR,2,13.05,11.108206102793174
fig06,(a) RR,RR,2,13.15,11.11347095791094
fig06,(a) RR,RR,2,13.25,11.110326303822893
fig06,(a) RR,RR,2,13.35,11.115182912453085
fig06,(a) RR,RR,2,13.45,11.11089073104025
fig06,(a) RR,RR,2,13.55,11.11157528159003
fig06,(a) RR,RR,2,13.65,11.107761011132824
fig06,(a) RR,RR,2,13.75,11.11082655442621
fig06,(a) RR,RR,2,13.85,11.110412511754973
fig06,(a) RR,RR,2,13.95,11.116098600121726
fig06,(a) RR,RR,2,14.05,11.113749145918012
fig06,(a) RR,RR,2,14.15,11.112188523541809
fig06,(a) RR,RR,2,14.25,11.111498906417236
fig06,(a) RR,RR,2,14.35,11.110332186218704
fig06,(a) RR,RR,2,14.45,11.112306851266142
fig06,(a) RR,RR,2,14.55,11.11142414134669
fig06,(a) RR,RR,2,14.65,11.10969922560219
fig06,(a) RR,RR,2,14.75,11.110412299091545
fig06,(a) RR,RR,2,14.85,11.10950573214724
fig06,(a) RR,RR,2,14.95,11.112999792245075
fig06,(a) RR,RR,2,15.05,11.110816004683928
fig06,(a) RR,RR,2,15.15,11.1110775143794
fig06,(a) RR,RR,2,15.25,11.1110775143794
fig06,(a) RR,RR,2,15.35,11.110970114991147
fig06,(a) RR,RR,2,15.45,11.11131568137445
fig06,(a) RR,RR,2,15.55,11.11182951374178
fig06,(a) RR,RR,2,15.65,11.113136458410098
fig06,(a) RR,RR,2,15.75,11.11064070119736
fig06,(a) RR,RR,2,15.85,11.10828788983117
fig06,(a) RR,RR,2,15.95,11.10978596447958
fig06,(a) RR,RR,2,16.05,11.111841293948894
fig06,(a) RR,RR,2,16.150000000000002,11.113158771440617
fig06,(a) RR,RR,2,16.25,11.11132642582882
fig06,(a) RR,RR,2,16.35,11.109784928726834
fig06,(a) RR,RR,2,16.45,11.110306430233974
fig06,(a) RR,RR,2,16.55,11.11162494347844
fig06,(a) RR,RR,2,16.650000000000002,11.109272132112253
fig06,(a) RR,RR,2,16.75,11.112448550383007
fig06,(a) RR,RR,2,16.85,11.109328853867089
fig06,(a) RR,RR,2,16.95,11.110708088116231
fig06,(a) RR,RR,2,17.05,11.108123883421378
fig06,(a) RR,RR,2,17.150000000000002,11.111942391956866
fig06,(a) RR,RR,2,17.25,11.11100451266745
fig06,(a) RR,RR,2,17.35,11.111004512667447
fig06,(a) RR,RR,2,17.45,11.10917858448729
fig06,(a) RR,RR,2,17.55,11.114748220583538
fig06,(a) RR,RR,2,17.650000000000002,11.113634505500494
fig06,(a) RR,RR,2,17.75,11.114761621661088
fig06,(a) RR,RR,2,17.85,11.108820465250638
fig06,(a) RR,RR,2,17.95,11.108628893268424
fig06,(a) RR,RR,2,18.05,11.108107391761283
fig06,(a) RR,RR,2,18.15,11.11083381285375
fig06,(a) RR,RR,2,18.25,11.111087141593387
fig06,(a) RR,RR,2,18.35,11.11160864310053
fig06,(a) RR,RR,2,18.45,11.112862796803062
fig06,(a) RR,RR,2,18.55,11.112195425392189
fig06,(a) RR,RR,2,18.65,11.110797801353051
fig06,(a) RR,RR,2,18.75,11.111450354598134
fig06,(a) RR,RR,2,18.85,11.1084668118201
fig06,(a) RR,RR,2,18.95,11.11272841954598
fig06,(a) RR,RR,2,19.05,11.110821712598366
fig06,(a) RR,RR,2,19.15,11.114410870029852
fig06,(a) RR,RR,2,19.25,11.109550280572911
fig06,(a) RR,RR,2,19.35,11.107465887673191
fig06,(a) RR,RR,2,19.450000000000003,11.108579602756231
fig06,(a) RR,RR,2,19.55,11.111090040893751
fig06,(a) RR,RR,2,19.65,11.113736313618618
fig06,(a) RR,RR,2,19.75,11.112541675887917
fig06,(a) RR,RR,2,19.85,11.112027843520588
fig06,(a) RR,RR,2,19.950000000000003,11.111100900532216
fig06,(a) RR,RR,2,20.05,11.111100900532216
fig06,(a) RR,RR,2,20.15,11.110579399025076
fig06,(a) RR,RR,2,20.25,11.108398976313794
fig06,(a) RR,RR,2,20.35,11.109515232835925
fig06,(a) RR,RR,2,20.450000000000003,11.112248164784727
fig06,(a) RR,RR,2,20.55,11.112962858895647
fig06,(a) RR,RR,2,20.65,11.111989281778603
fig06,(a) RR,RR,2,20.75,11.110231625375617
fig06,(a) RR,RR,2,20.85,11.11064539565036
fig06,(a) RR,RR,2,20.950000000000003,11.112852170448994
fig06,(a) RR,RR,2,21.05,11.111795972255512
fig06,(a) RR,RR,2,21.15,11.111271474724148
fig06,(a) RR,RR,2,21.25,11.11120832905973
fig06,(a) RR,RR,2,21.35,11.110562874608162
fig06,(a) RR,RR,2,21.450000000000003,11.11067360186478
fig06,(a) RR,RR,2,21.55,11.109443491518965
fig06,(a) RR,RR,2,21.65,11.108852391126474
fig06,(a) RR,RR,2,21.75,11.113403864148651
fig06,(a) RR,RR,2,21.85,11.109599621523008
fig06,(a) RR,RR,2,21.950000000000003,11.114798273692864
fig06,(a) RR,RR,2,22.05,11.110517891540342
fig06,(a) RR,RR,2,22.15,11.114382192494633
fig06,(a) RR,RR,2,22.25,11.11042009516884
fig06,(a) RR,RR,2,22.35,11.11102251932364
fig06,(a) RR,RR,2,22.450000000000003,11.108739542602978
fig06,(a) RR,RR,2,22.55,11.109341966757777
fig06,(a) RR,RR,2,22.65,11.111230647891745
fig06,(a) RR,RR,2,22.75,11.112015549963996
fig06,(a) RR,RR,2,22.85,11.112867759743954
fig06,(a) RR,RR,2,22.950000000000003,11.11183128838995
fig06,(a) RR,RR,2,23.05,11.110976551672168
fig06,(a) RR,RR,2,23.15,11.110124341892211
fig06,(a) RR,RR,2,23.25,11.110229408851382
fig06,(a) RR,RR,2,23.35,11.111465963695444
fig06,(a) RR,RR,2,23.450000000000003,11.111465963695444
fig06,(a) RR,RR,2,23.55,11.110508686956312
fig06,(a) RR,RR,2,23.65,11.113166440580423
fig06,(a) RR,RR,2,23.75,11.111327461581563
fig06,(a) RR,RR,2,23.85,11.113823218794304
fig06,(a) RR,RR,2,23.950000000000003,11.10732090374593
fig06,(a) RR,RR,2,24.05,11.109752096320692
fig06,(a) RR,RR,2,24.15,11.106653914953156
fig06,(a) RR,RR,2,24.25,11.114545748515996
fig06,(a) RR,RR,2,24.35,11.113432033432952
fig06,(a) RR,RR,2,24.450000000000003,11.112446248452372
fig06,(a) RR,RR,2,24.55,11.107413191333212
fig06,(a) RR,RR,2,24.65,11.108891969579489
fig06,(a) RR,RR,2,24.75,11.111999335279142
fig06,(a) RR,RR,2,24.85,11.111226692997064
fig06,(a) RR,RR,2,24.950000000000003,11.11026941625793
fig06,(a) RR,RR,2,25.05,11.109449071713222
fig06,(a) RR,RR,2,25.15,11.114783591299046
fig06,(a) RR,RR,2,25.25,11.113656475138455
fig06,(a) RR,RR,2,25.35,11.113914939858022
fig06,(a) RR,RR,2,25.450000000000003,11.107447211591818
fig06,(a) RR,RR,2,25.55,11.109666221532985
fig06,(a) RR,RR,2,25.65,11.109666221532985
fig06,(a) RR,RR,2,25.75,11.11228676660636
fig06,(a) RR,RR,2,25.85,11.109606663690403
fig06,(a) RR,RR,2,25.950000000000003,11.109241600527175
fig06,(a) RR,RR,2,26.05,11.108796602307171
fig06,(a) RR,RR,2,26.15,11.111083623462116
fig06,(a) RR,RR,2,26.25,11.113936257869993
fig06,(a) RR,RR,2,26.35,11.111433142882452
fig06,(a) RR,RR,2,26.450000000000003,11.113230088075625
fig06,(a) RR,RR,2,26.55,11.10838761605271
fig06,(a) RR,RR,2,26.65,11.113166521023848
fig06,(a) RR,RR,2,26.75,11.110211019061396
fig06,(a) RR,RR,2,26.85,11.112700536881102
fig06,(a) RR,RR,2,26.950000000000003,11.108026174931508
fig06,(a) RR,RR,2,27.05,11.1100050762455
fig06,(a) RR,RR,2,27.15,11.110801863598889
fig06,(a) RR,RR,2,27.25,11.111168480222387
fig06,(a) RR,RR,2,27.35,11.114468716896504
fig06,(a) RR,RR,2,27.450000000000003,11.11028884881314
fig06,(a) RR,RR,2,27.55,11.115158473964378
fig06,(a) RR,RR,2,27.65,11.108500101727126
fig06,(a) RR,RR,2,27.75,11.110269787169386
fig06,(a) RR,RR,2,27.85,11.111545878683378
fig06,(a) RR,RR,2,27.950000000000003,11.11251134265778
fig06,(a) RR,RR,2,28.05,11.11215932914046
fig06,(a) RR,RR,2,28.15,11.108761656907395
fig06,(a) RR,RR,2,28.25,11.109635171931854
fig06,(a) RR,RR,2,28.35,11.11300444416905
fig06,(a) RR,RR,2,28.450000000000003,11.11161026255366
fig06,(a) RR,RR,2,28.55,11.114106019766396
fig06,(a) RR,RR,2,28.65,11.11002205341828
fig06,(a) RR,RR,2,28.75,11.112717471208038
fig06,(a) RR,RR,2,28.85,11.1102217139953
fig06,(a) RR,RR,2,28.950000000000003,11.112901816911252
fig06,(a) RR,RR,2,29.05,11.108092345953056
fig06,(a) RR,RR,2,29.15,11.10677383270859
fig06,(a) RR,RR,2,29.25,11.109359896925737
fig06,(a) RR,RR,2,29.35,11.111286768303218
fig06,(a) RR,RR,2,29.450000000000003,11.11042149398654
fig06,(a) RR,RR,2,29.55,11.107335749564724
fig06,(a) RR,RR,2,29.65,11.112015294338606
fig06,(a) RR,RR,2,29.75,11.114199081899754
fig06,(a) RR,RR,2,29.85,11.114950737592247
fig06,(a) RR,RR,2,29.950000000000003,11.112454980379509
fig06,(a) RR,RR,2,30.05,11.11185255622471
fig06,(a) RR,RR,2,30.15,11.109190173711845
fig06,(a) RR,RR,2,30.25,11.106502435175052
fig06,(a) RR,RR,2,30.35,11.10510173343922
fig06,(a) RR,RR,3,0.45,11.113164072689331
fig06,(a) RR,RR,3,0.55,11.111082128124124
fig06,(a) RR,RR,3,0.65,11.109100203278716
fig06,(a) RR,RR,3,0.75,11.112377510268743
fig06,(a) RR,RR,3,0.8500000000000001,11.109328148728814
fig06,(a) RR,RR,3,0.95,11.11033347292576
fig06,(a) RR,RR,3,1.05,11.108697114463654
fig06,(a) RR,RR,3,1.15,11.113736313618618
fig06,(a) RR,RR,3,1.25,11.111695655547203
fig06,(a) RR,RR,3,1.35,11.110770757286012
fig06,(a) RR,RR,3,1.4500000000000002,11.108181937939918
fig06,(a) RR,RR,3,1.55,11.108703439447057
fig06,(a) RR,RR,3,1.65,11.111169834810234
fig06,(a) RR,RR,3,1.75,11.111847927335958
fig06,(a) RR,RR,3,1.85,11.11230170137464
fig06,(a) RR,RR,3,1.95,11.113422790176084
fig06,(a) RR,RR,3,2.0500000000000003,11.111390834833584
fig06,(a) RR,RR,3,2.15,11.11202895457548
fig06,(a) RR,RR,3,2.25,11.109551348324288
fig06,(a) RR,RR,3,2.35,11.114648846960169
fig06,(a) RR,RR,3,2.45,11.114149166755498
fig06,(a) RR,RR,3,2.5500000000000003,11.111453748965742
fig06,(a) RR,RR,3,2.6500000000000004,11.111595400050788
fig06,(a) RR,RR,3,2.75,11.109876070314296
fig06,(a) RR,RR,3,2.85,11.111270251929684
fig06,(a) RR,RR,3,2.95,11.10989540316305
fig06,(a) RR,RR,3,3.0500000000000003,11.10798420619509
fig06,(a) RR,RR,3,3.1500000000000004,11.11253153691196
fig06,(a) RR,RR,3,3.25,11.11149620303749
fig06,(a) RR,RR,3,3.35,11.11253791039585
fig06,(a) RR,RR,3,3.45,11.110648333303097
fig06,(a) RR,RR,3,3.5500000000000003,11.110567410655436
fig06,(a) RR,RR,3,3.65,11.1140831729899
fig06,(a) RR,RR,3,3.75,11.112620057096493
fig06,(a) RR,RR,3,3.85,11.11270097974415
fig06,(a) RR,RR,3,3.95,11.110722078430165
fig06,(a) RR,RR,3,4.05,11.110129864854256
fig06,(a) RR,RR,3,4.15,11.108360179411996
fig06,(a) RR,RR,3,4.25,11.110339080725987
fig06,(a) RR,RR,3,4.3500000000000005,11.11160964803429
fig06,(a) RR,RR,3,4.45,11.11329841082889
fig06,(a) RR,RR,3,4.55,11.111779254264617
fig06,(a) RR,RR,3,4.65,11.11050868695631
fig06,(a) RR,RR,3,4.75,11.110508686956312
fig06,(a) RR,RR,3,4.8500000000000005,11.11185255622471
fig06,(a) RR,RR,3,4.95,11.109491704807256
fig06,(a) RR,RR,3,5.050000000000001,11.109572627454916
fig06,(a) RR,RR,3,5.15,11.109747914750791
fig06,(a) RR,RR,3,5.25,11.110269787169386
fig06,(a) RR,RR,3,5.3500000000000005,11.110269787169386
fig06,(a) RR,RR,3,5.45,11.109707907344244
fig06,(a) RR,RR,3,5.550000000000001,11.112060718710431
fig06,(a) RR,RR,3,5.65,11.113174433793477
fig06,(a) RR,RR,3,5.75,11.110628947918965
fig06,(a) RR,RR,3,5.8500000000000005,11.113291533822393
fig06,(a) RR,RR,3,5.95,11.112699320246492
fig06,(a) RR,RR,3,6.050000000000001,11.110176870443242
fig06,(a) RR,RR,3,6.15,11.107000452172484
fig06,(a) RR,RR,3,6.25,11.108889133306448
fig06,(a) RR,RR,3,6.3500000000000005,11.112015549963994
fig06,(a) RR,RR,3,6.45,11.112972826703128
fig06,(a) RR,RR,3,6.550000000000001,11.1106730796753
fig06,(a) RR,RR,3,6.65,11.112749215736956
fig06,(a) RR,RR,3,6.75,11.110394314958688
fig06,(a) RR,RR,3,6.8500000000000005,11.110394314958688
fig06,(a) RR,RR,3,6.95,11.110572988486418
fig06,(a) RR,RR,3,7.050000000000001,11.109282873988755
fig06,(a) RR,RR,3,7.15,11.11337189788034
fig06,(a) RR,RR,3,7.25,11.11138825708268
fig06,(a) RR,RR,3,7.35,11.111388257082682
fig06,(a) RR,RR,3,7.45,11.109860489914398
fig06,(a) RR,RR,3,7.550000000000001,11.10857695763356
fig06,(a) RR,RR,3,7.65,11.110804951420642
fig06,(a) RR,RR,3,7.75,11.108654760591206
fig06,(a) RR,RR,3,7.85,11.112170522925672
fig06,(a) RR,RR,3,7.95,11.114314152059883
fig06,(a) RR,RR,3,8.05,11.113440637035426
fig06,(a) RR,RR,3,8.15,11.109233741934355
fig06,(a) RR,RR,3,8.25,11.108893726818254
fig06,(a) RR,RR,3,8.35,11.110859135623286
fig06,(a) RR,RR,3,8.450000000000001,11.114817441468384
fig06,(a) RR,RR,3,8.55,11.111634593201126
fig06,(a) RR,RR,3,8.65,11.110542699420554
fig06,(a) RR,RR,3,8.75,11.110616001380649
fig06,(a) RR,RR,3,8.85,11.11158146535505
fig06,(a) RR,RR,3,8.950000000000001,11.110262952110585
fig06,(a) RR,RR,3,9.05,11.107521458803054
fig06,(a) RR,RR,3,9.15,11.10839497382751
fig06,(a) RR,RR,3,9.25,11.110918335381577
fig06,(a) RR,RR,3,9.35,11.110918335381577
fig06,(a) RR,RR,3,9.45,11.110918335381577
fig06,(a) RR,RR,3,9.55,11.109713487071977
fig06,(a) RR,RR,3,9.65,11.11478906910883
fig06,(a) RR,RR,3,9.75,11.112101330572036
fig06,(a) RR,RR,3,9.85,11.114597087784777
fig06,(a) RR,RR,3,9.95,11.109330920651676
fig06,(a) RR,RR,3,10.05,11.109834871627324
fig06,(a) RR,RR,3,10.15,11.107339114414586
fig06,(a) RR,RR,3,10.25,11.109626135569531
fig06,(a) RR,RR,3,10.35,11.115487881128397
fig06,(a) RR,RR,3,10.45,11.114503638847316
fig06,(a) RR,RR,3,10.55,11.111117088290955
fig06,(a) RR,RR,3,10.65,11.106836706138438
fig06,(a) RR,RR,3,10.75,11.109340104983792
fig06,(a) RR,RR,3,10.85,11.111425419365789
fig06,(a) RR,RR,3,10.95,11.114523600733326
fig06,(a) RR,RR,3,11.05,11.109884747653128
fig06,(a) RR,RR,3,11.15,11.10916865856346
fig06,(a) RR,RR,3,11.25,11.110032574521716
fig06,(a) RR,RR,3,11.35,11.110464532500844
fig06,(a) RR,RR,3,11.45,11.11178304574531
fig06,(a) RR,RR,3,11.55,11.106835163438936
fig06,(a) RR,RR,3,11.65,11.114137698331362
fig06,(a) RR,RR,3,11.75,11.110316070099357
fig06,(a) RR,RR,3,11.85,11.116519075590366
fig06,(a) RR,RR,3,11.95,11.108187194024271
fig06,(a) RR,RR,3,12.05,11.114159013085713
fig06,(a) RR,RR,3,12.15,11.106856478193292
fig06,(a) RR,RR,3,12.25,11.11336881148202
fig06,(a) RR,RR,3,12.35,11.112310514433156
fig06,(a) RR,RR,3,12.45,11.113600628930817
fig06,(a) RR,RR,3,12.55,11.108966401853692
fig06,(a) RR,RR,3,12.65,11.107874508073117
fig06,(a) RR,RR,3,12.75,11.112448550383007
fig06,(a) RR,RR,3,12.85,11.11199634243247
fig06,(a) RR,RR,3,12.95,11.113743372481387
fig06,(a) RR,RR,3,13.05,11.108206102793174
fig06,(a) RR,RR,3,13.15,11.11347095791094
fig06,(a) RR,RR,3,13.25,11.110326303822893
fig06,(a) RR,RR,3,13.35,11.115182912453085
fig06,(a) RR,RR,3,13.45,11.11089073104025
fig06,(a) RR,RR,3,13.55,11.11157528159003
fig06,(a) RR,RR,3,13.65,11.107761011132824
fig06,(a) RR,RR,3,13.75,11.11082655442621
fig06,(a) RR,RR,3,13.85,11.110412511754973
fig06,(a) RR,RR,3,13.95,11.10954723743829
fig06,(a) RR,RR,3,14.05,11.112619600627765
fig06,(a) RR,RR,3,14.15,11.111058978251563
fig06,(a) RR,RR,3,14.25,11.111403786813849
fig06,(a) RR,RR,3,14.35,11.108795824017122
fig06,(a) RR,RR,3,14.45,11.110770489064564
fig06,(a) RR,RR,3,14.55,11.111211844024291
fig06,(a) RR,RR,3,14.65,11.11074744363154
fig06,(a) RR,RR,3,14.75,11.111460517120896
fig06,(a) RR,RR,3,14.85,11.11474682229399
fig06,(a) RR,RR,3,14.95,11.112999792245075
fig06,(a) RR,RR,3,15.05,11.110816004683931
fig06,(a) RR,RR,3,15.15,11.10623958501317
fig06,(a) RR,RR,3,15.25,11.10623958501317
fig06,(a) RR,RR,3,15.35,11.111287356261064
fig06,(a) RR,RR,3,15.45,11.110855398281936
fig06,(a) RR,RR,3,15.55,11.111369230649265
fig06,(a) RR,RR,3,15.65,11.111950094946296
fig06,(a) RR,RR,3,15.75,11.11506979146222
fig06,(a) RR,RR,3,15.85,11.112716980096032
fig06,(a) RR,RR,3,15.95,11.10978596447958
fig06,(a) RR,RR,3,16.05,11.10567530554095
fig06,(a) RR,RR,3,16.150000000000002,11.111686296596927
fig06,(a) RR,RR,3,16.25,11.109853950985134
fig06,(a) RR,RR,3,16.35,11.11447844229109
fig06,(a) RR,RR,3,16.45,11.110306430233974
fig06,(a) RR,RR,3,16.55,11.11162494347844
fig06,(a) RR,RR,3,16.650000000000002,11.10927213211225
fig06,(a) RR,RR,3,16.75,11.107683922976872
fig06,(a) RR,RR,3,16.85,11.11017968018961
fig06,(a) RR,RR,3,16.95,11.111558914438756
fig06,(a) RR,RR,3,17.05,11.113739337150038
fig06,(a) RR,RR,3,17.150000000000002,11.111942391956866
fig06,(a) RR,RR,3,17.25,11.11100451266745
fig06,(a) RR,RR,3,17.35,11.111004512667447
fig06,(a) RR,RR,3,17.45,11.10917858448729
fig06,(a) RR,RR,3,17.55,11.110054707019282
fig06,(a) RR,RR,3,17.650000000000002,11.108940991936242
fig06,(a) RR,RR,3,17.75,11.110068108096833
fig06,(a) RR,RR,3,17.85,11.11280104004564
fig06,(a) RR,RR,3,17.95,11.112609468063424
fig06,(a) RR,RR,3,18.05,11.112087966556286
fig06,(a) RR,RR,3,18.15,11.11083381285375
fig06,(a) RR,RR,3,18.25,11.111087141593387
fig06,(a) RR,RR,3,18.35,11.11160864310053
fig06,(a) RR,RR,3,18.45,11.108882222008065
fig06,(a) RR,RR,3,18.55,11.113286873319849
fig06,(a) RR,RR,3,18.65,11.111889249280717
fig06,(a) RR,RR,3,18.75,11.111367206684648
fig06,(a) RR,RR,3,18.85,11.109477629591892
fig06,(a) RR,RR,3,18.95,11.113739237317771
fig06,(a) RR,RR,3,19.05,11.112679955680209
fig06,(a) RR,RR,3,19.15,11.110103124703755
fig06,(a) RR,RR,3,19.25,11.109734898229746
fig06,(a) RR,RR,3,19.35,11.111958250656118
fig06,(a) RR,RR,3,19.450000000000003,11.11307196573916
fig06,(a) RR,RR,3,19.55,11.111090040893751
fig06,(a) RR,RR,3,19.65,11.113736313618618
fig06,(a) RR,RR,3,19.75,11.112541675887917
fig06,(a) RR,RR,3,19.85,11.112027843520586
fig06,(a) RR,RR,3,19.950000000000003,11.111100900532216
fig06,(a) RR,RR,3,20.05,11.111100900532216
fig06,(a) RR,RR,3,20.15,11.110579399025076
fig06,(a) RR,RR,3,20.25,11.108398976313794
fig06,(a) RR,RR,3,20.35,11.109515232835925
fig06,(a) RR,RR,3,20.450000000000003,11.108267589989728
fig06,(a) RR,RR,3,20.55,11.11291310171071
fig06,(a) RR,RR,3,20.65,11.111939524593666
fig06,(a) RR,RR,3,20.75,11.11416244298568
fig06,(a) RR,RR,3,20.85,11.11064539565036
fig06,(a) RR,RR,3,20.950000000000003,11.107611080302243
fig06,(a) RR,RR,3,21.05,11.111976699501952
fig06,(a) RR,RR,3,21.15,11.111452201970588
fig06,(a) RR,RR,3,21.25,11.1128414065878
fig06,(a) RR,RR,3,21.35,11.110517770562147
fig06,(a) RR,RR,3,21.450000000000003,11.110628497818768
fig06,(a) RR,RR,3,21.55,11.11318712733807
fig06,(a) RR,RR,3,21.65,11.10885239112647
fig06,(a) RR,RR,3,21.75,11.107886927152071
fig06,(a) RR,RR,3,21.85,11.108390429852523
fig06,(a) RR,RR,3,21.950000000000003,11.113589082022376
fig06,(a) RR,RR,3,22.05,11.11482563686644
fig06,(a) RR,RR,3,22.15,11.114382192494636
fig06,(a) RR,RR,3,22.25,11.11042009516884
fig06,(a) RR,RR,3,22.35,11.11102251932364
fig06,(a) RR,RR,3,22.450000000000003,11.108739542602978
fig06,(a) RR,RR,3,22.55,11.109341966757777
fig06,(a) RR,RR,3,22.65,11.11123064789174
fig06,(a) RR,RR,3,22.75,11.112015549963994
fig06,(a) RR,RR,3,22.85,11.112867759743956
fig06,(a) RR,RR,3,22.950000000000003,11.11183128838995
fig06,(a) RR,RR,3,23.05,11.110976551672168
fig06,(a) RR,RR,3,23.15,11.110124341892211
fig06,(a) RR,RR,3,23.25,11.110229408851382
fig06,(a) RR,RR,3,23.35,11.111465963695444
fig06,(a) RR,RR,3,23.450000000000003,11.111465963695444
fig06,(a) RR,RR,3,23.55,11.110508686956312
fig06,(a) RR,RR,3,23.65,11.107000452172484
fig06,(a) RR,RR,3,23.75,11.110678410170204
fig06,(a) RR,RR,3,23.85,11.10755871365428
fig06,(a) RR,RR,3,23.950000000000003,11.11293993990121
fig06,(a) RR,RR,3,24.05,11.109854195479397
fig06,(a) RR,RR,3,24.15,11.112371467840518
fig06,(a) RR,RR,3,24.25,11.110116658251137
fig06,(a) RR,RR,3,24.35,11.109002943168091
fig06,(a) RR,RR,3,24.450000000000003,11.112781785593649
fig06,(a) RR,RR,3,24.55,11.11217781873935
fig06,(a) RR,RR,3,24.65,11.113656596985622
fig06,(a) RR,RR,3,24.75,11.111999335279142
fig06,(a) RR,RR,3,24.85,11.111226692997064
fig06,(a) RR,RR,3,24.950000000000003,11.11026941625793
fig06,(a) RR,RR,3,25.05,11.109449071713222
fig06,(a) RR,RR,3,25.15,11.114783591299046
fig06,(a) RR,RR,3,25.25,11.113656475138455
fig06,(a) RR,RR,3,25.35,11.11391493985802
fig06,(a) RR,RR,3,25.450000000000003,11.107447211591818
fig06,(a) RR,RR,3,25.55,11.109666221532985
fig06,(a) RR,RR,3,25.65,11.109666221532985
fig06,(a) RR,RR,3,25.75,11.112286766606358
fig06,(a) RR,RR,3,25.85,11.109606663690409
fig06,(a) RR,RR,3,25.950000000000003,11.109241600527175
fig06,(a) RR,RR,3,26.05,11.108796602307171
fig06,(a) RR,RR,3,26.15,11.111083623462116
fig06,(a) RR,RR,3,26.25,11.109507167605132
fig06,(a) RR,RR,3,26.35,11.11191757463017
fig06,(a) RR,RR,3,26.450000000000003,11.113714519823342
fig06,(a) RR,RR,3,26.55,11.113301138065289
fig06,(a) RR,RR,3,26.65,11.113166521023848
fig06,(a) RR,RR,3,26.75,11.110211019061396
fig06,(a) RR,RR,3,26.85,11.112700536881102
fig06,(a) RR,RR,3,26.950000000000003,11.108026174931508
fig06,(a) RR,RR,3,27.05,11.1100050762455
fig06,(a) RR,RR,3,27.15,11.10655233104747
fig06,(a) RR,RR,3,27.25,11.111226692997064
fig06,(a) RR,RR,3,27.35,11.10910511227799
fig06,(a) RR,RR,3,27.450000000000003,11.114329947382194
fig06,(a) RR,RR,3,27.55,11.114891827207336
fig06,(a) RR,RR,3,27.65,11.113655272363276
fig06,(a) RR,RR,3,27.75,11.110269787169386
fig06,(a) RR,RR,3,27.85,11.107353006565978
fig06,(a) RR,RR,3,27.950000000000003,11.112249288150442
fig06,(a) RR,RR,3,28.05,11.111897274633122
fig06,(a) RR,RR,3,28.15,11.11269247451746
fig06,(a) RR,RR,3,28.25,11.109635171931854
fig06,(a) RR,RR,3,28.35,11.10738899044039
fig06,(a) RR,RR,3,28.450000000000003,11.110487171807929
fig06,(a) RR,RR,3,28.55,11.107367475292005
fig06,(a) RR,RR,3,28.65,11.116045903781751
fig06,(a) RR,RR,3,28.75,11.11424895858858
fig06,(a) RR,RR,3,28.85,11.117368655104505
fig06,(a) RR,RR,3,28.950000000000003,11.10798829489867
fig06,(a) RR,RR,3,29.05,11.10934481234842
fig06,(a) RR,RR,3,29.15,11.108026299103951
fig06,(a) RR,RR,3,29.25,11.11552588533368
fig06,(a) RR,RR,3,29.35,11.111286768303222
fig06,(a) RR,RR,3,29.450000000000003,11.110421493986538
fig06,(a) RR,RR,3,29.55,11.107335749564724
fig06,(a) RR,RR,3,29.65,11.112015294338606
fig06,(a) RR,RR,3,29.75,11.114199081899754
fig06,(a) RR,RR,3,29.85,11.110919129787057
fig06,(a) RR,RR,3,29.950000000000003,11.108423372574316
fig06,(a) RR,RR,3,30.05,11.107820948419516
fig06,(a) RR,RR,3,30.15,11.115123483311942
fig06,(a) RR,RR,3,30.25,11.112435744775146
fig06,(a) RR,RR,3,30.35,11.114001697839363
fig06,(a) RR,RR,4,0.45,11.113164072689331
fig06,(a) RR,RR,4,0.55,11.111082128124124
fig06,(a) RR,RR,4,0.65,11.109100203278716
fig06,(a) RR,RR,4,0.75,11.112377510268743
fig06,(a) RR,RR,4,0.8500000000000001,11.109328148728814
fig06,(a) RR,RR,4,0.95,11.11033347292576
fig06,(a) RR,RR,4,1.05,11.108697114463654
fig06,(a) RR,RR,4,1.15,11.113736313618618
fig06,(a) RR,RR,4,1.25,11.111695655547203
fig06,(a) RR,RR,4,1.35,11.110770757286012
fig06,(a) RR,RR,4,1.4500000000000002,11.112674300922848
fig06,(a) RR,RR,4,1.55,11.113195802429985
fig06,(a) RR,RR,4,1.65,11.109496209385222
fig06,(a) RR,RR,4,1.75,11.105681938928017
fig06,(a) RR,RR,4,1.85,11.106135712966696
fig06,(a) RR,RR,4,1.95,11.113422790176084
fig06,(a) RR,RR,4,2.0500000000000003,11.111390834833584
fig06,(a) RR,RR,4,2.15,11.11202895457548
fig06,(a) RR,RR,4,2.25,11.109551348324288
fig06,(a) RR,RR,4,2.35,11.114648846960169
fig06,(a) RR,RR,4,2.45,11.114149166755498
fig06,(a) RR,RR,4,2.5500000000000003,11.111453748965742
fig06,(a) RR,RR,4,2.6500000000000004,11.111595400050788
fig06,(a) RR,RR,4,2.75,11.109876070314291
fig06,(a) RR,RR,4,2.85,11.111270251929684
fig06,(a) RR,RR,4,2.95,11.10989540316305
fig06,(a) RR,RR,4,3.0500000000000003,11.112541675887917
fig06,(a) RR,RR,4,3.1500000000000004,11.112016983882125
fig06,(a) RR,RR,4,3.25,11.110981650007655
fig06,(a) RR,RR,4,3.35,11.107465887673188
fig06,(a) RR,RR,4,3.45,11.110648333303097
fig06,(a) RR,RR,4,3.5500000000000003,11.110567410655436
fig06,(a) RR,RR,4,3.65,11.114083172989902
fig06,(a) RR,RR,4,3.75,11.112620057096493
fig06,(a) RR,RR,4,3.85,11.112700979744153
fig06,(a) RR,RR,4,3.95,11.11072207843016
fig06,(a) RR,RR,4,4.05,11.110129864854256
fig06,(a) RR,RR,4,4.15,11.108360179411996
fig06,(a) RR,RR,4,4.25,11.110339080725987
fig06,(a) RR,RR,4,4.3500000000000005,11.111609648034287
fig06,(a) RR,RR,4,4.45,11.11329841082889
fig06,(a) RR,RR,4,4.55,11.111779254264611
fig06,(a) RR,RR,4,4.65,11.110508686956312
fig06,(a) RR,RR,4,4.75,11.110508686956312
fig06,(a) RR,RR,4,4.8500000000000005,11.11185255622471
fig06,(a) RR,RR,4,4.95,11.109491704807256
fig06,(a) RR,RR,4,5.050000000000001,11.109572627454916
fig06,(a) RR,RR,4,5.15,11.109747914750791
fig06,(a) RR,RR,4,5.25,11.110269787169386
fig06,(a) RR,RR,4,5.3500000000000005,11.110269787169386
fig06,(a) RR,RR,4,5.45,11.109707907344244
fig06,(a) RR,RR,4,5.550000000000001,11.112060718710431
fig06,(a) RR,RR,4,5.65,11.113174433793477
fig06,(a) RR,RR,4,5.75,11.110628947918965
fig06,(a) RR,RR,4,5.8500000000000005,11.113291533822396
fig06,(a) RR,RR,4,5.95,11.112699320246492
fig06,(a) RR,RR,4,6.050000000000001,11.11017687044324
fig06,(a) RR,RR,4,6.15,11.107000452172484
fig06,(a) RR,RR,4,6.25,11.108889133306448
fig06,(a) RR,RR,4,6.3500000000000005,11.112015549963994
fig06,(a) RR,RR,4,6.45,11.112972826703128
fig06,(a) RR,RR,4,6.550000000000001,11.1106730796753
fig06,(a) RR,RR,4,6.65,11.112749215736956
fig06,(a) RR,RR,4,6.75,11.110394314958688
fig06,(a) RR,RR,4,6.8500000000000005,11.110394314958688
fig06,(a) RR,RR,4,6.95,11.110572988486418
fig06,(a) RR,RR,4,7.050000000000001,11.109282873988755
fig06,(a) RR,RR,4,7.15,11.11337189788034
fig06,(a) RR,RR,4,7.25,11.111388257082682
fig06,(a) RR,RR,4,7.35,11.111388257082682
fig06,(a) RR,RR,4,7.45,11.109860489914398
fig06,(a) RR,RR,4,7.550000000000001,11.10857695763356
fig06,(a) RR,RR,4,7.65,11.114942654168075
fig06,(a) RR,RR,4,7.75,11.11279246333864
fig06,(a) RR,RR,4,7.85,11.111750755980282
fig06,(a) RR,RR,4,7.95,11.109756682367058
fig06,(a) RR,RR,4,8.05,11.1088831673426
fig06,(a) RR,RR,4,8.15,11.114071671300588
fig06,(a) RR,RR,4,8.25,11.109700048379294
fig06,(a) RR,RR,4,8.35,11.111665457184325
fig06,(a) RR,RR,4,8.450000000000001,11.110785833663192
fig06,(a) RR,RR,4,8.55,11.111634593201126
fig06,(a) RR,RR,4,8.65,11.110542699420554
fig06,(a) RR,RR,4,8.75,11.110616001380649
fig06,(a) RR,RR,4,8.85,11.11158146535505
fig06,(a) RR,RR,4,8.950000000000001,11.110262952110585
fig06,(a) RR,RR,4,9.05,11.111714330920456
fig06,(a) RR,RR,4,9.15,11.11258784594491
fig06,(a) RR,RR,4,9.25,11.111496662570184
fig06,(a) RR,RR,4,9.35,11.111496662570184
fig06,(a) RR,RR,4,9.45,11.111496662570184
fig06,(a) RR,RR,4,9.55,11.113906359189375
fig06,(a) RR,RR,4,9.65,11.109272132112253
fig06,(a) RR,RR,4,9.75,11.106584393575456
fig06,(a) RR,RR,4,9.85,11.109080150788197
fig06,(a) RR,RR,4,9.95,11.109330920651676
fig06,(a) RR,RR,4,10.05,11.109834871627326
fig06,(a) RR,RR,4,10.15,11.107339114414586
fig06,(a) RR,RR,4,10.25,11.109626135569531
fig06,(a) RR,RR,4,10.35,11.115487881128397
fig06,(a) RR,RR,4,10.45,11.11450363884732
fig06,(a) RR,RR,4,10.55,11.111117088290955
fig06,(a) RR,RR,4,10.65,11.112258523531628
fig06,(a) RR,RR,4,10.75,11.110204452684156
fig06,(a) RR,RR,4,10.85,11.112289767066152
fig06,(a) RR,RR,4,10.95,11.1099661310405
fig06,(a) RR,RR,4,11.05,11.109884747653126
fig06,(a) RR,RR,4,11.15,11.115101968163556
fig06,(a) RR,RR,4,11.25,11.109918472414025
fig06,(a) RR,RR,4,11.35,11.110350430393147
fig06,(a) RR,RR,4,11.45,11.10573563403752
fig06,(a) RR,RR,4,11.55,11.113982104548144
fig06,(a) RR,RR,4,11.65,11.115351329840472
fig06,(a) RR,RR,4,11.75,11.116443223621046
fig06,(a) RR,RR,4,11.85,11.10956597840275
fig06,(a) RR,RR,4,11.95,11.107167406436758
fig06,(a) RR,RR,4,12.05,11.10822570348562
fig06,(a) RR,RR,4,12.15,11.110888085998482
fig06,(a) RR,RR,4,12.25,11.113207547169813
fig06,(a) RR,RR,4,12.35,11.112149250120948
fig06,(a) RR,RR,4,12.45,11.109407756813416
fig06,(a) RR,RR,4,12.55,11.10896640185369
fig06,(a) RR,RR,4,12.65,11.107874508073117
fig06,(a) RR,RR,4,12.75,11.112448550383007
fig06,(a) RR,RR,4,12.85,11.111996342432471
fig06,(a) RR,RR,4,12.95,11.113743372481386
fig06,(a) RR,RR,4,13.05,11.108206102793174
fig06,(a) RR,RR,4,13.15,11.11347095791094
fig06,(a) RR,RR,4,13.25,11.110326303822893
fig06,(a) RR,RR,4,13.35,11.115182912453086
fig06,(a) RR,RR,4,13.45,11.11089073104025
fig06,(a) RR,RR,4,13.55,11.11157528159003
fig06,(a) RR,RR,4,13.65,11.107761011132824
fig06,(a) RR,RR,4,13.75,11.11082655442621
fig06,(a) RR,RR,4,13.85,11.110412511754973
fig06,(a) RR,RR,4,13.95,11.11609860012173
fig06,(a) RR,RR,4,14.05,11.113749145918012
fig06,(a) RR,RR,4,14.15,11.112188523541809
fig06,(a) RR,RR,4,14.25,11.111498906417236
fig06,(a) RR,RR,4,14.35,11.1103321862187
fig06,(a) RR,RR,4,14.45,11.112306851266146
fig06,(a) RR,RR,4,14.55,11.10723126922929
fig06,(a) RR,RR,4,14.65,11.11074744363154
fig06,(a) RR,RR,4,14.75,11.111460517120896
fig06,(a) RR,RR,4,14.85,11.114746822293991
fig06,(a) RR,RR,4,14.95,11.112999792245075
fig06,(a) RR,RR,4,15.05,11.110816004683931
fig06,(a) RR,RR,4,15.15,11.111077514379405
fig06,(a) RR,RR,4,15.25,11.1110775143794
fig06,(a) RR,RR,4,15.35,11.110970114991147
fig06,(a) RR,RR,4,15.45,11.11131568137445
fig06,(a) RR,RR,4,15.55,11.107205022435824
fig06,(a) RR,RR,4,15.65,11.112941057369
fig06,(a) RR,RR,4,15.75,11.110445300156265
fig06,(a) RR,RR,4,15.85,11.11271698009603
fig06,(a) RR,RR,4,15.95,11.10978596447958
fig06,(a) RR,RR,4,16.05,11.111841293948894
fig06,(a) RR,RR,4,16.150000000000002,11.113158771440617
fig06,(a) RR,RR,4,16.25,11.11132642582882
fig06,(a) RR,RR,4,16.35,11.109784928726834
fig06,(a) RR,RR,4,16.45,11.110306430233974
fig06,(a) RR,RR,4,16.55,11.11162494347844
fig06,(a) RR,RR,4,16.650000000000002,11.10927213211225
fig06,(a) RR,RR,4,16.75,11.107683922976872
fig06,(a) RR,RR,4,16.85,11.11017968018961
fig06,(a) RR,RR,4,16.95,11.111558914438756
fig06,(a) RR,RR,4,17.05,11.113739337150038
fig06,(a) RR,RR,4,17.150000000000002,11.111942391956868
fig06,(a) RR,RR,4,17.25,11.11100451266745
fig06,(a) RR,RR,4,17.35,11.11100451266745
fig06,(a) RR,RR,4,17.45,11.10917858448729
fig06,(a) RR,RR,4,17.55,11.110054707019282
fig06,(a) RR,RR,4,17.650000000000002,11.113634505500494
fig06,(a) RR,RR,4,17.75,11.114761621661088
fig06,(a) RR,RR,4,17.85,11.113513978814892
fig06,(a) RR,RR,4,17.95,11.108628893268424
fig06,(a) RR,RR,4,18.05,11.108107391761283
fig06,(a) RR,RR,4,18.15,11.11083381285375
fig06,(a) RR,RR,4,18.25,11.111087141593387
fig06,(a) RR,RR,4,18.35,11.11160864310053
fig06,(a) RR,RR,4,18.45,11.112862796803062
fig06,(a) RR,RR,4,18.55,11.112195425392189
fig06,(a) RR,RR,4,18.65,11.110797801353051
fig06,(a) RR,RR,4,18.75,11.111450354598134
fig06,(a) RR,RR,4,18.85,11.1084668118201
fig06,(a) RR,RR,4,18.95,11.11272841954598
fig06,(a) RR,RR,4,19.05,11.106513967272267
fig06,(a) RR,RR,4,19.15,11.114796638268013
fig06,(a) RR,RR,4,19.25,11.109936048811072
fig06,(a) RR,RR,4,19.35,11.112159401237443
fig06,(a) RR,RR,4,19.450000000000003,11.108579602756237
fig06,(a) RR,RR,4,19.55,11.111090040893751
fig06,(a) RR,RR,4,19.65,11.113736313618618
fig06,(a) RR,RR,4,19.75,11.112541675887917
fig06,(a) RR,RR,4,19.85,11.112027843520586
fig06,(a) RR,RR,4,19.950000000000003,11.111100900532216
fig06,(a) RR,RR,4,20.05,11.111100900532216
fig06,(a) RR,RR,4,20.15,11.110579399025076
fig06,(a) RR,RR,4,20.25,11.108398976313794
fig06,(a) RR,RR,4,20.35,11.109515232835925
fig06,(a) RR,RR,4,20.450000000000003,11.112248164784726
fig06,(a) RR,RR,4,20.55,11.112962858895647
fig06,(a) RR,RR,4,20.65,11.111989281778603
fig06,(a) RR,RR,4,20.75,11.11023162537562
fig06,(a) RR,RR,4,20.85,11.11064539565036
fig06,(a) RR,RR,4,20.950000000000003,11.112852170448994
fig06,(a) RR,RR,4,21.05,11.111795972255514
fig06,(a) RR,RR,4,21.15,11.111271474724148
fig06,(a) RR,RR,4,21.25,11.107419589194611
fig06,(a) RR,RR,4,21.35,11.110517770562147
fig06,(a) RR,RR,4,21.450000000000003,11.110628497818768
fig06,(a) RR,RR,4,21.55,11.11318712733807
fig06,(a) RR,RR,4,21.65,11.108852391126474
fig06,(a) RR,RR,4,21.75,11.113403864148651
fig06,(a) RR,RR,4,21.85,11.109599621523008
fig06,(a) RR,RR,4,21.950000000000003,11.114798273692864
fig06,(a) RR,RR,4,22.05,11.110517891540342
fig06,(a) RR,RR,4,22.15,11.114382192494633
fig06,(a) RR,RR,4,22.25,11.11042009516884
fig06,(a) RR,RR,4,22.35,11.11102251932364
fig06,(a) RR,RR,4,22.450000000000003,11.108739542602978
fig06,(a) RR,RR,4,22.55,11.109341966757777
fig06,(a) RR,RR,4,22.65,11.111230647891745
fig06,(a) RR,RR,4,22.75,11.112015549963996
fig06,(a) RR,RR,4,22.85,11.112867759743954
fig06,(a) RR,RR,4,22.950000000000003,11.11183128838995
fig06,(a) RR,RR,4,23.05,11.110976551672168
fig06,(a) RR,RR,4,23.15,11.110124341892211
fig06,(a) RR,RR,4,23.25,11.110229408851382
fig06,(a) RR,RR,4,23.35,11.111465963695444
fig06,(a) RR,RR,4,23.450000000000003,11.111465963695444
fig06,(a) RR,RR,4,23.55,11.110508686956312
fig06,(a) RR,RR,4,23.65,11.113166440580423
fig06,(a) RR,RR,4,23.75,11.111327461581563
fig06,(a) RR,RR,4,23.85,11.108207765065645
fig06,(a) RR,RR,4,23.950000000000003,11.107423002904632
fig06,(a) RR,RR,4,24.05,11.109854195479397
fig06,(a) RR,RR,4,24.15,11.112371467840518
fig06,(a) RR,RR,4,24.25,11.110116658251137
fig06,(a) RR,RR,4,24.35,11.113696456732349
fig06,(a) RR,RR,4,24.450000000000003,11.112710671751769
fig06,(a) RR,RR,4,24.55,11.112106704897467
fig06,(a) RR,RR,4,24.65,11.108891969579489
fig06,(a) RR,RR,4,24.75,11.11199933527914
fig06,(a) RR,RR,4,24.85,11.111226692997064
fig06,(a) RR,RR,4,24.950000000000003,11.11026941625793
fig06,(a) RR,RR,4,25.05,11.109449071713223
fig06,(a) RR,RR,4,25.15,11.114783591299046
fig06,(a) RR,RR,4,25.25,11.113656475138455
fig06,(a) RR,RR,4,25.35,11.11391493985802
fig06,(a) RR,RR,4,25.450000000000003,11.107447211591818
fig06,(a) RR,RR,4,25.55,11.109666221532985
fig06,(a) RR,RR,4,25.65,11.109666221532985
fig06,(a) RR,RR,4,25.75,11.112286766606358
fig06,(a) RR,RR,4,25.85,11.109606663690409
fig06,(a) RR,RR,4,25.950000000000003,11.109241600527175
fig06,(a) RR,RR,4,26.05,11.108796602307171
fig06,(a) RR,RR,4,26.15,11.111083623462116
fig06,(a) RR,RR,4,26.25,11.109507167605132
fig06,(a) RR,RR,4,26.35,11.11191757463017
fig06,(a) RR,RR,4,26.450000000000003,11.113714519823342
fig06,(a) RR,RR,4,26.55,11.113301138065289
fig06,(a) RR,RR,4,26.65,11.113166521023848
fig06,(a) RR,RR,4,26.75,11.110211019061396
fig06,(a) RR,RR,4,26.85,11.112700536881102
fig06,(a) RR,RR,4,26.950000000000003,11.108026174931508
fig06,(a) RR,RR,4,27.05,11.1100050762455
fig06,(a) RR,RR,4,27.15,11.110801863598889
fig06,(a) RR,RR,4,27.25,11.111168480222387
fig06,(a) RR,RR,4,27.35,11.109046899503312
fig06,(a) RR,RR,4,27.450000000000003,11.1100222020561
fig06,(a) RR,RR,4,27.55,11.114891827207336
fig06,(a) RR,RR,4,27.65,11.113655272363276
fig06,(a) RR,RR,4,27.75,11.110269787169386
fig06,(a) RR,RR,4,27.85,11.107353006565978
fig06,(a) RR,RR,4,27.950000000000003,11.112249288150442
fig06,(a) RR,RR,4,28.05,11.111897274633122
fig06,(a) RR,RR,4,28.15,11.11269247451746
fig06,(a) RR,RR,4,28.25,11.109635171931854
fig06,(a) RR,RR,4,28.35,11.11300444416905
fig06,(a) RR,RR,4,28.450000000000003,11.11161026255366
fig06,(a) RR,RR,4,28.55,11.114106019766396
fig06,(a) RR,RR,4,28.65,11.110022053418282
fig06,(a) RR,RR,4,28.75,11.112717471208038
fig06,(a) RR,RR,4,28.85,11.1102217139953
fig06,(a) RR,RR,4,28.950000000000003,11.107988294898671
fig06,(a) RR,RR,4,29.05,11.10934481234842
fig06,(a) RR,RR,4,29.15,11.108026299103956
fig06,(a) RR,RR,4,29.25,11.115525885333676
fig06,(a) RR,RR,4,29.35,11.111286768303218
fig06,(a) RR,RR,4,29.450000000000003,11.11042149398654
fig06,(a) RR,RR,4,29.55,11.107335749564724
fig06,(a) RR,RR,4,29.65,11.112015294338606
fig06,(a) RR,RR,4,29.75,11.114199081899754
fig06,(a) RR,RR,4,29.85,11.110919129787057
fig06,(a) RR,RR,4,29.950000000000003,11.108423372574316
fig06,(a) RR,RR,4,30.05,11.113242765812709
fig06,(a) RR,RR,4,30.15,11.114611991105036
fig06,(a) RR,RR,4,30.25,11.111924252568242
fig06,(a) RR,RR,4,30.35,11.10510173343922
fig06,(a) RR,RR,5,0.45,11.114033562298932
fig06,(a) RR,RR,5,0.55,11.111661787863856
fig06,(a) RR,RR,5,0.65,11.114172226001378
fig06,(a) RR,RR,5,0.75,11.107539580902513
fig06,(a) RR,RR,5,0.8500000000000001,11.110207772249948
fig06,(a) RR,RR,5,0.95,11.111213096446894
fig06,(a) RR,RR,5,1.05,11.11441466735102
fig06,(a) RR,RR,5,1.15,11.113736313618618
fig06,(a) RR,RR,5,1.25,11.111695655547203
fig06,(a) RR,RR,5,1.35,11.110770757286014
fig06,(a) RR,RR,5,1.4500000000000002,11.108181937939918
fig06,(a) RR,RR,5,1.55,11.10870343944706
fig06,(a) RR,RR,5,1.65,11.111169834810234
fig06,(a) RR,RR,5,1.75,11.111847927335958
fig06,(a) RR,RR,5,1.85,11.11230170137464
fig06,(a) RR,RR,5,1.95,11.108658162769949
fig06,(a) RR,RR,5,2.0500000000000003,11.110933952753545
fig06,(a) RR,RR,5,2.15,11.11157207249544
fig06,(a) RR,RR,5,2.25,11.113859093650383
fig06,(a) RR,RR,5,2.35,11.114648846960169
fig06,(a) RR,RR,5,2.45,11.10881924457236
fig06,(a) RR,RR,5,2.5500000000000003,11.110616189765537
fig06,(a) RR,RR,5,2.6500000000000004,11.106508308299162
fig06,(a) RR,RR,5,2.75,11.115190923468466
fig06,(a) RR,RR,5,2.85,11.112092742100929
fig06,(a) RR,RR,5,2.95,11.11496742588571
fig06,(a) RR,RR,5,3.0500000000000003,11.10798420619509
fig06,(a) RR,RR,5,3.1500000000000004,11.11253153691196
fig06,(a) RR,RR,5,3.25,11.11149620303749
fig06,(a) RR,RR,5,3.35,11.11253791039585
fig06,(a) RR,RR,5,3.45,11.110648333303097
fig06,(a) RR,RR,5,3.5500000000000003,11.110567410655436
fig06,(a) RR,RR,5,3.65,11.1140831729899
fig06,(a) RR,RR,5,3.75,11.107290134913356
fig06,(a) RR,RR,5,3.85,11.112064571125268
fig06,(a) RR,RR,5,3.95,11.110085669811278
fig06,(a) RR,RR,5,4.05,11.114823378418512
fig06,(a) RR,RR,5,4.15,11.108360179411996
fig06,(a) RR,RR,5,4.25,11.110339080725987
fig06,(a) RR,RR,5,4.3500000000000005,11.111609648034287
fig06,(a) RR,RR,5,4.45,11.11329841082889
fig06,(a) RR,RR,5,4.55,11.111779254264611
fig06,(a) RR,RR,5,4.65,11.110508686956312
fig06,(a) RR,RR,5,4.75,11.110508686956312
fig06,(a) RR,RR,5,4.8500000000000005,11.107820948419516
fig06,(a) RR,RR,5,4.95,11.10970962955348
fig06,(a) RR,RR,5,5.050000000000001,11.10979055220114
fig06,(a) RR,RR,5,5.15,11.11399744730221
fig06,(a) RR,RR,5,5.25,11.110269787169386
fig06,(a) RR,RR,5,5.3500000000000005,11.110269787169386
fig06,(a) RR,RR,5,5.45,11.109707907344244
fig06,(a) RR,RR,5,5.550000000000001,11.112060718710431
fig06,(a) RR,RR,5,5.65,11.113174433793477
fig06,(a) RR,RR,5,5.75,11.110628947918965
fig06,(a) RR,RR,5,5.8500000000000005,11.10852690641626
fig06,(a) RR,RR,5,5.95,11.107934692840354
fig06,(a) RR,RR,5,6.050000000000001,11.111578231445046
fig06,(a) RR,RR,5,6.15,11.113166440580423
fig06,(a) RR,RR,5,6.25,11.11505512171439
fig06,(a) RR,RR,5,6.3500000000000005,11.112015549963996
fig06,(a) RR,RR,5,6.45,11.112972826703128
fig06,(a) RR,RR,5,6.550000000000001,11.1106730796753
fig06,(a) RR,RR,5,6.65,11.112749215736956
fig06,(a) RR,RR,5,6.75,11.110394314958688
fig06,(a) RR,RR,5,6.8500000000000005,11.110394314958688
fig06,(a) RR,RR,5,6.95,11.110572988486418
fig06,(a) RR,RR,5,7.050000000000001,11.109282873988755
fig06,(a) RR,RR,5,7.15,11.11337189788034
fig06,(a) RR,RR,5,7.25,11.11138825708268
fig06,(a) RR,RR,5,7.35,11.111388257082682
fig06,(a) RR,RR,5,7.45,11.109860489914398
fig06,(a) RR,RR,5,7.550000000000001,11.10857695763356
fig06,(a) RR,RR,5,7.65,11.110804951420642
fig06,(a) RR,RR,5,7.75,11.108654760591206
fig06,(a) RR,RR,5,7.85,11.112170522925672
fig06,(a) RR,RR,5,7.95,11.114314152059883
fig06,(a) RR,RR,5,8.05,11.113440637035426
fig06,(a) RR,RR,5,8.15,11.109233741934355
fig06,(a) RR,RR,5,8.25,11.108893726818254
fig06,(a) RR,RR,5,8.35,11.110859135623286
fig06,(a) RR,RR,5,8.450000000000001,11.114817441468384
fig06,(a) RR,RR,5,8.55,11.111634593201126
fig06,(a) RR,RR,5,8.65,11.110542699420554
fig06,(a) RR,RR,5,8.75,11.110616001380649
fig06,(a) RR,RR,5,8.85,11.11158146535505
fig06,(a) RR,RR,5,8.950000000000001,11.110262952110585
fig06,(a) RR,RR,5,9.05,11.107521458803054
fig06,(a) RR,RR,5,9.15,11.10839497382751
fig06,(a) RR,RR,5,9.25,11.110918335381577
fig06,(a) RR,RR,5,9.35,11.110918335381577
fig06,(a) RR,RR,5,9.45,11.110918335381577
fig06,(a) RR,RR,5,9.55,11.109713487071977
fig06,(a) RR,RR,5,9.65,11.11478906910883
fig06,(a) RR,RR,5,9.75,11.112101330572036
fig06,(a) RR,RR,5,9.85,11.114597087784777
fig06,(a) RR,RR,5,9.95,11.109330920651676
fig06,(a) RR,RR,5,10.05,11.109834871627324
fig06,(a) RR,RR,5,10.15,11.107339114414586
fig06,(a) RR,RR,5,10.25,11.109626135569531
fig06,(a) RR,RR,5,10.35,11.109970944131817
fig06,(a) RR,RR,5,10.45,11.113415792115598
fig06,(a) RR,RR,5,10.55,11.110029241559236
fig06,(a) RR,RR,5,10.65,11.111265796403297
fig06,(a) RR,RR,5,10.75,11.109340104983792
fig06,(a) RR,RR,5,10.85,11.111425419365789
fig06,(a) RR,RR,5,10.95,11.114523600733326
fig06,(a) RR,RR,5,11.05,11.109884747653126
fig06,(a) RR,RR,5,11.15,11.109168658563462
fig06,(a) RR,RR,5,11.25,11.110032574521716
fig06,(a) RR,RR,5,11.35,11.110464532500844
fig06,(a) RR,RR,5,11.45,11.11178304574531
fig06,(a) RR,RR,5,11.55,11.106835163438936
fig06,(a) RR,RR,5,11.65,11.114137698331362
fig06,(a) RR,RR,5,11.75,11.110316070099357
fig06,(a) RR,RR,5,11.85,11.116519075590364
fig06,(a) RR,RR,5,11.95,11.108187194024271
fig06,(a) RR,RR,5,12.05,11.114159013085716
fig06,(a) RR,RR,5,12.15,11.106856478193292
fig06,(a) RR,RR,5,12.25,11.11336881148202
fig06,(a) RR,RR,5,12.35,11.107396992420576
fig06,(a) RR,RR,5,12.45,11.11287997903564
fig06,(a) RR,RR,5,12.55,11.108245751958512
fig06,(a) RR,RR,5,12.65,11.112067380190515
fig06,(a) RR,RR,5,12.75,11.107683922976872
fig06,(a) RR,RR,5,12.85,11.11238688566248
fig06,(a) RR,RR,5,12.95,11.114133915711395
fig06,(a) RR,RR,5,13.05,11.11336127342932
fig06,(a) RR,RR,5,13.15,11.11347095791094
fig06,(a) RR,RR,5,13.25,11.110326303822893
fig06,(a) RR,RR,5,13.35,11.115182912453086
fig06,(a) RR,RR,5,13.45,11.11089073104025
fig06,(a) RR,RR,5,13.55,11.11157528159003
fig06,(a) RR,RR,5,13.65,11.107761011132824
fig06,(a) RR,RR,5,13.75,11.11082655442621
fig06,(a) RR,RR,5,13.85,11.110412511754973
fig06,(a) RR,RR,5,13.95,11.10954723743829
fig06,(a) RR,RR,5,14.05,11.107197783234575
fig06,(a) RR,RR,5,14.15,11.110475090224602
fig06,(a) RR,RR,5,14.25,11.110819898786886
fig06,(a) RR,RR,5,14.35,11.113633753383354
fig06,(a) RR,RR,5,14.45,11.110770489064564
fig06,(a) RR,RR,5,14.55,11.111211844024291
fig06,(a) RR,RR,5,14.65,11.11074744363154
fig06,(a) RR,RR,5,14.75,11.111460517120896
fig06,(a) RR,RR,5,14.85,11.110497289742574
fig06,(a) RR,RR,5,14.95,11.108750259693656
fig06,(a) RR,RR,5,15.05,11.113117834815949
fig06,(a) RR,RR,5,15.15,11.11279094769661
fig06,(a) RR,RR,5,15.25,11.112790947696608
fig06,(a) RR,RR,5,15.35,11.111287356261064
fig06,(a) RR,RR,5,15.45,11.110855398281936
fig06,(a) RR,RR,5,15.55,11.111369230649265
fig06,(a) RR,RR,5,15.65,11.107521004681438
fig06,(a) RR,RR,5,15.75,11.11064070119736
fig06,(a) RR,RR,5,15.85,11.113804826827751
fig06,(a) RR,RR,5,15.95,11.115302901476158
fig06,(a) RR,RR,5,16.05,11.111192242537532
fig06,(a) RR,RR,5,16.150000000000002,11.106992783032672
fig06,(a) RR,RR,5,16.25,11.111093747020972
fig06,(a) RR,RR,5,16.35,11.115718238326927
fig06,(a) RR,RR,5,16.45,11.116239739834066
fig06,(a) RR,RR,5,16.55,11.11162494347844
fig06,(a) RR,RR,5,16.650000000000002,11.10927213211225
fig06,(a) RR,RR,5,16.75,11.107683922976872
fig06,(a) RR,RR,5,16.85,11.11017968018961
fig06,(a) RR,RR,5,16.95,11.111558914438756
fig06,(a) RR,RR,5,17.05,11.113739337150038
fig06,(a) RR,RR,5,17.150000000000002,11.111942391956868
fig06,(a) RR,RR,5,17.25,11.11100451266745
fig06,(a) RR,RR,5,17.35,11.11100451266745
fig06,(a) RR,RR,5,17.45,11.10917858448729
fig06,(a) RR,RR,5,17.55,11.110054707019282
fig06,(a) RR,RR,5,17.650000000000002,11.108940991936242
fig06,(a) RR,RR,5,17.75,11.110068108096833
fig06,(a) RR,RR,5,17.85,11.11280104004564
fig06,(a) RR,RR,5,17.95,11.112609468063424
fig06,(a) RR,RR,5,18.05,11.112087966556285
fig06,(a) RR,RR,5,18.15,11.11083381285375
fig06,(a) RR,RR,5,18.25,11.111087141593387
fig06,(a) RR,RR,5,18.35,11.11160864310053
fig06,(a) RR,RR,5,18.45,11.108882222008065
fig06,(a) RR,RR,5,18.55,11.113286873319849
fig06,(a) RR,RR,5,18.65,11.111889249280711
fig06,(a) RR,RR,5,18.75,11.111367206684648
fig06,(a) RR,RR,5,18.85,11.109477629591892
fig06,(a) RR,RR,5,18.95,11.108584066681628
fig06,(a) RR,RR,5,19.05,11.111832530370158
fig06,(a) RR,RR,5,19.15,11.109255699393705
fig06,(a) RR,RR,5,19.25,11.11404264355584
fig06,(a) RR,RR,5,19.35,11.111958250656118
fig06,(a) RR,RR,5,19.450000000000003,11.11307196573916
fig06,(a) RR,RR,5,19.55,11.111090040893751
fig06,(a) RR,RR,5,19.65,11.109178843925791
fig06,(a) RR,RR,5,19.75,11.11340602358828
fig06,(a) RR,RR,5,19.85,11.11289219122095
fig06,(a) RR,RR,5,19.950000000000003,11.11119279574227
fig06,(a) RR,RR,5,20.05,11.11119279574227
fig06,(a) RR,RR,5,20.15,11.11067129423513
fig06,(a) RR,RR,5,20.25,11.113820793706983
fig06,(a) RR,RR,5,20.35,11.10951523283592
fig06,(a) RR,RR,5,20.450000000000003,11.108267589989728
fig06,(a) RR,RR,5,20.55,11.112913101710712
fig06,(a) RR,RR,5,20.65,11.111939524593668
fig06,(a) RR,RR,5,20.75,11.11416244298568
fig06,(a) RR,RR,5,20.85,11.11064539565036
fig06,(a) RR,RR,5,20.950000000000003,11.107611080302243
fig06,(a) RR,RR,5,21.05,11.106554882108762
fig06,(a) RR,RR,5,21.15,11.110459474842258
fig06,(a) RR,RR,5,21.25,11.11184867945947
fig06,(a) RR,RR,5,21.35,11.114946860827006
fig06,(a) RR,RR,5,21.450000000000003,11.110628497818768
fig06,(a) RR,RR,5,21.55,11.11318712733807
fig06,(a) RR,RR,5,21.65,11.10885239112647
fig06,(a) RR,RR,5,21.75,11.107886927152071
fig06,(a) RR,RR,5,21.85,11.108390429852523
fig06,(a) RR,RR,5,21.950000000000003,11.113589082022376
fig06,(a) RR,RR,5,22.05,11.11482563686644
fig06,(a) RR,RR,5,22.15,11.114382192494636
fig06,(a) RR,RR,5,22.25,11.11042009516884
fig06,(a) RR,RR,5,22.35,11.11102251932364
fig06,(a) RR,RR,5,22.450000000000003,11.108739542602978
fig06,(a) RR,RR,5,22.55,11.109341966757777
fig06,(a) RR,RR,5,22.65,11.11123064789174
fig06,(a) RR,RR,5,22.75,11.112015549963994
fig06,(a) RR,RR,5,22.85,11.112867759743956
fig06,(a) RR,RR,5,22.950000000000003,11.107996344380132
fig06,(a) RR,RR,5,23.05,11.112658544658933
fig06,(a) RR,RR,5,23.15,11.111806334878972
fig06,(a) RR,RR,5,23.25,11.115746345847962
fig06,(a) RR,RR,5,23.35,11.111465963695444
fig06,(a) RR,RR,5,23.450000000000003,11.111465963695444
fig06,(a) RR,RR,5,23.55,11.110508686956312
fig06,(a) RR,RR,5,23.65,11.107000452172484
fig06,(a) RR,RR,5,23.75,11.110678410170204
fig06,(a) RR,RR,5,23.85,11.10755871365428
fig06,(a) RR,RR,5,23.950000000000003,11.11293993990121
fig06,(a) RR,RR,5,24.05,11.109854195479397
fig06,(a) RR,RR,5,24.15,11.112371467840518
fig06,(a) RR,RR,5,24.25,11.110116658251137
fig06,(a) RR,RR,5,24.35,11.109002943168091
fig06,(a) RR,RR,5,24.450000000000003,11.112781785593649
fig06,(a) RR,RR,5,24.55,11.11217781873935
fig06,(a) RR,RR,5,24.65,11.113656596985622
fig06,(a) RR,RR,5,24.75,11.107441865586315
fig06,(a) RR,RR,5,24.85,11.110918755855655
fig06,(a) RR,RR,5,24.950000000000003,11.109961479116526
fig06,(a) RR,RR,5,25.05,11.11369860426464
fig06,(a) RR,RR,5,25.15,11.108092837920216
fig06,(a) RR,RR,5,25.25,11.112037744482286
fig06,(a) RR,RR,5,25.35,11.107988463875756
fig06,(a) RR,RR,5,25.450000000000003,11.113452579135137
fig06,(a) RR,RR,5,25.55,11.110599566353637
fig06,(a) RR,RR,5,25.65,11.114907311679737
fig06,(a) RR,RR,5,25.75,11.112286766606358
fig06,(a) RR,RR,5,25.85,11.109606663690409
fig06,(a) RR,RR,5,25.950000000000003,11.109241600527175
fig06,(a) RR,RR,5,26.05,11.108796602307171
fig06,(a) RR,RR,5,26.15,11.111083623462116
fig06,(a) RR,RR,5,26.25,11.109507167605132
fig06,(a) RR,RR,5,26.35,11.11191757463017
fig06,(a) RR,RR,5,26.450000000000003,11.109222156840415
fig06,(a) RR,RR,5,26.55,11.11300164719976
fig06,(a) RR,RR,5,26.65,11.11286703015832
fig06,(a) RR,RR,5,26.75,11.114403891178796
fig06,(a) RR,RR,5,26.85,11.107787014868522
fig06,(a) RR,RR,5,26.950000000000003,11.10980340629776
fig06,(a) RR,RR,5,27.05,11.111782307611753
fig06,(a) RR,RR,5,27.15,11.1132430844263
fig06,(a) RR,RR,5,27.25,11.111226692997064
fig06,(a) RR,RR,5,27.35,11.10910511227799
fig06,(a) RR,RR,5,27.450000000000003,11.114329947382194
fig06,(a) RR,RR,5,27.55,11.108055622668097
fig06,(a) RR,RR,5,27.65,11.112336004820614
fig06,(a) RR,RR,5,27.75,11.108950519626726
fig06,(a) RR,RR,5,27.85,11.112869943562558
fig06,(a) RR,RR,5,27.950000000000003,11.10831847054038
fig06,(a) RR,RR,5,28.05,11.111897274633122
fig06,(a) RR,RR,5,28.15,11.11269247451746
fig06,(a) RR,RR,5,28.25,11.113565989541916
fig06,(a) RR,RR,5,28.35,11.10738899044039
fig06,(a) RR,RR,5,28.450000000000003,11.110487171807929
fig06,(a) RR,RR,5,28.55,11.107367475292005
fig06,(a) RR,RR,5,28.65,11.116045903781751
fig06,(a) RR,RR,5,28.75,11.10795965041248
fig06,(a) RR,RR,5,28.85,11.111079346928404
fig06,(a) RR,RR,5,28.950000000000003,11.106612508735148
fig06,(a) RR,RR,5,29.05,11.114258334360995
fig06,(a) RR,RR,5,29.15,11.112939821116532
fig06,(a) RR,RR,5,29.25,11.110008948337098
fig06,(a) RR,RR,5,29.35,11.112321193990075
fig06,(a) RR,RR,5,29.450000000000003,11.111455919673396
fig06,(a) RR,RR,5,29.55,11.113887112248165
fig06,(a) RR,RR,5,29.65,11.112015294338606
fig06,(a) RR,RR,5,29.75,11.114199081899754
fig06,(a) RR,RR,5,29.85,11.110919129787057
fig06,(a) RR,RR,5,29.950000000000003,11.108423372574316
fig06,(a) RR,RR,5,30.05,11.107820948419516
fig06,(a) RR,RR,5,30.15,11.115123483311942
fig06,(a) RR,RR,5,30.25,11.112435744775146
fig06,(a) RR,RR,5,30.35,11.114001697839363
fig06,(a) RR,RR,6,0.45,11.114033562298932
fig06,(a) RR,RR,6,0.55,11.111661787863856
fig06,(a) RR,RR,6,0.65,11.114172226001378
fig06,(a) RR,RR,6,0.75,11.107539580902513
fig06,(a) RR,RR,6,0.8500000000000001,11.110207772249948
fig06,(a) RR,RR,6,0.95,11.111213096446894
fig06,(a) RR,RR,6,1.05,11.11441466735102
fig06,(a) RR,RR,6,1.15,11.113736313618618
fig06,(a) RR,RR,6,1.25,11.111695655547203
fig06,(a) RR,RR,6,1.35,11.110770757286014
fig06,(a) RR,RR,6,1.4500000000000002,11.108181937939918
fig06,(a) RR,RR,6,1.55,11.10870343944706
fig06,(a) RR,RR,6,1.65,11.111169834810234
fig06,(a) RR,RR,6,1.75,11.111847927335958
fig06,(a) RR,RR,6,1.85,11.11230170137464
fig06,(a) RR,RR,6,1.95,11.108658162769949
fig06,(a) RR,RR,6,2.0500000000000003,11.110933952753545
fig06,(a) RR,RR,6,2.15,11.11157207249544
fig06,(a) RR,RR,6,2.25,11.113859093650383
fig06,(a) RR,RR,6,2.35,11.109407756813418
fig06,(a) RR,RR,6,2.45,11.108908076608747
fig06,(a) RR,RR,6,2.5500000000000003,11.11070502180192
fig06,(a) RR,RR,6,2.6500000000000004,11.111838230482295
fig06,(a) RR,RR,6,2.75,11.115190923468466
fig06,(a) RR,RR,6,2.85,11.112092742100929
fig06,(a) RR,RR,6,2.95,11.11496742588571
fig06,(a) RR,RR,6,3.0500000000000003,11.10798420619509
fig06,(a) RR,RR,6,3.1500000000000004,11.107459514189296
fig06,(a) RR,RR,6,3.25,11.111117693879082
fig06,(a) RR,RR,6,3.35,11.112159401237443
fig06,(a) RR,RR,6,3.45,11.11534184686735
fig06,(a) RR,RR,6,3.5500000000000003,11.110567410655436
fig06,(a) RR,RR,6,3.65,11.109525703297075
fig06,(a) RR,RR,6,3.75,11.108062587403666
fig06,(a) RR,RR,6,3.85,11.108143510051326
fig06,(a) RR,RR,6,3.95,11.114859781177596
fig06,(a) RR,RR,6,4.05,11.114267567601692
fig06,(a) RR,RR,6,4.15,11.112497882159431
fig06,(a) RR,RR,6,4.25,11.110339080725987
fig06,(a) RR,RR,6,4.3500000000000005,11.105892095146928
fig06,(a) RR,RR,6,4.45,11.113002675334718
fig06,(a) RR,RR,6,4.55,11.11148351877044
fig06,(a) RR,RR,6,4.65,11.1159305043495
fig06,(a) RR,RR,6,4.75,11.110508686956312
fig06,(a) RR,RR,6,4.8500000000000005,11.107820948419516
fig06,(a) RR,RR,6,4.95,11.10970962955348
fig06,(a) RR,RR,6,5.050000000000001,11.10979055220114
fig06,(a) RR,RR,6,5.15,11.11399744730221
fig06,(a) RR,RR,6,5.25,11.110269787169386
fig06,(a) RR,RR,6,5.3500000000000005,11.110269787169386
fig06,(a) RR,RR,6,5.45,11.109707907344244
fig06,(a) RR,RR,6,5.550000000000001,11.112060718710431
fig06,(a) RR,RR,6,5.65,11.113174433793477
fig06,(a) RR,RR,6,5.75,11.110628947918965
fig06,(a) RR,RR,6,5.8500000000000005,11.10852690641626
fig06,(a) RR,RR,6,5.95,11.107934692840354
fig06,(a) RR,RR,6,6.050000000000001,11.111578231445046
fig06,(a) RR,RR,6,6.15,11.113166440580423
fig06,(a) RR,RR,6,6.25,11.11505512171439
fig06,(a) RR,RR,6,6.3500000000000005,11.112015549963996
fig06,(a) RR,RR,6,6.45,11.112972826703128
fig06,(a) RR,RR,6,6.550000000000001,11.1106730796753
fig06,(a) RR,RR,6,6.65,11.107835693724375
fig06,(a) RR,RR,6,6.75,11.109673665063507
fig06,(a) RR,RR,6,6.8500000000000005,11.10967366506351
fig06,(a) RR,RR,6,6.95,11.114765860603818
fig06,(a) RR,RR,6,7.050000000000001,11.109282873988755
fig06,(a) RR,RR,6,7.15,11.107854960883758
fig06,(a) RR,RR,6,7.25,11.112288981490286
fig06,(a) RR,RR,6,7.35,11.112288981490286
fig06,(a) RR,RR,6,7.45,11.116278151318582
fig06,(a) RR,RR,6,7.550000000000001,11.10857695763356
fig06,(a) RR,RR,6,7.65,11.110804951420642
fig06,(a) RR,RR,6,7.75,11.108654760591206
fig06,(a) RR,RR,6,7.85,11.112170522925672
fig06,(a) RR,RR,6,7.95,11.110525412194766
fig06,(a) RR,RR,6,8.05,11.11358271478037
fig06,(a) RR,RR,6,8.15,11.1093758196793
fig06,(a) RR,RR,6,8.25,11.11282454442832
fig06,(a) RR,RR,6,8.35,11.110859135623286
fig06,(a) RR,RR,6,8.450000000000001,11.10909988858102
fig06,(a) RR,RR,6,8.55,11.11143397731034
fig06,(a) RR,RR,6,8.65,11.11034208352977
fig06,(a) RR,RR,6,8.75,11.112101330572036
fig06,(a) RR,RR,6,8.85,11.11148067515992
fig06,(a) RR,RR,6,8.950000000000001,11.110162161915454
fig06,(a) RR,RR,6,9.05,11.111452276413116
fig06,(a) RR,RR,6,9.15,11.108394973827512
fig06,(a) RR,RR,6,9.25,11.110918335381577
fig06,(a) RR,RR,6,9.35,11.110918335381577
fig06,(a) RR,RR,6,9.45,11.110918335381577
fig06,(a) RR,RR,6,9.55,11.109713487071978
fig06,(a) RR,RR,6,9.65,11.11478906910883
fig06,(a) RR,RR,6,9.75,11.112101330572036
fig06,(a) RR,RR,6,9.85,11.110104724801843
fig06,(a) RR,RR,6,9.95,11.109603185074883
fig06,(a) RR,RR,6,10.05,11.110107136050535
fig06,(a) RR,RR,6,10.15,11.112103741820723
fig06,(a) RR,RR,6,10.25,11.109626135569531
fig06,(a) RR,RR,6,10.35,11.109970944131817
fig06,(a) RR,RR,6,10.45,11.113415792115598
fig06,(a) RR,RR,6,10.55,11.110029241559236
fig06,(a) RR,RR,6,10.65,11.111265796403297
fig06,(a) RR,RR,6,10.75,11.109340104983792
fig06,(a) RR,RR,6,10.85,11.111425419365789
fig06,(a) RR,RR,6,10.95,11.110031237750396
fig06,(a) RR,RR,6,11.05,11.11100783839886
fig06,(a) RR,RR,6,11.15,11.110291749309193
fig06,(a) RR,RR,6,11.25,11.115648028250376
fig06,(a) RR,RR,6,11.35,11.110464532500844
fig06,(a) RR,RR,6,11.45,11.11178304574531
fig06,(a) RR,RR,6,11.55,11.106835163438936
fig06,(a) RR,RR,6,11.65,11.108204388731266
fig06,(a) RR,RR,6,11.75,11.10929628251184
fig06,(a) RR,RR,6,11.85,11.10956597840275
fig06,(a) RR,RR,6,11.95,11.113858159815589
fig06,(a) RR,RR,6,12.05,11.11491645686445
fig06,(a) RR,RR,6,12.15,11.113547231572122
fig06,(a) RR,RR,6,12.25,11.11336881148202
fig06,(a) RR,RR,6,12.35,11.107396992420576
fig06,(a) RR,RR,6,12.45,11.11287997903564
fig06,(a) RR,RR,6,12.55,11.108245751958512
fig06,(a) RR,RR,6,12.65,11.112067380190515
fig06,(a) RR,RR,6,12.75,11.107683922976872
fig06,(a) RR,RR,6,12.85,11.11238688566248
fig06,(a) RR,RR,6,12.95,11.108892825564649
fig06,(a) RR,RR,6,13.05,11.11236971583399
fig06,(a) RR,RR,6,13.15,11.112479400315612
fig06,(a) RR,RR,6,13.25,11.114575836374312
fig06,(a) RR,RR,6,13.35,11.109567458724426
fig06,(a) RR,RR,6,13.45,11.111208586911683
fig06,(a) RR,RR,6,13.55,11.111893137461465
fig06,(a) RR,RR,6,13.65,11.11369432073292
fig06,(a) RR,RR,6,13.75,11.11082655442621
fig06,(a) RR,RR,6,13.85,11.110412511754973
fig06,(a) RR,RR,6,13.95,11.10954723743829
fig06,(a) RR,RR,6,14.05,11.107197783234572
fig06,(a) RR,RR,6,14.15,11.110475090224602
fig06,(a) RR,RR,6,14.25,11.110819898786888
fig06,(a) RR,RR,6,14.35,11.113633753383354
fig06,(a) RR,RR,6,14.45,11.110770489064564
fig06,(a) RR,RR,6,14.55,11.111211844024291
fig06,(a) RR,RR,6,14.65,11.11074744363154
fig06,(a) RR,RR,6,14.75,11.111460517120896
fig06,(a) RR,RR,6,14.85,11.110497289742574
fig06,(a) RR,RR,6,14.95,11.108750259693656
fig06,(a) RR,RR,6,15.05,11.113117834815949
fig06,(a) RR,RR,6,15.15,11.112790947696608
fig06,(a) RR,RR,6,15.25,11.112790947696608
fig06,(a) RR,RR,6,15.35,11.111287356261066
fig06,(a) RR,RR,6,15.45,11.110855398281936
fig06,(a) RR,RR,6,15.55,11.111369230649268
fig06,(a) RR,RR,6,15.65,11.107521004681436
fig06,(a) RR,RR,6,15.75,11.11064070119736
fig06,(a) RR,RR,6,15.85,11.113804826827751
fig06,(a) RR,RR,6,15.95,11.11530290147616
fig06,(a) RR,RR,6,16.05,11.111192242537532
fig06,(a) RR,RR,6,16.150000000000002,11.106992783032672
fig06,(a) RR,RR,6,16.25,11.111093747020972
fig06,(a) RR,RR,6,16.35,11.111093747020972
fig06,(a) RR,RR,6,16.45,11.111615248528112
fig06,(a) RR,RR,6,16.55,11.107000452172484
fig06,(a) RR,RR,6,16.650000000000002,11.11478906910883
fig06,(a) RR,RR,6,16.75,11.113200859973452
fig06,(a) RR,RR,6,16.85,11.11569661718619
fig06,(a) RR,RR,6,16.95,11.111558914438756
fig06,(a) RR,RR,6,17.05,11.113739337150038
fig06,(a) RR,RR,6,17.150000000000002,11.111942391956868
fig06,(a) RR,RR,6,17.25,11.11100451266745
fig06,(a) RR,RR,6,17.35,11.11100451266745
fig06,(a) RR,RR,6,17.45,11.10917858448729
fig06,(a) RR,RR,6,17.55,11.110054707019282
fig06,(a) RR,RR,6,17.650000000000002,11.108940991936242
fig06,(a) RR,RR,6,17.75,11.110068108096833
fig06,(a) RR,RR,6,17.85,11.11280104004564
fig06,(a) RR,RR,6,17.95,11.112609468063424
fig06,(a) RR,RR,6,18.05,11.112087966556285
fig06,(a) RR,RR,6,18.15,11.11083381285375
fig06,(a) RR,RR,6,18.25,11.111087141593387
fig06,(a) RR,RR,6,18.35,11.11160864310053
fig06,(a) RR,RR,6,18.45,11.108882222008065
fig06,(a) RR,RR,6,18.55,11.108214850597186
fig06,(a) RR,RR,6,18.65,11.111010098675452
fig06,(a) RR,RR,6,18.75,11.110488056079385
fig06,(a) RR,RR,6,18.85,11.113670501709294
fig06,(a) RR,RR,6,18.95,11.108584066681624
fig06,(a) RR,RR,6,19.05,11.111832530370158
fig06,(a) RR,RR,6,19.15,11.109255699393705
fig06,(a) RR,RR,6,19.25,11.114042643555845
fig06,(a) RR,RR,6,19.35,11.111958250656118
fig06,(a) RR,RR,6,19.450000000000003,11.11307196573916
fig06,(a) RR,RR,6,19.55,11.111090040893751
fig06,(a) RR,RR,6,19.65,11.109178843925791
fig06,(a) RR,RR,6,19.75,11.10798420619509
fig06,(a) RR,RR,6,19.85,11.10747037382776
fig06,(a) RR,RR,6,19.950000000000003,11.111100900532216
fig06,(a) RR,RR,6,20.05,11.111100900532216
fig06,(a) RR,RR,6,20.15,11.115272912589331
fig06,(a) RR,RR,6,20.25,11.11309248987805
fig06,(a) RR,RR,6,20.35,11.114208746400177
fig06,(a) RR,RR,6,20.450000000000003,11.108267589989728
fig06,(a) RR,RR,6,20.55,11.108982284100648
fig06,(a) RR,RR,6,20.65,11.11214640973104
fig06,(a) RR,RR,6,20.75,11.110285361774936
fig06,(a) RR,RR,6,20.85,11.114836834797112
fig06,(a) RR,RR,6,20.950000000000003,11.10766481670156
fig06,(a) RR,RR,6,21.05,11.110692584856196
fig06,(a) RR,RR,6,21.15,11.110459474842258
fig06,(a) RR,RR,6,21.25,11.111848679459468
fig06,(a) RR,RR,6,21.35,11.111203225007898
fig06,(a) RR,RR,6,21.450000000000003,11.110815679609724
fig06,(a) RR,RR,6,21.55,11.113374309129028
fig06,(a) RR,RR,6,21.65,11.112783208736536
fig06,(a) RR,RR,6,21.75,11.107886927152071
fig06,(a) RR,RR,6,21.85,11.108390429852522
fig06,(a) RR,RR,6,21.950000000000003,11.107541670314587
fig06,(a) RR,RR,6,22.05,11.11420004255184
fig06,(a) RR,RR,6,22.15,11.10913210687408
fig06,(a) RR,RR,6,22.25,11.116639238649263
fig06,(a) RR,RR,6,22.35,11.111819845410873
fig06,(a) RR,RR,6,22.450000000000003,11.114161359996167
fig06,(a) RR,RR,6,22.55,11.109341966757777
fig06,(a) RR,RR,6,22.65,11.111230647891745
fig06,(a) RR,RR,6,22.75,11.112015549963996
fig06,(a) RR,RR,6,22.85,11.112867759743954
fig06,(a) RR,RR,6,22.950000000000003,11.107996344380132
fig06,(a) RR,RR,6,23.05,11.112658544658933
fig06,(a) RR,RR,6,23.15,11.111806334878972
fig06,(a) RR,RR,6,23.25,11.111438600521868
fig06,(a) RR,RR,6,23.35,11.11258003576254
fig06,(a) RR,RR,6,23.450000000000003,11.11258003576254
fig06,(a) RR,RR,6,23.55,11.1159305043495
fig06,(a) RR,RR,6,23.65,11.107000452172484
fig06,(a) RR,RR,6,23.75,11.110678410170204
fig06,(a) RR,RR,6,23.85,11.10755871365428
fig06,(a) RR,RR,6,23.950000000000003,11.11293993990121
fig06,(a) RR,RR,6,24.05,11.109854195479397
fig06,(a) RR,RR,6,24.15,11.112371467840518
fig06,(a) RR,RR,6,24.25,11.110116658251137
fig06,(a) RR,RR,6,24.35,11.109002943168091
fig06,(a) RR,RR,6,24.450000000000003,11.112781785593649
fig06,(a) RR,RR,6,24.55,11.11217781873935
fig06,(a) RR,RR,6,24.65,11.113656596985622
fig06,(a) RR,RR,6,24.75,11.107441865586315
fig06,(a) RR,RR,6,24.85,11.110918755855655
fig06,(a) RR,RR,6,24.950000000000003,11.109961479116526
fig06,(a) RR,RR,6,25.05,11.11369860426464
fig06,(a) RR,RR,6,25.15,11.108092837920216
fig06,(a) RR,RR,6,25.25,11.112037744482286
fig06,(a) RR,RR,6,25.35,11.107988463875756
fig06,(a) RR,RR,6,25.450000000000003,11.113452579135137
fig06,(a) RR,RR,6,25.55,11.110599566353637
fig06,(a) RR,RR,6,25.65,11.114907311679737
fig06,(a) RR,RR,6,25.75,11.112286766606358
fig06,(a) RR,RR,6,25.85,11.109606663690409
fig06,(a) RR,RR,6,25.950000000000003,11.109241600527175
fig06,(a) RR,RR,6,26.05,11.108796602307171
fig06,(a) RR,RR,6,26.15,11.111083623462116
fig06,(a) RR,RR,6,26.25,11.109507167605132
fig06,(a) RR,RR,6,26.35,11.11191757463017
fig06,(a) RR,RR,6,26.450000000000003,11.109222156840415
fig06,(a) RR,RR,6,26.55,11.11300164719976
fig06,(a) RR,RR,6,26.65,11.108559284832223
fig06,(a) RR,RR,6,26.75,11.114233848600136
fig06,(a) RR,RR,6,26.85,11.10761697228986
fig06,(a) RR,RR,6,26.950000000000003,11.113941109045196
fig06,(a) RR,RR,6,27.05,11.11178230761175
fig06,(a) RR,RR,6,27.15,11.1132430844263
fig06,(a) RR,RR,6,27.25,11.111226692997064
fig06,(a) RR,RR,6,27.35,11.10910511227799
fig06,(a) RR,RR,6,27.450000000000003,11.114329947382194
fig06,(a) RR,RR,6,27.55,11.108055622668097
fig06,(a) RR,RR,6,27.65,11.112336004820614
fig06,(a) RR,RR,6,27.75,11.108950519626726
fig06,(a) RR,RR,6,27.85,11.112869943562558
fig06,(a) RR,RR,6,27.950000000000003,11.108318470540375
fig06,(a) RR,RR,6,28.05,11.111897274633124
fig06,(a) RR,RR,6,28.15,11.112692474517456
fig06,(a) RR,RR,6,28.25,11.113565989541916
fig06,(a) RR,RR,6,28.35,11.10738899044039
fig06,(a) RR,RR,6,28.450000000000003,11.110487171807923
fig06,(a) RR,RR,6,28.55,11.107367475292005
fig06,(a) RR,RR,6,28.65,11.108898962672548
fig06,(a) RR,RR,6,28.75,11.107102017479376
fig06,(a) RR,RR,6,28.85,11.1102217139953
fig06,(a) RR,RR,6,28.950000000000003,11.112901816911252
fig06,(a) RR,RR,6,29.05,11.114258334360995
fig06,(a) RR,RR,6,29.15,11.112939821116532
fig06,(a) RR,RR,6,29.25,11.110008948337098
fig06,(a) RR,RR,6,29.35,11.112321193990075
fig06,(a) RR,RR,6,29.450000000000003,11.111455919673396
fig06,(a) RR,RR,6,29.55,11.113887112248165
fig06,(a) RR,RR,6,29.65,11.106399840609946
fig06,(a) RR,RR,6,29.75,11.108583628171091
fig06,(a) RR,RR,6,29.85,11.109335283863588
fig06,(a) RR,RR,6,29.950000000000003,11.112454980379509
fig06,(a) RR,RR,6,30.05,11.11185255622471
fig06,(a) RR,RR,6,30.15,11.109190173711845
fig06,(a) RR,RR,6,30.25,11.111340364541284
fig06,(a) RR,RR,6,30.35,11.112358627488565
fig06,(a) RR,RR,7,0.45,11.106425528214938
fig06,(a) RR,RR,7,0.55,11.110782637258596
fig06,(a) RR,RR,7,0.65,11.113293075396117
fig06,(a) RR,RR,7,0.75,11.111732453019911
fig06,(a) RR,RR,7,0.8500000000000001,11.110207772249948
fig06,(a) RR,RR,7,0.95,11.111213096446894
fig06,(a) RR,RR,7,1.05,11.11441466735102
fig06,(a) RR,RR,7,1.15,11.108406391435482
fig06,(a) RR,RR,7,1.25,11.111059246928322
fig06,(a) RR,RR,7,1.35,11.110134348667131
fig06,(a) RR,RR,7,1.4500000000000002,11.112875451504172
fig06,(a) RR,RR,7,1.55,11.108703439447057
fig06,(a) RR,RR,7,1.65,11.111169834810234
fig06,(a) RR,RR,7,1.75,11.111847927335958
fig06,(a) RR,RR,7,1.85,11.11230170137464
fig06,(a) RR,RR,7,1.95,11.108658162769949
fig06,(a) RR,RR,7,2.0500000000000003,11.110933952753545
fig06,(a) RR,RR,7,2.15,11.11157207249544
fig06,(a) RR,RR,7,2.25,11.113859093650383
fig06,(a) RR,RR,7,2.35,11.109407756813418
fig06,(a) RR,RR,7,2.45,11.108908076608747
fig06,(a) RR,RR,7,2.5500000000000003,11.11070502180192
fig06,(a) RR,RR,7,2.6500000000000004,11.111838230482295
fig06,(a) RR,RR,7,2.75,11.110118900745803
fig06,(a) RR,RR,7,2.85,11.112442536771455
fig06,(a) RR,RR,7,2.95,11.110692729250284
fig06,(a) RR,RR,7,3.0500000000000003,11.113339001975149
fig06,(a) RR,RR,7,3.1500000000000004,11.107392492576167
fig06,(a) RR,RR,7,3.25,11.110981650007654
fig06,(a) RR,RR,7,3.35,11.111958250656118
fig06,(a) RR,RR,7,3.45,11.115140696286025
fig06,(a) RR,RR,7,3.5500000000000003,11.115059773638365
fig06,(a) RR,RR,7,3.65,11.109525703297075
fig06,(a) RR,RR,7,3.75,11.108062587403666
fig06,(a) RR,RR,7,3.85,11.108143510051326
fig06,(a) RR,RR,7,3.95,11.11072207843016
fig06,(a) RR,RR,7,4.05,11.110129864854256
fig06,(a) RR,RR,7,4.15,11.113515350048145
fig06,(a) RR,RR,7,4.25,11.115494251362136
fig06,(a) RR,RR,7,4.3500000000000005,11.111047265783071
fig06,(a) RR,RR,7,4.45,11.107580857941528
fig06,(a) RR,RR,7,4.55,11.10606170137725
fig06,(a) RR,RR,7,4.65,11.110508686956312
fig06,(a) RR,RR,7,4.75,11.1159305043495
fig06,(a) RR,RR,7,4.8500000000000005,11.113242765812709
fig06,(a) RR,RR,7,4.95,11.115131446946672
fig06,(a) RR,RR,7,5.050000000000001,11.10979055220114
fig06,(a) RR,RR,7,5.15,11.11399744730221
fig06,(a) RR,RR,7,5.25,11.110269787169386
fig06,(a) RR,RR,7,5.3500000000000005,11.110269787169386
fig06,(a) RR,RR,7,5.45,11.109707907344244
fig06,(a) RR,RR,7,5.550000000000001,11.112060718710431
fig06,(a) RR,RR,7,5.65,11.113174433793477
fig06,(a) RR,RR,7,5.75,11.110628947918965
fig06,(a) RR,RR,7,5.8500000000000005,11.10852690641626
fig06,(a) RR,RR,7,5.95,11.107934692840354
fig06,(a) RR,RR,7,6.050000000000001,11.111578231445046
fig06,(a) RR,RR,7,6.15,11.113166440580423
fig06,(a) RR,RR,7,6.25,11.11080558916297
fig06,(a) RR,RR,7,6.3500000000000005,11.112195107677437
fig06,(a) RR,RR,7,6.45,11.10884463909047
fig06,(a) RR,RR,7,6.550000000000001,11.11449401765883
fig06,(a) RR,RR,7,6.65,11.107227541443043
fig06,(a) RR,RR,7,6.75,11.113373258108275
fig06,(a) RR,RR,7,6.8500000000000005,11.109673665063507
fig06,(a) RR,RR,7,6.95,11.114765860603818
fig06,(a) RR,RR,7,7.050000000000001,11.109282873988755
fig06,(a) RR,RR,7,7.15,11.107854960883762
fig06,(a) RR,RR,7,7.25,11.105871320086102
fig06,(a) RR,RR,7,7.35,11.110709249452334
fig06,(a) RR,RR,7,7.45,11.114698419280629
fig06,(a) RR,RR,7,7.550000000000001,11.113414886999792
fig06,(a) RR,RR,7,7.65,11.110804951420642
fig06,(a) RR,RR,7,7.75,11.108654760591207
fig06,(a) RR,RR,7,7.85,11.112170522925672
fig06,(a) RR,RR,7,7.95,11.110525412194765
fig06,(a) RR,RR,7,8.05,11.11358271478037
fig06,(a) RR,RR,7,8.15,11.1093758196793
fig06,(a) RR,RR,7,8.25,11.11282454442832
fig06,(a) RR,RR,7,8.35,11.110859135623286
fig06,(a) RR,RR,7,8.450000000000001,11.10909988858102
fig06,(a) RR,RR,7,8.55,11.111433977310345
fig06,(a) RR,RR,7,8.65,11.11034208352977
fig06,(a) RR,RR,7,8.75,11.112101330572036
fig06,(a) RR,RR,7,8.85,11.11148067515992
fig06,(a) RR,RR,7,8.950000000000001,11.110162161915454
fig06,(a) RR,RR,7,9.05,11.111452276413118
fig06,(a) RR,RR,7,9.15,11.10839497382751
fig06,(a) RR,RR,7,9.25,11.110918335381577
fig06,(a) RR,RR,7,9.35,11.110918335381577
fig06,(a) RR,RR,7,9.45,11.110918335381577
fig06,(a) RR,RR,7,9.55,11.109713487071977
fig06,(a) RR,RR,7,9.65,11.10927213211225
fig06,(a) RR,RR,7,9.75,11.112631805283243
fig06,(a) RR,RR,7,9.85,11.110635199513055
fig06,(a) RR,RR,7,9.95,11.115650596782674
fig06,(a) RR,RR,7,10.05,11.110107136050535
fig06,(a) RR,RR,7,10.15,11.112103741820723
fig06,(a) RR,RR,7,10.25,11.109626135569531
fig06,(a) RR,RR,7,10.35,11.109970944131817
fig06,(a) RR,RR,7,10.45,11.10898670185074
fig06,(a) RR,RR,7,10.55,11.110438080660607
fig06,(a) RR,RR,7,10.65,11.11167463550467
fig06,(a) RR,RR,7,10.75,11.114178034350024
fig06,(a) RR,RR,7,10.85,11.111425419365789
fig06,(a) RR,RR,7,10.95,11.110031237750396
fig06,(a) RR,RR,7,11.05,11.11100783839886
fig06,(a) RR,RR,7,11.15,11.110291749309193
fig06,(a) RR,RR,7,11.25,11.115648028250376
fig06,(a) RR,RR,7,11.35,11.110464532500844
fig06,(a) RR,RR,7,11.45,11.11178304574531
fig06,(a) RR,RR,7,11.55,11.106835163438936
fig06,(a) RR,RR,7,11.65,11.108204388731266
fig06,(a) RR,RR,7,11.75,11.10929628251184
fig06,(a) RR,RR,7,11.85,11.10956597840275
fig06,(a) RR,RR,7,11.95,11.113858159815589
fig06,(a) RR,RR,7,12.05,11.11007852749822
fig06,(a) RR,RR,7,12.15,11.112740910011084
fig06,(a) RR,RR,7,12.25,11.10836961780358
fig06,(a) RR,RR,7,12.35,11.112149250120948
fig06,(a) RR,RR,7,12.45,11.113600628930817
fig06,(a) RR,RR,7,12.55,11.11315927397109
fig06,(a) RR,RR,7,12.65,11.112067380190515
fig06,(a) RR,RR,7,12.75,11.107683922976872
fig06,(a) RR,RR,7,12.85,11.11238688566248
fig06,(a) RR,RR,7,12.95,11.108892825564649
fig06,(a) RR,RR,7,13.05,11.11236971583399
fig06,(a) RR,RR,7,13.15,11.10578864693678
fig06,(a) RR,RR,7,13.25,11.11207795511288
fig06,(a) RR,RR,7,13.35,11.107069577462994
fig06,(a) RR,RR,7,13.45,11.115401459029083
fig06,(a) RR,RR,7,13.55,11.111893137461465
fig06,(a) RR,RR,7,13.65,11.11369432073292
fig06,(a) RR,RR,7,13.75,11.11082655442621
fig06,(a) RR,RR,7,13.85,11.110412511754973
fig06,(a) RR,RR,7,13.95,11.10954723743829
fig06,(a) RR,RR,7,14.05,11.107197783234572
fig06,(a) RR,RR,7,14.15,11.110475090224602
fig06,(a) RR,RR,7,14.25,11.110819898786888
fig06,(a) RR,RR,7,14.35,11.113633753383354
fig06,(a) RR,RR,7,14.45,11.110770489064564
fig06,(a) RR,RR,7,14.55,11.111211844024291
fig06,(a) RR,RR,7,14.65,11.11074744363154
fig06,(a) RR,RR,7,14.75,11.111460517120896
fig06,(a) RR,RR,7,14.85,11.110497289742574
fig06,(a) RR,RR,7,14.95,11.108750259693656
fig06,(a) RR,RR,7,15.05,11.113117834815949
fig06,(a) RR,RR,7,15.15,11.112790947696608
fig06,(a) RR,RR,7,15.25,11.112790947696608
fig06,(a) RR,RR,7,15.35,11.111287356261066
fig06,(a) RR,RR,7,15.45,11.110855398281936
fig06,(a) RR,RR,7,15.55,11.111369230649268
fig06,(a) RR,RR,7,15.65,11.107521004681436
fig06,(a) RR,RR,7,15.75,11.11064070119736
fig06,(a) RR,RR,7,15.85,11.113804826827751
fig06,(a) RR,RR,7,15.95,11.110678410170204
fig06,(a) RR,RR,7,16.05,11.112733739639516
fig06,(a) RR,RR,7,16.150000000000002,11.108534280134656
fig06,(a) RR,RR,7,16.25,11.11132642582882
fig06,(a) RR,RR,7,16.35,11.109784928726834
fig06,(a) RR,RR,7,16.45,11.110306430233974
fig06,(a) RR,RR,7,16.55,11.11162494347844
fig06,(a) RR,RR,7,16.650000000000002,11.11478906910883
fig06,(a) RR,RR,7,16.75,11.113200859973452
fig06,(a) RR,RR,7,16.85,11.11569661718619
fig06,(a) RR,RR,7,16.95,11.111558914438756
fig06,(a) RR,RR,7,17.05,11.113739337150038
fig06,(a) RR,RR,7,17.150000000000002,11.105653083780766
fig06,(a) RR,RR,7,17.25,11.108908076608747
fig06,(a) RR,RR,7,17.35,11.108908076608747
fig06,(a) RR,RR,7,17.45,11.11337145660469
fig06,(a) RR,RR,7,17.55,11.110054707019282
fig06,(a) RR,RR,7,17.650000000000002,11.108940991936242
fig06,(a) RR,RR,7,17.75,11.110068108096833
fig06,(a) RR,RR,7,17.85,11.11280104004564
fig06,(a) RR,RR,7,17.95,11.112609468063424
fig06,(a) RR,RR,7,18.05,11.112087966556285
fig06,(a) RR,RR,7,18.15,11.11083381285375
fig06,(a) RR,RR,7,18.25,11.111087141593387
fig06,(a) RR,RR,7,18.35,11.11160864310053
fig06,(a) RR,RR,7,18.45,11.108882222008065
fig06,(a) RR,RR,7,18.55,11.108214850597186
fig06,(a) RR,RR,7,18.65,11.111010098675452
fig06,(a) RR,RR,7,18.75,11.110488056079385
fig06,(a) RR,RR,7,18.85,11.113670501709294
fig06,(a) RR,RR,7,18.95,11.108584066681624
fig06,(a) RR,RR,7,19.05,11.111832530370158
fig06,(a) RR,RR,7,19.15,11.109255699393705
fig06,(a) RR,RR,7,19.25,11.114042643555845
fig06,(a) RR,RR,7,19.35,11.111958250656118
fig06,(a) RR,RR,7,19.450000000000003,11.11307196573916
fig06,(a) RR,RR,7,19.55,11.111090040893751
fig06,(a) RR,RR,7,19.65,11.109178843925791
fig06,(a) RR,RR,7,19.75,11.10798420619509
fig06,(a) RR,RR,7,19.85,11.10747037382776
fig06,(a) RR,RR,7,19.950000000000003,11.111100900532216
fig06,(a) RR,RR,7,20.05,11.111100900532216
fig06,(a) RR,RR,7,20.15,11.110579399025076
fig06,(a) RR,RR,7,20.25,11.113163603719933
fig06,(a) RR,RR,7,20.35,11.114279860242055
fig06,(a) RR,RR,7,20.450000000000003,11.113032217395864
fig06,(a) RR,RR,7,20.55,11.108982284100648
fig06,(a) RR,RR,7,20.65,11.108008706983604
fig06,(a) RR,RR,7,20.75,11.11023162537562
fig06,(a) RR,RR,7,20.85,11.11064539565036
fig06,(a) RR,RR,7,20.950000000000003,11.112852170448994
fig06,(a) RR,RR,7,21.05,11.111795972255512
fig06,(a) RR,RR,7,21.15,11.111271474724148
fig06,(a) RR,RR,7,21.25,11.11120832905973
fig06,(a) RR,RR,7,21.35,11.110562874608162
fig06,(a) RR,RR,7,21.450000000000003,11.114604419474844
fig06,(a) RR,RR,7,21.55,11.109290342780907
fig06,(a) RR,RR,7,21.65,11.114216179384998
fig06,(a) RR,RR,7,21.75,11.109319897800532
fig06,(a) RR,RR,7,21.85,11.113907366849103
fig06,(a) RR,RR,7,21.950000000000003,11.107541670314587
fig06,(a) RR,RR,7,22.05,11.10877822515865
fig06,(a) RR,RR,7,22.15,11.108334780786846
fig06,(a) RR,RR,7,22.25,11.11042009516884
fig06,(a) RR,RR,7,22.35,11.11102251932364
fig06,(a) RR,RR,7,22.450000000000003,11.11272011739798
fig06,(a) RR,RR,7,22.55,11.113322541552778
fig06,(a) RR,RR,7,22.65,11.11096169013532
fig06,(a) RR,RR,7,22.75,11.112195107677437
fig06,(a) RR,RR,7,22.85,11.109212373447578
fig06,(a) RR,RR,7,22.950000000000003,11.112425434644992
fig06,(a) RR,RR,7,23.05,11.112658544658933
fig06,(a) RR,RR,7,23.15,11.11564127888879
fig06,(a) RR,RR,7,23.25,11.111438600521868
fig06,(a) RR,RR,7,23.35,11.107158218369348
fig06,(a) RR,RR,7,23.450000000000003,11.10715821836935
fig06,(a) RR,RR,7,23.55,11.11050868695631
fig06,(a) RR,RR,7,23.65,11.113166440580423
fig06,(a) RR,RR,7,23.75,11.111327461581563
fig06,(a) RR,RR,7,23.85,11.113823218794304
fig06,(a) RR,RR,7,23.950000000000003,11.113038456633292
fig06,(a) RR,RR,7,24.05,11.115469649208055
fig06,(a) RR,RR,7,24.15,11.11237146784052
fig06,(a) RR,RR,7,24.25,11.110116658251137
fig06,(a) RR,RR,7,24.35,11.109002943168091
fig06,(a) RR,RR,7,24.450000000000003,11.108017158187511
fig06,(a) RR,RR,7,24.55,11.11217781873935
fig06,(a) RR,RR,7,24.65,11.113656596985622
fig06,(a) RR,RR,7,24.75,11.112206492992453
fig06,(a) RR,RR,7,24.85,11.110918755855655
fig06,(a) RR,RR,7,24.950000000000003,11.109961479116526
fig06,(a) RR,RR,7,25.05,11.11369860426464
fig06,(a) RR,RR,7,25.15,11.108092837920216
fig06,(a) RR,RR,7,25.25,11.106965721759623
fig06,(a) RR,RR,7,25.35,11.107224186479192
fig06,(a) RR,RR,7,25.450000000000003,11.11268830173857
fig06,(a) RR,RR,7,25.55,11.114907311679731
fig06,(a) RR,RR,7,25.65,11.110599566353637
fig06,(a) RR,RR,7,25.75,11.115840656500389
fig06,(a) RR,RR,7,25.85,11.113160553584436
fig06,(a) RR,RR,7,25.950000000000003,11.117103235747305
fig06,(a) RR,RR,7,26.05,11.108796602307171
fig06,(a) RR,RR,7,26.15,11.111083623462116
fig06,(a) RR,RR,7,26.25,11.109507167605132
fig06,(a) RR,RR,7,26.35,11.111917574630173
fig06,(a) RR,RR,7,26.450000000000003,11.109222156840415
fig06,(a) RR,RR,7,26.55,11.11300164719976
fig06,(a) RR,RR,7,26.65,11.108559284832223
fig06,(a) RR,RR,7,26.75,11.1100961458527
fig06,(a) RR,RR,7,26.85,11.108392791555003
fig06,(a) RR,RR,7,26.950000000000003,11.114716928310338
fig06,(a) RR,RR,7,27.05,11.116695829624328
fig06,(a) RR,RR,7,27.15,11.1132430844263
fig06,(a) RR,RR,7,27.25,11.111226692997064
fig06,(a) RR,RR,7,27.35,11.10910511227799
fig06,(a) RR,RR,7,27.450000000000003,11.109174776746045
fig06,(a) RR,RR,7,27.55,11.109736656571188
fig06,(a) RR,RR,7,27.65,11.114017038723707
fig06,(a) RR,RR,7,27.75,11.115786724165966
fig06,(a) RR,RR,7,27.85,11.112869943562558
fig06,(a) RR,RR,7,27.950000000000003,11.10831847054038
fig06,(a) RR,RR,7,28.05,11.10796645702306
fig06,(a) RR,RR,7,28.15,11.114183474300583
fig06,(a) RR,RR,7,28.25,11.115056989325042
fig06,(a) RR,RR,7,28.35,11.112810807833576
fig06,(a) RR,RR,7,28.450000000000003,11.110487171807929
fig06,(a) RR,RR,7,28.55,11.107367475292005
fig06,(a) RR,RR,7,28.65,11.108898962672548
fig06,(a) RR,RR,7,28.75,11.107102017479376
fig06,(a) RR,RR,7,28.85,11.1102217139953
fig06,(a) RR,RR,7,28.950000000000003,11.112901816911252
fig06,(a) RR,RR,7,29.05,11.114258334360995
fig06,(a) RR,RR,7,29.15,11.112939821116532
fig06,(a) RR,RR,7,29.25,11.110008948337098
fig06,(a) RR,RR,7,29.35,11.112321193990075
fig06,(a) RR,RR,7,29.450000000000003,11.111455919673396
fig06,(a) RR,RR,7,29.55,11.11388711224816
fig06,(a) RR,RR,7,29.65,11.106399840609948
fig06,(a) RR,RR,7,29.75,11.108583628171091
fig06,(a) RR,RR,7,29.85,11.109335283863588
fig06,(a) RR,RR,7,29.950000000000003,11.112454980379509
fig06,(a) RR,RR,7,30.05,11.11185255622471
fig06,(a) RR,RR,7,30.15,11.109190173711848
fig06,(a) RR,RR,7,30.25,11.111340364541284
fig06,(a) RR,RR,7,30.35,11.112358627488566
fig06,(a) RR,RR,8,0.45,11.106425528214938
fig06,(a) RR,RR,8,0.55,11.110782637258596
fig06,(a) RR,RR,8,0.65,11.10866858409016
fig06,(a) RR,RR,8,0.75,11.111945891080188
fig06,(a) RR,RR,8,0.8500000000000001,11.11042121031022
fig06,(a) RR,RR,8,0.95,11.1114935561203
fig06,(a) RR,RR,8,1.05,11.109857197658192
fig06,(a) RR,RR,8,1.15,11.109178843925791
fig06,(a) RR,RR,8,1.25,11.111695655547203
fig06,(a) RR,RR,8,1.35,11.110770757286012
fig06,(a) RR,RR,8,1.4500000000000002,11.112674300922848
fig06,(a) RR,RR,8,1.55,11.113195802429985
fig06,(a) RR,RR,8,1.65,11.115662197793164
fig06,(a) RR,RR,8,1.75,11.111847927335958
fig06,(a) RR,RR,8,1.85,11.11230170137464
fig06,(a) RR,RR,8,1.95,11.108658162769949
fig06,(a) RR,RR,8,2.0500000000000003,11.110933952753545
fig06,(a) RR,RR,8,2.15,11.11157207249544
fig06,(a) RR,RR,8,2.25,11.107569785474285
fig06,(a) RR,RR,8,2.35,11.108359538784066
fig06,(a) RR,RR,8,2.45,11.107859858579396
fig06,(a) RR,RR,8,2.5500000000000003,11.111453748965742
fig06,(a) RR,RR,8,2.6500000000000004,11.111595400050788
fig06,(a) RR,RR,8,2.75,11.109876070314291
fig06,(a) RR,RR,8,2.85,11.111270251929689
fig06,(a) RR,RR,8,2.95,11.10989540316305
fig06,(a) RR,RR,8,3.0500000000000003,11.112541675887917
fig06,(a) RR,RR,8,3.1500000000000004,11.112016983882125
fig06,(a) RR,RR,8,3.25,11.110981650007654
fig06,(a) RR,RR,8,3.35,11.111958250656118
fig06,(a) RR,RR,8,3.45,11.10897470787808
fig06,(a) RR,RR,8,3.5500000000000003,11.10889378523042
fig06,(a) RR,RR,8,3.65,11.10791718458196
fig06,(a) RR,RR,8,3.75,11.112620057096493
fig06,(a) RR,RR,8,3.85,11.112700979744153
fig06,(a) RR,RR,8,3.95,11.11072207843016
fig06,(a) RR,RR,8,4.05,11.110129864854256
fig06,(a) RR,RR,8,4.15,11.113515350048145
fig06,(a) RR,RR,8,4.25,11.11093678166931
fig06,(a) RR,RR,8,4.3500000000000005,11.112207348977613
fig06,(a) RR,RR,8,4.45,11.108740941136064
fig06,(a) RR,RR,8,4.55,11.111779254264611
fig06,(a) RR,RR,8,4.65,11.110508686956312
fig06,(a) RR,RR,8,4.75,11.110508686956312
fig06,(a) RR,RR,8,4.8500000000000005,11.11185255622471
fig06,(a) RR,RR,8,4.95,11.113741237358674
fig06,(a) RR,RR,8,5.050000000000001,11.113822160006334
fig06,(a) RR,RR,8,5.15,11.109439977609384
fig06,(a) RR,RR,8,5.25,11.11122925447314
fig06,(a) RR,RR,8,5.3500000000000005,11.11122925447314
fig06,(a) RR,RR,8,5.45,11.115224844340824
fig06,(a) RR,RR,8,5.550000000000001,11.107436227404476
fig06,(a) RR,RR,8,5.65,11.10854994248752
fig06,(a) RR,RR,8,5.75,11.110769084019145
fig06,(a) RR,RR,8,5.8500000000000005,11.113291533822396
fig06,(a) RR,RR,8,5.95,11.112699320246492
fig06,(a) RR,RR,8,6.050000000000001,11.111578231445046
fig06,(a) RR,RR,8,6.15,11.113166440580423
fig06,(a) RR,RR,8,6.25,11.11080558916297
fig06,(a) RR,RR,8,6.3500000000000005,11.107766017412578
fig06,(a) RR,RR,8,6.45,11.108723294151709
fig06,(a) RR,RR,8,6.550000000000001,11.1106730796753
fig06,(a) RR,RR,8,6.65,11.112749215736956
fig06,(a) RR,RR,8,6.75,11.110394314958688
fig06,(a) RR,RR,8,6.8500000000000005,11.114093908003454
fig06,(a) RR,RR,8,6.95,11.10855502864382
fig06,(a) RR,RR,8,7.050000000000001,11.113312325853949
fig06,(a) RR,RR,8,7.15,11.108184819704183
fig06,(a) RR,RR,8,7.25,11.111918731793892
fig06,(a) RR,RR,8,7.35,11.110709249452334
fig06,(a) RR,RR,8,7.45,11.109860489914398
fig06,(a) RR,RR,8,7.550000000000001,11.113069320616493
fig06,(a) RR,RR,8,7.65,11.11045938503734
fig06,(a) RR,RR,8,7.75,11.113147123574132
fig06,(a) RR,RR,8,7.85,11.112170522925672
fig06,(a) RR,RR,8,7.95,11.110525412194765
fig06,(a) RR,RR,8,8.05,11.109651897170304
fig06,(a) RR,RR,8,8.15,11.110282931435464
fig06,(a) RR,RR,8,8.25,11.113731656184486
fig06,(a) RR,RR,8,8.35,11.11078354297694
fig06,(a) RR,RR,8,8.450000000000001,11.109903919455803
fig06,(a) RR,RR,8,8.55,11.10672107118855
fig06,(a) RR,RR,8,8.65,11.110542699420554
fig06,(a) RR,RR,8,8.75,11.110616001380649
fig06,(a) RR,RR,8,8.85,11.11158146535505
fig06,(a) RR,RR,8,8.950000000000001,11.116196261710678
fig06,(a) RR,RR,8,9.05,11.11345476840315
fig06,(a) RR,RR,8,9.15,11.114328283427604
fig06,(a) RR,RR,8,9.25,11.110918335381577
fig06,(a) RR,RR,8,9.35,11.110918335381577
fig06,(a) RR,RR,8,9.45,11.110918335381577
fig06,(a) RR,RR,8,9.55,11.109713487071977
fig06,(a) RR,RR,8,9.65,11.10927213211225
fig06,(a) RR,RR,8,9.75,11.112631805283243
fig06,(a) RR,RR,8,9.85,11.110635199513055
fig06,(a) RR,RR,8,9.95,11.110885969376538
fig06,(a) RR,RR,8,10.05,11.111893871327837
fig06,(a) RR,RR,8,10.15,11.113890477098025
fig06,(a) RR,RR,8,10.25,11.116177498252968
fig06,(a) RR,RR,8,10.35,11.109970944131817
fig06,(a) RR,RR,8,10.45,11.10898670185074
fig06,(a) RR,RR,8,10.55,11.110438080660607
fig06,(a) RR,RR,8,10.65,11.11167463550467
fig06,(a) RR,RR,8,10.75,11.114178034350024
fig06,(a) RR,RR,8,10.85,11.111425419365789
fig06,(a) RR,RR,8,10.95,11.110031237750396
fig06,(a) RR,RR,8,11.05,11.11100783839886
fig06,(a) RR,RR,8,11.15,11.110291749309193
fig06,(a) RR,RR,8,11.25,11.109600616542588
fig06,(a) RR,RR,8,11.35,11.112480336403442
fig06,(a) RR,RR,8,11.45,11.113798849647909
fig06,(a) RR,RR,8,11.55,11.114898379049322
fig06,(a) RR,RR,8,11.65,11.108204388731266
fig06,(a) RR,RR,8,11.75,11.10929628251184
fig06,(a) RR,RR,8,11.85,11.109565978402754
fig06,(a) RR,RR,8,11.95,11.113858159815589
fig06,(a) RR,RR,8,12.05,11.11007852749822
fig06,(a) RR,RR,8,12.15,11.112740910011082
fig06,(a) RR,RR,8,12.25,11.10836961780358
fig06,(a) RR,RR,8,12.35,11.112149250120948
fig06,(a) RR,RR,8,12.45,11.109407756813418
fig06,(a) RR,RR,8,12.55,11.11448333885027
fig06,(a) RR,RR,8,12.65,11.113391445069697
fig06,(a) RR,RR,8,12.75,11.113200859973452
fig06,(a) RR,RR,8,12.85,11.107231715026332
fig06,(a) RR,RR,8,12.95,11.10897874507525
fig06,(a) RR,RR,8,13.05,11.112455635344594
fig06,(a) RR,RR,8,13.15,11.111029737083532
fig06,(a) RR,RR,8,13.25,11.11207795511288
fig06,(a) RR,RR,8,13.35,11.107069577462994
fig06,(a) RR,RR,8,13.45,11.10946814942899
fig06,(a) RR,RR,8,13.55,11.10595982786137
fig06,(a) RR,RR,8,13.65,11.11369432073292
fig06,(a) RR,RR,8,13.75,11.111518773879553
fig06,(a) RR,RR,8,13.85,11.116176753930976
fig06,(a) RR,RR,8,13.95,11.1093781700142
fig06,(a) RR,RR,8,14.05,11.112269805957236
fig06,(a) RR,RR,8,14.15,11.110475090224602
fig06,(a) RR,RR,8,14.25,11.110819898786888
fig06,(a) RR,RR,8,14.35,11.109653178588353
fig06,(a) RR,RR,8,14.45,11.106789914269564
fig06,(a) RR,RR,8,14.55,11.11142414134669
fig06,(a) RR,RR,8,14.65,11.10969922560219
fig06,(a) RR,RR,8,14.75,11.110412299091545
fig06,(a) RR,RR,8,14.85,11.10950573214724
fig06,(a) RR,RR,8,14.95,11.112999792245075
fig06,(a) RR,RR,8,15.05,11.110816004683931
fig06,(a) RR,RR,8,15.15,11.111077514379405
fig06,(a) RR,RR,8,15.25,11.1110775143794
fig06,(a) RR,RR,8,15.35,11.110970114991147
fig06,(a) RR,RR,8,15.45,11.11131568137445
fig06,(a) RR,RR,8,15.55,11.11182951374178
fig06,(a) RR,RR,8,15.65,11.113136458410096
fig06,(a) RR,RR,8,15.75,11.11064070119736
fig06,(a) RR,RR,8,15.85,11.10828788983117
fig06,(a) RR,RR,8,15.95,11.10978596447958
fig06,(a) RR,RR,8,16.05,11.111841293948894
fig06,(a) RR,RR,8,16.150000000000002,11.113158771440617
fig06,(a) RR,RR,8,16.25,11.11132642582882
fig06,(a) RR,RR,8,16.35,11.109784928726834
fig06,(a) RR,RR,8,16.45,11.110306430233974
fig06,(a) RR,RR,8,16.55,11.11162494347844
fig06,(a) RR,RR,8,16.650000000000002,11.10927213211225
fig06,(a) RR,RR,8,16.75,11.112448550383007
fig06,(a) RR,RR,8,16.85,11.109328853867083
fig06,(a) RR,RR,8,16.95,11.110708088116231
fig06,(a) RR,RR,8,17.05,11.108123883421378
fig06,(a) RR,RR,8,17.150000000000002,11.111942391956868
fig06,(a) RR,RR,8,17.25,11.11519738478485
fig06,(a) RR,RR,8,17.35,11.109867462601713
fig06,(a) RR,RR,8,17.45,11.113113557144215
fig06,(a) RR,RR,8,17.55,11.109796807558808
fig06,(a) RR,RR,8,17.650000000000002,11.114013014658902
fig06,(a) RR,RR,8,17.75,11.110068108096833
fig06,(a) RR,RR,8,17.85,11.108820465250638
fig06,(a) RR,RR,8,17.95,11.108628893268424
fig06,(a) RR,RR,8,18.05,11.112800905325535
fig06,(a) RR,RR,8,18.15,11.111219581091907
fig06,(a) RR,RR,8,18.25,11.111472909831548
fig06,(a) RR,RR,8,18.35,11.107300897774431
fig06,(a) RR,RR,8,18.45,11.112862796803062
fig06,(a) RR,RR,8,18.55,11.112195425392189
fig06,(a) RR,RR,8,18.65,11.110797801353051
fig06,(a) RR,RR,8,18.75,11.111450354598134
fig06,(a) RR,RR,8,18.85,11.114632800228042
fig06,(a) RR,RR,8,18.95,11.113739237317771
fig06,(a) RR,RR,8,19.05,11.111832530370158
fig06,(a) RR,RR,8,19.15,11.109255699393705
fig06,(a) RR,RR,8,19.25,11.109550280572911
fig06,(a) RR,RR,8,19.35,11.11253791039585
fig06,(a) RR,RR,8,19.450000000000003,11.10832170329576
fig06,(a) RR,RR,8,19.55,11.110832141433278
fig06,(a) RR,RR,8,19.65,11.108406391435482
fig06,(a) RR,RR,8,19.75,11.112541675887917
fig06,(a) RR,RR,8,19.85,11.112027843520586
fig06,(a) RR,RR,8,19.950000000000003,11.111100900532216
fig06,(a) RR,RR,8,20.05,11.111100900532216
fig06,(a) RR,RR,8,20.15,11.110579399025076
fig06,(a) RR,RR,8,20.25,11.113163603719933
fig06,(a) RR,RR,8,20.35,11.109655368936105
fig06,(a) RR,RR,8,20.450000000000003,11.112388300884907
fig06,(a) RR,RR,8,20.55,11.10833836758969
fig06,(a) RR,RR,8,20.65,11.111989281778603
fig06,(a) RR,RR,8,20.75,11.11023162537562
fig06,(a) RR,RR,8,20.85,11.11064539565036
fig06,(a) RR,RR,8,20.950000000000003,11.112852170448994
fig06,(a) RR,RR,8,21.05,11.111795972255514
fig06,(a) RR,RR,8,21.15,11.111271474724148
fig06,(a) RR,RR,8,21.25,11.11120832905973
fig06,(a) RR,RR,8,21.35,11.110562874608158
fig06,(a) RR,RR,8,21.450000000000003,11.110673601864782
fig06,(a) RR,RR,8,21.55,11.10944349151896
fig06,(a) RR,RR,8,21.65,11.114369328123052
fig06,(a) RR,RR,8,21.75,11.113403864148651
fig06,(a) RR,RR,8,21.85,11.113907366849103
fig06,(a) RR,RR,8,21.950000000000003,11.107541670314587
fig06,(a) RR,RR,8,22.05,11.10877822515865
fig06,(a) RR,RR,8,22.15,11.108334780786846
fig06,(a) RR,RR,8,22.25,11.11042009516884
fig06,(a) RR,RR,8,22.35,11.11102251932364
fig06,(a) RR,RR,8,22.450000000000003,11.11272011739798
fig06,(a) RR,RR,8,22.55,11.113322541552778
fig06,(a) RR,RR,8,22.65,11.11096169013532
fig06,(a) RR,RR,8,22.75,11.107766017412574
fig06,(a) RR,RR,8,22.85,11.108618227192537
fig06,(a) RR,RR,8,22.950000000000003,11.11183128838995
fig06,(a) RR,RR,8,23.05,11.110976551672168
fig06,(a) RR,RR,8,23.15,11.110124341892211
fig06,(a) RR,RR,8,23.25,11.110229408851382
fig06,(a) RR,RR,8,23.35,11.111465963695444
fig06,(a) RR,RR,8,23.450000000000003,11.111465963695444
fig06,(a) RR,RR,8,23.55,11.110508686956312
fig06,(a) RR,RR,8,23.65,11.113166440580423
fig06,(a) RR,RR,8,23.75,11.111327461581563
fig06,(a) RR,RR,8,23.85,11.113823218794304
fig06,(a) RR,RR,8,23.950000000000003,11.113038456633292
fig06,(a) RR,RR,8,24.05,11.11013972702492
fig06,(a) RR,RR,8,24.15,11.112463363050573
fig06,(a) RR,RR,8,24.25,11.110208553461192
fig06,(a) RR,RR,8,24.35,11.114424760561285
fig06,(a) RR,RR,8,24.450000000000003,11.108017158187511
fig06,(a) RR,RR,8,24.55,11.11217781873935
fig06,(a) RR,RR,8,24.65,11.109348851659528
fig06,(a) RR,RR,8,24.75,11.11245621735918
fig06,(a) RR,RR,8,24.85,11.111168480222387
fig06,(a) RR,RR,8,24.950000000000003,11.11451894880935
fig06,(a) RR,RR,8,25.05,11.10740929608854
fig06,(a) RR,RR,8,25.15,11.108494283122946
fig06,(a) RR,RR,8,25.25,11.107367166962357
fig06,(a) RR,RR,8,25.35,11.113914939858022
fig06,(a) RR,RR,8,25.450000000000003,11.11268830173857
fig06,(a) RR,RR,8,25.55,11.109993789667152
fig06,(a) RR,RR,8,25.65,11.109993789667152
fig06,(a) RR,RR,8,25.75,11.10737324459378
fig06,(a) RR,RR,8,25.85,11.116753604799612
fig06,(a) RR,RR,8,25.950000000000003,11.111058619453246
fig06,(a) RR,RR,8,26.05,11.116546930833332
fig06,(a) RR,RR,8,26.15,11.111687010879075
fig06,(a) RR,RR,8,26.25,11.115440477205226
fig06,(a) RR,RR,8,26.35,11.111917574630173
fig06,(a) RR,RR,8,26.450000000000003,11.109222156840415
fig06,(a) RR,RR,8,26.55,11.10880877508236
fig06,(a) RR,RR,8,26.65,11.10867415804092
fig06,(a) RR,RR,8,26.75,11.110211019061396
fig06,(a) RR,RR,8,26.85,11.112700536881102
fig06,(a) RR,RR,8,26.950000000000003,11.114716928310338
fig06,(a) RR,RR,8,27.05,11.109859625085088
fig06,(a) RR,RR,8,27.15,11.11065641243848
fig06,(a) RR,RR,8,27.25,11.108640021009244
fig06,(a) RR,RR,8,27.35,11.113354644829409
fig06,(a) RR,RR,8,27.450000000000003,11.109174776746045
fig06,(a) RR,RR,8,27.55,11.109736656571188
fig06,(a) RR,RR,8,27.65,11.108500101727126
fig06,(a) RR,RR,8,27.75,11.110269787169386
fig06,(a) RR,RR,8,27.85,11.111545878683378
fig06,(a) RR,RR,8,27.950000000000003,11.11251134265778
fig06,(a) RR,RR,8,28.05,11.11215932914046
fig06,(a) RR,RR,8,28.15,11.108761656907395
fig06,(a) RR,RR,8,28.25,11.109635171931853
fig06,(a) RR,RR,8,28.35,11.11300444416905
fig06,(a) RR,RR,8,28.450000000000003,11.11161026255366
fig06,(a) RR,RR,8,28.55,11.114106019766396
fig06,(a) RR,RR,8,28.65,11.110022053418282
fig06,(a) RR,RR,8,28.75,11.112717471208038
fig06,(a) RR,RR,8,28.85,11.1102217139953
fig06,(a) RR,RR,8,28.950000000000003,11.112901816911252
fig06,(a) RR,RR,8,29.05,11.108092345953056
fig06,(a) RR,RR,8,29.15,11.112707142308686
fig06,(a) RR,RR,8,29.25,11.109776269529254
fig06,(a) RR,RR,8,29.35,11.111703140906734
fig06,(a) RR,RR,8,29.450000000000003,11.111455919673398
fig06,(a) RR,RR,8,29.55,11.11388711224816
fig06,(a) RR,RR,8,29.65,11.112951203293385
fig06,(a) RR,RR,8,29.75,11.108583628171091
fig06,(a) RR,RR,8,29.85,11.109335283863588
fig06,(a) RR,RR,8,29.950000000000003,11.112454980379509
fig06,(a) RR,RR,8,30.05,11.11185255622471
fig06,(a) RR,RR,8,30.15,11.109190173711848
fig06,(a) RR,RR,8,30.25,11.111340364541284
fig06,(a) RR,RR,8,30.35,11.112358627488566
fig06,(a) RR,RR,9,0.45,11.106425528214938
fig06,(a) RR,RR,9,0.55,11.110782637258596
fig06,(a) RR,RR,9,0.65,11.113293075396117
fig06,(a) RR,RR,9,0.75,11.111732453019911
fig06,(a) RR,RR,9,0.8500000000000001,11.110207772249948
fig06,(a) RR,RR,9,0.95,11.111213096446894
fig06,(a) RR,RR,9,1.05,11.10979017604506
fig06,(a) RR,RR,9,1.15,11.109111822312665
fig06,(a) RR,RR,9,1.25,11.107071164241248
fig06,(a) RR,RR,9,1.35,11.114470350330777
fig06,(a) RR,RR,9,1.4500000000000002,11.111881530984684
fig06,(a) RR,RR,9,1.55,11.11240303249182
fig06,(a) RR,RR,9,1.65,11.111169834810234
fig06,(a) RR,RR,9,1.75,11.111847927335958
fig06,(a) RR,RR,9,1.85,11.11230170137464
fig06,(a) RR,RR,9,1.95,11.108658162769949
fig06,(a) RR,RR,9,2.0500000000000003,11.110933952753545
fig06,(a) RR,RR,9,2.15,11.11157207249544
fig06,(a) RR,RR,9,2.25,11.113859093650383
fig06,(a) RR,RR,9,2.35,11.109407756813418
fig06,(a) RR,RR,9,2.45,11.108908076608747
fig06,(a) RR,RR,9,2.5500000000000003,11.11070502180192
fig06,(a) RR,RR,9,2.6500000000000004,11.111838230482295
fig06,(a) RR,RR,9,2.75,11.110118900745803
fig06,(a) RR,RR,9,2.85,11.107020719378264
fig06,(a) RR,RR,9,2.95,11.10989540316305
fig06,(a) RR,RR,9,3.0500000000000003,11.112541675887917
fig06,(a) RR,RR,9,3.1500000000000004,11.112016983882125
fig06,(a) RR,RR,9,3.25,11.110981650007654
fig06,(a) RR,RR,9,3.35,11.111958250656118
fig06,(a) RR,RR,9,3.45,11.10897470787808
fig06,(a) RR,RR,9,3.5500000000000003,11.114315602623613
fig06,(a) RR,RR,9,3.65,11.108781532282324
fig06,(a) RR,RR,9,3.75,11.113484404796855
fig06,(a) RR,RR,9,3.85,11.108143510051326
fig06,(a) RR,RR,9,3.95,11.11072207843016
fig06,(a) RR,RR,9,4.05,11.110129864854258
fig06,(a) RR,RR,9,4.15,11.113515350048145
fig06,(a) RR,RR,9,4.25,11.11093678166931
fig06,(a) RR,RR,9,4.3500000000000005,11.112207348977613
fig06,(a) RR,RR,9,4.45,11.108740941136064
fig06,(a) RR,RR,9,4.55,11.111779254264611
fig06,(a) RR,RR,9,4.65,11.110508686956312
fig06,(a) RR,RR,9,4.75,11.11050868695631
fig06,(a) RR,RR,9,4.8500000000000005,11.11185255622471
fig06,(a) RR,RR,9,4.95,11.113741237358672
fig06,(a) RR,RR,9,5.050000000000001,11.113822160006334
fig06,(a) RR,RR,9,5.15,11.109439977609386
fig06,(a) RR,RR,9,5.25,11.11122925447314
fig06,(a) RR,RR,9,5.3500000000000005,11.11122925447314
fig06,(a) RR,RR,9,5.45,11.115224844340824
fig06,(a) RR,RR,9,5.550000000000001,11.112060718710431
fig06,(a) RR,RR,9,5.65,11.10784451161034
fig06,(a) RR,RR,9,5.75,11.110063653141966
fig06,(a) RR,RR,9,5.8500000000000005,11.10796161163926
fig06,(a) RR,RR,9,5.95,11.112699320246492
fig06,(a) RR,RR,9,6.050000000000001,11.111578231445046
fig06,(a) RR,RR,9,6.15,11.113166440580423
fig06,(a) RR,RR,9,6.25,11.11080558916297
fig06,(a) RR,RR,9,6.3500000000000005,11.112195107677437
fig06,(a) RR,RR,9,6.45,11.10884463909047
fig06,(a) RR,RR,9,6.550000000000001,11.110794424614063
fig06,(a) RR,RR,9,6.65,11.108441470410858
fig06,(a) RR,RR,9,6.75,11.114587187076088
fig06,(a) RR,RR,9,6.8500000000000005,11.114587187076088
fig06,(a) RR,RR,9,6.95,11.109048307716456
fig06,(a) RR,RR,9,7.050000000000001,11.109612732809182
fig06,(a) RR,RR,9,7.15,11.108184819704183
fig06,(a) RR,RR,9,7.25,11.111918731793892
fig06,(a) RR,RR,9,7.35,11.110709249452333
fig06,(a) RR,RR,9,7.45,11.109860489914398
fig06,(a) RR,RR,9,7.550000000000001,11.11306932061649
fig06,(a) RR,RR,9,7.65,11.11045938503734
fig06,(a) RR,RR,9,7.75,11.113147123574135
fig06,(a) RR,RR,9,7.85,11.112170522925672
fig06,(a) RR,RR,9,7.95,11.110525412194766
fig06,(a) RR,RR,9,8.05,11.109651897170304
fig06,(a) RR,RR,9,8.15,11.110282931435464
fig06,(a) RR,RR,9,8.25,11.113731656184486
fig06,(a) RR,RR,9,8.35,11.110783542976938
fig06,(a) RR,RR,9,8.450000000000001,11.109903919455803
fig06,(a) RR,RR,9,8.55,11.112238008185129
fig06,(a) RR,RR,9,8.65,11.116059636417134
fig06,(a) RR,RR,9,8.75,11.112101330572036
fig06,(a) RR,RR,9,8.85,11.107549857549856
fig06,(a) RR,RR,9,8.950000000000001,11.112164653905486
fig06,(a) RR,RR,9,9.05,11.11345476840315
fig06,(a) RR,RR,9,9.15,11.114328283427604
fig06,(a) RR,RR,9,9.25,11.110918335381577
fig06,(a) RR,RR,9,9.35,11.110918335381577
fig06,(a) RR,RR,9,9.45,11.110918335381577
fig06,(a) RR,RR,9,9.55,11.109713487071977
fig06,(a) RR,RR,9,9.65,11.10927213211225
fig06,(a) RR,RR,9,9.75,11.112631805283243
fig06,(a) RR,RR,9,9.85,11.110635199513055
fig06,(a) RR,RR,9,9.95,11.115650596782674
fig06,(a) RR,RR,9,10.05,11.110107136050535
fig06,(a) RR,RR,9,10.15,11.112103741820723
fig06,(a) RR,RR,9,10.25,11.109626135569531
fig06,(a) RR,RR,9,10.35,11.109970944131817
fig06,(a) RR,RR,9,10.45,11.10898670185074
fig06,(a) RR,RR,9,10.55,11.110438080660607
fig06,(a) RR,RR,9,10.65,11.11167463550467
fig06,(a) RR,RR,9,10.75,11.114178034350024
fig06,(a) RR,RR,9,10.85,11.111425419365789
fig06,(a) RR,RR,9,10.95,11.110031237750396
fig06,(a) RR,RR,9,11.05,11.11100783839886
fig06,(a) RR,RR,9,11.15,11.110291749309193
fig06,(a) RR,RR,9,11.25,11.109600616542588
fig06,(a) RR,RR,9,11.35,11.112480336403442
fig06,(a) RR,RR,9,11.45,11.113798849647909
fig06,(a) RR,RR,9,11.55,11.114898379049322
fig06,(a) RR,RR,9,11.65,11.108204388731266
fig06,(a) RR,RR,9,11.75,11.10929628251184
fig06,(a) RR,RR,9,11.85,11.109565978402754
fig06,(a) RR,RR,9,11.95,11.113858159815589
fig06,(a) RR,RR,9,12.05,11.11007852749822
fig06,(a) RR,RR,9,12.15,11.112740910011082
fig06,(a) RR,RR,9,12.25,11.10836961780358
fig06,(a) RR,RR,9,12.35,11.112149250120948
fig06,(a) RR,RR,9,12.45,11.109407756813418
fig06,(a) RR,RR,9,12.55,11.11448333885027
fig06,(a) RR,RR,9,12.65,11.113391445069697
fig06,(a) RR,RR,9,12.75,11.113200859973452
fig06,(a) RR,RR,9,12.85,11.11238688566248
fig06,(a) RR,RR,9,12.95,11.108892825564649
fig06,(a) RR,RR,9,13.05,11.112369715833992
fig06,(a) RR,RR,9,13.15,11.10578864693678
fig06,(a) RR,RR,9,13.25,11.11207795511288
fig06,(a) RR,RR,9,13.35,11.107069577462994
fig06,(a) RR,RR,9,13.45,11.10946814942899
fig06,(a) RR,RR,9,13.55,11.112377489265551
fig06,(a) RR,RR,9,13.65,11.114178672537008
fig06,(a) RR,RR,9,13.75,11.112003125683644
fig06,(a) RR,RR,9,13.85,11.110243444330882
fig06,(a) RR,RR,9,13.95,11.1093781700142
fig06,(a) RR,RR,9,14.05,11.112269805957236
fig06,(a) RR,RR,9,14.15,11.110475090224602
fig06,(a) RR,RR,9,14.25,11.110819898786888
fig06,(a) RR,RR,9,14.35,11.109653178588353
fig06,(a) RR,RR,9,14.45,11.113207575673748
fig06,(a) RR,RR,9,14.55,11.113648930633474
fig06,(a) RR,RR,9,14.65,11.117165105035724
fig06,(a) RR,RR,9,14.75,11.111460517120896
fig06,(a) RR,RR,9,14.85,11.110497289742574
fig06,(a) RR,RR,9,14.95,11.108750259693656
fig06,(a) RR,RR,9,15.05,11.106566472132508
fig06,(a) RR,RR,9,15.15,11.111077514379405
fig06,(a) RR,RR,9,15.25,11.1110775143794
fig06,(a) RR,RR,9,15.35,11.110970114991147
fig06,(a) RR,RR,9,15.45,11.11131568137445
fig06,(a) RR,RR,9,15.55,11.11182951374178
fig06,(a) RR,RR,9,15.65,11.113136458410096
fig06,(a) RR,RR,9,15.75,11.11064070119736
fig06,(a) RR,RR,9,15.85,11.10828788983117
fig06,(a) RR,RR,9,15.95,11.10978596447958
fig06,(a) RR,RR,9,16.05,11.111841293948894
fig06,(a) RR,RR,9,16.150000000000002,11.113158771440617
fig06,(a) RR,RR,9,16.25,11.11132642582882
fig06,(a) RR,RR,9,16.35,11.109784928726834
fig06,(a) RR,RR,9,16.45,11.110306430233974
fig06,(a) RR,RR,9,16.55,11.11162494347844
fig06,(a) RR,RR,9,16.650000000000002,11.11478906910883
fig06,(a) RR,RR,9,16.75,11.113200859973452
fig06,(a) RR,RR,9,16.85,11.11008116345753
fig06,(a) RR,RR,9,16.95,11.11008116345753
fig06,(a) RR,RR,9,17.05,11.106931663985677
fig06,(a) RR,RR,9,17.150000000000002,11.110750172521165
fig06,(a) RR,RR,9,17.25,11.109867462601713
fig06,(a) RR,RR,9,17.35,11.115197384784848
fig06,(a) RR,RR,9,17.45,11.11337145660469
fig06,(a) RR,RR,9,17.55,11.110054707019282
fig06,(a) RR,RR,9,17.650000000000002,11.108940991936242
fig06,(a) RR,RR,9,17.75,11.110068108096833
fig06,(a) RR,RR,9,17.85,11.108820465250638
fig06,(a) RR,RR,9,17.95,11.115046554672608
fig06,(a) RR,RR,9,18.05,11.11452505316547
fig06,(a) RR,RR,9,18.15,11.11294372893184
fig06,(a) RR,RR,9,18.25,11.110917099014728
fig06,(a) RR,RR,9,18.35,11.111438600521868
fig06,(a) RR,RR,9,18.45,11.113019924755497
fig06,(a) RR,RR,9,18.55,11.108214850597186
fig06,(a) RR,RR,9,18.65,11.111010098675452
fig06,(a) RR,RR,9,18.75,11.110488056079388
fig06,(a) RR,RR,9,18.85,11.113670501709294
fig06,(a) RR,RR,9,18.95,11.108584066681628
fig06,(a) RR,RR,9,19.05,11.111832530370158
fig06,(a) RR,RR,9,19.15,11.109255699393705
fig06,(a) RR,RR,9,19.25,11.109550280572911
fig06,(a) RR,RR,9,19.35,11.11253791039585
fig06,(a) RR,RR,9,19.450000000000003,11.113651625478894
fig06,(a) RR,RR,9,19.55,11.11153757231046
fig06,(a) RR,RR,9,19.65,11.109111822312665
fig06,(a) RR,RR,9,19.75,11.10791718458196
fig06,(a) RR,RR,9,19.85,11.112027843520588
fig06,(a) RR,RR,9,19.950000000000003,11.111100900532216
fig06,(a) RR,RR,9,20.05,11.111100900532216
fig06,(a) RR,RR,9,20.15,11.110579399025076
fig06,(a) RR,RR,9,20.25,11.113163603719933
fig06,(a) RR,RR,9,20.35,11.11427986024206
fig06,(a) RR,RR,9,20.450000000000003,11.113032217395864
fig06,(a) RR,RR,9,20.55,11.108982284100648
fig06,(a) RR,RR,9,20.65,11.108008706983604
fig06,(a) RR,RR,9,20.75,11.11023162537562
fig06,(a) RR,RR,9,20.85,11.11064539565036
fig06,(a) RR,RR,9,20.950000000000003,11.112852170448994
fig06,(a) RR,RR,9,21.05,11.111795972255514
fig06,(a) RR,RR,9,21.15,11.111271474724148
fig06,(a) RR,RR,9,21.25,11.11120832905973
fig06,(a) RR,RR,9,21.35,11.110562874608158
fig06,(a) RR,RR,9,21.450000000000003,11.110673601864782
fig06,(a) RR,RR,9,21.55,11.10944349151896
fig06,(a) RR,RR,9,21.65,11.114369328123052
fig06,(a) RR,RR,9,21.75,11.113403864148651
fig06,(a) RR,RR,9,21.85,11.113907366849103
fig06,(a) RR,RR,9,21.950000000000003,11.107541670314587
fig06,(a) RR,RR,9,22.05,11.10877822515865
fig06,(a) RR,RR,9,22.15,11.108334780786846
fig06,(a) RR,RR,9,22.25,11.11042009516884
fig06,(a) RR,RR,9,22.35,11.11102251932364
fig06,(a) RR,RR,9,22.450000000000003,11.11272011739798
fig06,(a) RR,RR,9,22.55,11.113322541552778
fig06,(a) RR,RR,9,22.65,11.11096169013532
fig06,(a) RR,RR,9,22.75,11.112195107677437
fig06,(a) RR,RR,9,22.85,11.109212373447578
fig06,(a) RR,RR,9,22.950000000000003,11.112425434644992
fig06,(a) RR,RR,9,23.05,11.107141607662353
fig06,(a) RR,RR,9,23.15,11.110124341892211
fig06,(a) RR,RR,9,23.25,11.110229408851382
fig06,(a) RR,RR,9,23.35,11.111465963695444
fig06,(a) RR,RR,9,23.450000000000003,11.111465963695444
fig06,(a) RR,RR,9,23.55,11.110508686956312
fig06,(a) RR,RR,9,23.65,11.113166440580423
fig06,(a) RR,RR,9,23.75,11.111327461581563
fig06,(a) RR,RR,9,23.85,11.113823218794304
fig06,(a) RR,RR,9,23.950000000000003,11.113038456633292
fig06,(a) RR,RR,9,24.05,11.115469649208055
fig06,(a) RR,RR,9,24.15,11.112371467840518
fig06,(a) RR,RR,9,24.25,11.110116658251137
fig06,(a) RR,RR,9,24.35,11.109002943168091
fig06,(a) RR,RR,9,24.450000000000003,11.108017158187511
fig06,(a) RR,RR,9,24.55,11.11217781873935
fig06,(a) RR,RR,9,24.65,11.109348851659528
fig06,(a) RR,RR,9,24.75,11.11245621735918
fig06,(a) RR,RR,9,24.85,11.11116848022239
fig06,(a) RR,RR,9,24.950000000000003,11.11451894880935
fig06,(a) RR,RR,9,25.05,11.11369860426464
fig06,(a) RR,RR,9,25.15,11.108092837920216
fig06,(a) RR,RR,9,25.25,11.106965721759623
fig06,(a) RR,RR,9,25.35,11.107224186479192
fig06,(a) RR,RR,9,25.450000000000003,11.11268830173857
fig06,(a) RR,RR,9,25.55,11.114907311679731
fig06,(a) RR,RR,9,25.65,11.110599566353637
fig06,(a) RR,RR,9,25.75,11.107979021280263
fig06,(a) RR,RR,9,25.85,11.112445859473516
fig06,(a) RR,RR,9,25.950000000000003,11.116388541636384
fig06,(a) RR,RR,9,26.05,11.115943543416376
fig06,(a) RR,RR,9,26.15,11.111083623462116
fig06,(a) RR,RR,9,26.25,11.109507167605132
fig06,(a) RR,RR,9,26.35,11.11191757463017
fig06,(a) RR,RR,9,26.450000000000003,11.109222156840415
fig06,(a) RR,RR,9,26.55,11.10880877508236
fig06,(a) RR,RR,9,26.65,11.10867415804092
fig06,(a) RR,RR,9,26.75,11.110211019061396
fig06,(a) RR,RR,9,26.85,11.112700536881102
fig06,(a) RR,RR,9,26.950000000000003,11.114716928310338
fig06,(a) RR,RR,9,27.05,11.109859625085088
fig06,(a) RR,RR,9,27.15,11.11065641243848
fig06,(a) RR,RR,9,27.25,11.108640021009244
fig06,(a) RR,RR,9,27.35,11.113354644829409
fig06,(a) RR,RR,9,27.450000000000003,11.109174776746045
fig06,(a) RR,RR,9,27.55,11.109736656571188
fig06,(a) RR,RR,9,27.65,11.108500101727126
fig06,(a) RR,RR,9,27.75,11.114963300733642
fig06,(a) RR,RR,9,27.85,11.112046520130232
fig06,(a) RR,RR,9,27.950000000000003,11.113011984104636
fig06,(a) RR,RR,9,28.05,11.10796645702306
fig06,(a) RR,RR,9,28.15,11.108761656907395
fig06,(a) RR,RR,9,28.25,11.109635171931854
fig06,(a) RR,RR,9,28.35,11.11300444416905
fig06,(a) RR,RR,9,28.450000000000003,11.11161026255366
fig06,(a) RR,RR,9,28.55,11.114106019766396
fig06,(a) RR,RR,9,28.65,11.11002205341828
fig06,(a) RR,RR,9,28.75,11.112717471208038
fig06,(a) RR,RR,9,28.85,11.1102217139953
fig06,(a) RR,RR,9,28.950000000000003,11.112901816911252
fig06,(a) RR,RR,9,29.05,11.114258334360995
fig06,(a) RR,RR,9,29.15,11.112939821116532
fig06,(a) RR,RR,9,29.25,11.110008948337098
fig06,(a) RR,RR,9,29.35,11.10576983130664
fig06,(a) RR,RR,9,29.450000000000003,11.111455919673396
fig06,(a) RR,RR,9,29.55,11.113887112248165
fig06,(a) RR,RR,9,29.65,11.112951203293385
fig06,(a) RR,RR,9,29.75,11.108583628171091
fig06,(a) RR,RR,9,29.85,11.109335283863585
fig06,(a) RR,RR,9,29.950000000000003,11.112454980379509
fig06,(a) RR,RR,9,30.05,11.11185255622471
fig06,(a) RR,RR,9,30.15,11.109190173711848
fig06,(a) RR,RR,9,30.25,11.111340364541284
fig06,(a) RR,RR,9,30.35,11.112358627488568
fig06,(b) PF,PF,1,0.45,11.802164261931187
fig06,(b) PF,PF,1,0.55,11.41878222509448
fig06,(b) PF,PF,1,0.65,11.623830902616666
fig06,(b) PF,PF,1,0.75,11.154643227546636
fig06,(b) PF,PF,1,0.8500000000000001,11.525954822469032
fig06,(b) PF,PF,1,0.95,11.260747545001538
fig06,(b) PF,PF,1,1.05,11.513286583067206
fig06,(b) PF,PF,1,1.15,11.4577974110845
fig06,(b) PF,PF,1,1.25,11.72103246780029
fig06,(b) PF,PF,1,1.35,11.767684804397694
fig06,(b) PF,PF,1,1.4500000000000002,11.601263175711914
fig06,(b) PF,PF,1,1.55,11.637779411364315
fig06,(b) PF,PF,1,1.65,11.517533828854582
fig06,(b) PF,PF,1,1.75,11.539773689076396
fig06,(b) PF,PF,1,1.85,11.32019243175929
fig06,(b) PF,PF,1,1.95,10.985055642561797
fig06,(b) PF,PF,1,2.0500000000000003,11.630701355885932
fig06,(b) PF,PF,1,2.15,11.41086506607114
fig06,(b) PF,PF,1,2.25,11.966876368595976
fig06,(b) PF,PF,1,2.35,11.224305847235604
fig06,(b) PF,PF,1,2.45,11.535118493287577
fig06,(b) PF,PF,1,2.5500000000000003,10.962342212964126
fig06,(b) PF,PF,1,2.6500000000000004,11.439084504542455
fig06,(b) PF,PF,1,2.75,11.562154511145524
fig06,(b) PF,PF,1,2.85,11.396186656498424
fig06,(b) PF,PF,1,2.95,11.19937621609463
fig06,(b) PF,PF,1,3.0500000000000003,10.849208113359056
fig06,(b) PF,PF,1,3.1500000000000004,11.701159795499416
fig06,(b) PF,PF,1,3.25,11.828161648080444
fig06,(b) PF,PF,1,3.35,11.967856858530372
fig06,(b) PF,PF,1,3.45,11.719878421872693
fig06,(b) PF,PF,1,3.5500000000000003,11.554875941668394
fig06,(b) PF,PF,1,3.65,11.436951413366508
fig06,(b) PF,PF,1,3.75,11.28421107194692
fig06,(b) PF,PF,1,3.85,11.391930592991914
fig06,(b) PF,PF,1,3.95,11.357592416168378
fig06,(b) PF,PF,1,4.05,11.405510954652952
fig06,(b) PF,PF,1,4.15,11.412087514885172
fig06,(b) PF,PF,1,4.25,11.81939629284956
fig06,(b) PF,PF,1,4.3500000000000005,11.811656641268485
fig06,(b) PF,PF,1,4.45,11.43117690595004
fig06,(b) PF,PF,1,4.55,11.226282643998085
fig06,(b) PF,PF,1,4.65,11.491281584002325
fig06,(b) PF,PF,1,4.75,11.75020834399421
fig06,(b) PF,PF,1,4.8500000000000005,11.60632165163647
fig06,(b) PF,PF,1,4.95,11.5664574973676
fig06,(b) PF,PF,1,5.050000000000001,11.030743211653313
fig06,(b) PF,PF,1,5.15,11.328275867676531
fig06,(b) PF,PF,1,5.25,11.203961133206418
fig06,(b) PF,PF,1,5.3500000000000005,11.44792140075159
fig06,(b) PF,PF,1,5.45,11.268276842839244
fig06,(b) PF,PF,1,5.550000000000001,11.283430167342935
fig06,(b) PF,PF,1,5.65,11.861405941859593
fig06,(b) PF,PF,1,5.75,11.752546373904009
fig06,(b) PF,PF,1,5.8500000000000005,11.84547068106285
fig06,(b) PF,PF,1,5.95,11.209406157419712
fig06,(b) PF,PF,1,6.050000000000001,11.574654423097174
fig06,(b) PF,PF,1,6.15,11.337490186568932
fig06,(b) PF,PF,1,6.25,11.38433779972493
fig06,(b) PF,PF,1,6.3500000000000005,11.427259551347602
fig06,(b) PF,PF,1,6.45,11.108322285429995
fig06,(b) PF,PF,1,6.550000000000001,11.9575590096234
fig06,(b) PF,PF,1,6.65,11.458570715704214
fig06,(b) PF,PF,1,6.75,11.661942590224848
fig06,(b) PF,PF,1,6.8500000000000005,11.067926467679513
fig06,(b) PF,PF,1,6.95,11.572210386637446
fig06,(b) PF,PF,1,7.050000000000001,11.584403541950712
fig06,(b) PF,PF,1,7.15,11.700942524025876
fig06,(b) PF,PF,1,7.25,11.7951392078452
fig06,(b) PF,PF,1,7.35,11.818176966732018
fig06,(b) PF,PF,1,7.45,11.566175962402378
fig06,(b) PF,PF,1,7.550000000000001,11.387758219932996
fig06,(b) PF,PF,1,7.65,11.425245611134264
fig06,(b) PF,PF,1,7.75,10.992654093637086
fig06,(b) PF,PF,1,7.85,11.39139728284701
fig06,(b) PF,PF,1,7.95,11.73668787451576
fig06,(b) PF,PF,1,8.05,12.045912193174043
fig06,(b) PF,PF,1,8.15,11.6817188219052
fig06,(b) PF,PF,1,8.25,11.495651222036464
fig06,(b) PF,PF,1,8.35,11.562200878318457
fig06,(b) PF,PF,1,8.450000000000001,11.623214003831173
fig06,(b) PF,PF,1,8.55,11.634638253492824
fig06,(b) PF,PF,1,8.65,11.722396041996554
fig06,(b) PF,PF,1,8.75,11.391293123349037
fig06,(b) PF,PF,1,8.85,11.369492543884684
fig06,(b) PF,PF,1,8.950000000000001,11.386931591600169
fig06,(b) PF,PF,1,9.05,11.717730678934831
fig06,(b) PF,PF,1,9.15,11.954715445281485
fig06,(b) PF,PF,1,9.25,11.828031521670892
fig06,(b) PF,PF,1,9.35,11.183127857899304
fig06,(b) PF,PF,1,9.45,10.486811595545303
fig06,(b) PF,PF,1,9.55,11.01516311159917
fig06,(b) PF,PF,1,9.65,11.16026854503838
fig06,(b) PF,PF,1,9.75,11.820645903528948
fig06,(b) PF,PF,1,9.85,11.313959844355288
fig06,(b) PF,PF,1,9.95,11.796287774198497
fig06,(b) PF,PF,1,10.05,11.657715654494302
fig06,(b) PF,PF,1,10.15,11.516806045107932
fig06,(b) PF,PF,1,10.25,11.54455299294367
fig06,(b) PF,PF,1,10.35,11.531685192091755
fig06,(b) PF,PF,1,10.45,11.794546020990325
fig06,(b) PF,PF,1,10.55,11.646084932355237
fig06,(b) PF,PF,1,10.65,11.310103469263543
fig06,(b) PF,PF,1,10.75,11.056565733414487
fig06,(b) PF,PF,1,10.85,11.53686423297785
fig06,(b) PF,PF,1,10.95,11.420062795421694
fig06,(b) PF,PF,1,11.05,11.93897865675012
fig06,(b) PF,PF,1,11.15,11.01964587031315
fig06,(b) PF,PF,1,11.25,11.586195112838482
fig06,(b) PF,PF,1,11.35,11.372335788376107
fig06,(b) PF,PF,1,11.45,11.48979066054796
fig06,(b) PF,PF,1,11.55,11.709983852790742
fig06,(b) PF,PF,1,11.65,11.855419702551636
fig06,(b) PF,PF,1,11.75,11.482247277492418
fig06,(b) PF,PF,1,11.85,11.219145902921971
fig06,(b) PF,PF,1,11.95,10.815406422717745
fig06,(b) PF,PF,1,12.05,11.637161711454164
fig06,(b) PF,PF,1,12.15,11.375915489123036
fig06,(b) PF,PF,1,12.25,11.8768179656082
fig06,(b) PF,PF,1,12.35,11.48045773544628
fig06,(b) PF,PF,1,12.45,11.603859745640746
fig06,(b) PF,PF,1,12.55,11.501766720554356
fig06,(b) PF,PF,1,12.65,11.24403890040181
fig06,(b) PF,PF,1,12.75,11.624535507313508
fig06,(b) PF,PF,1,12.85,11.31055966582888
fig06,(b) PF,PF,1,12.95,11.875453891100465
fig06,(b) PF,PF,1,13.05,11.409400028820183
fig06,(b) PF,PF,1,13.15,11.659233847913091
fig06,(b) PF,PF,1,13.25,11.045655718611693
fig06,(b) PF,PF,1,13.35,11.402561174458704
fig06,(b) PF,PF,1,13.45,11.452637408497203
fig06,(b) PF,PF,1,13.55,11.959112082302909
fig06,(b) PF,PF,1,13.65,11.659402871100871
fig06,(b) PF,PF,1,13.75,11.387819108951067
fig06,(b) PF,PF,1,13.85,11.187227941955715
fig06,(b) PF,PF,1,13.95,11.25630540410222
fig06,(b) PF,PF,1,14.05,11.377843554313255
fig06,(b) PF,PF,1,14.15,11.525183819963289
fig06,(b) PF,PF,1,14.25,11.566624997867825
fig06,(b) PF,PF,1,14.35,11.55955835946771
fig06,(b) PF,PF,1,14.45,11.6178135576058
fig06,(b) PF,PF,1,14.55,11.654098027852532
fig06,(b) PF,PF,1,14.65,11.513288714546576
fig06,(b) PF,PF,1,14.75,11.648059604034446
fig06,(b) PF,PF,1,14.85,11.617518794222509
fig06,(b) PF,PF,1,14.95,11.600725637163151
fig06,(b) PF,PF,1,15.05,11.34944159009664
fig06,(b) PF,PF,1,15.15,11.129970357443709
fig06,(b) PF,PF,1,15.25,11.074316053717473
fig06,(b) PF,PF,1,15.35,10.841241691897272
fig06,(b) PF,PF,1,15.45,11.241825521521298
fig06,(b) PF,PF,1,15.55,11.86036842957035
fig06,(b) PF,PF,1,15.65,11.921355660368905
fig06,(b) PF,PF,1,15.75,11.717465859986076
fig06,(b) PF,PF,1,15.85,11.809066398275696
fig06,(b) PF,PF,1,15.95,11.52480872722557
fig06,(b) PF,PF,1,16.05,11.417054409565594
fig06,(b) PF,PF,1,16.150000000000002,10.934799302723832
fig06,(b) PF,PF,1,16.25,11.69185461638292
fig06,(b) PF,PF,1,16.35,11.905935123964474
fig06,(b) PF,PF,1,16.45,11.793338077405163
fig06,(b) PF,PF,1,16.55,11.18440822319229
fig06,(b) PF,PF,1,16.650000000000002,11.342876201366767
fig06,(b) PF,PF,1,16.75,11.272768112390755
fig06,(b) PF,PF,1,16.85,11.53429137207324
fig06,(b) PF,PF,1,16.95,11.37893944164683
fig06,(b) PF,PF,1,17.05,11.494719887615958
fig06,(b) PF,PF,1,17.150000000000002,11.580071974808815
fig06,(b) PF,PF,1,17.25,11.756361422850928
fig06,(b) PF,PF,1,17.35,11.719365492403275
fig06,(b) PF,PF,1,17.45,11.973912867965614
fig06,(b) PF,PF,1,17.55,11.226570588937198
fig06,(b) PF,PF,1,17.650000000000002,11.626631127732477
fig06,(b) PF,PF,1,17.75,11.339347096791974
fig06,(b) PF,PF,1,17.85,11.669315410555305
fig06,(b) PF,PF,1,17.95,11.73019676074483
fig06,(b) PF,PF,1,18.05,11.41666310129922
fig06,(b) PF,PF,1,18.15,11.621781433102187
fig06,(b) PF,PF,1,18.25,11.387198340301978
fig06,(b) PF,PF,1,18.35,11.68419344861784
fig06,(b) PF,PF,1,18.45,11.453842039021149
fig06,(b) PF,PF,1,18.55,11.370115126144924
fig06,(b) PF,PF,1,18.65,11.835989805856082
fig06,(b) PF,PF,1,18.75,11.328556987102507
fig06,(b) PF,PF,1,18.85,11.65947301352407
fig06,(b) PF,PF,1,18.95,11.150146560801389
fig06,(b) PF,PF,1,19.05,11.565402164736236
fig06,(b) PF,PF,1,19.15,11.14745236456637
fig06,(b) PF,PF,1,19.25,11.688301315997768
fig06,(b) PF,PF,1,19.35,11.712841537420678
fig06,(b) PF,PF,1,19.450000000000003,11.6872512381126
fig06,(b) PF,PF,1,19.55,11.394486804182131
fig06,(b) PF,PF,1,19.65,11.49590249818882
fig06,(b) PF,PF,1,19.75,11.445987353934052
fig06,(b) PF,PF,1,19.85,11.350136347157202
fig06,(b) PF,PF,1,19.950000000000003,11.237248401854778
fig06,(b) PF,PF,1,20.05,11.533931540519047
fig06,(b) PF,PF,1,20.15,11.569703639343452
fig06,(b) PF,PF,1,20.25,11.849948226679777
fig06,(b) PF,PF,1,20.35,11.501153677413528
fig06,(b) PF,PF,1,20.450000000000003,11.711152140726515
fig06,(b) PF,PF,1,20.55,11.382728872250704
fig06,(b) PF,PF,1,20.65,11.489293167494244
fig06,(b) PF,PF,1,20.75,10.954214429256226
fig06,(b) PF,PF,1,20.85,11.30848558601126
fig06,(b) PF,PF,1,20.950000000000003,11.965024016134596
fig06,(b) PF,PF,1,21.05,11.79730913143858
fig06,(b) PF,PF,1,21.15,11.37244496855346
fig06,(b) PF,PF,1,21.25,11.013680954334154
fig06,(b) PF,PF,1,21.35,11.797543509940844
fig06,(b) PF,PF,1,21.450000000000003,11.922494903056416
fig06,(b) PF,PF,1,21.55,11.6966153114057
fig06,(b) PF,PF,1,21.65,11.459438774183145
fig06,(b) PF,PF,1,21.75,11.556751994460097
fig06,(b) PF,PF,1,21.85,11.202192246032425
fig06,(b) PF,PF,1,21.950000000000003,11.583179183623136
fig06,(b) PF,PF,1,22.05,11.191688645431798
fig06,(b) PF,PF,1,22.15,11.816275041329854
fig06,(b) PF,PF,1,22.25,11.399145925532594
fig06,(b) PF,PF,1,22.35,11.685594446917207
fig06,(b) PF,PF,1,22.450000000000003,11.480796584425404
fig06,(b) PF,PF,1,22.55,11.405189408257035
fig06,(b) PF,PF,1,22.65,11.688673003386697
fig06,(b) PF,PF,1,22.75,11.664539129786045
fig06,(b) PF,PF,1,22.85,11.509903731403044
fig06,(b) PF,PF,1,22.950000000000003,11.24318268471715
fig06,(b) PF,PF,1,23.05,11.50338149506492
fig06,(b) PF,PF,1,23.15,11.556559825752878
fig06,(b) PF,PF,1,23.25,11.623587418339024
fig06,(b) PF,PF,1,23.35,11.529993491577272
fig06,(b) PF,PF,1,23.450000000000003,11.37112495120484
fig06,(b) PF,PF,1,23.55,11.612542826113051
fig06,(b) PF,PF,1,23.65,11.545042192574684
fig06,(b) PF,PF,1,23.75,11.462920962752069
fig06,(b) PF,PF,1,23.85,11.271218381940429
fig06,(b) PF,PF,1,23.950000000000003,11.251953834373992
fig06,(b) PF,PF,1,24.05,11.79728879702305
fig06,(b) PF,PF,1,24.15,11.56521306731968
fig06,(b) PF,PF,1,24.25,11.702864592318598
fig06,(b) PF,PF,1,24.35,11.115838061895838
fig06,(b) PF,PF,1,24.450000000000003,11.650288981032595
fig06,(b) PF,PF,1,24.55,11.08815637117524
fig06,(b) PF,PF,1,24.65,11.683441589101967
fig06,(b) PF,PF,1,24.75,11.178547852050723
fig06,(b) PF,PF,1,24.85,11.812795717635751
fig06,(b) PF,PF,1,24.950000000000003,11.52310637134263
fig06,(b) PF,PF,1,25.05,11.622416815579337
fig06,(b) PF,PF,1,25.15,11.6980984335087
fig06,(b) PF,PF,1,25.25,11.316393673064873
fig06,(b) PF,PF,1,25.35,11.553242193371048
fig06,(b) PF,PF,1,25.450000000000003,11.21700669836887
fig06,(b) PF,PF,1,25.55,11.963057587635085
fig06,(b) PF,PF,1,25.65,11.561140846095698
fig06,(b) PF,PF,1,25.75,11.505175948897485
fig06,(b) PF,PF,1,25.85,10.617719108285144
fig06,(b) PF,PF,1,25.950000000000003,11.629225354118844
fig06,(b) PF,PF,1,26.05,11.411426381602888
fig06,(b) PF,PF,1,26.15,12.19557719618584
fig06,(b) PF,PF,1,26.25,11.11219314262528
fig06,(b) PF,PF,1,26.35,11.686616622709137
fig06,(b) PF,PF,1,26.450000000000003,11.694413614502404
fig06,(b) PF,PF,1,26.55,11.817632713462745
fig06,(b) PF,PF,1,26.65,11.597506927299222
fig06,(b) PF,PF,1,26.75,11.486708858676517
fig06,(b) PF,PF,1,26.85,11.75556790771564
fig06,(b) PF,PF,1,26.950000000000003,11.417175783023268
fig06,(b) PF,PF,1,27.05,11.394452175394
fig06,(b) PF,PF,1,27.15,11.141944975960058
fig06,(b) PF,PF,1,27.25,11.48436870845762
fig06,(b) PF,PF,1,27.35,11.761271124456131
fig06,(b) PF,PF,1,27.450000000000003,11.97697918030651
fig06,(b) PF,PF,1,27.55,11.59157462990798
fig06,(b) PF,PF,1,27.65,10.963183306899372
fig06,(b) PF,PF,1,27.75,11.10773879437358
fig06,(b) PF,PF,1,27.85,11.61524346687223
fig06,(b) PF,PF,1,27.950000000000003,12.025028991557411
fig06,(b) PF,PF,1,28.05,11.805354591148154
fig06,(b) PF,PF,1,28.15,11.533745873057336
fig06,(b) PF,PF,1,28.25,11.357117622839963
fig06,(b) PF,PF,1,28.35,11.553148007549591
fig06,(b) PF,PF,1,28.450000000000003,11.641100835587835
fig06,(b) PF,PF,1,28.55,11.52763047456409
fig06,(b) PF,PF,1,28.65,11.501461369809164
fig06,(b) PF,PF,1,28.75,11.4675046837586
fig06,(b) PF,PF,1,28.85,11.473967828234391
fig06,(b) PF,PF,1,28.950000000000003,11.52492238392962
fig06,(b) PF,PF,1,29.05,11.136429711425029
fig06,(b) PF,PF,1,29.15,11.51262929332644
fig06,(b) PF,PF,1,29.25,11.414487535449709
fig06,(b) PF,PF,1,29.35,11.843313065972993
fig06,(b) PF,PF,1,29.450000000000003,11.64021789937602
fig06,(b) PF,PF,1,29.55,11.162077540118668
fig06,(b) PF,PF,1,29.65,11.104372117557595
fig06,(b) PF,PF,1,29.75,11.316498582670263
fig06,(b) PF,PF,1,29.85,11.38608721978621
fig06,(b) PF,PF,1,29.950000000000003,11.546088618705546
fig06,(b) PF,PF,1,30.05,11.284551202714423
fig06,(b) PF,PF,1,30.15,11.878768306365489
fig06,(b) PF,PF,1,30.25,11.853216339833276
fig06,(b) PF,PF,1,30.35,12.1003886416348
fig06,(b) PF,PF,2,0.45,11.80281169071402
fig06,(b) PF,PF,2,0.55,11.419213844283036
fig06,(b) PF,PF,2,0.65,11.624147648596525
fig06,(b) PF,PF,2,0.75,11.15033548222054
fig06,(b) PF,PF,2,0.8500000000000001,11.521647077142935
fig06,(b) PF,PF,2,0.95,11.265305014694365
fig06,(b) PF,PF,2,1.05,11.513863477965032
fig06,(b) PF,PF,2,1.15,11.458374305982328
fig06,(b) PF,PF,2,1.25,11.71705189300529
fig06,(b) PF,PF,2,1.35,11.767684804397694
fig06,(b) PF,PF,2,1.4500000000000002,11.605347142060031
fig06,(b) PF,PF,2,1.55,11.63886846905715
fig06,(b) PF,PF,2,1.65,11.522366522366523
fig06,(b) PF,PF,2,1.75,11.540522416240217
fig06,(b) PF,PF,2,1.85,11.320362597023797
fig06,(b) PF,PF,2,1.95,10.986039641700016
fig06,(b) PF,PF,2,2.0500000000000003,11.631685355024157
fig06,(b) PF,PF,2,2.15,11.411441960968965
fig06,(b) PF,PF,2,2.25,11.962895793800977
fig06,(b) PF,PF,2,2.35,11.220325272440604
fig06,(b) PF,PF,2,2.45,11.535118493287577
fig06,(b) PF,PF,2,2.5500000000000003,10.967957666692788
fig06,(b) PF,PF,2,2.6500000000000004,11.44000644470686
fig06,(b) PF,PF,2,2.75,11.563076451309932
fig06,(b) PF,PF,2,2.85,11.396484657359643
fig06,(b) PF,PF,2,2.95,11.204367730520106
fig06,(b) PF,PF,2,3.0500000000000003,10.8493616984183
fig06,(b) PF,PF,2,3.1500000000000004,11.700514738250588
fig06,(b) PF,PF,2,3.25,11.81159429165161
fig06,(b) PF,PF,2,3.35,11.944334978637585
fig06,(b) PF,PF,2,3.45,11.346597286560268
fig06,(b) PF,PF,2,3.5500000000000003,11.44243727970143
fig06,(b) PF,PF,2,3.65,11.063216822899046
fig06,(b) PF,PF,2,3.75,11.512107554808646
fig06,(b) PF,PF,2,3.85,11.365079857663028
fig06,(b) PF,PF,2,3.95,11.607444607098964
fig06,(b) PF,PF,2,4.05,11.399298455556588
fig06,(b) PF,PF,2,4.15,11.410864130447736
fig06,(b) PF,PF,2,4.25,11.78530576731542
fig06,(b) PF,PF,2,4.3500000000000005,11.774032796534287
fig06,(b) PF,PF,2,4.45,11.36457750576433
fig06,(b) PF,PF,2,4.55,11.167248570407525
fig06,(b) PF,PF,2,4.65,11.411047595211423
fig06,(b) PF,PF,2,4.75,11.691995387190865
fig06,(b) PF,PF,2,4.8500000000000005,11.553669533185117
fig06,(b) PF,PF,2,4.95,11.20557523928778
fig06,(b) PF,PF,2,5.050000000000001,10.98795088251248
fig06,(b) PF,PF,2,5.15,11.28225825229155
fig06,(b) PF,PF,2,5.25,11.473039539077275
fig06,(b) PF,PF,2,5.3500000000000005,11.362659004168435
fig06,(b) PF,PF,2,5.45,11.202366163721017
fig06,(b) PF,PF,2,5.550000000000001,11.227425691407724
fig06,(b) PF,PF,2,5.65,11.845680214274408
fig06,(b) PF,PF,2,5.75,11.32048616142202
fig06,(b) PF,PF,2,5.8500000000000005,11.72186078658456
fig06,(b) PF,PF,2,5.95,11.034598576785662
fig06,(b) PF,PF,2,6.050000000000001,11.816181327359928
fig06,(b) PF,PF,2,6.15,11.253794688017598
fig06,(b) PF,PF,2,6.25,11.338983882779942
fig06,(b) PF,PF,2,6.3500000000000005,11.3250745364258
fig06,(b) PF,PF,2,6.45,10.564085913713624
fig06,(b) PF,PF,2,6.550000000000001,11.755986208986892
fig06,(b) PF,PF,2,6.65,10.996250085340428
fig06,(b) PF,PF,2,6.75,11.896503191645076
fig06,(b) PF,PF,2,6.8500000000000005,11.043337262325474
fig06,(b) PF,PF,2,6.95,11.665085757929752
fig06,(b) PF,PF,2,7.050000000000001,11.616509800472064
fig06,(b) PF,PF,2,7.15,11.642291677221223
fig06,(b) PF,PF,2,7.25,11.933458058010244
fig06,(b) PF,PF,2,7.35,11.724966340084563
fig06,(b) PF,PF,2,7.45,11.472608104683578
fig06,(b) PF,PF,2,7.550000000000001,11.284094367510455
fig06,(b) PF,PF,2,7.65,11.375822558116122
fig06,(b) PF,PF,2,7.75,10.945246844521542
fig06,(b) PF,PF,2,7.85,11.077705874696562
fig06,(b) PF,PF,2,7.95,11.626539760456003
fig06,(b) PF,PF,2,8.05,11.958824875759989
fig06,(b) PF,PF,2,8.15,11.583275809173188
fig06,(b) PF,PF,2,8.25,11.464344001273782
fig06,(b) PF,PF,2,8.35,11.446280523140098
fig06,(b) PF,PF,2,8.450000000000001,11.852863788111389
fig06,(b) PF,PF,2,8.55,11.585846830862762
fig06,(b) PF,PF,2,8.65,11.75770583334923
fig06,(b) PF,PF,2,8.75,10.996828031740828
fig06,(b) PF,PF,2,8.85,11.262816301121084
fig06,(b) PF,PF,2,8.950000000000001,11.238988293528267
fig06,(b) PF,PF,2,9.05,11.588478497530865
fig06,(b) PF,PF,2,9.15,11.7864390152126
fig06,(b) PF,PF,2,9.25,11.377245666902349
fig06,(b) PF,PF,2,9.35,11.30836276783077
fig06,(b) PF,PF,2,9.45,10.62090164404889
fig06,(b) PF,PF,2,9.55,11.301983209740024
fig06,(b) PF,PF,2,9.65,11.400196528787784
fig06,(b) PF,PF,2,9.75,11.579683708274962
fig06,(b) PF,PF,2,9.85,11.473962350572217
fig06,(b) PF,PF,2,9.95,11.77962494247584
fig06,(b) PF,PF,2,10.05,11.880046533463467
fig06,(b) PF,PF,2,10.15,11.51690683530306
fig06,(b) PF,PF,2,10.25,11.548584600748862
fig06,(b) PF,PF,2,10.35,11.535716799896951
fig06,(b) PF,PF,2,10.45,11.794546020990325
fig06,(b) PF,PF,2,10.55,11.64270358387346
fig06,(b) PF,PF,2,10.65,11.310652938391833
fig06,(b) PF,PF,2,10.75,11.057115202542777
fig06,(b) PF,PF,2,10.85,11.540795050587915
fig06,(b) PF,PF,2,10.95,11.420062795421694
fig06,(b) PF,PF,2,11.05,11.938978656750118
fig06,(b) PF,PF,2,11.15,11.01964587031315
fig06,(b) PF,PF,2,11.25,11.586195112838482
fig06,(b) PF,PF,2,11.35,11.368990411686694
fig06,(b) PF,PF,2,11.45,11.486445283858544
fig06,(b) PF,PF,2,11.55,11.709880387532309
fig06,(b) PF,PF,2,11.65,11.855351451784664
fig06,(b) PF,PF,2,11.75,11.482179026725449
fig06,(b) PF,PF,2,11.85,11.215835740724025
fig06,(b) PF,PF,2,11.95,10.82017105012388
fig06,(b) PF,PF,2,12.05,11.6377334667429
fig06,(b) PF,PF,2,12.15,11.38057121075989
fig06,(b) PF,PF,2,12.25,11.876709059838916
fig06,(b) PF,PF,2,12.35,11.481196325104984
fig06,(b) PF,PF,2,12.45,11.60051436895133
fig06,(b) PF,PF,2,12.55,11.49842134386494
fig06,(b) PF,PF,2,12.65,11.24403890040181
fig06,(b) PF,PF,2,12.75,11.624535507313508
fig06,(b) PF,PF,2,12.85,11.314394609838695
fig06,(b) PF,PF,2,12.95,11.87928883511028
fig06,(b) PF,PF,2,13.05,11.413234972830002
fig06,(b) PF,PF,2,13.15,11.659233847913091
fig06,(b) PF,PF,2,13.25,11.045655718611693
fig06,(b) PF,PF,2,13.35,11.398726230448888
fig06,(b) PF,PF,2,13.45,11.448802464487386
fig06,(b) PF,PF,2,13.55,11.959706228557948
fig06,(b) PF,PF,2,13.65,11.66041385909611
fig06,(b) PF,PF,2,13.75,11.392403567500912
fig06,(b) PF,PF,2,13.85,11.1873833102407
fig06,(b) PF,PF,2,13.95,11.259878874656826
fig06,(b) PF,PF,2,14.05,11.3743102351132
fig06,(b) PF,PF,2,14.15,11.52165050076323
fig06,(b) PF,PF,2,14.25,11.563091678667767
fig06,(b) PF,PF,2,14.35,11.55955835946771
fig06,(b) PF,PF,2,14.45,11.617813557605798
fig06,(b) PF,PF,2,14.55,11.654098027852532
fig06,(b) PF,PF,2,14.65,11.513288714546576
fig06,(b) PF,PF,2,14.75,11.648059604034446
fig06,(b) PF,PF,2,14.85,11.621826539548604
fig06,(b) PF,PF,2,14.95,11.60137680796826
fig06,(b) PF,PF,2,15.05,11.354717252207706
fig06,(b) PF,PF,2,15.15,11.130938274228676
fig06,(b) PF,PF,2,15.25,11.078940545023428
fig06,(b) PF,PF,2,15.35,10.841241691897272
fig06,(b) PF,PF,2,15.45,11.241825521521298
fig06,(b) PF,PF,2,15.55,11.85715959886826
fig06,(b) PF,PF,2,15.65,11.92132324793757
fig06,(b) PF,PF,2,15.75,11.71743344755474
fig06,(b) PF,PF,2,15.85,11.812242816546451
fig06,(b) PF,PF,2,15.95,11.521664073137522
fig06,(b) PF,PF,2,16.05,11.41890126990302
fig06,(b) PF,PF,2,16.150000000000002,10.932614555256066
fig06,(b) PF,PF,2,16.25,11.692814523003202
fig06,(b) PF,PF,2,16.35,11.90190351615928
fig06,(b) PF,PF,2,16.45,11.797081713224271
fig06,(b) PF,PF,2,16.55,11.188151859011398
fig06,(b) PF,PF,2,16.650000000000002,11.346619837185877
fig06,(b) PF,PF,2,16.75,11.272768112390755
fig06,(b) PF,PF,2,16.85,11.53429137207324
fig06,(b) PF,PF,2,16.95,11.374801738899398
fig06,(b) PF,PF,2,17.05,11.490582184868522
fig06,(b) PF,PF,2,17.150000000000002,11.579965879866576
fig06,(b) PF,PF,2,17.25,11.75596394039126
fig06,(b) PF,PF,2,17.35,11.718968009943609
fig06,(b) PF,PF,2,17.45,11.969483777700754
fig06,(b) PF,PF,2,17.55,11.226570588937198
fig06,(b) PF,PF,2,17.650000000000002,11.626631127732477
fig06,(b) PF,PF,2,17.75,11.339347096791974
fig06,(b) PF,PF,2,17.85,11.669315410555305
fig06,(b) PF,PF,2,17.95,11.73019676074483
fig06,(b) PF,PF,2,18.05,11.420545390296814
fig06,(b) PF,PF,2,18.15,11.621632114294586
fig06,(b) PF,PF,2,18.25,11.387049021494375
fig06,(b) PF,PF,2,18.35,11.68016184081265
fig06,(b) PF,PF,2,18.45,11.457415509575748
fig06,(b) PF,PF,2,18.55,11.373688596699528
fig06,(b) PF,PF,2,18.65,11.835195701288391
fig06,(b) PF,PF,2,18.75,11.324189411980216
fig06,(b) PF,PF,2,18.85,11.65880503144654
fig06,(b) PF,PF,2,18.95,11.149814546040965
fig06,(b) PF,PF,2,19.05,11.56507014997581
fig06,(b) PF,PF,2,19.15,11.147849847026038
fig06,(b) PF,PF,2,19.25,11.692730406262624
fig06,(b) PF,PF,2,19.35,11.717270627685537
fig06,(b) PF,PF,2,19.450000000000003,11.682883662990308
fig06,(b) PF,PF,2,19.55,11.393775803580828
fig06,(b) PF,PF,2,19.65,11.495191497587514
fig06,(b) PF,PF,2,19.75,11.44964392845504
fig06,(b) PF,PF,2,19.85,11.3459434750398
fig06,(b) PF,PF,2,19.950000000000003,11.23667007466617
fig06,(b) PF,PF,2,20.05,11.533353213330445
fig06,(b) PF,PF,2,20.15,11.573318184272246
fig06,(b) PF,PF,2,20.25,11.84586426033166
fig06,(b) PF,PF,2,20.35,11.497069711065413
fig06,(b) PF,PF,2,20.450000000000003,11.7070681743784
fig06,(b) PF,PF,2,20.55,11.386709447045703
fig06,(b) PF,PF,2,20.65,11.493273742289244
fig06,(b) PF,PF,2,20.75,10.95458045912243
fig06,(b) PF,PF,2,20.85,11.308851615877469
fig06,(b) PF,PF,2,20.950000000000003,11.9653900460008
fig06,(b) PF,PF,2,21.05,11.80128970623358
fig06,(b) PF,PF,2,21.15,11.37244496855346
fig06,(b) PF,PF,2,21.25,11.013680954334154
fig06,(b) PF,PF,2,21.35,11.793708565931023
fig06,(b) PF,PF,2,21.450000000000003,11.918659959046598
fig06,(b) PF,PF,2,21.55,11.692780367395883
fig06,(b) PF,PF,2,21.65,11.462894438016166
fig06,(b) PF,PF,2,21.75,11.555583166987162
fig06,(b) PF,PF,2,21.85,11.201023418559492
fig06,(b) PF,PF,2,21.950000000000003,11.578554692317178
fig06,(b) PF,PF,2,22.05,11.195069993913572
fig06,(b) PF,PF,2,22.15,11.819656389811632
fig06,(b) PF,PF,2,22.25,11.398827680969603
fig06,(b) PF,PF,2,22.35,11.685350517705466
fig06,(b) PF,PF,2,22.450000000000003,11.477134552944042
fig06,(b) PF,PF,2,22.55,11.409656060085297
fig06,(b) PF,PF,2,22.65,11.689683991381932
fig06,(b) PF,PF,2,22.75,11.668968220050903
fig06,(b) PF,PF,2,22.85,11.506021442405451
fig06,(b) PF,PF,2,22.950000000000003,11.24399390928381
fig06,(b) PF,PF,2,23.05,11.500882557433632
fig06,(b) PF,PF,2,23.15,11.561599751640172
fig06,(b) PF,PF,2,23.25,11.623933830662066
fig06,(b) PF,PF,2,23.35,11.530194402265238
fig06,(b) PF,PF,2,23.450000000000003,11.36766928737182
fig06,(b) PF,PF,2,23.55,11.612505264549648
fig06,(b) PF,PF,2,23.65,11.548460294844302
fig06,(b) PF,PF,2,23.75,11.466339065021687
fig06,(b) PF,PF,2,23.85,11.271218381940429
fig06,(b) PF,PF,2,23.950000000000003,11.251953834373992
fig06,(b) PF,PF,2,24.05,11.794112378752294
fig06,(b) PF,PF,2,24.15,11.562036649048922
fig06,(b) PF,PF,2,24.25,11.699688174047838
fig06,(b) PF,PF,2,24.35,11.119869669701034
fig06,(b) PF,PF,2,24.450000000000003,11.654320588837791
fig06,(b) PF,PF,2,24.55,11.092187978980434
fig06,(b) PF,PF,2,24.65,11.6777240362146
fig06,(b) PF,PF,2,24.75,11.177387768856187
fig06,(b) PF,PF,2,24.85,11.807078164748384
fig06,(b) PF,PF,2,24.950000000000003,11.52310637134263
fig06,(b) PF,PF,2,25.05,11.621515920407502
fig06,(b) PF,PF,2,25.15,11.698578589758933
fig06,(b) PF,PF,2,25.25,11.32070877332492
fig06,(b) PF,PF,2,25.35,11.549707846992703
fig06,(b) PF,PF,2,25.450000000000003,11.216648770261289
fig06,(b) PF,PF,2,25.55,11.962479260446475
fig06,(b) PF,PF,2,25.65,11.56129972719147
fig06,(b) PF,PF,2,25.75,11.505334829993254
fig06,(b) PF,PF,2,25.85,10.614263444452122
fig06,(b) PF,PF,2,25.950000000000003,11.632606702600617
fig06,(b) PF,PF,2,26.05,11.414807730084664
fig06,(b) PF,PF,2,26.15,12.19557719618584
fig06,(b) PF,PF,2,26.25,11.108811794143506
fig06,(b) PF,PF,2,26.35,11.687166091837426
fig06,(b) PF,PF,2,26.450000000000003,11.698344432112467
fig06,(b) PF,PF,2,26.55,11.821563531072806
fig06,(b) PF,PF,2,26.65,11.597506927299222
fig06,(b) PF,PF,2,26.75,11.486708858676517
fig06,(b) PF,PF,2,26.85,11.75556790771564
fig06,(b) PF,PF,2,26.950000000000003,11.417175783023268
fig06,(b) PF,PF,2,27.05,11.389687547987863
fig06,(b) PF,PF,2,27.15,11.13718034855392
fig06,(b) PF,PF,2,27.25,11.483635688856674
fig06,(b) PF,PF,2,27.35,11.765302732261324
fig06,(b) PF,PF,2,27.450000000000003,11.981010788111702
fig06,(b) PF,PF,2,27.55,11.588229253218564
fig06,(b) PF,PF,2,27.65,10.964993100846106
fig06,(b) PF,PF,2,27.75,11.109548588320314
fig06,(b) PF,PF,2,27.85,11.620398637508378
fig06,(b) PF,PF,2,27.950000000000003,12.025028991557411
fig06,(b) PF,PF,2,28.05,11.802178172877396
fig06,(b) PF,PF,2,28.15,11.533508383840829
fig06,(b) PF,PF,2,28.25,11.356880133623456
fig06,(b) PF,PF,2,28.35,11.552343300784736
fig06,(b) PF,PF,2,28.450000000000003,11.63735719976873
fig06,(b) PF,PF,2,28.55,11.527675578610102
fig06,(b) PF,PF,2,28.65,11.502197047452876
fig06,(b) PF,PF,2,28.75,11.471099137845991
fig06,(b) PF,PF,2,28.85,11.473773542456668
fig06,(b) PF,PF,2,28.950000000000003,11.5277811603733
fig06,(b) PF,PF,2,29.05,11.132292008677595
fig06,(b) PF,PF,2,29.15,11.508491590579006
fig06,(b) PF,PF,2,29.25,11.410349832702272
fig06,(b) PF,PF,2,29.35,11.843313065972993
fig06,(b) PF,PF,2,29.450000000000003,11.64021789937602
fig06,(b) PF,PF,2,29.55,11.162077540118668
fig06,(b) PF,PF,2,29.65,11.108403725362791
fig06,(b) PF,PF,2,29.75,11.316873615954467
fig06,(b) PF,PF,2,29.85,11.386462253070414
fig06,(b) PF,PF,2,29.950000000000003,11.542432044184556
fig06,(b) PF,PF,2,30.05,11.28772762098518
fig06,(b) PF,PF,2,30.15,11.881944724636249
fig06,(b) PF,PF,2,30.25,11.852736183583048
fig06,(b) PF,PF,2,30.35,12.094903779853322
fig06,(b) PF,PF,3,0.45,11.80281169071402
fig06,(b) PF,PF,3,0.55,11.419213844283036
fig06,(b) PF,PF,3,0.65,11.62845539392262
fig06,(b) PF,PF,3,0.75,11.154643227546638
fig06,(b) PF,PF,3,0.8500000000000001,11.525954822469032
fig06,(b) PF,PF,3,0.95,11.260747545001538
fig06,(b) PF,PF,3,1.05,11.513286583067206
fig06,(b) PF,PF,3,1.15,11.454223940529898
fig06,(b) PF,PF,3,1.25,11.717458997245686
fig06,(b) PF,PF,3,1.35,11.76411133384309
fig06,(b) PF,PF,3,1.4500000000000002,11.605347142060031
fig06,(b) PF,PF,3,1.55,11.641863377712436
fig06,(b) PF,PF,3,1.65,11.5216177952027
fig06,(b) PF,PF,3,1.75,11.539773689076396
fig06,(b) PF,PF,3,1.85,11.316618961204687
fig06,(b) PF,PF,3,1.95,10.986039641700016
fig06,(b) PF,PF,3,2.0500000000000003,11.631685355024157
fig06,(b) PF,PF,3,2.15,11.411441960968965
fig06,(b) PF,PF,3,2.25,11.967088665918377
fig06,(b) PF,PF,3,2.35,11.224518144558004
fig06,(b) PF,PF,3,2.45,11.53931136540498
fig06,(b) PF,PF,3,2.5500000000000003,10.962342212964126
fig06,(b) PF,PF,3,2.6500000000000004,11.4343909909782
fig06,(b) PF,PF,3,2.75,11.557460997581268
fig06,(b) PF,PF,3,2.85,11.396484657359649
fig06,(b) PF,PF,3,2.95,11.204367730520106
fig06,(b) PF,PF,3,3.0500000000000003,10.854199627784531
fig06,(b) PF,PF,3,3.1500000000000004,11.70115979549942
fig06,(b) PF,PF,3,3.25,11.828161648080444
fig06,(b) PF,PF,3,3.35,11.963926040920308
fig06,(b) PF,PF,3,3.45,11.719403268095649
fig06,(b) PF,PF,3,3.5500000000000003,11.554400787891351
fig06,(b) PF,PF,3,3.65,11.436269374452095
fig06,(b) PF,PF,3,3.75,11.280073369199483
fig06,(b) PF,PF,3,3.85,11.392706412257056
fig06,(b) PF,PF,3,3.95,11.362505938180954
fig06,(b) PF,PF,3,4.05,11.410424476665533
fig06,(b) PF,PF,3,4.15,11.412087514885172
fig06,(b) PF,PF,3,4.25,11.815739718328572
fig06,(b) PF,PF,3,4.3500000000000005,11.808000066747496
fig06,(b) PF,PF,3,4.45,11.430901679910829
fig06,(b) PF,PF,3,4.55,11.22966399247986
fig06,(b) PF,PF,3,4.65,11.4946629324841
fig06,(b) PF,PF,3,4.75,11.75020834399421
fig06,(b) PF,PF,3,4.8500000000000005,11.60632165163647
fig06,(b) PF,PF,3,4.95,11.5664574973676
fig06,(b) PF,PF,3,5.050000000000001,11.030743211653313
fig06,(b) PF,PF,3,5.15,11.328275867676531
fig06,(b) PF,PF,3,5.25,11.203961133206418
fig06,(b) PF,PF,3,5.3500000000000005,11.443553825629296
fig06,(b) PF,PF,3,5.45,11.263909267716953
fig06,(b) PF,PF,3,5.550000000000001,11.283043167015649
fig06,(b) PF,PF,3,5.65,11.861504227657
fig06,(b) PF,PF,3,5.75,11.757073749966274
fig06,(b) PF,PF,3,5.8500000000000005,11.846017482330115
fig06,(b) PF,PF,3,5.95,11.209904430074507
fig06,(b) PF,PF,3,6.050000000000001,11.575031350813209
fig06,(b) PF,PF,3,6.15,11.33433379508491
fig06,(b) PF,PF,3,6.25,11.390267396487118
fig06,(b) PF,PF,3,6.3500000000000005,11.42888140278369
fig06,(b) PF,PF,3,6.45,11.108563934053564
fig06,(b) PF,PF,3,6.550000000000001,11.956434227475944
fig06,(b) PF,PF,3,6.65,11.454332414657696
fig06,(b) PF,PF,3,6.75,11.662617811190907
fig06,(b) PF,PF,3,6.8500000000000005,11.064812948780451
fig06,(b) PF,PF,3,6.95,11.572210386637446
fig06,(b) PF,PF,3,7.050000000000001,11.588435149755904
fig06,(b) PF,PF,3,7.15,11.700993557036073
fig06,(b) PF,PF,3,7.25,11.798334894943446
fig06,(b) PF,PF,3,7.35,11.817341046025067
fig06,(b) PF,PF,3,7.45,11.569320616490428
fig06,(b) PF,PF,3,7.550000000000001,11.384448057735048
fig06,(b) PF,PF,3,7.65,11.425916023731316
fig06,(b) PF,PF,3,7.75,10.993324506234138
fig06,(b) PF,PF,3,7.85,11.395377857642009
fig06,(b) PF,PF,3,7.95,11.73668787451576
fig06,(b) PF,PF,3,8.05,12.045912193174043
fig06,(b) PF,PF,3,8.15,11.6817188219052
fig06,(b) PF,PF,3,8.25,11.495651222036464
fig06,(b) PF,PF,3,8.35,11.562200878318457
fig06,(b) PF,PF,3,8.450000000000001,11.619795901561552
fig06,(b) PF,PF,3,8.55,11.634364805311256
fig06,(b) PF,PF,3,8.65,11.722122593814984
fig06,(b) PF,PF,3,8.75,11.394437777437084
fig06,(b) PF,PF,3,8.85,11.36595922468463
fig06,(b) PF,PF,3,8.950000000000001,11.386853936233138
fig06,(b) PF,PF,3,9.05,11.714158963469968
fig06,(b) PF,PF,3,9.15,11.954677049016672
fig06,(b) PF,PF,3,9.25,11.82777937300404
fig06,(b) PF,PF,3,9.35,11.186369769330284
fig06,(b) PF,PF,3,9.45,10.490053506976286
fig06,(b) PF,PF,3,9.55,11.011280822601575
fig06,(b) PF,PF,3,9.65,11.160815346305649
fig06,(b) PF,PF,3,9.75,11.821192704796212
fig06,(b) PF,PF,3,9.85,11.318388934620144
fig06,(b) PF,PF,3,9.95,11.792356956588437
fig06,(b) PF,PF,3,10.05,11.65378483688424
fig06,(b) PF,PF,3,10.15,11.516906835303065
fig06,(b) PF,PF,3,10.25,11.548584600748862
fig06,(b) PF,PF,3,10.35,11.535716799896951
fig06,(b) PF,PF,3,10.45,11.794546020990325
fig06,(b) PF,PF,3,10.55,11.64270358387346
fig06,(b) PF,PF,3,10.65,11.310652938391833
fig06,(b) PF,PF,3,10.75,11.057115202542777
fig06,(b) PF,PF,3,10.85,11.540795050587915
fig06,(b) PF,PF,3,10.95,11.420062795421694
fig06,(b) PF,PF,3,11.05,11.938978656750118
fig06,(b) PF,PF,3,11.15,11.01964587031315
fig06,(b) PF,PF,3,11.25,11.586195112838482
fig06,(b) PF,PF,3,11.35,11.368990411686694
fig06,(b) PF,PF,3,11.45,11.490529250206665
fig06,(b) PF,PF,3,11.55,11.710722442449445
fig06,(b) PF,PF,3,11.65,11.856193506701803
fig06,(b) PF,PF,3,11.75,11.47893711529447
fig06,(b) PF,PF,3,11.85,11.220749262736602
fig06,(b) PF,PF,3,11.95,10.820319944730322
fig06,(b) PF,PF,3,12.05,11.642075233466745
fig06,(b) PF,PF,3,12.15,11.375915489123036
fig06,(b) PF,PF,3,12.25,11.8768179656082
fig06,(b) PF,PF,3,12.35,11.48045773544628
fig06,(b) PF,PF,3,12.45,11.599610213089326
fig06,(b) PF,PF,3,12.55,11.50086256469235
fig06,(b) PF,PF,3,12.65,11.238941872422402
fig06,(b) PF,PF,3,12.75,11.62368801188552
fig06,(b) PF,PF,3,12.85,11.310201737721297
fig06,(b) PF,PF,3,12.95,11.87928883511028
fig06,(b) PF,PF,3,13.05,11.413234972830002
fig06,(b) PF,PF,3,13.15,11.659233847913091
fig06,(b) PF,PF,3,13.25,11.045655718611693
fig06,(b) PF,PF,3,13.35,11.398726230448888
fig06,(b) PF,PF,3,13.45,11.452375935041989
fig06,(b) PF,PF,3,13.55,11.958850608847692
fig06,(b) PF,PF,3,13.65,11.659558239385852
fig06,(b) PF,PF,3,13.75,11.387974477236051
fig06,(b) PF,PF,3,13.85,11.1873833102407
fig06,(b) PF,PF,3,13.95,11.259878874656826
fig06,(b) PF,PF,3,14.05,11.377843554313255
fig06,(b) PF,PF,3,14.15,11.525183819963289
fig06,(b) PF,PF,3,14.25,11.566624997867825
fig06,(b) PF,PF,3,14.35,11.55955835946771
fig06,(b) PF,PF,3,14.45,11.61372959125768
fig06,(b) PF,PF,3,14.55,11.654045669309609
fig06,(b) PF,PF,3,14.65,11.509354067006058
fig06,(b) PF,PF,3,14.75,11.652292889190164
fig06,(b) PF,PF,3,14.85,11.617720471573032
fig06,(b) PF,PF,3,14.95,11.60480960351127
fig06,(b) PF,PF,3,15.05,11.34944159009664
fig06,(b) PF,PF,3,15.15,11.129970357443703
fig06,(b) PF,PF,3,15.25,11.074316053717473
fig06,(b) PF,PF,3,15.35,10.841241691897272
fig06,(b) PF,PF,3,15.45,11.241825521521298
fig06,(b) PF,PF,3,15.55,11.86036842957035
fig06,(b) PF,PF,3,15.65,11.921355660368905
fig06,(b) PF,PF,3,15.75,11.717465859986076
fig06,(b) PF,PF,3,15.85,11.809066398275696
fig06,(b) PF,PF,3,15.95,11.521664073137522
fig06,(b) PF,PF,3,16.05,11.418901269903024
fig06,(b) PF,PF,3,16.150000000000002,10.936646163061257
fig06,(b) PF,PF,3,16.25,11.692814523003202
fig06,(b) PF,PF,3,16.35,11.905785805156874
fig06,(b) PF,PF,3,16.45,11.793188758597564
fig06,(b) PF,PF,3,16.55,11.188290512189882
fig06,(b) PF,PF,3,16.650000000000002,11.342876201366767
fig06,(b) PF,PF,3,16.75,11.272768112390755
fig06,(b) PF,PF,3,16.85,11.53429137207324
fig06,(b) PF,PF,3,16.95,11.374801738899398
fig06,(b) PF,PF,3,17.05,11.493726838956574
fig06,(b) PF,PF,3,17.150000000000002,11.579078926149434
fig06,(b) PF,PF,3,17.25,11.755076986674116
fig06,(b) PF,PF,3,17.35,11.71863599518318
fig06,(b) PF,PF,3,17.45,11.973183370745522
fig06,(b) PF,PF,3,17.55,11.230270181981965
fig06,(b) PF,PF,3,17.650000000000002,11.623057657177874
fig06,(b) PF,PF,3,17.75,11.33996649835477
fig06,(b) PF,PF,3,17.85,11.6699348121181
fig06,(b) PF,PF,3,17.95,11.73438963286223
fig06,(b) PF,PF,3,18.05,11.41666310129922
fig06,(b) PF,PF,3,18.15,11.621781433102187
fig06,(b) PF,PF,3,18.25,11.383780238032358
fig06,(b) PF,PF,3,18.35,11.68077534634822
fig06,(b) PF,PF,3,18.45,11.453997407306131
fig06,(b) PF,PF,3,18.55,11.373688596699528
fig06,(b) PF,PF,3,18.65,11.835195701288391
fig06,(b) PF,PF,3,18.75,11.324189411980216
fig06,(b) PF,PF,3,18.85,11.65880503144654
fig06,(b) PF,PF,3,18.95,11.153846153846157
fig06,(b) PF,PF,3,19.05,11.569101757781004
fig06,(b) PF,PF,3,19.15,11.14745236456637
fig06,(b) PF,PF,3,19.25,11.688301315997768
fig06,(b) PF,PF,3,19.35,11.712841537420678
fig06,(b) PF,PF,3,19.450000000000003,11.6872512381126
fig06,(b) PF,PF,3,19.55,11.394486804182131
fig06,(b) PF,PF,3,19.65,11.49590249818882
fig06,(b) PF,PF,3,19.75,11.445987353934052
fig06,(b) PF,PF,3,19.85,11.3459434750398
fig06,(b) PF,PF,3,19.950000000000003,11.23667007466617
fig06,(b) PF,PF,3,20.05,11.533353213330445
fig06,(b) PF,PF,3,20.15,11.573318184272246
fig06,(b) PF,PF,3,20.25,11.84586426033166
fig06,(b) PF,PF,3,20.35,11.497069711065413
fig06,(b) PF,PF,3,20.450000000000003,11.707068174378398
fig06,(b) PF,PF,3,20.55,11.386709447045703
fig06,(b) PF,PF,3,20.65,11.493273742289242
fig06,(b) PF,PF,3,20.75,10.954580459122433
fig06,(b) PF,PF,3,20.85,11.308851615877469
fig06,(b) PF,PF,3,20.950000000000003,11.965390046000804
fig06,(b) PF,PF,3,21.05,11.80128970623358
fig06,(b) PF,PF,3,21.15,11.37244496855346
fig06,(b) PF,PF,3,21.25,11.013680954334154
fig06,(b) PF,PF,3,21.35,11.793708565931023
fig06,(b) PF,PF,3,21.450000000000003,11.9186599590466
fig06,(b) PF,PF,3,21.55,11.696056048737605
fig06,(b) PF,PF,3,21.65,11.462714455524862
fig06,(b) PF,PF,3,21.75,11.55540318449586
fig06,(b) PF,PF,3,21.85,11.20176062684387
fig06,(b) PF,PF,3,21.950000000000003,11.58274756443458
fig06,(b) PF,PF,3,22.05,11.195881517549198
fig06,(b) PF,PF,3,22.15,11.816275041329854
fig06,(b) PF,PF,3,22.25,11.399145925532594
fig06,(b) PF,PF,3,22.35,11.685594446917207
fig06,(b) PF,PF,3,22.450000000000003,11.477378482155784
fig06,(b) PF,PF,3,22.55,11.406200396252274
fig06,(b) PF,PF,3,22.65,11.689683991381932
fig06,(b) PF,PF,3,22.75,11.668968220050903
fig06,(b) PF,PF,3,22.85,11.506021442405451
fig06,(b) PF,PF,3,22.950000000000003,11.24399390928381
fig06,(b) PF,PF,3,23.05,11.50419271963158
fig06,(b) PF,PF,3,23.15,11.561253339317132
fig06,(b) PF,PF,3,23.25,11.623587418339024
fig06,(b) PF,PF,3,23.35,11.529993491577272
fig06,(b) PF,PF,3,23.450000000000003,11.37112495120484
fig06,(b) PF,PF,3,23.55,11.612542826113051
fig06,(b) PF,PF,3,23.65,11.545042192574684
fig06,(b) PF,PF,3,23.75,11.46292096275207
fig06,(b) PF,PF,3,23.85,11.271218381940429
fig06,(b) PF,PF,3,23.950000000000003,11.251953834373992
fig06,(b) PF,PF,3,24.05,11.794112378752294
fig06,(b) PF,PF,3,24.15,11.562036649048922
fig06,(b) PF,PF,3,24.25,11.70277116825181
fig06,(b) PF,PF,3,24.35,11.118921056099811
fig06,(b) PF,PF,3,24.450000000000003,11.653371975236569
fig06,(b) PF,PF,3,24.55,11.08815637117524
fig06,(b) PF,PF,3,24.65,11.683441589101966
fig06,(b) PF,PF,3,24.75,11.178547852050723
fig06,(b) PF,PF,3,24.85,11.812795717635751
fig06,(b) PF,PF,3,24.950000000000003,11.519612311244796
fig06,(b) PF,PF,3,25.05,11.622579330002496
fig06,(b) PF,PF,3,25.15,11.698260947931855
fig06,(b) PF,PF,3,25.25,11.32005024758586
fig06,(b) PF,PF,3,25.35,11.549049321253648
fig06,(b) PF,PF,3,25.450000000000003,11.21281382625147
fig06,(b) PF,PF,3,25.55,11.962479260446475
fig06,(b) PF,PF,3,25.65,11.56129972719147
fig06,(b) PF,PF,3,25.75,11.505334829993254
fig06,(b) PF,PF,3,25.85,10.614263444452122
fig06,(b) PF,PF,3,25.950000000000003,11.632606702600617
fig06,(b) PF,PF,3,26.05,11.414807730084664
fig06,(b) PF,PF,3,26.15,12.19557719618584
fig06,(b) PF,PF,3,26.25,11.108811794143506
fig06,(b) PF,PF,3,26.35,11.687166091837426
fig06,(b) PF,PF,3,26.450000000000003,11.698344432112467
fig06,(b) PF,PF,3,26.55,11.821563531072806
fig06,(b) PF,PF,3,26.65,11.597506927299222
fig06,(b) PF,PF,3,26.75,11.486708858676517
fig06,(b) PF,PF,3,26.85,11.75556790771564
fig06,(b) PF,PF,3,26.950000000000003,11.417175783023268
fig06,(b) PF,PF,3,27.05,11.394452175394
fig06,(b) PF,PF,3,27.15,11.141944975960058
fig06,(b) PF,PF,3,27.25,11.48436870845762
fig06,(b) PF,PF,3,27.35,11.761271124456131
fig06,(b) PF,PF,3,27.450000000000003,11.97697918030651
fig06,(b) PF,PF,3,27.55,11.59157462990798
fig06,(b) PF,PF,3,27.65,10.963183306899372
fig06,(b) PF,PF,3,27.75,11.10773879437358
fig06,(b) PF,PF,3,27.85,11.61524346687223
fig06,(b) PF,PF,3,27.950000000000003,12.025028991557411
fig06,(b) PF,PF,3,28.05,11.802178172877396
fig06,(b) PF,PF,3,28.15,11.53350838384083
fig06,(b) PF,PF,3,28.25,11.356880133623456
fig06,(b) PF,PF,3,28.35,11.556086936603847
fig06,(b) PF,PF,3,28.450000000000003,11.641100835587835
fig06,(b) PF,PF,3,28.55,11.527630474564091
fig06,(b) PF,PF,3,28.65,11.501461369809164
fig06,(b) PF,PF,3,28.75,11.4675046837586
fig06,(b) PF,PF,3,28.85,11.473967828234391
fig06,(b) PF,PF,3,28.950000000000003,11.52492238392962
fig06,(b) PF,PF,3,29.05,11.136429711425029
fig06,(b) PF,PF,3,29.15,11.50884055346132
fig06,(b) PF,PF,3,29.25,11.414679370379588
fig06,(b) PF,PF,3,29.35,11.843504900902872
fig06,(b) PF,PF,3,29.450000000000003,11.64419847417102
fig06,(b) PF,PF,3,29.55,11.162077540118668
fig06,(b) PF,PF,3,29.65,11.104372117557595
fig06,(b) PF,PF,3,29.75,11.312842008149277
fig06,(b) PF,PF,3,29.85,11.386514611613338
fig06,(b) PF,PF,3,29.950000000000003,11.542727270667552
fig06,(b) PF,PF,3,30.05,11.288022847468175
fig06,(b) PF,PF,3,30.15,11.878155984771125
fig06,(b) PF,PF,3,30.25,11.852736183583048
fig06,(b) PF,PF,3,30.35,12.09490377985332
fig06,(b) PF,PF,4,0.45,11.80281169071402
fig06,(b) PF,PF,4,0.55,11.415233269488036
fig06,(b) PF,PF,4,0.65,11.62447481912762
fig06,(b) PF,PF,4,0.75,11.150662652751636
fig06,(b) PF,PF,4,0.8500000000000001,11.525954822469032
fig06,(b) PF,PF,4,0.95,11.260747545001538
fig06,(b) PF,PF,4,1.05,11.513286583067206
fig06,(b) PF,PF,4,1.15,11.4577974110845
fig06,(b) PF,PF,4,1.25,11.72103246780029
fig06,(b) PF,PF,4,1.35,11.767684804397694
fig06,(b) PF,PF,4,1.4500000000000002,11.605347142060031
fig06,(b) PF,PF,4,1.55,11.63886846905715
fig06,(b) PF,PF,4,1.65,11.518622886547414
fig06,(b) PF,PF,4,1.75,11.540196882690733
fig06,(b) PF,PF,4,1.85,11.320037063474308
fig06,(b) PF,PF,4,1.95,10.989457743969638
fig06,(b) PF,PF,4,2.0500000000000003,11.631685355024157
fig06,(b) PF,PF,4,2.15,11.411441960968965
fig06,(b) PF,PF,4,2.25,11.962895793800977
fig06,(b) PF,PF,4,2.35,11.220325272440604
fig06,(b) PF,PF,4,2.45,11.535118493287577
fig06,(b) PF,PF,4,2.5500000000000003,10.962342212964126
fig06,(b) PF,PF,4,2.6500000000000004,11.439084504542455
fig06,(b) PF,PF,4,2.75,11.562154511145524
fig06,(b) PF,PF,4,2.85,11.4011781709239
fig06,(b) PF,PF,4,2.95,11.204367730520106
fig06,(b) PF,PF,4,3.0500000000000003,10.8493616984183
fig06,(b) PF,PF,4,3.1500000000000004,11.696321866133188
fig06,(b) PF,PF,4,3.25,11.827304293509217
fig06,(b) PF,PF,4,3.35,11.96790661571531
fig06,(b) PF,PF,4,3.45,11.72338384289065
fig06,(b) PF,PF,4,3.5500000000000003,11.55137708203746
fig06,(b) PF,PF,4,3.65,11.437383371345634
fig06,(b) PF,PF,4,3.75,11.281187366093029
fig06,(b) PF,PF,4,3.85,11.391930592991914
fig06,(b) PF,PF,4,3.95,11.361206961097167
fig06,(b) PF,PF,4,4.05,11.405381863762637
fig06,(b) PF,PF,4,4.15,11.41195842399486
fig06,(b) PF,PF,4,4.25,11.815652657030457
fig06,(b) PF,PF,4,4.3500000000000005,11.811656641268485
fig06,(b) PF,PF,4,4.45,11.43117690595004
fig06,(b) PF,PF,4,4.55,11.22989718892688
fig06,(b) PF,PF,4,4.65,11.491362809731063
fig06,(b) PF,PF,4,4.75,11.750289569722948
fig06,(b) PF,PF,4,4.8500000000000005,11.602788332436411
fig06,(b) PF,PF,4,4.95,11.5664574973676
fig06,(b) PF,PF,4,5.050000000000001,11.030743211653313
fig06,(b) PF,PF,4,5.15,11.333113797042763
fig06,(b) PF,PF,4,5.25,11.208799062572648
fig06,(b) PF,PF,4,5.3500000000000005,11.448391754995528
fig06,(b) PF,PF,4,5.45,11.263909267716947
fig06,(b) PF,PF,4,5.550000000000001,11.279062592220647
fig06,(b) PF,PF,4,5.65,11.861405941859593
fig06,(b) PF,PF,4,5.75,11.752546373904009
fig06,(b) PF,PF,4,5.8500000000000005,11.845470681062851
fig06,(b) PF,PF,4,5.95,11.209406157419709
fig06,(b) PF,PF,4,6.050000000000001,11.578962168423269
fig06,(b) PF,PF,4,6.15,11.338264612694973
fig06,(b) PF,PF,4,6.25,11.390267396487118
fig06,(b) PF,PF,4,6.3500000000000005,11.428881402783691
fig06,(b) PF,PF,4,6.45,11.108563934053564
fig06,(b) PF,PF,4,6.550000000000001,11.95264548761082
fig06,(b) PF,PF,4,6.65,11.453657193691637
fig06,(b) PF,PF,4,6.75,11.661942590224848
fig06,(b) PF,PF,4,6.8500000000000005,11.067926467679513
fig06,(b) PF,PF,4,6.95,11.572210386637446
fig06,(b) PF,PF,4,7.050000000000001,11.588435149755904
fig06,(b) PF,PF,4,7.15,11.700993557036073
fig06,(b) PF,PF,4,7.25,11.795190240855396
fig06,(b) PF,PF,4,7.35,11.814196391937015
fig06,(b) PF,PF,4,7.45,11.57020757020757
fig06,(b) PF,PF,4,7.550000000000001,11.38847966554024
fig06,(b) PF,PF,4,7.65,11.429947631536509
fig06,(b) PF,PF,4,7.75,10.988083416087386
fig06,(b) PF,PF,4,7.85,11.395128281920734
fig06,(b) PF,PF,4,7.95,11.73260335478467
fig06,(b) PF,PF,4,8.05,12.0470687635897
fig06,(b) PF,PF,4,8.15,11.681814695505446
fig06,(b) PF,PF,4,8.25,11.495601464851523
fig06,(b) PF,PF,4,8.35,11.56215112113352
fig06,(b) PF,PF,4,8.450000000000001,11.619233429036171
fig06,(b) PF,PF,4,8.55,11.637782907580876
fig06,(b) PF,PF,4,8.65,11.725540696084606
fig06,(b) PF,PF,4,8.75,11.390649037571963
fig06,(b) PF,PF,4,8.85,11.365703804019564
fig06,(b) PF,PF,4,8.950000000000001,11.38314285173505
fig06,(b) PF,PF,4,9.05,11.717730678934831
fig06,(b) PF,PF,4,9.15,11.95471544528148
fig06,(b) PF,PF,4,9.25,11.83127343310187
fig06,(b) PF,PF,4,9.35,11.181378254904809
fig06,(b) PF,PF,4,9.45,10.491109404258596
fig06,(b) PF,PF,4,9.55,11.01233671988389
fig06,(b) PF,PF,4,9.65,11.162433667748578
fig06,(b) PF,PF,4,9.75,11.816763614531352
fig06,(b) PF,PF,4,9.85,11.313959844355288
fig06,(b) PF,PF,4,9.95,11.796287774198497
fig06,(b) PF,PF,4,10.05,11.657715654494302
fig06,(b) PF,PF,4,10.15,11.516806045107932
fig06,(b) PF,PF,4,10.25,11.548252585988434
fig06,(b) PF,PF,4,10.35,11.535384785136522
fig06,(b) PF,PF,4,10.45,11.794751553937251
fig06,(b) PF,PF,4,10.55,11.6425908722574
fig06,(b) PF,PF,4,10.65,11.310540226775773
fig06,(b) PF,PF,4,10.75,11.06049655102455
fig06,(b) PF,PF,4,10.85,11.540795050587915
fig06,(b) PF,PF,4,10.95,11.416319159602589
fig06,(b) PF,PF,4,11.05,11.935235020931012
fig06,(b) PF,PF,4,11.15,11.020095106611445
fig06,(b) PF,PF,4,11.25,11.58727446605682
fig06,(b) PF,PF,4,11.35,11.37341514159445
fig06,(b) PF,PF,4,11.45,11.486677141648904
fig06,(b) PF,PF,4,11.55,11.71322576422172
fig06,(b) PF,PF,4,11.65,11.855351451784664
fig06,(b) PF,PF,4,11.75,11.482179026725449
fig06,(b) PF,PF,4,11.85,11.215835740724025
fig06,(b) PF,PF,4,11.95,10.82017105012388
fig06,(b) PF,PF,4,12.05,11.6377334667429
fig06,(b) PF,PF,4,12.15,11.376487244411772
fig06,(b) PF,PF,4,12.25,11.876324686535565
fig06,(b) PF,PF,4,12.35,11.480811951801632
fig06,(b) PF,PF,4,12.45,11.604213961996097
fig06,(b) PF,PF,4,12.55,11.49842134386494
fig06,(b) PF,PF,4,12.65,11.24403890040181
fig06,(b) PF,PF,4,12.75,11.624535507313508
fig06,(b) PF,PF,4,12.85,11.31055966582888
fig06,(b) PF,PF,4,12.95,11.875453891100465
fig06,(b) PF,PF,4,13.05,11.412894088918016
fig06,(b) PF,PF,4,13.15,11.658535035893529
fig06,(b) PF,PF,4,13.25,11.050780340088515
fig06,(b) PF,PF,4,13.35,11.400356791827877
fig06,(b) PF,PF,4,13.45,11.454625897983776
fig06,(b) PF,PF,4,13.55,11.959706228557948
fig06,(b) PF,PF,4,13.65,11.660413859096108
fig06,(b) PF,PF,4,13.75,11.392403567500912
fig06,(b) PF,PF,4,13.85,11.1873833102407
fig06,(b) PF,PF,4,13.95,11.256222300135835
fig06,(b) PF,PF,4,14.05,11.374186979792269
fig06,(b) PF,PF,4,14.15,11.521527245442298
fig06,(b) PF,PF,4,14.25,11.566624997867825
fig06,(b) PF,PF,4,14.35,11.55955835946771
fig06,(b) PF,PF,4,14.45,11.6178135576058
fig06,(b) PF,PF,4,14.55,11.654098027852532
fig06,(b) PF,PF,4,14.65,11.513288714546576
fig06,(b) PF,PF,4,14.75,11.648059604034446
fig06,(b) PF,PF,4,14.85,11.617518794222509
fig06,(b) PF,PF,4,14.95,11.600725637163151
fig06,(b) PF,PF,4,15.05,11.354066081402598
fig06,(b) PF,PF,4,15.15,11.130510882401548
fig06,(b) PF,PF,4,15.25,11.080186500858446
fig06,(b) PF,PF,4,15.35,10.835499527536625
fig06,(b) PF,PF,4,15.45,11.240167323508766
fig06,(b) PF,PF,4,15.55,11.853380309374684
fig06,(b) PF,PF,4,15.65,11.921355660368905
fig06,(b) PF,PF,4,15.75,11.721396677596138
fig06,(b) PF,PF,4,15.85,11.812997215885758
fig06,(b) PF,PF,4,15.95,11.525594890747584
fig06,(b) PF,PF,4,16.05,11.418901269903024
fig06,(b) PF,PF,4,16.150000000000002,10.932614555256066
fig06,(b) PF,PF,4,16.25,11.692814523003202
fig06,(b) PF,PF,4,16.35,11.90190351615928
fig06,(b) PF,PF,4,16.45,11.793338077405162
fig06,(b) PF,PF,4,16.55,11.18440822319229
fig06,(b) PF,PF,4,16.650000000000002,11.34644967192137
fig06,(b) PF,PF,4,16.75,11.276341582945356
fig06,(b) PF,PF,4,16.85,11.534029898618025
fig06,(b) PF,PF,4,16.95,11.375104497637013
fig06,(b) PF,PF,4,17.05,11.490884943606138
fig06,(b) PF,PF,4,17.150000000000002,11.580071974808815
fig06,(b) PF,PF,4,17.25,11.756361422850928
fig06,(b) PF,PF,4,17.35,11.719365492403275
fig06,(b) PF,PF,4,17.45,11.973912867965614
fig06,(b) PF,PF,4,17.55,11.226570588937198
fig06,(b) PF,PF,4,17.650000000000002,11.626631127732477
fig06,(b) PF,PF,4,17.75,11.339347096791974
fig06,(b) PF,PF,4,17.85,11.669315410555305
fig06,(b) PF,PF,4,17.95,11.73019676074483
fig06,(b) PF,PF,4,18.05,11.41666310129922
fig06,(b) PF,PF,4,18.15,11.621781433102187
fig06,(b) PF,PF,4,18.25,11.387198340301978
fig06,(b) PF,PF,4,18.35,11.68419344861784
fig06,(b) PF,PF,4,18.45,11.453842039021149
fig06,(b) PF,PF,4,18.55,11.370115126144924
fig06,(b) PF,PF,4,18.65,11.835989805856082
fig06,(b) PF,PF,4,18.75,11.328556987102507
fig06,(b) PF,PF,4,18.85,11.663172606568834
fig06,(b) PF,PF,4,18.95,11.149814546040965
fig06,(b) PF,PF,4,19.05,11.56507014997581
fig06,(b) PF,PF,4,19.15,11.14342075676118
fig06,(b) PF,PF,4,19.25,11.691719418267384
fig06,(b) PF,PF,4,19.35,11.716259639690298
fig06,(b) PF,PF,4,19.450000000000003,11.686301765259929
fig06,(b) PF,PF,4,19.55,11.393775803580828
fig06,(b) PF,PF,4,19.65,11.49188133538957
fig06,(b) PF,PF,4,19.75,11.450077402076202
fig06,(b) PF,PF,4,19.85,11.34637694866096
fig06,(b) PF,PF,4,19.950000000000003,11.240413710485278
fig06,(b) PF,PF,4,20.05,11.530077531988724
fig06,(b) PF,PF,4,20.15,11.574023077725526
fig06,(b) PF,PF,4,20.25,11.84656915378494
fig06,(b) PF,PF,4,20.35,11.50105028586041
fig06,(b) PF,PF,4,20.450000000000003,11.707068174378398
fig06,(b) PF,PF,4,20.55,11.386709447045703
fig06,(b) PF,PF,4,20.65,11.489189775941128
fig06,(b) PF,PF,4,20.75,10.954111037703107
fig06,(b) PF,PF,4,20.85,11.304401619663144
fig06,(b) PF,PF,4,20.950000000000003,11.965024016134596
fig06,(b) PF,PF,4,21.05,11.79730913143858
fig06,(b) PF,PF,4,21.15,11.37244496855346
fig06,(b) PF,PF,4,21.25,11.013680954334154
fig06,(b) PF,PF,4,21.35,11.797543509940844
fig06,(b) PF,PF,4,21.450000000000003,11.922494903056418
fig06,(b) PF,PF,4,21.55,11.6966153114057
fig06,(b) PF,PF,4,21.65,11.459438774183145
fig06,(b) PF,PF,4,21.75,11.556751994460097
fig06,(b) PF,PF,4,21.85,11.202192246032425
fig06,(b) PF,PF,4,21.950000000000003,11.583179183623136
fig06,(b) PF,PF,4,22.05,11.191688645431798
fig06,(b) PF,PF,4,22.15,11.816275041329854
fig06,(b) PF,PF,4,22.25,11.399145925532594
fig06,(b) PF,PF,4,22.35,11.685594446917207
fig06,(b) PF,PF,4,22.450000000000003,11.480796584425404
fig06,(b) PF,PF,4,22.55,11.405189408257035
fig06,(b) PF,PF,4,22.65,11.688673003386697
fig06,(b) PF,PF,4,22.75,11.6677155480568
fig06,(b) PF,PF,4,22.85,11.50919786067621
fig06,(b) PF,PF,4,22.950000000000003,11.242476813990317
fig06,(b) PF,PF,4,23.05,11.499499206067323
fig06,(b) PF,PF,4,23.15,11.556559825752878
fig06,(b) PF,PF,4,23.25,11.627120737539082
fig06,(b) PF,PF,4,23.35,11.530071146944309
fig06,(b) PF,PF,4,23.450000000000003,11.371202606571876
fig06,(b) PF,PF,4,23.55,11.609087162280028
fig06,(b) PF,PF,4,23.65,11.545042192574682
fig06,(b) PF,PF,4,23.75,11.466620555796831
fig06,(b) PF,PF,4,23.85,11.274917974985192
fig06,(b) PF,PF,4,23.950000000000003,11.25565342741876
fig06,(b) PF,PF,4,24.05,11.794112378752294
fig06,(b) PF,PF,4,24.15,11.562036649048922
fig06,(b) PF,PF,4,24.25,11.69968817404784
fig06,(b) PF,PF,4,24.35,11.119869669701032
fig06,(b) PF,PF,4,24.450000000000003,11.650071056286372
fig06,(b) PF,PF,4,24.55,11.091432506526848
fig06,(b) PF,PF,4,24.65,11.676968563761015
fig06,(b) PF,PF,4,24.75,11.18088182895402
fig06,(b) PF,PF,4,24.85,11.807078164748384
fig06,(b) PF,PF,4,24.950000000000003,11.52310637134263
fig06,(b) PF,PF,4,25.05,11.617859345886512
fig06,(b) PF,PF,4,25.15,11.6980984335087
fig06,(b) PF,PF,4,25.25,11.320228617074688
fig06,(b) PF,PF,4,25.35,11.552884265263463
fig06,(b) PF,PF,4,25.450000000000003,11.216648770261289
fig06,(b) PF,PF,4,25.55,11.958864715517684
fig06,(b) PF,PF,4,25.65,11.561140846095698
fig06,(b) PF,PF,4,25.75,11.505175948897485
fig06,(b) PF,PF,4,25.85,10.617719108285144
fig06,(b) PF,PF,4,25.950000000000003,11.632606702600617
fig06,(b) PF,PF,4,26.05,11.414807730084664
fig06,(b) PF,PF,4,26.15,12.19557719618584
fig06,(b) PF,PF,4,26.25,11.108811794143506
fig06,(b) PF,PF,4,26.35,11.687166091837424
fig06,(b) PF,PF,4,26.450000000000003,11.6946448390677
fig06,(b) PF,PF,4,26.55,11.817863938028042
fig06,(b) PF,PF,4,26.65,11.593807334254455
fig06,(b) PF,PF,4,26.75,11.486708858676511
fig06,(b) PF,PF,4,26.85,11.75556790771564
fig06,(b) PF,PF,4,26.950000000000003,11.420593885292888
fig06,(b) PF,PF,4,27.05,11.393105650257484
fig06,(b) PF,PF,4,27.15,11.14059845082354
fig06,(b) PF,PF,4,27.25,11.483635688856674
fig06,(b) PF,PF,4,27.35,11.761646157740335
fig06,(b) PF,PF,4,27.450000000000003,11.97735421359071
fig06,(b) PF,PF,4,27.55,11.587918055386991
fig06,(b) PF,PF,4,27.65,10.96833847753552
fig06,(b) PF,PF,4,27.75,11.112893965009729
fig06,(b) PF,PF,4,27.85,11.620398637508378
fig06,(b) PF,PF,4,27.950000000000003,12.02194599735344
fig06,(b) PF,PF,4,28.05,11.802271596944182
fig06,(b) PF,PF,4,28.15,11.530662878853365
fig06,(b) PF,PF,4,28.25,11.357117622839963
fig06,(b) PF,PF,4,28.35,11.553148007549597
fig06,(b) PF,PF,4,28.450000000000003,11.641100835587835
fig06,(b) PF,PF,4,28.55,11.531419214429212
fig06,(b) PF,PF,4,28.65,11.502197047452876
fig06,(b) PF,PF,4,28.75,11.471099137845991
fig06,(b) PF,PF,4,28.85,11.473773542456668
fig06,(b) PF,PF,4,28.950000000000003,11.5277811603733
fig06,(b) PF,PF,4,29.05,11.132292008677595
fig06,(b) PF,PF,4,29.15,11.508491590579006
fig06,(b) PF,PF,4,29.25,11.410349832702272
fig06,(b) PF,PF,4,29.35,11.843313065972993
fig06,(b) PF,PF,4,29.450000000000003,11.64021789937602
fig06,(b) PF,PF,4,29.55,11.162077540118668
fig06,(b) PF,PF,4,29.65,11.104372117557595
fig06,(b) PF,PF,4,29.75,11.316498582670263
fig06,(b) PF,PF,4,29.85,11.38608721978621
fig06,(b) PF,PF,4,29.950000000000003,11.546088618705545
fig06,(b) PF,PF,4,30.05,11.28772762098518
fig06,(b) PF,PF,4,30.15,11.881944724636249
fig06,(b) PF,PF,4,30.25,11.852736183583048
fig06,(b) PF,PF,4,30.35,12.094903779853322
fig06,(b) PF,PF,5,0.45,11.38568257491676
fig06,(b) PF,PF,5,0.55,11.5192823726099
fig06,(b) PF,PF,5,0.65,11.209297018944008
fig06,(b) PF,PF,5,0.75,11.405903963608663
fig06,(b) PF,PF,5,0.8500000000000001,10.925596180198449
fig06,(b) PF,PF,5,0.95,11.15865144544943
fig06,(b) PF,PF,5,1.05,10.779757590319605
fig06,(b) PF,PF,5,1.15,10.979751487313717
fig06,(b) PF,PF,5,1.25,11.559977779411282
fig06,(b) PF,PF,5,1.35,9.640279241609088
fig06,(b) PF,PF,5,1.4500000000000002,11.394853283918982
fig06,(b) PF,PF,5,1.55,10.793923058074
fig06,(b) PF,PF,5,1.65,12.37223991940973
fig06,(b) PF,PF,5,1.75,10.667539096579292
fig06,(b) PF,PF,5,1.85,11.176979865454022
fig06,(b) PF,PF,5,1.95,11.16005212088067
fig06,(b) PF,PF,5,2.0500000000000003,10.665065838363622
fig06,(b) PF,PF,5,2.15,11.132647675362705
fig06,(b) PF,PF,5,2.25,10.38467574937601
fig06,(b) PF,PF,5,2.35,11.334387499348006
fig06,(b) PF,PF,5,2.45,10.235983007386428
fig06,(b) PF,PF,5,2.5500000000000003,10.89231723919236
fig06,(b) PF,PF,5,2.6500000000000004,10.71930461849623
fig06,(b) PF,PF,5,2.75,10.400624483437667
fig06,(b) PF,PF,5,2.85,10.72881655691276
fig06,(b) PF,PF,5,2.95,10.48830569967422
fig06,(b) PF,PF,5,3.0500000000000003,11.496248477380552
fig06,(b) PF,PF,5,3.1500000000000004,11.677340620736848
fig06,(b) PF,PF,5,3.25,12.133277809418244
fig06,(b) PF,PF,5,3.35,11.208628559297296
fig06,(b) PF,PF,5,3.45,11.406891512277229
fig06,(b) PF,PF,5,3.5500000000000003,9.488216186329394
fig06,(b) PF,PF,5,3.65,11.02454521645187
fig06,(b) PF,PF,5,3.75,11.365964803154474
fig06,(b) PF,PF,5,3.85,11.909475930392018
fig06,(b) PF,PF,5,3.95,11.267656406522704
fig06,(b) PF,PF,5,4.05,10.780235022874905
fig06,(b) PF,PF,5,4.15,11.617347988525609
fig06,(b) PF,PF,5,4.25,10.819920535804693
fig06,(b) PF,PF,5,4.3500000000000005,11.258178306583131
fig06,(b) PF,PF,5,4.45,10.863704990624733
fig06,(b) PF,PF,5,4.55,11.292448860608708
fig06,(b) PF,PF,5,4.65,9.197190574975185
fig06,(b) PF,PF,5,4.75,9.625227025911816
fig06,(b) PF,PF,5,4.8500000000000005,10.640080025149985
fig06,(b) PF,PF,5,4.95,11.785083288274189
fig06,(b) PF,PF,5,5.050000000000001,12.096332573580076
fig06,(b) PF,PF,5,5.15,10.701396272983397
fig06,(b) PF,PF,5,5.25,11.14345560100277
fig06,(b) PF,PF,5,5.3500000000000005,10.55661232548025
fig06,(b) PF,PF,5,5.45,10.387284797662156
fig06,(b) PF,PF,5,5.550000000000001,10.405333085653124
fig06,(b) PF,PF,5,5.65,10.662534731743657
fig06,(b) PF,PF,5,5.75,11.003574682137849
fig06,(b) PF,PF,5,5.8500000000000005,11.504950191872563
fig06,(b) PF,PF,5,5.95,10.811864548577276
fig06,(b) PF,PF,5,6.050000000000001,11.297911700793582
fig06,(b) PF,PF,5,6.15,11.000484742353269
fig06,(b) PF,PF,5,6.25,10.933596403349249
fig06,(b) PF,PF,5,6.3500000000000005,10.443707148734507
fig06,(b) PF,PF,5,6.45,9.814334666224438
fig06,(b) PF,PF,5,6.550000000000001,11.300390240206106
fig06,(b) PF,PF,5,6.65,11.16868463954829
fig06,(b) PF,PF,5,6.75,11.641341488758291
fig06,(b) PF,PF,5,6.8500000000000005,10.996847693548428
fig06,(b) PF,PF,5,6.95,9.687153044838272
fig06,(b) PF,PF,5,7.050000000000001,11.386524900675845
fig06,(b) PF,PF,5,7.15,11.11927523290074
fig06,(b) PF,PF,5,7.25,11.886999646851567
fig06,(b) PF,PF,5,7.35,11.08816535745124
fig06,(b) PF,PF,5,7.45,10.842594512405832
fig06,(b) PF,PF,5,7.550000000000001,11.553120828195306
fig06,(b) PF,PF,5,7.65,10.951660350928762
fig06,(b) PF,PF,5,7.75,10.508989813918603
fig06,(b) PF,PF,5,7.85,11.457692808301836
fig06,(b) PF,PF,5,7.95,9.321677538428574
fig06,(b) PF,PF,5,8.05,11.035514016415997
fig06,(b) PF,PF,5,8.15,10.67974382574014
fig06,(b) PF,PF,5,8.25,12.26643977390335
fig06,(b) PF,PF,5,8.35,11.618860426236246
fig06,(b) PF,PF,5,8.450000000000001,11.11674120282908
fig06,(b) PF,PF,5,8.55,11.292125328296798
fig06,(b) PF,PF,5,8.65,11.065417707995495
fig06,(b) PF,PF,5,8.75,11.17265551896044
fig06,(b) PF,PF,5,8.85,10.824764910522871
fig06,(b) PF,PF,5,8.950000000000001,11.26415658510542
fig06,(b) PF,PF,5,9.05,9.874446802579088
fig06,(b) PF,PF,5,9.15,11.219978920450616
fig06,(b) PF,PF,5,9.25,11.013137846074043
fig06,(b) PF,PF,5,9.35,11.50629947131114
fig06,(b) PF,PF,5,9.45,10.779098213449506
fig06,(b) PF,PF,5,9.55,10.464432686654908
fig06,(b) PF,PF,5,9.65,11.665840996753092
fig06,(b) PF,PF,5,9.75,11.659551688576991
fig06,(b) PF,PF,5,9.85,11.217349502753596
fig06,(b) PF,PF,5,9.95,11.444949378739068
fig06,(b) PF,PF,5,10.05,11.295733814429164
fig06,(b) PF,PF,5,10.15,11.443329992858294
fig06,(b) PF,PF,5,10.25,11.322861994338131
fig06,(b) PF,PF,5,10.35,11.30458335143188
fig06,(b) PF,PF,5,10.45,11.261041987135798
fig06,(b) PF,PF,5,10.55,11.331930963541945
fig06,(b) PF,PF,5,10.65,10.035588692770675
fig06,(b) PF,PF,5,10.75,11.411702424426862
fig06,(b) PF,PF,5,10.85,10.192652789171452
fig06,(b) PF,PF,5,10.95,11.913602175215177
fig06,(b) PF,PF,5,11.05,11.284791199605422
fig06,(b) PF,PF,5,11.15,11.713011051943404
fig06,(b) PF,PF,5,11.25,11.375008922889528
fig06,(b) PF,PF,5,11.35,10.75170812946409
fig06,(b) PF,PF,5,11.45,10.90003778722771
fig06,(b) PF,PF,5,11.55,11.12661850793351
fig06,(b) PF,PF,5,11.65,11.683958264390084
fig06,(b) PF,PF,5,11.75,11.32865319210388
fig06,(b) PF,PF,5,11.85,11.066412950257288
fig06,(b) PF,PF,5,11.95,10.702395416428436
fig06,(b) PF,PF,5,12.05,11.50895154373928
fig06,(b) PF,PF,5,12.15,11.227476925590132
fig06,(b) PF,PF,5,12.25,11.243732713211068
fig06,(b) PF,PF,5,12.35,11.239762866206297
fig06,(b) PF,PF,5,12.45,11.38060451648191
fig06,(b) PF,PF,5,12.55,11.559090202205416
fig06,(b) PF,PF,5,12.65,11.059915395122138
fig06,(b) PF,PF,5,12.75,11.429820859367226
fig06,(b) PF,PF,5,12.85,11.254718947770028
fig06,(b) PF,PF,5,12.95,11.362256588326536
fig06,(b) PF,PF,5,13.05,10.941356733464415
fig06,(b) PF,PF,5,13.15,11.222841623785015
fig06,(b) PF,PF,5,13.25,10.550896808758443
fig06,(b) PF,PF,5,13.35,11.137643242260514
fig06,(b) PF,PF,5,13.45,10.853194986114143
fig06,(b) PF,PF,5,13.55,10.57424431961808
fig06,(b) PF,PF,5,13.65,10.32247190853876
fig06,(b) PF,PF,5,13.75,10.7834496100825
fig06,(b) PF,PF,5,13.85,11.684128426443094
fig06,(b) PF,PF,5,13.95,11.407659596356162
fig06,(b) PF,PF,5,14.05,11.182370345998011
fig06,(b) PF,PF,5,14.15,10.930731435231612
fig06,(b) PF,PF,5,14.25,11.53470003744506
fig06,(b) PF,PF,5,14.35,11.20963467103986
fig06,(b) PF,PF,5,14.45,11.080121301448417
fig06,(b) PF,PF,5,14.55,10.47812162397704
fig06,(b) PF,PF,5,14.65,11.029755631432778
fig06,(b) PF,PF,5,14.75,11.822045102967534
fig06,(b) PF,PF,5,14.85,10.900021920670378
fig06,(b) PF,PF,5,14.95,10.600814810483792
fig06,(b) PF,PF,5,15.05,10.12785547237462
fig06,(b) PF,PF,5,15.15,9.723374969677526
fig06,(b) PF,PF,5,15.25,11.018422108500928
fig06,(b) PF,PF,5,15.35,10.725229359703292
fig06,(b) PF,PF,5,15.45,12.515367942294708
fig06,(b) PF,PF,5,15.55,11.670303341462372
fig06,(b) PF,PF,5,15.65,11.832935956925176
fig06,(b) PF,PF,5,15.75,11.434613105772137
fig06,(b) PF,PF,5,15.85,9.532405033280348
fig06,(b) PF,PF,5,15.95,10.844615185113142
fig06,(b) PF,PF,5,16.05,10.768744165845897
fig06,(b) PF,PF,5,16.150000000000002,12.202874344383778
fig06,(b) PF,PF,5,16.25,10.94331943388547
fig06,(b) PF,PF,5,16.35,11.47574763926965
fig06,(b) PF,PF,5,16.45,11.353935489155612
fig06,(b) PF,PF,5,16.55,11.27995286800318
fig06,(b) PF,PF,5,16.650000000000002,9.246780473195566
fig06,(b) PF,PF,5,16.75,10.735216041819816
fig06,(b) PF,PF,5,16.85,10.6959203168361
fig06,(b) PF,PF,5,16.95,12.75499166587766
fig06,(b) PF,PF,5,17.05,10.732264393150386
fig06,(b) PF,PF,5,17.150000000000002,11.450283910065435
fig06,(b) PF,PF,5,17.25,11.541837868040366
fig06,(b) PF,PF,5,17.35,12.219048374884611
fig06,(b) PF,PF,5,17.45,12.19277341367146
fig06,(b) PF,PF,5,17.55,11.182300482883733
fig06,(b) PF,PF,5,17.650000000000002,11.31998420131107
fig06,(b) PF,PF,5,17.75,11.109039359266683
fig06,(b) PF,PF,5,17.85,11.333077599250103
fig06,(b) PF,PF,5,17.95,11.083949349597743
fig06,(b) PF,PF,5,18.05,11.19141110905112
fig06,(b) PF,PF,5,18.15,11.511882790708784
fig06,(b) PF,PF,5,18.25,11.7506013652673
fig06,(b) PF,PF,5,18.35,11.530281464653902
fig06,(b) PF,PF,5,18.45,10.821176628190573
fig06,(b) PF,PF,5,18.55,10.862359782720654
fig06,(b) PF,PF,5,18.65,10.844889482231483
fig06,(b) PF,PF,5,18.75,11.265129619452756
fig06,(b) PF,PF,5,18.85,11.32234759731985
fig06,(b) PF,PF,5,18.95,11.14966039633076
fig06,(b) PF,PF,5,19.05,11.115996471157402
fig06,(b) PF,PF,5,19.15,10.808513392887562
fig06,(b) PF,PF,5,19.25,11.19388251287522
fig06,(b) PF,PF,5,19.35,10.772141278992889
fig06,(b) PF,PF,5,19.450000000000003,11.363670889921917
fig06,(b) PF,PF,5,19.55,11.366930010690622
fig06,(b) PF,PF,5,19.65,11.844264994307716
fig06,(b) PF,PF,5,19.75,11.311420829388078
fig06,(b) PF,PF,5,19.85,11.263544080326602
fig06,(b) PF,PF,5,19.950000000000003,11.22435480373021
fig06,(b) PF,PF,5,20.05,11.381587508132723
fig06,(b) PF,PF,5,20.15,11.044459360161492
fig06,(b) PF,PF,5,20.25,10.050835041878749
fig06,(b) PF,PF,5,20.35,10.991086614205791
fig06,(b) PF,PF,5,20.450000000000003,11.569889960850908
fig06,(b) PF,PF,5,20.55,12.468621036319504
fig06,(b) PF,PF,5,20.65,11.32723412134768
fig06,(b) PF,PF,5,20.75,10.40934985739512
fig06,(b) PF,PF,5,20.85,10.902941131975169
fig06,(b) PF,PF,5,20.950000000000003,9.486676055332737
fig06,(b) PF,PF,5,21.05,10.808063317676403
fig06,(b) PF,PF,5,21.15,10.02469863731656
fig06,(b) PF,PF,5,21.25,12.338252552183029
fig06,(b) PF,PF,5,21.35,11.772790057935444
fig06,(b) PF,PF,5,21.450000000000003,12.155357938506214
fig06,(b) PF,PF,5,21.55,11.328177189258197
fig06,(b) PF,PF,5,21.65,10.96242467210209
fig06,(b) PF,PF,5,21.75,11.027565356089218
fig06,(b) PF,PF,5,21.85,10.673267662168882
fig06,(b) PF,PF,5,21.950000000000003,10.994133902846444
fig06,(b) PF,PF,5,22.05,11.334755036672258
fig06,(b) PF,PF,5,22.15,10.979926919170808
fig06,(b) PF,PF,5,22.25,10.535429223008297
fig06,(b) PF,PF,5,22.35,10.521978144432444
fig06,(b) PF,PF,5,22.450000000000003,10.900687403124309
fig06,(b) PF,PF,5,22.55,11.73861917429145
fig06,(b) PF,PF,5,22.65,11.008639979770942
fig06,(b) PF,PF,5,22.75,11.556641184047782
fig06,(b) PF,PF,5,22.85,10.825403849332137
fig06,(b) PF,PF,5,22.950000000000003,11.411121973091996
fig06,(b) PF,PF,5,23.05,10.928172652009607
fig06,(b) PF,PF,5,23.15,11.417973066240814
fig06,(b) PF,PF,5,23.25,10.947514251558658
fig06,(b) PF,PF,5,23.35,11.451895669544845
fig06,(b) PF,PF,5,23.450000000000003,10.974712694555814
fig06,(b) PF,PF,5,23.55,11.524451075312436
fig06,(b) PF,PF,5,23.65,11.397244249992402
fig06,(b) PF,PF,5,23.75,10.870977139374572
fig06,(b) PF,PF,5,23.85,11.153957493470708
fig06,(b) PF,PF,5,23.950000000000003,10.635608956254249
fig06,(b) PF,PF,5,24.05,12.001244594919854
fig06,(b) PF,PF,5,24.15,11.068426584088792
fig06,(b) PF,PF,5,24.25,11.752434676531957
fig06,(b) PF,PF,5,24.35,10.802196933841383
fig06,(b) PF,PF,5,24.450000000000003,11.0376127856705
fig06,(b) PF,PF,5,24.55,10.868459170345965
fig06,(b) PF,PF,5,24.65,10.769208316378126
fig06,(b) PF,PF,5,24.75,11.281615719679706
fig06,(b) PF,PF,5,24.85,11.540176166919396
fig06,(b) PF,PF,5,24.950000000000003,11.86734724880746
fig06,(b) PF,PF,5,25.05,11.659028488778375
fig06,(b) PF,PF,5,25.15,11.30962247899501
fig06,(b) PF,PF,5,25.25,11.140799721585044
fig06,(b) PF,PF,5,25.35,9.731945935811558
fig06,(b) PF,PF,5,25.450000000000003,10.73712737127371
fig06,(b) PF,PF,5,25.55,11.306682676455912
fig06,(b) PF,PF,5,25.65,12.334489251432297
fig06,(b) PF,PF,5,25.75,11.111984957137851
fig06,(b) PF,PF,5,25.85,10.256026293762142
fig06,(b) PF,PF,5,25.950000000000003,10.579000810285043
fig06,(b) PF,PF,5,26.05,11.401494878062133
fig06,(b) PF,PF,5,26.15,12.178399945898423
fig06,(b) PF,PF,5,26.25,11.768918644755528
fig06,(b) PF,PF,5,26.35,10.8881534455941
fig06,(b) PF,PF,5,26.450000000000003,10.674173757553334
fig06,(b) PF,PF,5,26.55,10.761667874697048
fig06,(b) PF,PF,5,26.65,11.476004638562117
fig06,(b) PF,PF,5,26.75,11.599988436241809
fig06,(b) PF,PF,5,26.85,11.11818591997235
fig06,(b) PF,PF,5,26.950000000000003,10.632349292831377
fig06,(b) PF,PF,5,27.05,11.010220897118074
fig06,(b) PF,PF,5,27.15,11.47962765642876
fig06,(b) PF,PF,5,27.25,11.53747246406848
fig06,(b) PF,PF,5,27.35,9.609682054487816
fig06,(b) PF,PF,5,27.450000000000003,10.535297374663278
fig06,(b) PF,PF,5,27.55,10.88398856036771
fig06,(b) PF,PF,5,27.65,12.006556938311254
fig06,(b) PF,PF,5,27.75,11.542641227718027
fig06,(b) PF,PF,5,27.85,11.46694748482236
fig06,(b) PF,PF,5,27.950000000000003,11.926313621214025
fig06,(b) PF,PF,5,28.05,11.330116629783666
fig06,(b) PF,PF,5,28.15,11.022530252721008
fig06,(b) PF,PF,5,28.25,10.817920903209368
fig06,(b) PF,PF,5,28.35,10.93272573499533
fig06,(b) PF,PF,5,28.450000000000003,11.57058086156282
fig06,(b) PF,PF,5,28.55,11.357500213199124
fig06,(b) PF,PF,5,28.65,11.758323667695413
fig06,(b) PF,PF,5,28.75,10.85906416052058
fig06,(b) PF,PF,5,28.85,11.364927792629482
fig06,(b) PF,PF,5,28.950000000000003,11.063762505455642
fig06,(b) PF,PF,5,29.05,11.346706142421128
fig06,(b) PF,PF,5,29.15,11.356111131968662
fig06,(b) PF,PF,5,29.25,11.59764508993196
fig06,(b) PF,PF,5,29.35,11.70308173223105
fig06,(b) PF,PF,5,29.450000000000003,11.394603467904233
fig06,(b) PF,PF,5,29.55,11.037451632021236
fig06,(b) PF,PF,5,29.65,10.993443961280216
fig06,(b) PF,PF,5,29.75,11.289807069061588
fig06,(b) PF,PF,5,29.85,11.636568053856337
fig06,(b) PF,PF,5,29.950000000000003,11.441885113094742
fig06,(b) PF,PF,5,30.05,10.73188175938801
fig06,(b) PF,PF,5,30.15,10.933746381737809
fig06,(b) PF,PF,5,30.25,11.605190385043704
fig06,(b) PF,PF,5,30.35,12.466866957401653
fig06,(b) PF,PF,6,0.45,9.923880873103958
fig06,(b) PF,PF,6,0.55,11.15775642316476
fig06,(b) PF,PF,6,0.65,10.688671675455046
fig06,(b) PF,PF,6,0.75,11.915218898117695
fig06,(b) PF,PF,6,0.8500000000000001,11.30596732668516
fig06,(b) PF,PF,6,0.95,11.06554519261564
fig06,(b) PF,PF,6,1.05,11.320415710204095
fig06,(b) PF,PF,6,1.15,11.150695934537742
fig06,(b) PF,PF,6,1.25,11.93436108461028
fig06,(b) PF,PF,6,1.35,11.63576490065465
fig06,(b) PF,PF,6,1.4500000000000002,10.927707235049814
fig06,(b) PF,PF,6,1.55,10.914645103324348
fig06,(b) PF,PF,6,1.65,8.890386343216532
fig06,(b) PF,PF,6,1.75,9.240009375366226
fig06,(b) PF,PF,6,1.85,10.620117736606664
fig06,(b) PF,PF,6,1.95,11.593788583124104
fig06,(b) PF,PF,6,2.0500000000000003,11.157773955148851
fig06,(b) PF,PF,6,2.15,11.073096273146117
fig06,(b) PF,PF,6,2.25,12.081755465562486
fig06,(b) PF,PF,6,2.35,12.691739712501844
fig06,(b) PF,PF,6,2.45,11.29994344300288
fig06,(b) PF,PF,6,2.5500000000000003,10.848760454084042
fig06,(b) PF,PF,6,2.6500000000000004,11.334943721222649
fig06,(b) PF,PF,6,2.75,11.468878355501486
fig06,(b) PF,PF,6,2.85,11.1930971834939
fig06,(b) PF,PF,6,2.95,10.957343265678588
fig06,(b) PF,PF,6,3.0500000000000003,11.001558265709209
fig06,(b) PF,PF,6,3.1500000000000004,11.07862724843857
fig06,(b) PF,PF,6,3.25,11.174645167480133
fig06,(b) PF,PF,6,3.35,11.30980481914922
fig06,(b) PF,PF,6,3.45,10.978936526016774
fig06,(b) PF,PF,6,3.5500000000000003,11.127021563342318
fig06,(b) PF,PF,6,3.65,11.084610110181112
fig06,(b) PF,PF,6,3.75,10.74042599241209
fig06,(b) PF,PF,6,3.85,11.15353980470043
fig06,(b) PF,PF,6,3.95,11.07102354876021
fig06,(b) PF,PF,6,4.05,11.854940889281323
fig06,(b) PF,PF,6,4.15,11.495649041192308
fig06,(b) PF,PF,6,4.25,11.636574263823055
fig06,(b) PF,PF,6,4.3500000000000005,11.78686651979689
fig06,(b) PF,PF,6,4.45,11.298443736791029
fig06,(b) PF,PF,6,4.55,10.600878595126083
fig06,(b) PF,PF,6,4.65,10.858810896730212
fig06,(b) PF,PF,6,4.75,11.27708370392572
fig06,(b) PF,PF,6,4.8500000000000005,11.026845978086172
fig06,(b) PF,PF,6,4.95,11.029672633446218
fig06,(b) PF,PF,6,5.050000000000001,10.754821698217924
fig06,(b) PF,PF,6,5.15,11.06767446390088
fig06,(b) PF,PF,6,5.25,10.01135656796034
fig06,(b) PF,PF,6,5.3500000000000005,11.265417845606526
fig06,(b) PF,PF,6,5.45,11.782784846265182
fig06,(b) PF,PF,6,5.550000000000001,11.920386079519629
fig06,(b) PF,PF,6,5.65,10.856153608054454
fig06,(b) PF,PF,6,5.75,10.078287959971822
fig06,(b) PF,PF,6,5.8500000000000005,9.878905391351134
fig06,(b) PF,PF,6,5.95,10.2626696587632
fig06,(b) PF,PF,6,6.050000000000001,11.07992782133387
fig06,(b) PF,PF,6,6.15,12.385999634083657
fig06,(b) PF,PF,6,6.25,11.154687127639692
fig06,(b) PF,PF,6,6.3500000000000005,11.149393271937742
fig06,(b) PF,PF,6,6.45,10.603716287979012
fig06,(b) PF,PF,6,6.550000000000001,10.51825225430022
fig06,(b) PF,PF,6,6.65,10.27536026789767
fig06,(b) PF,PF,6,6.75,10.83478272532979
fig06,(b) PF,PF,6,6.8500000000000005,11.032788099511569
fig06,(b) PF,PF,6,6.95,11.252043515619215
fig06,(b) PF,PF,6,7.050000000000001,10.378659600357716
fig06,(b) PF,PF,6,7.15,10.748485618619364
fig06,(b) PF,PF,6,7.25,11.139137419648526
fig06,(b) PF,PF,6,7.35,11.485279746922927
fig06,(b) PF,PF,6,7.45,9.463300850093304
fig06,(b) PF,PF,6,7.550000000000001,10.014277347941698
fig06,(b) PF,PF,6,7.65,9.799238823851343
fig06,(b) PF,PF,6,7.75,11.888821149282728
fig06,(b) PF,PF,6,7.85,8.851721061537159
fig06,(b) PF,PF,6,7.95,9.23351643669177
fig06,(b) PF,PF,6,8.05,9.285927338159276
fig06,(b) PF,PF,6,8.15,12.584944009817455
fig06,(b) PF,PF,6,8.25,12.310624154127856
fig06,(b) PF,PF,6,8.35,12.006762811433694
fig06,(b) PF,PF,6,8.450000000000001,10.818288652286853
fig06,(b) PF,PF,6,8.55,11.477790284322516
fig06,(b) PF,PF,6,8.65,11.78128596956458
fig06,(b) PF,PF,6,8.75,9.68331245120896
fig06,(b) PF,PF,6,8.85,10.800265316730831
fig06,(b) PF,PF,6,8.950000000000001,10.488411746869364
fig06,(b) PF,PF,6,9.05,11.5884513181524
fig06,(b) PF,PF,6,9.15,9.34267994409504
fig06,(b) PF,PF,6,9.25,9.108799190860074
fig06,(b) PF,PF,6,9.35,11.475276179978572
fig06,(b) PF,PF,6,9.45,11.976131456777246
fig06,(b) PF,PF,6,9.55,12.58104811563931
fig06,(b) PF,PF,6,9.65,10.116786655895522
fig06,(b) PF,PF,6,9.75,10.716448000839888
fig06,(b) PF,PF,6,9.85,10.74315057394528
fig06,(b) PF,PF,6,9.95,10.794638748274275
fig06,(b) PF,PF,6,10.05,9.942713943519282
fig06,(b) PF,PF,6,10.15,9.726973759992628
fig06,(b) PF,PF,6,10.25,10.134391444047385
fig06,(b) PF,PF,6,10.35,10.559801849596814
fig06,(b) PF,PF,6,10.45,10.90490747772131
fig06,(b) PF,PF,6,10.55,10.004235583887697
fig06,(b) PF,PF,6,10.65,11.325404071143572
fig06,(b) PF,PF,6,10.75,10.843223777642526
fig06,(b) PF,PF,6,10.85,12.66441071916872
fig06,(b) PF,PF,6,10.95,11.025821321145358
fig06,(b) PF,PF,6,11.05,10.845578952683937
fig06,(b) PF,PF,6,11.15,10.322153558462809
fig06,(b) PF,PF,6,11.25,10.674314785367171
fig06,(b) PF,PF,6,11.35,10.319296883522156
fig06,(b) PF,PF,6,11.45,10.466864200900792
fig06,(b) PF,PF,6,11.55,9.336528448010196
fig06,(b) PF,PF,6,11.65,9.967783422057115
fig06,(b) PF,PF,6,11.75,11.056160453830373
fig06,(b) PF,PF,6,11.85,12.09615550991544
fig06,(b) PF,PF,6,11.95,11.171115637507148
fig06,(b) PF,PF,6,12.05,9.092403992757768
fig06,(b) PF,PF,6,12.15,10.530534455062757
fig06,(b) PF,PF,6,12.25,11.03401543579124
fig06,(b) PF,PF,6,12.35,10.482652752353085
fig06,(b) PF,PF,6,12.45,10.616982131965484
fig06,(b) PF,PF,6,12.55,10.889020292874166
fig06,(b) PF,PF,6,12.65,12.333464737318613
fig06,(b) PF,PF,6,12.75,11.29174086540606
fig06,(b) PF,PF,6,12.85,11.544683980947212
fig06,(b) PF,PF,6,12.95,10.25032529979608
fig06,(b) PF,PF,6,13.05,10.705896981782857
fig06,(b) PF,PF,6,13.15,10.86706689536878
fig06,(b) PF,PF,6,13.25,11.648730491497789
fig06,(b) PF,PF,6,13.35,11.194161794867425
fig06,(b) PF,PF,6,13.45,10.694209441141489
fig06,(b) PF,PF,6,13.55,9.587511016257215
fig06,(b) PF,PF,6,13.65,10.753500731937804
fig06,(b) PF,PF,6,13.75,9.724341212212243
fig06,(b) PF,PF,6,13.85,12.08399732831968
fig06,(b) PF,PF,6,13.95,9.788304455142404
fig06,(b) PF,PF,6,14.05,11.854292403311822
fig06,(b) PF,PF,6,14.15,10.918410625564483
fig06,(b) PF,PF,6,14.25,9.913583947196775
fig06,(b) PF,PF,6,14.35,10.517781530406443
fig06,(b) PF,PF,6,14.45,8.887105403959337
fig06,(b) PF,PF,6,14.55,12.2147944863654
fig06,(b) PF,PF,6,14.65,11.225595974023648
fig06,(b) PF,PF,6,14.75,13.087884628765131
fig06,(b) PF,PF,6,14.85,11.20070558340568
fig06,(b) PF,PF,6,14.95,11.218446741266773
fig06,(b) PF,PF,6,15.05,8.873229065860416
fig06,(b) PF,PF,6,15.15,10.800357679471327
fig06,(b) PF,PF,6,15.25,10.06228740878565
fig06,(b) PF,PF,6,15.35,12.356137863013464
fig06,(b) PF,PF,6,15.45,10.8078411137323
fig06,(b) PF,PF,6,15.55,9.645537369081255
fig06,(b) PF,PF,6,15.65,10.1461408885527
fig06,(b) PF,PF,6,15.75,9.337019112962508
fig06,(b) PF,PF,6,15.85,11.670037517756832
fig06,(b) PF,PF,6,15.95,11.595709330221098
fig06,(b) PF,PF,6,16.05,12.459303719758884
fig06,(b) PF,PF,6,16.150000000000002,11.0610423817971
fig06,(b) PF,PF,6,16.25,11.25375323488531
fig06,(b) PF,PF,6,16.35,10.404086557126387
fig06,(b) PF,PF,6,16.45,11.28124922674189
fig06,(b) PF,PF,6,16.55,10.56252350801617
fig06,(b) PF,PF,6,16.650000000000002,11.666020038661548
fig06,(b) PF,PF,6,16.75,10.5953401943968
fig06,(b) PF,PF,6,16.85,10.615909439540363
fig06,(b) PF,PF,6,16.95,9.401869837963524
fig06,(b) PF,PF,6,17.05,10.788662290793711
fig06,(b) PF,PF,6,17.150000000000002,10.555517361376348
fig06,(b) PF,PF,6,17.25,10.185804879267542
fig06,(b) PF,PF,6,17.35,10.659907727954186
fig06,(b) PF,PF,6,17.45,9.432908745587604
fig06,(b) PF,PF,6,17.55,11.932890068700948
fig06,(b) PF,PF,6,17.650000000000002,11.186917580220134
fig06,(b) PF,PF,6,17.75,12.74160564499278
fig06,(b) PF,PF,6,17.85,10.937624220643087
fig06,(b) PF,PF,6,17.95,11.589142901511872
fig06,(b) PF,PF,6,18.05,10.985214025046307
fig06,(b) PF,PF,6,18.15,10.00092577660712
fig06,(b) PF,PF,6,18.25,9.119772770533867
fig06,(b) PF,PF,6,18.35,10.631924335096334
fig06,(b) PF,PF,6,18.45,11.574862424260838
fig06,(b) PF,PF,6,18.55,11.660447722837048
fig06,(b) PF,PF,6,18.65,11.22951364410423
fig06,(b) PF,PF,6,18.75,10.663833255310632
fig06,(b) PF,PF,6,18.85,9.337798536605415
fig06,(b) PF,PF,6,18.95,9.843093381522904
fig06,(b) PF,PF,6,19.05,10.643065160268268
fig06,(b) PF,PF,6,19.15,11.733455076532408
fig06,(b) PF,PF,6,19.25,9.96270281357342
fig06,(b) PF,PF,6,19.35,11.91242340562379
fig06,(b) PF,PF,6,19.450000000000003,10.019787014249689
fig06,(b) PF,PF,6,19.55,11.656183603142605
fig06,(b) PF,PF,6,19.65,10.12070010358156
fig06,(b) PF,PF,6,19.75,12.116681934469051
fig06,(b) PF,PF,6,19.85,10.86174555886572
fig06,(b) PF,PF,6,19.950000000000003,10.343381768235378
fig06,(b) PF,PF,6,20.05,10.91990168437794
fig06,(b) PF,PF,6,20.15,11.368910521253982
fig06,(b) PF,PF,6,20.25,11.549637767693657
fig06,(b) PF,PF,6,20.35,9.681713239391769
fig06,(b) PF,PF,6,20.450000000000003,10.147579347667106
fig06,(b) PF,PF,6,20.55,11.031266952157194
fig06,(b) PF,PF,6,20.65,11.671959592849836
fig06,(b) PF,PF,6,20.75,11.474210361571076
fig06,(b) PF,PF,6,20.85,10.244212749915953
fig06,(b) PF,PF,6,20.950000000000003,9.997650088258952
fig06,(b) PF,PF,6,21.05,10.703480349229096
fig06,(b) PF,PF,6,21.15,10.833595387840669
fig06,(b) PF,PF,6,21.25,12.104582535776135
fig06,(b) PF,PF,6,21.35,9.801123416279282
fig06,(b) PF,PF,6,21.450000000000003,11.041866974810423
fig06,(b) PF,PF,6,21.55,9.852509805910598
fig06,(b) PF,PF,6,21.65,11.252053658284638
fig06,(b) PF,PF,6,21.75,9.404345615846726
fig06,(b) PF,PF,6,21.85,9.66233827832052
fig06,(b) PF,PF,6,21.950000000000003,8.981062007421608
fig06,(b) PF,PF,6,22.05,11.244675913117788
fig06,(b) PF,PF,6,22.15,12.486826907030546
fig06,(b) PF,PF,6,22.25,12.66756043543333
fig06,(b) PF,PF,6,22.35,10.78478101157052
fig06,(b) PF,PF,6,22.450000000000003,10.458043380158903
fig06,(b) PF,PF,6,22.55,11.02064205768466
fig06,(b) PF,PF,6,22.65,10.83042166577266
fig06,(b) PF,PF,6,22.75,10.002550390813608
fig06,(b) PF,PF,6,22.85,11.386668438645597
fig06,(b) PF,PF,6,22.950000000000003,12.685692727308547
fig06,(b) PF,PF,6,23.05,12.737618807039992
fig06,(b) PF,PF,6,23.15,11.029095647831832
fig06,(b) PF,PF,6,23.25,10.719481960913448
fig06,(b) PF,PF,6,23.35,10.731049340901878
fig06,(b) PF,PF,6,23.450000000000003,10.400706700624132
fig06,(b) PF,PF,6,23.55,10.676190381298106
fig06,(b) PF,PF,6,23.65,9.80398082984327
fig06,(b) PF,PF,6,23.75,10.880221653878944
fig06,(b) PF,PF,6,23.85,11.115974425911745
fig06,(b) PF,PF,6,23.950000000000003,12.393383910868396
fig06,(b) PF,PF,6,24.05,10.326058791379014
fig06,(b) PF,PF,6,24.15,9.49764690834484
fig06,(b) PF,PF,6,24.25,10.56269641956527
fig06,(b) PF,PF,6,24.35,12.117675333034752
fig06,(b) PF,PF,6,24.450000000000003,12.17572477283909
fig06,(b) PF,PF,6,24.55,11.17847891432797
fig06,(b) PF,PF,6,24.65,11.30573111705187
fig06,(b) PF,PF,6,24.75,11.294583792532933
fig06,(b) PF,PF,6,24.85,11.63836892302848
fig06,(b) PF,PF,6,24.950000000000003,11.195576216084833
fig06,(b) PF,PF,6,25.05,10.8566806499729
fig06,(b) PF,PF,6,25.15,10.738738858528238
fig06,(b) PF,PF,6,25.25,10.745812199701904
fig06,(b) PF,PF,6,25.35,11.698325485255998
fig06,(b) PF,PF,6,25.450000000000003,9.896405379148131
fig06,(b) PF,PF,6,25.55,9.791980294558964
fig06,(b) PF,PF,6,25.65,10.20103874135326
fig06,(b) PF,PF,6,25.75,10.91362190906758
fig06,(b) PF,PF,6,25.85,12.082152648190382
fig06,(b) PF,PF,6,25.950000000000003,11.405697163457356
fig06,(b) PF,PF,6,26.05,12.923977625134045
fig06,(b) PF,PF,6,26.15,10.510177858930142
fig06,(b) PF,PF,6,26.25,10.678343590090394
fig06,(b) PF,PF,6,26.35,8.580073149838823
fig06,(b) PF,PF,6,26.450000000000003,12.274812965018294
fig06,(b) PF,PF,6,26.55,11.638537490467888
fig06,(b) PF,PF,6,26.65,11.380175569370117
fig06,(b) PF,PF,6,26.75,10.440194351919418
fig06,(b) PF,PF,6,26.85,10.88362744575109
fig06,(b) PF,PF,6,26.950000000000003,11.461752834171804
fig06,(b) PF,PF,6,27.05,9.704338340908253
fig06,(b) PF,PF,6,27.15,11.062377968499089
fig06,(b) PF,PF,6,27.25,11.14406184837821
fig06,(b) PF,PF,6,27.35,12.832845250632433
fig06,(b) PF,PF,6,27.450000000000003,10.882673949015103
fig06,(b) PF,PF,6,27.55,12.0400885046633
fig06,(b) PF,PF,6,27.65,10.662099404852002
fig06,(b) PF,PF,6,27.75,11.153940207178977
fig06,(b) PF,PF,6,27.85,10.016107746584574
fig06,(b) PF,PF,6,27.950000000000003,10.391980335026076
fig06,(b) PF,PF,6,28.05,9.896726572642224
fig06,(b) PF,PF,6,28.15,11.198607551828792
fig06,(b) PF,PF,6,28.25,11.087736836215102
fig06,(b) PF,PF,6,28.35,11.4660709409643
fig06,(b) PF,PF,6,28.450000000000003,10.189643875864872
fig06,(b) PF,PF,6,28.55,9.536637774554928
fig06,(b) PF,PF,6,28.65,10.408178000830452
fig06,(b) PF,PF,6,28.75,11.16345279200032
fig06,(b) PF,PF,6,28.85,11.747899346252847
fig06,(b) PF,PF,6,28.950000000000003,10.69989187291801
fig06,(b) PF,PF,6,29.05,11.306930481446193
fig06,(b) PF,PF,6,29.15,10.77173754544024
fig06,(b) PF,PF,6,29.25,9.841747162874974
fig06,(b) PF,PF,6,29.35,10.424166213456644
fig06,(b) PF,PF,6,29.450000000000003,9.567490032843208
fig06,(b) PF,PF,6,29.55,11.7739854928929
fig06,(b) PF,PF,6,29.65,10.046271540809771
fig06,(b) PF,PF,6,29.75,11.592189991072232
fig06,(b) PF,PF,6,29.85,8.443022045479264
fig06,(b) PF,PF,6,29.950000000000003,11.386921494266188
fig06,(b) PF,PF,6,30.05,10.644636866505474
fig06,(b) PF,PF,6,30.15,13.459073104122304
fig06,(b) PF,PF,6,30.25,9.593060567798862
fig06,(b) PF,PF,6,30.35,9.67260971962282
fig06,(b) PF,PF,7,0.45,10.556418793932668
fig06,(b) PF,PF,7,0.55,10.827119734128823
fig06,(b) PF,PF,7,0.65,9.543641373369512
fig06,(b) PF,PF,7,0.75,10.8477479216492
fig06,(b) PF,PF,7,0.8500000000000001,10.559760044064848
fig06,(b) PF,PF,7,0.95,11.151232206665377
fig06,(b) PF,PF,7,1.05,10.18594281887778
fig06,(b) PF,PF,7,1.15,9.732593874697798
fig06,(b) PF,PF,7,1.25,9.237916230569192
fig06,(b) PF,PF,7,1.35,9.467356561753016
fig06,(b) PF,PF,7,1.4500000000000002,9.833382045703027
fig06,(b) PF,PF,7,1.55,10.727163821503444
fig06,(b) PF,PF,7,1.65,10.792902066486972
fig06,(b) PF,PF,7,1.75,12.194812297355364
fig06,(b) PF,PF,7,1.85,10.628270872323377
fig06,(b) PF,PF,7,1.95,11.688045342680288
fig06,(b) PF,PF,7,2.0500000000000003,9.47405411105165
fig06,(b) PF,PF,7,2.15,10.974821276375778
fig06,(b) PF,PF,7,2.25,9.819958456213532
fig06,(b) PF,PF,7,2.35,10.09502135326732
fig06,(b) PF,PF,7,2.45,11.111238683285068
fig06,(b) PF,PF,7,2.5500000000000003,10.781424367621696
fig06,(b) PF,PF,7,2.6500000000000004,12.869983955283042
fig06,(b) PF,PF,7,2.75,11.224835807655232
fig06,(b) PF,PF,7,2.85,11.413889416520162
fig06,(b) PF,PF,7,2.95,10.31947621988224
fig06,(b) PF,PF,7,3.0500000000000003,10.34562553430478
fig06,(b) PF,PF,7,3.1500000000000004,9.56814724739253
fig06,(b) PF,PF,7,3.25,8.861380055074825
fig06,(b) PF,PF,7,3.35,10.596684844624898
fig06,(b) PF,PF,7,3.45,11.877538163214064
fig06,(b) PF,PF,7,3.5500000000000003,11.866706406800748
fig06,(b) PF,PF,7,3.65,10.008670988065228
fig06,(b) PF,PF,7,3.75,9.786817369985195
fig06,(b) PF,PF,7,3.85,10.873461661228545
fig06,(b) PF,PF,7,3.95,11.566122613109435
fig06,(b) PF,PF,7,4.05,11.565373885945618
fig06,(b) PF,PF,7,4.15,9.313393358611316
fig06,(b) PF,PF,7,4.25,9.72944429175232
fig06,(b) PF,PF,7,4.3500000000000005,9.275202457926008
fig06,(b) PF,PF,7,4.45,10.712119500442562
fig06,(b) PF,PF,7,4.55,11.478024759017018
fig06,(b) PF,PF,7,4.65,12.117555534227252
fig06,(b) PF,PF,7,4.75,11.215834427850028
fig06,(b) PF,PF,7,4.8500000000000005,10.481525723469757
fig06,(b) PF,PF,7,4.95,9.587720671238984
fig06,(b) PF,PF,7,5.050000000000001,11.5973384119888
fig06,(b) PF,PF,7,5.15,10.763601917874947
fig06,(b) PF,PF,7,5.25,10.678637400335512
fig06,(b) PF,PF,7,5.3500000000000005,10.31646899571428
fig06,(b) PF,PF,7,5.45,10.259754474348702
fig06,(b) PF,PF,7,5.550000000000001,11.549053603688431
fig06,(b) PF,PF,7,5.65,11.66018412624453
fig06,(b) PF,PF,7,5.75,10.196289749908466
fig06,(b) PF,PF,7,5.8500000000000005,9.382262204330884
fig06,(b) PF,PF,7,5.95,9.91141819470281
fig06,(b) PF,PF,7,6.050000000000001,12.386490910657365
fig06,(b) PF,PF,7,6.15,11.091529423836642
fig06,(b) PF,PF,7,6.25,9.125862860273388
fig06,(b) PF,PF,7,6.3500000000000005,8.720882899074237
fig06,(b) PF,PF,7,6.45,11.30810067520313
fig06,(b) PF,PF,7,6.550000000000001,11.30400138289005
fig06,(b) PF,PF,7,6.65,11.909824638550466
fig06,(b) PF,PF,7,6.75,9.812230107180625
fig06,(b) PF,PF,7,6.8500000000000005,11.465111589568812
fig06,(b) PF,PF,7,6.95,10.968257658892725
fig06,(b) PF,PF,7,7.050000000000001,11.950986644382873
fig06,(b) PF,PF,7,7.15,11.37741643622943
fig06,(b) PF,PF,7,7.25,9.947313520277456
fig06,(b) PF,PF,7,7.35,9.363882276468852
fig06,(b) PF,PF,7,7.45,10.982445227728244
fig06,(b) PF,PF,7,7.550000000000001,11.086715336963598
fig06,(b) PF,PF,7,7.65,10.945426803031168
fig06,(b) PF,PF,7,7.75,11.144991389388204
fig06,(b) PF,PF,7,7.85,10.964351109443058
fig06,(b) PF,PF,7,7.95,12.006387921022068
fig06,(b) PF,PF,7,8.05,10.223369053097535
fig06,(b) PF,PF,7,8.15,10.04030526154318
fig06,(b) PF,PF,7,8.25,10.889041477589364
fig06,(b) PF,PF,7,8.35,9.807134208319216
fig06,(b) PF,PF,7,8.450000000000001,10.363259447586374
fig06,(b) PF,PF,7,8.55,9.394029290751726
fig06,(b) PF,PF,7,8.65,10.743305288996572
fig06,(b) PF,PF,7,8.75,12.65810147126461
fig06,(b) PF,PF,7,8.85,10.487194821557877
fig06,(b) PF,PF,7,8.950000000000001,10.058170138474395
fig06,(b) PF,PF,7,9.05,9.866249415751218
fig06,(b) PF,PF,7,9.15,10.7588541786655
fig06,(b) PF,PF,7,9.25,10.721910638512467
fig06,(b) PF,PF,7,9.35,11.041866713185522
fig06,(b) PF,PF,7,9.45,10.04706748725422
fig06,(b) PF,PF,7,9.55,9.962337530471702
fig06,(b) PF,PF,7,9.65,9.482589721465322
fig06,(b) PF,PF,7,9.75,11.09216882161046
fig06,(b) PF,PF,7,9.85,10.982186415007918
fig06,(b) PF,PF,7,9.95,9.574455437950606
fig06,(b) PF,PF,7,10.05,10.964392544868844
fig06,(b) PF,PF,7,10.15,11.352705208837284
fig06,(b) PF,PF,7,10.25,11.250272726410351
fig06,(b) PF,PF,7,10.35,10.133092984603
fig06,(b) PF,PF,7,10.45,10.794276664654603
fig06,(b) PF,PF,7,10.55,10.967759732054828
fig06,(b) PF,PF,7,10.65,11.67220362480557
fig06,(b) PF,PF,7,10.75,10.981034861702849
fig06,(b) PF,PF,7,10.85,10.56663590374624
fig06,(b) PF,PF,7,10.95,9.358377443129289
fig06,(b) PF,PF,7,11.05,9.16495245463412
fig06,(b) PF,PF,7,11.15,11.012231645227502
fig06,(b) PF,PF,7,11.25,11.120055769958036
fig06,(b) PF,PF,7,11.35,11.524030403843277
fig06,(b) PF,PF,7,11.45,11.268210751797207
fig06,(b) PF,PF,7,11.55,11.698582518793009
fig06,(b) PF,PF,7,11.65,10.67859477343604
fig06,(b) PF,PF,7,11.75,9.311487038403776
fig06,(b) PF,PF,7,11.85,9.794835770816409
fig06,(b) PF,PF,7,11.95,11.995842862588146
fig06,(b) PF,PF,7,12.05,12.801160186773394
fig06,(b) PF,PF,7,12.15,10.86038280377903
fig06,(b) PF,PF,7,12.25,9.894845073535418
fig06,(b) PF,PF,7,12.35,10.056493675167962
fig06,(b) PF,PF,7,12.45,11.368605836336728
fig06,(b) PF,PF,7,12.55,9.306476287608364
fig06,(b) PF,PF,7,12.65,11.316735442789238
fig06,(b) PF,PF,7,12.75,11.01606467042035
fig06,(b) PF,PF,7,12.85,11.289080046097991
fig06,(b) PF,PF,7,12.95,9.155194015985549
fig06,(b) PF,PF,7,13.05,10.14938850074607
fig06,(b) PF,PF,7,13.15,10.53068420049552
fig06,(b) PF,PF,7,13.25,10.260423945958538
fig06,(b) PF,PF,7,13.35,10.081715555101043
fig06,(b) PF,PF,7,13.45,10.70168887318757
fig06,(b) PF,PF,7,13.55,9.303490692723466
fig06,(b) PF,PF,7,13.65,10.413290141825422
fig06,(b) PF,PF,7,13.75,10.2453370257591
fig06,(b) PF,PF,7,13.85,11.831417560606717
fig06,(b) PF,PF,7,13.95,10.4622688747478
fig06,(b) PF,PF,7,14.05,12.13075841291086
fig06,(b) PF,PF,7,14.15,10.567943329224637
fig06,(b) PF,PF,7,14.25,10.1779087136525
fig06,(b) PF,PF,7,14.35,9.23097916803735
fig06,(b) PF,PF,7,14.45,12.694558168376274
fig06,(b) PF,PF,7,14.55,10.436857797468354
fig06,(b) PF,PF,7,14.65,10.41212456306796
fig06,(b) PF,PF,7,14.75,9.787277711806016
fig06,(b) PF,PF,7,14.85,12.01195203521386
fig06,(b) PF,PF,7,14.95,10.22023051992938
fig06,(b) PF,PF,7,15.05,10.635173512563824
fig06,(b) PF,PF,7,15.15,11.079318839107705
fig06,(b) PF,PF,7,15.25,12.65784346706674
fig06,(b) PF,PF,7,15.35,10.281779834066372
fig06,(b) PF,PF,7,15.45,9.501505509903614
fig06,(b) PF,PF,7,15.55,9.563887354230728
fig06,(b) PF,PF,7,15.65,9.924093186134671
fig06,(b) PF,PF,7,15.75,10.29979959393706
fig06,(b) PF,PF,7,15.85,9.974053656581376
fig06,(b) PF,PF,7,15.95,10.994350969331515
fig06,(b) PF,PF,7,16.05,11.147528068263334
fig06,(b) PF,PF,7,16.150000000000002,11.349939717864244
fig06,(b) PF,PF,7,16.25,9.948472212623155
fig06,(b) PF,PF,7,16.35,9.074402575450792
fig06,(b) PF,PF,7,16.45,10.149689971492906
fig06,(b) PF,PF,7,16.55,10.69013485156043
fig06,(b) PF,PF,7,16.650000000000002,12.463414468131448
fig06,(b) PF,PF,7,16.75,11.540778403985952
fig06,(b) PF,PF,7,16.85,11.07575408944484
fig06,(b) PF,PF,7,16.95,9.885788394762164
fig06,(b) PF,PF,7,17.05,9.211688909341923
fig06,(b) PF,PF,7,17.150000000000002,10.212707627801969
fig06,(b) PF,PF,7,17.25,12.63652727524638
fig06,(b) PF,PF,7,17.35,12.28525091564594
fig06,(b) PF,PF,7,17.45,11.042542564934983
fig06,(b) PF,PF,7,17.55,10.063179991067898
fig06,(b) PF,PF,7,17.650000000000002,9.180322559930778
fig06,(b) PF,PF,7,17.75,10.944075903384835
fig06,(b) PF,PF,7,17.85,9.366452355670685
fig06,(b) PF,PF,7,17.95,9.6685650267561
fig06,(b) PF,PF,7,18.05,9.985049225839882
fig06,(b) PF,PF,7,18.15,10.88623698686592
fig06,(b) PF,PF,7,18.25,11.902890318713853
fig06,(b) PF,PF,7,18.35,9.98601012615232
fig06,(b) PF,PF,7,18.45,11.129795585975517
fig06,(b) PF,PF,7,18.55,11.535454635915649
fig06,(b) PF,PF,7,18.65,11.276311845326315
fig06,(b) PF,PF,7,18.75,11.0390334005007
fig06,(b) PF,PF,7,18.85,10.201165371809102
fig06,(b) PF,PF,7,18.95,11.6404493582629
fig06,(b) PF,PF,7,19.05,9.496238747071155
fig06,(b) PF,PF,7,19.15,11.56952195352408
fig06,(b) PF,PF,7,19.25,10.711315352905666
fig06,(b) PF,PF,7,19.35,9.830847265710752
fig06,(b) PF,PF,7,19.450000000000003,10.63029805851791
fig06,(b) PF,PF,7,19.55,10.341746634361623
fig06,(b) PF,PF,7,19.65,11.275644134469566
fig06,(b) PF,PF,7,19.75,10.598046051211105
fig06,(b) PF,PF,7,19.85,10.83172554026576
fig06,(b) PF,PF,7,19.950000000000003,12.3440891863143
fig06,(b) PF,PF,7,20.05,9.78858978529603
fig06,(b) PF,PF,7,20.15,11.310390066589983
fig06,(b) PF,PF,7,20.25,9.866121185756366
fig06,(b) PF,PF,7,20.35,9.864417831458672
fig06,(b) PF,PF,7,20.450000000000003,8.924354179290555
fig06,(b) PF,PF,7,20.55,11.606124284036538
fig06,(b) PF,PF,7,20.65,12.433426960395815
fig06,(b) PF,PF,7,20.75,11.746579364740668
fig06,(b) PF,PF,7,20.85,11.097745673155602
fig06,(b) PF,PF,7,20.950000000000003,9.993713437047896
fig06,(b) PF,PF,7,21.05,11.28645543083088
fig06,(b) PF,PF,7,21.15,10.633516771488468
fig06,(b) PF,PF,7,21.25,10.059275590192325
fig06,(b) PF,PF,7,21.35,8.997379593873871
fig06,(b) PF,PF,7,21.450000000000003,8.45160881548745
fig06,(b) PF,PF,7,21.55,9.828391925504768
fig06,(b) PF,PF,7,21.65,11.223932264901528
fig06,(b) PF,PF,7,21.75,10.996834933779994
fig06,(b) PF,PF,7,21.85,11.850477491431986
fig06,(b) PF,PF,7,21.950000000000003,11.40391147882824
fig06,(b) PF,PF,7,22.05,11.996194445981422
fig06,(b) PF,PF,7,22.15,10.136680920180105
fig06,(b) PF,PF,7,22.25,10.061848242683718
fig06,(b) PF,PF,7,22.35,10.058095317445703
fig06,(b) PF,PF,7,22.450000000000003,11.8827442000969
fig06,(b) PF,PF,7,22.55,10.96123289028464
fig06,(b) PF,PF,7,22.65,10.392954930985212
fig06,(b) PF,PF,7,22.75,10.448783934722336
fig06,(b) PF,PF,7,22.85,9.881094859046136
fig06,(b) PF,PF,7,22.950000000000003,11.724512772730804
fig06,(b) PF,PF,7,23.05,10.862767213865084
fig06,(b) PF,PF,7,23.15,10.405379398474246
fig06,(b) PF,PF,7,23.25,9.28885053125638
fig06,(b) PF,PF,7,23.35,10.83596941700486
fig06,(b) PF,PF,7,23.450000000000003,11.024764133062227
fig06,(b) PF,PF,7,23.55,10.996228739957422
fig06,(b) PF,PF,7,23.65,11.013161492739233
fig06,(b) PF,PF,7,23.75,11.9089497981309
fig06,(b) PF,PF,7,23.85,12.208057817865386
fig06,(b) PF,PF,7,23.950000000000003,10.526942740523896
fig06,(b) PF,PF,7,24.05,9.88351250774849
fig06,(b) PF,PF,7,24.15,8.891525291049014
fig06,(b) PF,PF,7,24.25,9.383221204498534
fig06,(b) PF,PF,7,24.35,9.7536404428423
fig06,(b) PF,PF,7,24.450000000000003,10.82241850832306
fig06,(b) PF,PF,7,24.55,10.87277408032125
fig06,(b) PF,PF,7,24.65,11.302176962554322
fig06,(b) PF,PF,7,24.75,9.592078841463584
fig06,(b) PF,PF,7,24.85,10.083525990006711
fig06,(b) PF,PF,7,24.950000000000003,9.755719624464495
fig06,(b) PF,PF,7,25.05,10.60415090100116
fig06,(b) PF,PF,7,25.15,10.034881504824462
fig06,(b) PF,PF,7,25.25,11.731972060635682
fig06,(b) PF,PF,7,25.35,12.260078930120349
fig06,(b) PF,PF,7,25.450000000000003,13.201615789742805
fig06,(b) PF,PF,7,25.55,10.276302867127566
fig06,(b) PF,PF,7,25.65,10.242114832939532
fig06,(b) PF,PF,7,25.75,8.97658330969977
fig06,(b) PF,PF,7,25.85,12.574776725720122
fig06,(b) PF,PF,7,25.950000000000003,11.239924386607283
fig06,(b) PF,PF,7,26.05,10.833215791219445
fig06,(b) PF,PF,7,26.15,9.842158652870763
fig06,(b) PF,PF,7,26.25,11.049074637632154
fig06,(b) PF,PF,7,26.35,11.267103987736975
fig06,(b) PF,PF,7,26.450000000000003,9.9116208328195
fig06,(b) PF,PF,7,26.55,9.29609579680929
fig06,(b) PF,PF,7,26.65,9.917164979199228
fig06,(b) PF,PF,7,26.75,10.211424918298237
fig06,(b) PF,PF,7,26.85,11.656900740100255
fig06,(b) PF,PF,7,26.950000000000003,11.55948482541609
fig06,(b) PF,PF,7,27.05,10.77295479360304
fig06,(b) PF,PF,7,27.15,10.294611754094602
fig06,(b) PF,PF,7,27.25,9.778215380438178
fig06,(b) PF,PF,7,27.35,11.052476198358493
fig06,(b) PF,PF,7,27.450000000000003,10.336519759745698
fig06,(b) PF,PF,7,27.55,11.230507345824812
fig06,(b) PF,PF,7,27.65,9.39886323003249
fig06,(b) PF,PF,7,27.75,9.429253336168967
fig06,(b) PF,PF,7,27.85,10.240635851686369
fig06,(b) PF,PF,7,27.950000000000003,10.247004003648668
fig06,(b) PF,PF,7,28.05,9.479380733542776
fig06,(b) PF,PF,7,28.15,9.46310358801153
fig06,(b) PF,PF,7,28.25,11.580535227493211
fig06,(b) PF,PF,7,28.35,12.374639795182686
fig06,(b) PF,PF,7,28.450000000000003,12.15934532165957
fig06,(b) PF,PF,7,28.55,11.120367341431995
fig06,(b) PF,PF,7,28.65,10.467012026050668
fig06,(b) PF,PF,7,28.75,9.717803419041786
fig06,(b) PF,PF,7,28.85,10.544640177841693
fig06,(b) PF,PF,7,28.950000000000003,11.729333597755655
fig06,(b) PF,PF,7,29.05,10.242769847040964
fig06,(b) PF,PF,7,29.15,9.040847841594092
fig06,(b) PF,PF,7,29.25,9.237954924546528
fig06,(b) PF,PF,7,29.35,10.57159135706907
fig06,(b) PF,PF,7,29.450000000000003,9.97418659710211
fig06,(b) PF,PF,7,29.55,12.026277655893104
fig06,(b) PF,PF,7,29.65,11.527184039045451
fig06,(b) PF,PF,7,29.75,12.522494595079523
fig06,(b) PF,PF,7,29.85,10.317797603887994
fig06,(b) PF,PF,7,29.950000000000003,9.274874095631455
fig06,(b) PF,PF,7,30.05,9.617188566949876
fig06,(b) PF,PF,7,30.15,9.419991334712211
fig06,(b) PF,PF,7,30.25,11.463972436830206
fig06,(b) PF,PF,7,30.35,11.81192968631068
fig06,(b) PF,PF,8,0.45,10.973085460599334
fig06,(b) PF,PF,8,0.55,10.18538473426151
fig06,(b) PF,PF,8,0.65,11.595395934399358
fig06,(b) PF,PF,8,0.75,10.785845699210943
fig06,(b) PF,PF,8,0.8500000000000001,10.618840460058903
fig06,(b) PF,PF,8,0.95,11.368887595533124
fig06,(b) PF,PF,8,1.05,11.90325132908482
fig06,(b) PF,PF,8,1.15,12.048318173059869
fig06,(b) PF,PF,8,1.25,10.978356071440372
fig06,(b) PF,PF,8,1.35,10.2106889536419
fig06,(b) PF,PF,8,1.4500000000000002,10.932019509878115
fig06,(b) PF,PF,8,1.55,9.36633178142612
fig06,(b) PF,PF,8,1.65,10.148452176754065
fig06,(b) PF,PF,8,1.75,10.70471502793078
fig06,(b) PF,PF,8,1.85,11.64099834628957
fig06,(b) PF,PF,8,1.95,11.304233889344635
fig06,(b) PF,PF,8,2.0500000000000003,10.889967406579382
fig06,(b) PF,PF,8,2.15,10.70138767566624
fig06,(b) PF,PF,8,2.25,9.673222512964571
fig06,(b) PF,PF,8,2.35,10.16916985341419
fig06,(b) PF,PF,8,2.45,10.645855392688413
fig06,(b) PF,PF,8,2.5500000000000003,11.64952415579114
fig06,(b) PF,PF,8,2.6500000000000004,10.281769565049338
fig06,(b) PF,PF,8,2.75,10.784305425345211
fig06,(b) PF,PF,8,2.85,10.814878451201254
fig06,(b) PF,PF,8,2.95,11.094459637569264
fig06,(b) PF,PF,8,3.0500000000000003,10.692666541723147
fig06,(b) PF,PF,8,3.1500000000000004,10.933057876454102
fig06,(b) PF,PF,8,3.25,10.96253564655762
fig06,(b) PF,PF,8,3.35,9.45733487248892
fig06,(b) PF,PF,8,3.45,9.288744552955205
fig06,(b) PF,PF,8,3.5500000000000003,11.08991637293524
fig06,(b) PF,PF,8,3.65,11.347695254100415
fig06,(b) PF,PF,8,3.75,11.816974402624847
fig06,(b) PF,PF,8,3.85,10.40981729086868
fig06,(b) PF,PF,8,3.95,10.32002438526918
fig06,(b) PF,PF,8,4.05,10.064708422406047
fig06,(b) PF,PF,8,4.15,11.490612510456364
fig06,(b) PF,PF,8,4.25,10.845626388627704
fig06,(b) PF,PF,8,4.3500000000000005,10.550047412213452
fig06,(b) PF,PF,8,4.45,10.169983842861996
fig06,(b) PF,PF,8,4.55,10.79328269511789
fig06,(b) PF,PF,8,4.65,10.64134996951546
fig06,(b) PF,PF,8,4.75,10.687294042011573
fig06,(b) PF,PF,8,4.8500000000000005,11.15843607138392
fig06,(b) PF,PF,8,4.95,11.712751501181025
fig06,(b) PF,PF,8,5.050000000000001,10.954001603280185
fig06,(b) PF,PF,8,5.15,11.120910166415165
fig06,(b) PF,PF,8,5.25,11.455344969495911
fig06,(b) PF,PF,8,5.3500000000000005,11.126131904433793
fig06,(b) PF,PF,8,5.45,10.405338717170952
fig06,(b) PF,PF,8,5.550000000000001,10.281171923849632
fig06,(b) PF,PF,8,5.65,8.637022533369006
fig06,(b) PF,PF,8,5.75,11.14975750194381
fig06,(b) PF,PF,8,5.8500000000000005,9.980883827696358
fig06,(b) PF,PF,8,5.95,13.03925404277517
fig06,(b) PF,PF,8,6.050000000000001,9.870755674257872
fig06,(b) PF,PF,8,6.15,12.055838785777278
fig06,(b) PF,PF,8,6.25,10.595507823822436
fig06,(b) PF,PF,8,6.3500000000000005,11.99765297719374
fig06,(b) PF,PF,8,6.45,10.85904086497552
fig06,(b) PF,PF,8,6.550000000000001,9.870614533606124
fig06,(b) PF,PF,8,6.65,9.600638684009342
fig06,(b) PF,PF,8,6.75,9.268916027160133
fig06,(b) PF,PF,8,6.8500000000000005,10.545080190344072
fig06,(b) PF,PF,8,6.95,11.989823721300942
fig06,(b) PF,PF,8,7.050000000000001,10.638350119482196
fig06,(b) PF,PF,8,7.15,9.831701947178422
fig06,(b) PF,PF,8,7.25,9.125298287944574
fig06,(b) PF,PF,8,7.35,9.64307191892575
fig06,(b) PF,PF,8,7.45,12.156702835948115
fig06,(b) PF,PF,8,7.550000000000001,11.017013991194723
fig06,(b) PF,PF,8,7.65,12.404353663702777
fig06,(b) PF,PF,8,7.75,10.58851750824398
fig06,(b) PF,PF,8,7.85,11.948731460314931
fig06,(b) PF,PF,8,7.95,11.901304367940355
fig06,(b) PF,PF,8,8.05,11.014511915110168
fig06,(b) PF,PF,8,8.15,9.44099938640896
fig06,(b) PF,PF,8,8.25,7.888235411193377
fig06,(b) PF,PF,8,8.35,10.544078617277917
fig06,(b) PF,PF,8,8.450000000000001,10.820773996003648
fig06,(b) PF,PF,8,8.55,11.155022861539832
fig06,(b) PF,PF,8,8.65,9.184129194726902
fig06,(b) PF,PF,8,8.75,9.371507090230162
fig06,(b) PF,PF,8,8.85,11.988742621288038
fig06,(b) PF,PF,8,8.950000000000001,10.297918453500287
fig06,(b) PF,PF,8,9.05,11.687880818684295
fig06,(b) PF,PF,8,9.15,9.57558688690764
fig06,(b) PF,PF,8,9.25,12.395764828657262
fig06,(b) PF,PF,8,9.35,12.035377487137843
fig06,(b) PF,PF,8,9.45,12.01809916797273
fig06,(b) PF,PF,8,9.55,11.460570449040048
fig06,(b) PF,PF,8,9.65,10.73110631271968
fig06,(b) PF,PF,8,9.75,9.479292089207345
fig06,(b) PF,PF,8,9.85,11.0175780870219
fig06,(b) PF,PF,8,9.95,11.012041724190825
fig06,(b) PF,PF,8,10.05,11.27467217550052
fig06,(b) PF,PF,8,10.15,8.76730711636372
fig06,(b) PF,PF,8,10.25,10.331310076038156
fig06,(b) PF,PF,8,10.35,10.478312196724486
fig06,(b) PF,PF,8,10.45,10.829330849629931
fig06,(b) PF,PF,8,10.55,10.11996371872401
fig06,(b) PF,PF,8,10.65,10.126997813394649
fig06,(b) PF,PF,8,10.75,10.39079935078109
fig06,(b) PF,PF,8,10.85,9.741249658189773
fig06,(b) PF,PF,8,10.95,11.847793533601571
fig06,(b) PF,PF,8,11.05,12.04912809411699
fig06,(b) PF,PF,8,11.15,12.541106947457614
fig06,(b) PF,PF,8,11.25,10.273204955102043
fig06,(b) PF,PF,8,11.35,10.662329380268416
fig06,(b) PF,PF,8,11.45,10.478823159026344
fig06,(b) PF,PF,8,11.55,10.178127849269732
fig06,(b) PF,PF,8,11.65,9.19624218368063
fig06,(b) PF,PF,8,11.75,10.022734873380866
fig06,(b) PF,PF,8,11.85,11.900865344106409
fig06,(b) PF,PF,8,11.95,12.656786020583189
fig06,(b) PF,PF,8,12.05,12.072499761768627
fig06,(b) PF,PF,8,12.15,11.763075498924556
fig06,(b) PF,PF,8,12.25,10.300727266321047
fig06,(b) PF,PF,8,12.35,10.553593139018314
fig06,(b) PF,PF,8,12.45,9.642206378574953
fig06,(b) PF,PF,8,12.55,10.012441184661176
fig06,(b) PF,PF,8,12.65,10.329805919930369
fig06,(b) PF,PF,8,12.75,9.86301111351292
fig06,(b) PF,PF,8,12.85,10.596382959475456
fig06,(b) PF,PF,8,12.95,10.646173315869587
fig06,(b) PF,PF,8,13.05,10.231992807349457
fig06,(b) PF,PF,8,13.15,11.088923829489866
fig06,(b) PF,PF,8,13.25,11.096203121360352
fig06,(b) PF,PF,8,13.35,11.978836790464335
fig06,(b) PF,PF,8,13.45,10.755232826294336
fig06,(b) PF,PF,8,13.55,11.397368894508888
fig06,(b) PF,PF,8,13.65,11.02988121635073
fig06,(b) PF,PF,8,13.75,10.861928100284407
fig06,(b) PF,PF,8,13.85,10.073899698160307
fig06,(b) PF,PF,8,13.95,11.732871660182807
fig06,(b) PF,PF,8,14.05,10.570168735236932
fig06,(b) PF,PF,8,14.15,9.464022867422742
fig06,(b) PF,PF,8,14.25,11.022259910960356
fig06,(b) PF,PF,8,14.35,11.531057875768497
fig06,(b) PF,PF,8,14.45,12.80797802061317
fig06,(b) PF,PF,8,14.55,10.590432463444971
fig06,(b) PF,PF,8,14.65,10.904548902452468
fig06,(b) PF,PF,8,14.75,8.499092723411382
fig06,(b) PF,PF,8,14.85,8.72226706780568
fig06,(b) PF,PF,8,14.95,11.329630415747252
fig06,(b) PF,PF,8,15.05,12.706347483363322
fig06,(b) PF,PF,8,15.15,12.707634212486704
fig06,(b) PF,PF,8,15.25,10.802372959533557
fig06,(b) PF,PF,8,15.35,10.707930570418576
fig06,(b) PF,PF,8,15.45,9.574955442365516
fig06,(b) PF,PF,8,15.55,9.460742824155457
fig06,(b) PF,PF,8,15.65,10.698275382442732
fig06,(b) PF,PF,8,15.75,10.506462876745896
fig06,(b) PF,PF,8,15.85,10.531935037989308
fig06,(b) PF,PF,8,15.95,8.591397588017896
fig06,(b) PF,PF,8,16.05,12.309389501764526
fig06,(b) PF,PF,8,16.150000000000002,12.582832262077543
fig06,(b) PF,PF,8,16.25,12.43463035915866
fig06,(b) PF,PF,8,16.35,9.312715392379962
fig06,(b) PF,PF,8,16.45,9.414369503468036
fig06,(b) PF,PF,8,16.55,11.22131517833824
fig06,(b) PF,PF,8,16.650000000000002,10.576281684772251
fig06,(b) PF,PF,8,16.75,10.274238340276076
fig06,(b) PF,PF,8,16.85,9.296427226707944
fig06,(b) PF,PF,8,16.95,12.092197742190477
fig06,(b) PF,PF,8,17.05,11.698973042362004
fig06,(b) PF,PF,8,17.150000000000002,12.010783489929468
fig06,(b) PF,PF,8,17.25,9.021089283645754
fig06,(b) PF,PF,8,17.35,9.075843260708275
fig06,(b) PF,PF,8,17.45,10.436024321605018
fig06,(b) PF,PF,8,17.55,9.96136458779868
fig06,(b) PF,PF,8,17.650000000000002,11.250378478088928
fig06,(b) PF,PF,8,17.75,7.966636701178642
fig06,(b) PF,PF,8,17.85,11.51011365094923
fig06,(b) PF,PF,8,17.95,9.426692083775045
fig06,(b) PF,PF,8,18.05,10.623368844393102
fig06,(b) PF,PF,8,18.15,10.316884373488143
fig06,(b) PF,PF,8,18.25,11.18082027183294
fig06,(b) PF,PF,8,18.35,11.01582298943524
fig06,(b) PF,PF,8,18.45,10.205561448041625
fig06,(b) PF,PF,8,18.55,10.51249375766992
fig06,(b) PF,PF,8,18.65,9.807858304606794
fig06,(b) PF,PF,8,18.75,10.952440923246016
fig06,(b) PF,PF,8,18.85,10.575980392156865
fig06,(b) PF,PF,8,18.95,12.946565781610175
fig06,(b) PF,PF,8,19.05,11.531773812572927
fig06,(b) PF,PF,8,19.15,11.019406229345108
fig06,(b) PF,PF,8,19.25,10.039988463627097
fig06,(b) PF,PF,8,19.35,11.59110574485102
fig06,(b) PF,PF,8,19.450000000000003,12.549942272050558
fig06,(b) PF,PF,8,19.55,11.030794540080649
fig06,(b) PF,PF,8,19.65,9.745636060068753
fig06,(b) PF,PF,8,19.75,8.966335870391203
fig06,(b) PF,PF,8,19.85,10.029326460806104
fig06,(b) PF,PF,8,19.950000000000003,10.503098181367536
fig06,(b) PF,PF,8,20.05,10.812884045398684
fig06,(b) PF,PF,8,20.15,11.139715773233515
fig06,(b) PF,PF,8,20.25,10.391974394392593
fig06,(b) PF,PF,8,20.35,10.8089031155666
fig06,(b) PF,PF,8,20.450000000000003,9.894435485045404
fig06,(b) PF,PF,8,20.55,9.026566788182198
fig06,(b) PF,PF,8,20.65,9.607742425961607
fig06,(b) PF,PF,8,20.75,11.179691203657008
fig06,(b) PF,PF,8,20.85,10.88910924362198
fig06,(b) PF,PF,8,20.950000000000003,12.123447232676952
fig06,(b) PF,PF,8,21.05,11.528809410078816
fig06,(b) PF,PF,8,21.15,12.417845911949684
fig06,(b) PF,PF,8,21.25,11.021984094430772
fig06,(b) PF,PF,8,21.35,10.180501505076576
fig06,(b) PF,PF,8,21.450000000000003,9.95215481541674
fig06,(b) PF,PF,8,21.55,10.619112020776326
fig06,(b) PF,PF,8,21.65,10.094441109543055
fig06,(b) PF,PF,8,21.75,10.1580402964282
fig06,(b) PF,PF,8,21.85,11.067238409635744
fig06,(b) PF,PF,8,21.950000000000003,11.219483962824697
fig06,(b) PF,PF,8,22.05,11.595460078570245
fig06,(b) PF,PF,8,22.15,10.191555150682593
fig06,(b) PF,PF,8,22.25,10.339749076623466
fig06,(b) PF,PF,8,22.35,11.534219717229226
fig06,(b) PF,PF,8,22.450000000000003,10.26589786542496
fig06,(b) PF,PF,8,22.55,11.982300610418784
fig06,(b) PF,PF,8,22.65,9.826244420530456
fig06,(b) PF,PF,8,22.75,10.171300118334308
fig06,(b) PF,PF,8,22.85,10.071071446044336
fig06,(b) PF,PF,8,22.950000000000003,9.115482874048537
fig06,(b) PF,PF,8,23.05,10.062757674352136
fig06,(b) PF,PF,8,23.15,10.710648507996956
fig06,(b) PF,PF,8,23.25,11.215596736960258
fig06,(b) PF,PF,8,23.35,10.017245270485652
fig06,(b) PF,PF,8,23.450000000000003,9.699604415386078
fig06,(b) PF,PF,8,23.55,10.77626822467287
fig06,(b) PF,PF,8,23.65,10.816430717665554
fig06,(b) PF,PF,8,23.75,9.883695160682082
fig06,(b) PF,PF,8,23.85,10.96872599100171
fig06,(b) PF,PF,8,23.950000000000003,11.13001935984225
fig06,(b) PF,PF,8,24.05,11.02310485781121
fig06,(b) PF,PF,8,24.15,11.338301281514324
fig06,(b) PF,PF,8,24.25,10.43256757888828
fig06,(b) PF,PF,8,24.35,11.1092668404932
fig06,(b) PF,PF,8,24.450000000000003,9.813984564262034
fig06,(b) PF,PF,8,24.55,10.628306100004217
fig06,(b) PF,PF,8,24.65,12.17637019523812
fig06,(b) PF,PF,8,24.75,12.287905027855809
fig06,(b) PF,PF,8,24.85,12.140850672433936
fig06,(b) PF,PF,8,24.950000000000003,10.546288700513475
fig06,(b) PF,PF,8,25.05,9.428701742931858
fig06,(b) PF,PF,8,25.15,9.478557699268537
fig06,(b) PF,PF,8,25.25,8.71421074762292
fig06,(b) PF,PF,8,25.35,11.34250775898268
fig06,(b) PF,PF,8,25.450000000000003,12.060029656900342
fig06,(b) PF,PF,8,25.55,11.25976059370223
fig06,(b) PF,PF,8,25.65,9.866943766923136
fig06,(b) PF,PF,8,25.75,10.114529437886626
fig06,(b) PF,PF,8,25.85,11.345712289108514
fig06,(b) PF,PF,8,25.950000000000003,10.22091229029756
fig06,(b) PF,PF,8,26.05,9.29290528681886
fig06,(b) PF,PF,8,26.15,8.70277946845202
fig06,(b) PF,PF,8,26.25,10.37553256238588
fig06,(b) PF,PF,8,26.35,11.876056671400557
fig06,(b) PF,PF,8,26.450000000000003,10.297046491552596
fig06,(b) PF,PF,8,26.55,10.099596442350524
fig06,(b) PF,PF,8,26.65,9.36203211988054
fig06,(b) PF,PF,8,26.75,11.165251714443087
fig06,(b) PF,PF,8,26.85,10.492011723946687
fig06,(b) PF,PF,8,26.950000000000003,11.55053584953398
fig06,(b) PF,PF,8,27.05,12.078676472014228
fig06,(b) PF,PF,8,27.15,11.14284171345877
fig06,(b) PF,PF,8,27.25,9.01914848024954
fig06,(b) PF,PF,8,27.35,9.738274802710658
fig06,(b) PF,PF,8,27.450000000000003,10.13215853758085
fig06,(b) PF,PF,8,27.55,11.423216603026711
fig06,(b) PF,PF,8,27.65,10.971299958539268
fig06,(b) PF,PF,8,27.75,11.586743625917263
fig06,(b) PF,PF,8,27.85,10.399355475462071
fig06,(b) PF,PF,8,27.950000000000003,9.423057130575094
fig06,(b) PF,PF,8,28.05,10.06429238948662
fig06,(b) PF,PF,8,28.15,11.177113031490826
fig06,(b) PF,PF,8,28.25,10.488356516226492
fig06,(b) PF,PF,8,28.35,9.185798138196416
fig06,(b) PF,PF,8,28.450000000000003,8.725676538214765
fig06,(b) PF,PF,8,28.55,9.874096345938616
fig06,(b) PF,PF,8,28.65,10.81247682727568
fig06,(b) PF,PF,8,28.75,10.919018544493886
fig06,(b) PF,PF,8,28.85,11.204823250554533
fig06,(b) PF,PF,8,28.950000000000003,10.20577005076986
fig06,(b) PF,PF,8,29.05,11.417439877136806
fig06,(b) PF,PF,8,29.15,12.037143998840044
fig06,(b) PF,PF,8,29.25,13.103480506567392
fig06,(b) PF,PF,8,29.35,9.651838785761628
fig06,(b) PF,PF,8,29.450000000000003,11.455185412426683
fig06,(b) PF,PF,8,29.55,9.93821978364252
fig06,(b) PF,PF,8,29.65,13.242389534732023
fig06,(b) PF,PF,8,29.75,8.675553672493695
fig06,(b) PF,PF,8,29.85,11.15736927496471
fig06,(b) PF,PF,8,29.950000000000003,10.353767834854972
fig06,(b) PF,PF,8,30.05,12.373822114672308
fig06,(b) PF,PF,8,30.15,9.620353660395226
fig06,(b) PF,PF,8,30.25,9.04336382302909
fig06,(b) PF,PF,8,30.35,7.957079277520573
fig06,(b) PF,PF,9,0.45,9.950332963374027
fig06,(b) PF,PF,9,0.55,10.638013552686418
fig06,(b) PF,PF,9,0.65,10.462085233568644
fig06,(b) PF,PF,9,0.75,10.434998927348046
fig06,(b) PF,PF,9,0.8500000000000001,10.4903244444426
fig06,(b) PF,PF,9,0.95,10.20813591003745
fig06,(b) PF,PF,9,1.05,9.756909324347047
fig06,(b) PF,PF,9,1.15,10.260447461709653
fig06,(b) PF,PF,9,1.25,9.41281300811732
fig06,(b) PF,PF,9,1.35,11.978744595305178
fig06,(b) PF,PF,9,1.4500000000000002,10.494733323558057
fig06,(b) PF,PF,9,1.55,11.640556508481035
fig06,(b) PF,PF,9,1.65,11.71587846116148
fig06,(b) PF,PF,9,1.75,11.032657525684598
fig06,(b) PF,PF,9,1.85,10.65642212586429
fig06,(b) PF,PF,9,1.95,10.30728739403883
fig06,(b) PF,PF,9,2.0500000000000003,11.287381267898084
fig06,(b) PF,PF,9,2.15,10.472856150471127
fig06,(b) PF,PF,9,2.25,10.18063119376709
fig06,(b) PF,PF,9,2.35,10.820207044793818
fig06,(b) PF,PF,9,2.45,10.5623126283695
fig06,(b) PF,PF,9,2.5500000000000003,11.972989477725596
fig06,(b) PF,PF,9,2.6500000000000004,9.041431695178776
fig06,(b) PF,PF,9,2.75,9.876509456878154
fig06,(b) PF,PF,9,2.85,10.258984249730304
fig06,(b) PF,PF,9,2.95,12.327935769540735
fig06,(b) PF,PF,9,3.0500000000000003,13.061770042902118
fig06,(b) PF,PF,9,3.1500000000000004,9.94367081159534
fig06,(b) PF,PF,9,3.25,9.572939440147463
fig06,(b) PF,PF,9,3.35,9.583522410636094
fig06,(b) PF,PF,9,3.45,9.938626426117471
fig06,(b) PF,PF,9,3.5500000000000003,10.325048379293662
fig06,(b) PF,PF,9,3.65,11.160657449138084
fig06,(b) PF,PF,9,3.75,10.932238069775307
fig06,(b) PF,PF,9,3.85,10.112057856906418
fig06,(b) PF,PF,9,3.95,10.086423123793
fig06,(b) PF,PF,9,4.05,10.114126028854397
fig06,(b) PF,PF,9,4.15,10.435999517001468
fig06,(b) PF,PF,9,4.25,9.73234008446821
fig06,(b) PF,PF,9,4.3500000000000005,9.92435915766176
fig06,(b) PF,PF,9,4.45,11.297914931704447
fig06,(b) PF,PF,9,4.55,10.982272694317947
fig06,(b) PF,PF,9,4.65,11.296738103122978
fig06,(b) PF,PF,9,4.75,10.251859155398629
fig06,(b) PF,PF,9,4.8500000000000005,10.324011033015696
fig06,(b) PF,PF,9,4.95,9.979824174469014
fig06,(b) PF,PF,9,5.050000000000001,10.517325195460602
fig06,(b) PF,PF,9,5.15,11.074493394138232
fig06,(b) PF,PF,9,5.25,11.621444593142703
fig06,(b) PF,PF,9,5.3500000000000005,11.032842943220302
fig06,(b) PF,PF,9,5.45,12.166375622558846
fig06,(b) PF,PF,9,5.550000000000001,10.771093689302228
fig06,(b) PF,PF,9,5.65,10.75410867493776
fig06,(b) PF,PF,9,5.75,10.989437446841746
fig06,(b) PF,PF,9,5.8500000000000005,11.99417875370868
fig06,(b) PF,PF,9,5.95,11.311478233481957
fig06,(b) PF,PF,9,6.050000000000001,8.820084623263739
fig06,(b) PF,PF,9,6.15,8.202264131582744
fig06,(b) PF,PF,9,6.25,12.686489309436132
fig06,(b) PF,PF,9,6.3500000000000005,12.078266809718988
fig06,(b) PF,PF,9,6.45,13.52527143836714
fig06,(b) PF,PF,9,6.550000000000001,9.384116655300447
fig06,(b) PF,PF,9,6.65,11.682681360600256
fig06,(b) PF,PF,9,6.75,11.559723468285483
fig06,(b) PF,PF,9,6.8500000000000005,11.716169280562168
fig06,(b) PF,PF,9,6.95,9.721005141506753
fig06,(b) PF,PF,9,7.050000000000001,9.267695093166791
fig06,(b) PF,PF,9,7.15,10.177899449752806
fig06,(b) PF,PF,9,7.25,10.579128723623588
fig06,(b) PF,PF,9,7.35,11.244919955452556
fig06,(b) PF,PF,9,7.45,10.376644320040546
fig06,(b) PF,PF,9,7.550000000000001,10.88409218498593
fig06,(b) PF,PF,9,7.65,10.242388533967734
fig06,(b) PF,PF,9,7.75,11.949371278686328
fig06,(b) PF,PF,9,7.85,11.517894263296698
fig06,(b) PF,PF,9,7.95,10.704594871645034
fig06,(b) PF,PF,9,8.05,10.342959651519246
fig06,(b) PF,PF,9,8.15,10.625479368001228
fig06,(b) PF,PF,9,8.25,10.69441127298782
fig06,(b) PF,PF,9,8.35,9.890330535822397
fig06,(b) PF,PF,9,8.450000000000001,10.16582957875376
fig06,(b) PF,PF,9,8.55,10.188399437841412
fig06,(b) PF,PF,9,8.65,10.298096673471075
fig06,(b) PF,PF,9,8.75,11.941215498236916
fig06,(b) PF,PF,9,8.85,10.535060456190417
fig06,(b) PF,PF,9,8.950000000000001,12.495426402953903
fig06,(b) PF,PF,9,9.05,10.2448728259625
fig06,(b) PF,PF,9,9.15,11.452353115088965
fig06,(b) PF,PF,9,9.25,9.896057501217005
fig06,(b) PF,PF,9,9.35,9.081941498421754
fig06,(b) PF,PF,9,9.45,13.090727523717216
fig06,(b) PF,PF,9,9.55,11.190847354369367
fig06,(b) PF,PF,9,9.65,13.11996222528599
fig06,(b) PF,PF,9,9.75,10.01425346863384
fig06,(b) PF,PF,9,9.85,10.619464447368363
fig06,(b) PF,PF,9,9.95,10.009357263383954
fig06,(b) PF,PF,9,10.05,9.673224842345872
fig06,(b) PF,PF,9,10.15,12.642258161126088
fig06,(b) PF,PF,9,10.25,10.771188978736149
fig06,(b) PF,PF,9,10.35,11.385706040621631
fig06,(b) PF,PF,9,10.45,9.032053403950128
fig06,(b) PF,PF,9,10.55,11.00202702943197
fig06,(b) PF,PF,9,10.65,11.597856225062555
fig06,(b) PF,PF,9,10.75,12.141946895922096
fig06,(b) PF,PF,9,10.85,10.675801544982226
fig06,(b) PF,PF,9,10.95,10.177897981040926
fig06,(b) PF,PF,9,11.05,8.903378307778157
fig06,(b) PF,PF,9,11.15,10.332464079357775
fig06,(b) PF,PF,9,11.25,10.211555762110956
fig06,(b) PF,PF,9,11.35,11.258903449558124
fig06,(b) PF,PF,9,11.45,10.932621764785871
fig06,(b) PF,PF,9,11.55,10.816330228999345
fig06,(b) PF,PF,9,11.65,11.051105243613357
fig06,(b) PF,PF,9,11.75,12.355421996043315
fig06,(b) PF,PF,9,11.85,10.27016377779784
fig06,(b) PF,PF,9,11.95,10.197791595197256
fig06,(b) PF,PF,9,12.05,7.9702806365542225
fig06,(b) PF,PF,9,12.15,10.109640883225788
fig06,(b) PF,PF,9,12.25,10.020009833550343
fig06,(b) PF,PF,9,12.35,11.744573819455155
fig06,(b) PF,PF,9,12.45,10.58340284696343
fig06,(b) PF,PF,9,12.55,12.233500059674286
fig06,(b) PF,PF,9,12.65,9.98901993121182
fig06,(b) PF,PF,9,12.75,9.902067957467397
fig06,(b) PF,PF,9,12.85,10.069418386491558
fig06,(b) PF,PF,9,12.95,11.076565327600765
fig06,(b) PF,PF,9,13.05,12.32260091325899
fig06,(b) PF,PF,9,13.15,9.654246871228002
fig06,(b) PF,PF,9,13.25,12.25599813650128
fig06,(b) PF,PF,9,13.35,10.00727219012232
fig06,(b) PF,PF,9,13.45,11.18723216725211
fig06,(b) PF,PF,9,13.55,11.30000992862585
fig06,(b) PF,PF,9,13.65,10.841067172668348
fig06,(b) PF,PF,9,13.75,12.824343330472807
fig06,(b) PF,PF,9,13.85,9.577179113792386
fig06,(b) PF,PF,9,13.95,11.57660996001912
fig06,(b) PF,PF,9,14.05,8.758225779010388
fig06,(b) PF,PF,9,14.15,12.025346356424429
fig06,(b) PF,PF,9,14.25,11.08858071847406
fig06,(b) PF,PF,9,14.35,11.272313316877002
fig06,(b) PF,PF,9,14.45,8.063066841527728
fig06,(b) PF,PF,9,14.55,9.663453875877028
fig06,(b) PF,PF,9,14.65,10.37875471837736
fig06,(b) PF,PF,9,14.75,10.207228131756432
fig06,(b) PF,PF,9,14.85,10.690468793337752
fig06,(b) PF,PF,9,14.95,10.223239826766967
fig06,(b) PF,PF,9,15.05,12.249727952034227
fig06,(b) PF,PF,9,15.15,11.167924427739104
fig06,(b) PF,PF,9,15.25,11.151314902796306
fig06,(b) PF,PF,9,15.35,12.569697769569853
fig06,(b) PF,PF,9,15.45,12.634686103631196
fig06,(b) PF,PF,9,15.55,12.22825234368654
fig06,(b) PF,PF,9,15.65,9.71316435690044
fig06,(b) PF,PF,9,15.75,11.54834346545937
fig06,(b) PF,PF,9,15.85,11.04819592540853
fig06,(b) PF,PF,9,15.95,11.880195163068144
fig06,(b) PF,PF,9,16.05,7.641276325092704
fig06,(b) PF,PF,9,16.150000000000002,9.066636717580112
fig06,(b) PF,PF,9,16.25,8.649526574054876
fig06,(b) PF,PF,9,16.35,12.117519874333292
fig06,(b) PF,PF,9,16.45,10.623809182509392
fig06,(b) PF,PF,9,16.55,11.50081477649612
fig06,(b) PF,PF,9,16.650000000000002,10.668681423398404
fig06,(b) PF,PF,9,16.75,11.75978109940374
fig06,(b) PF,PF,9,16.85,12.179084912633002
fig06,(b) PF,PF,9,16.95,10.36150494212354
fig06,(b) PF,PF,9,17.05,11.598497509304783
fig06,(b) PF,PF,9,17.150000000000002,9.451518855193136
fig06,(b) PF,PF,9,17.25,9.590976921032729
fig06,(b) PF,PF,9,17.35,8.883614730873646
fig06,(b) PF,PF,9,17.45,9.005258069823425
fig06,(b) PF,PF,9,17.55,11.950282920755187
fig06,(b) PF,PF,9,17.650000000000002,10.55944614007379
fig06,(b) PF,PF,9,17.75,11.880634602446378
fig06,(b) PF,PF,9,17.85,10.174851129702882
fig06,(b) PF,PF,9,17.95,11.306670723262515
fig06,(b) PF,PF,9,18.05,11.544422101475112
fig06,(b) PF,PF,9,18.15,10.797093658728878
fig06,(b) PF,PF,9,18.25,10.500689333521343
fig06,(b) PF,PF,9,18.35,10.106637000265655
fig06,(b) PF,PF,9,18.45,10.449506918607277
fig06,(b) PF,PF,9,18.55,9.941636655167828
fig06,(b) PF,PF,9,18.65,9.499055709442228
fig06,(b) PF,PF,9,18.75,10.774070003324445
fig06,(b) PF,PF,9,18.85,11.922452419122786
fig06,(b) PF,PF,9,18.95,9.816609275543792
fig06,(b) PF,PF,9,19.05,10.948281586461386
fig06,(b) PF,PF,9,19.15,10.28292801479089
fig06,(b) PF,PF,9,19.25,11.331058400493056
fig06,(b) PF,PF,9,19.35,9.034268962604356
fig06,(b) PF,PF,9,19.450000000000003,8.692613860784492
fig06,(b) PF,PF,9,19.55,10.027819996198575
fig06,(b) PF,PF,9,19.65,11.03487687821768
fig06,(b) PF,PF,9,19.75,11.21581927614121
fig06,(b) PF,PF,9,19.85,11.625258113838052
fig06,(b) PF,PF,9,19.950000000000003,10.634073798680172
fig06,(b) PF,PF,9,20.05,10.966321477625968
fig06,(b) PF,PF,9,20.15,8.846161193147553
fig06,(b) PF,PF,9,20.25,10.7531857091506
fig06,(b) PF,PF,9,20.35,12.657535813972402
fig06,(b) PF,PF,9,20.450000000000003,12.63138436328432
fig06,(b) PF,PF,9,20.55,10.324563725916752
fig06,(b) PF,PF,9,20.65,8.994606471431196
fig06,(b) PF,PF,9,20.75,11.372682827431928
fig06,(b) PF,PF,9,20.85,11.635400763901954
fig06,(b) PF,PF,9,20.950000000000003,10.537685062412669
fig06,(b) PF,PF,9,21.05,8.475993816840486
fig06,(b) PF,PF,9,21.15,10.600563417190775
fig06,(b) PF,PF,9,21.25,10.421181410081124
fig06,(b) PF,PF,9,21.35,12.065701275091094
fig06,(b) PF,PF,9,21.450000000000003,10.71670173157314
fig06,(b) PF,PF,9,21.55,11.589742019605223
fig06,(b) PF,PF,9,21.65,10.622661853261365
fig06,(b) PF,PF,9,21.75,12.188723457452646
fig06,(b) PF,PF,9,21.85,11.93950962097466
fig06,(b) PF,PF,9,21.950000000000003,11.073748024080986
fig06,(b) PF,PF,9,22.05,9.05458572333192
fig06,(b) PF,PF,9,22.15,8.936528589134753
fig06,(b) PF,PF,9,22.25,10.799147564683809
fig06,(b) PF,PF,9,22.35,10.358791950865015
fig06,(b) PF,PF,9,22.450000000000003,10.5765209472443
fig06,(b) PF,PF,9,22.55,8.670969994468821
fig06,(b) PF,PF,9,22.65,11.185025013403475
fig06,(b) PF,PF,9,22.75,11.15053325413731
fig06,(b) PF,PF,9,22.85,11.80461693004164
fig06,(b) PF,PF,9,22.950000000000003,10.089542335545026
fig06,(b) PF,PF,9,23.05,9.400727674535728
fig06,(b) PF,PF,9,23.15,10.20093063699309
fig06,(b) PF,PF,9,23.25,11.330327114432055
fig06,(b) PF,PF,9,23.35,10.84358776969867
fig06,(b) PF,PF,9,23.450000000000003,12.41909026001837
fig06,(b) PF,PF,9,23.55,9.58018349970338
fig06,(b) PF,PF,9,23.65,10.78559583719119
fig06,(b) PF,PF,9,23.75,10.597354701610842
fig06,(b) PF,PF,9,23.85,9.464711150943977
fig06,(b) PF,PF,9,23.950000000000003,10.302530101970474
fig06,(b) PF,PF,9,24.05,9.5864533148615
fig06,(b) PF,PF,9,24.15,12.952776920536584
fig06,(b) PF,PF,9,24.25,11.064068011849873
fig06,(b) PF,PF,9,24.35,11.742721992390647
fig06,(b) PF,PF,9,24.450000000000003,9.542206767511985
fig06,(b) PF,PF,9,24.55,12.092048507142849
fig06,(b) PF,PF,9,24.65,7.724937630598007
fig06,(b) PF,PF,9,24.75,10.82845131655632
fig06,(b) PF,PF,9,24.85,7.3573304828431985
fig06,(b) PF,PF,9,24.950000000000003,10.546136784857048
fig06,(b) PF,PF,9,25.05,10.96706680543985
fig06,(b) PF,PF,9,25.15,11.64516305367556
fig06,(b) PF,PF,9,25.25,12.389823959404112
fig06,(b) PF,PF,9,25.35,8.762258262948555
fig06,(b) PF,PF,9,25.450000000000003,9.241703737792095
fig06,(b) PF,PF,9,25.55,9.518392744109612
fig06,(b) PF,PF,9,25.65,11.110532260777433
fig06,(b) PF,PF,9,25.75,12.862258828426688
fig06,(b) PF,PF,9,25.85,11.277366937744295
fig06,(b) PF,PF,9,25.950000000000003,10.02741988743206
fig06,(b) PF,PF,9,26.05,9.892556846908642
fig06,(b) PF,PF,9,26.15,9.984175289105297
fig06,(b) PF,PF,9,26.25,11.68950204008025
fig06,(b) PF,PF,9,26.35,10.640497847208133
fig06,(b) PF,PF,9,26.450000000000003,10.056598635261231
fig06,(b) PF,PF,9,26.55,10.925478682038852
fig06,(b) PF,PF,9,26.65,11.47829457683588
fig06,(b) PF,PF,9,26.75,10.636305144391397
fig06,(b) PF,PF,9,26.85,8.82700253936705
fig06,(b) PF,PF,9,26.950000000000003,9.123755963684053
fig06,(b) PF,PF,9,27.05,10.862111947323056
fig06,(b) PF,PF,9,27.15,11.458872156221206
fig06,(b) PF,PF,9,27.25,12.585093032236998
fig06,(b) PF,PF,9,27.35,9.71723055489668
fig06,(b) PF,PF,9,27.450000000000003,10.201027016679644
fig06,(b) PF,PF,9,27.55,8.062902417695954
fig06,(b) PF,PF,9,27.65,13.101482276084615
fig06,(b) PF,PF,9,27.75,11.849501460939566
fig06,(b) PF,PF,9,27.85,11.405669232683412
fig06,(b) PF,PF,9,27.950000000000003,9.914611937510472
fig06,(b) PF,PF,9,28.05,12.01750114069759
fig06,(b) PF,PF,9,28.15,11.007220056355491
fig06,(b) PF,PF,9,28.25,10.597455003928982
fig06,(b) PF,PF,9,28.35,9.826039138173494
fig06,(b) PF,PF,9,28.450000000000003,10.794093696165731
fig06,(b) PF,PF,9,28.55,11.99704258270784
fig06,(b) PF,PF,9,28.65,10.5466926436237
fig06,(b) PF,PF,9,28.75,11.463453440734243
fig06,(b) PF,PF,9,28.85,9.242226691339328
fig06,(b) PF,PF,9,28.950000000000003,10.195834884494994
fig06,(b) PF,PF,9,29.05,11.148710211749664
fig06,(b) PF,PF,9,29.15,10.755706454211186
fig06,(b) PF,PF,9,29.25,10.569305744845307
fig06,(b) PF,PF,9,29.35,10.275877812659765
fig06,(b) PF,PF,9,29.450000000000003,11.043682317424688
fig06,(b) PF,PF,9,29.55,10.57575527507556
fig06,(b) PF,PF,9,29.65,9.769190846096947
fig06,(b) PF,PF,9,29.75,10.657241882848682
fig06,(b) PF,PF,9,29.85,12.900091717555515
fig06,(b) PF,PF,9,29.950000000000003,11.36521490988944
fig06,(b) PF,PF,9,30.05,11.484441400331376
fig06,(b) PF,PF,9,30.15,9.046021778623343
fig06,(b) PF,PF,9,30.25,10.882987896715724
fig06,(b) PF,PF,9,30.35,9.706414377949514
fig06,(c) MR,MR,1,0.45,16.513040708379222
fig06,(c) MR,MR,1,0.55,16.47046143219985
fig06,(c) MR,MR,1,0.65,16.746524774275475
fig06,(c) MR,MR,1,0.75,16.79151830983505
fig06,(c) MR,MR,1,0.8500000000000001,16.89947134728163
fig06,(c) MR,MR,1,0.95,16.721348124650014
fig06,(c) MR,MR,1,1.05,16.53507627005641
fig06,(c) MR,MR,1,1.15,16.570917893227094
fig06,(c) MR,MR,1,1.25,16.62707243051371
fig06,(c) MR,MR,1,1.35,16.72696839684463
fig06,(c) MR,MR,1,1.4500000000000002,16.71662396898246
fig06,(c) MR,MR,1,1.55,16.715941008393838
fig06,(c) MR,MR,1,1.65,16.865446024178933
fig06,(c) MR,MR,1,1.75,17.00339844200556
fig06,(c) MR,MR,1,1.85,16.95354231903623
fig06,(c) MR,MR,1,1.95,16.607690059083467
fig06,(c) MR,MR,1,2.0500000000000003,16.266917922440395
fig06,(c) MR,MR,1,2.15,16.325273110512565
fig06,(c) MR,MR,1,2.25,16.429999793844186
fig06,(c) MR,MR,1,2.35,16.773683647235448
fig06,(c) MR,MR,1,2.45,16.715328459163285
fig06,(c) MR,MR,1,2.5500000000000003,16.774647737489335
fig06,(c) MR,MR,1,2.6500000000000004,16.633191243831586
fig06,(c) MR,MR,1,2.75,16.683047366800913
fig06,(c) MR,MR,1,2.85,16.7737291322197
fig06,(c) MR,MR,1,2.95,16.65366052158505
fig06,(c) MR,MR,1,3.0500000000000003,16.73576756123926
fig06,(c) MR,MR,1,3.1500000000000004,16.763762966593152
fig06,(c) MR,MR,1,3.25,16.76988891611533
fig06,(c) MR,MR,1,3.35,16.214598154312835
fig06,(c) MR,MR,1,3.45,15.81045364916944
fig06,(c) MR,MR,1,3.5500000000000003,15.509042970400271
fig06,(c) MR,MR,1,3.65,15.617951189083447
fig06,(c) MR,MR,1,3.75,15.907642537320854
fig06,(c) MR,MR,1,3.85,16.04202946416061
fig06,(c) MR,MR,1,3.95,16.03884538817946
fig06,(c) MR,MR,1,4.05,15.657690665258016
fig06,(c) MR,MR,1,4.15,15.50912591763666
fig06,(c) MR,MR,1,4.25,15.273831799989605
fig06,(c) MR,MR,1,4.3500000000000005,15.208352508053382
fig06,(c) MR,MR,1,4.45,15.186456879382456
fig06,(c) MR,MR,1,4.55,15.516296152617954
fig06,(c) MR,MR,1,4.65,15.79201879373406
fig06,(c) MR,MR,1,4.75,15.78162324302976
fig06,(c) MR,MR,1,4.8500000000000005,15.705576052665146
fig06,(c) MR,MR,1,4.95,15.490134928133113
fig06,(c) MR,MR,1,5.050000000000001,15.450640356399978
fig06,(c) MR,MR,1,5.15,15.473684431721184
fig06,(c) MR,MR,1,5.25,15.454895751964644
fig06,(c) MR,MR,1,5.3500000000000005,15.342719238922063
fig06,(c) MR,MR,1,5.45,15.100981477970793
fig06,(c) MR,MR,1,5.550000000000001,15.143160146812004
fig06,(c) MR,MR,1,5.65,15.103627352562228
fig06,(c) MR,MR,1,5.75,15.2331944784775
fig06,(c) MR,MR,1,5.8500000000000005,15.131837859110584
fig06,(c) MR,MR,1,5.95,15.236779458391808
fig06,(c) MR,MR,1,6.050000000000001,15.48884896394778
fig06,(c) MR,MR,1,6.15,15.4255400601586
fig06,(c) MR,MR,1,6.25,15.59014023985312
fig06,(c) MR,MR,1,6.3500000000000005,17.937358239245032
fig06,(c) MR,MR,1,6.45,22.756346780642463
fig06,(c) MR,MR,1,6.550000000000001,24.402133848287843
fig06,(c) MR,MR,1,6.65,23.46325943653608
fig06,(c) MR,MR,1,6.75,20.477211146710967
fig06,(c) MR,MR,1,6.8500000000000005,20.426493710691823
fig06,(c) MR,MR,1,6.95,20.92795930692657
fig06,(c) MR,MR,1,7.050000000000001,21.108726521891896
fig06,(c) MR,MR,1,7.15,21.108726521891896
fig06,(c) MR,MR,1,7.25,20.61512256087728
fig06,(c) MR,MR,1,7.35,20.426493710691823
fig06,(c) MR,MR,1,7.45,20.392031915309197
fig06,(c) MR,MR,1,7.550000000000001,20.426976636641417
fig06,(c) MR,MR,1,7.65,20.43483827186154
fig06,(c) MR,MR,1,7.75,20.469300067244173
fig06,(c) MR,MR,1,7.85,20.43435534591195
fig06,(c) MR,MR,1,7.95,20.38421911012149
fig06,(c) MR,MR,1,8.05,20.392080745341616
fig06,(c) MR,MR,1,8.15,20.42702546667384
fig06,(c) MR,MR,1,8.25,20.4771617024643
fig06,(c) MR,MR,1,8.35,20.469300067244177
fig06,(c) MR,MR,1,8.450000000000001,20.392031915309197
fig06,(c) MR,MR,1,8.55,20.384170280089062
fig06,(c) MR,MR,1,8.65,20.43488771610821
fig06,(c) MR,MR,1,8.75,20.469349511490844
fig06,(c) MR,MR,1,8.85,20.47721114671097
fig06,(c) MR,MR,1,8.950000000000001,20.38421911012149
fig06,(c) MR,MR,1,9.05,20.392080745341616
fig06,(c) MR,MR,1,9.15,20.42702546667384
fig06,(c) MR,MR,1,9.25,20.4771617024643
fig06,(c) MR,MR,1,9.35,20.469300067244177
fig06,(c) MR,MR,1,9.45,20.392031915309197
fig06,(c) MR,MR,1,9.55,20.384170280089062
fig06,(c) MR,MR,1,9.65,20.43488771610821
fig06,(c) MR,MR,1,9.75,20.469349511490844
fig06,(c) MR,MR,1,9.85,20.47721114671097
fig06,(c) MR,MR,1,9.95,20.38421911012149
fig06,(c) MR,MR,1,10.05,20.392080745341616
fig06,(c) MR,MR,1,10.15,20.42702546667384
fig06,(c) MR,MR,1,10.25,20.4771617024643
fig06,(c) MR,MR,1,10.35,20.469300067244177
fig06,(c) MR,MR,1,10.45,20.392031915309197
fig06,(c) MR,MR,1,10.55,20.384170280089062
fig06,(c) MR,MR,1,10.65,20.43488771610821
fig06,(c) MR,MR,1,10.75,20.469349511490844
fig06,(c) MR,MR,1,10.85,20.47721114671097
fig06,(c) MR,MR,1,10.95,20.38421911012149
fig06,(c) MR,MR,1,11.05,20.392080745341616
fig06,(c) MR,MR,1,11.15,20.42702546667384
fig06,(c) MR,MR,1,11.25,20.4771617024643
fig06,(c) MR,MR,1,11.35,20.469300067244177
fig06,(c) MR,MR,1,11.45,20.392031915309197
fig06,(c) MR,MR,1,11.55,20.384170280089062
fig06,(c) MR,MR,1,11.65,20.43488771610821
fig06,(c) MR,MR,1,11.75,20.469349511490844
fig06,(c) MR,MR,1,11.85,20.47721114671097
fig06,(c) MR,MR,1,11.95,20.38421911012149
fig06,(c) MR,MR,1,12.05,20.392080745341616
fig06,(c) MR,MR,1,12.15,20.42702546667384
fig06,(c) MR,MR,1,12.25,20.4771617024643
fig06,(c) MR,MR,1,12.35,21.788089375420277
fig06,(c) MR,MR,1,12.45,23.115172955974845
fig06,(c) MR,MR,1,12.55,24.47720125786164
fig06,(c) MR,MR,1,12.65,24.52830188679245
fig06,(c) MR,MR,1,12.75,24.52830188679245
fig06,(c) MR,MR,1,12.85,24.52830188679245
fig06,(c) MR,MR,1,12.95,24.52830188679245
fig06,(c) MR,MR,1,13.05,24.52830188679245
fig06,(c) MR,MR,1,13.15,24.52830188679245
fig06,(c) MR,MR,1,13.25,24.52830188679245
fig06,(c) MR,MR,1,13.35,24.52830188679245
fig06,(c) MR,MR,1,13.45,24.52830188679245
fig06,(c) MR,MR,1,13.55,24.52830188679245
fig06,(c) MR,MR,1,13.65,24.52830188679245
fig06,(c) MR,MR,1,13.75,24.52830188679245
fig06,(c) MR,MR,1,13.85,24.52830188679245
fig06,(c) MR,MR,1,13.95,24.52830188679245
fig06,(c) MR,MR,1,14.05,24.52830188679245
fig06,(c) MR,MR,1,14.15,24.52830188679245
fig06,(c) MR,MR,1,14.25,24.52830188679245
fig06,(c) MR,MR,1,14.35,24.52830188679245
fig06,(c) MR,MR,1,14.45,24.52830188679245
fig06,(c) MR,MR,1,14.55,24.52830188679245
fig06,(c) MR,MR,1,14.65,24.52830188679245
fig06,(c) MR,MR,1,14.75,24.52830188679245
fig06,(c) MR,MR,1,14.85,24.52830188679245
fig06,(c) MR,MR,1,14.95,24.52830188679245
fig06,(c) MR,MR,1,15.05,24.52830188679245
fig06,(c) MR,MR,1,15.15,24.52830188679245
fig06,(c) MR,MR,1,15.25,24.52830188679245
fig06,(c) MR,MR,1,15.35,24.52830188679245
fig06,(c) MR,MR,1,15.45,24.52830188679245
fig06,(c) MR,MR,1,15.55,24.52830188679245
fig06,(c) MR,MR,1,15.65,24.52830188679245
fig06,(c) MR,MR,1,15.75,24.52830188679245
fig06,(c) MR,MR,1,15.85,24.52830188679245
fig06,(c) MR,MR,1,15.95,24.52830188679245
fig06,(c) MR,MR,1,16.05,24.52830188679245
fig06,(c) MR,MR,1,16.150000000000002,24.52830188679245
fig06,(c) MR,MR,1,16.25,24.52830188679245
fig06,(c) MR,MR,1,16.35,24.52830188679245
fig06,(c) MR,MR,1,16.45,24.52830188679245
fig06,(c) MR,MR,1,16.55,24.52830188679245
fig06,(c) MR,MR,1,16.650000000000002,24.52830188679245
fig06,(c) MR,MR,1,16.75,24.52830188679245
fig06,(c) MR,MR,1,16.85,24.52830188679245
fig06,(c) MR,MR,1,16.95,24.52830188679245
fig06,(c) MR,MR,1,17.05,24.52830188679245
fig06,(c) MR,MR,1,17.150000000000002,24.52830188679245
fig06,(c) MR,MR,1,17.25,24.52830188679245
fig06,(c) MR,MR,1,17.35,24.52830188679245
fig06,(c) MR,MR,1,17.45,24.52830188679245
fig06,(c) MR,MR,1,17.55,24.52830188679245
fig06,(c) MR,MR,1,17.650000000000002,24.52830188679245
fig06,(c) MR,MR,1,17.75,24.52830188679245
fig06,(c) MR,MR,1,17.85,24.52830188679245
fig06,(c) MR,MR,1,17.95,24.52830188679245
fig06,(c) MR,MR,1,18.05,24.52830188679245
fig06,(c) MR,MR,1,18.15,24.52830188679245
fig06,(c) MR,MR,1,18.25,24.52830188679245
fig06,(c) MR,MR,1,18.35,24.52830188679245
fig06,(c) MR,MR,1,18.45,24.52830188679245
fig06,(c) MR,MR,1,18.55,24.52830188679245
fig06,(c) MR,MR,1,18.65,24.52830188679245
fig06,(c) MR,MR,1,18.75,24.52830188679245
fig06,(c) MR,MR,1,18.85,24.52830188679245
fig06,(c) MR,MR,1,18.95,24.52830188679245
fig06,(c) MR,MR,1,19.05,24.52830188679245
fig06,(c) MR,MR,1,19.15,24.52830188679245
fig06,(c) MR,MR,1,19.25,24.52830188679245
fig06,(c) MR,MR,1,19.35,24.52830188679245
fig06,(c) MR,MR,1,19.450000000000003,24.52830188679245
fig06,(c) MR,MR,1,19.55,24.52830188679245
fig06,(c) MR,MR,1,19.65,24.52830188679245
fig06,(c) MR,MR,1,19.75,24.52830188679245
fig06,(c) MR,MR,1,19.85,24.52830188679245
fig06,(c) MR,MR,1,19.950000000000003,24.52830188679245
fig06,(c) MR,MR,1,20.05,24.52830188679245
fig06,(c) MR,MR,1,20.15,24.52830188679245
fig06,(c) MR,MR,1,20.25,24.52830188679245
fig06,(c) MR,MR,1,20.35,24.52830188679245
fig06,(c) MR,MR,1,20.450000000000003,24.52830188679245
fig06,(c) MR,MR,1,20.55,24.52830188679245
fig06,(c) MR,MR,1,20.65,24.52830188679245
fig06,(c) MR,MR,1,20.75,24.52830188679245
fig06,(c) MR,MR,1,20.85,24.52830188679245
fig06,(c) MR,MR,1,20.950000000000003,24.52830188679245
fig06,(c) MR,MR,1,21.05,24.52830188679245
fig06,(c) MR,MR,1,21.15,24.52830188679245
fig06,(c) MR,MR,1,21.25,24.52830188679245
fig06,(c) MR,MR,1,21.35,24.52830188679245
fig06,(c) MR,MR,1,21.450000000000003,24.52830188679245
fig06,(c) MR,MR,1,21.55,24.52830188679245
fig06,(c) MR,MR,1,21.65,24.52830188679245
fig06,(c) MR,MR,1,21.75,24.52830188679245
fig06,(c) MR,MR,1,21.85,24.52830188679245
fig06,(c) MR,MR,1,21.950000000000003,24.52830188679245
fig06,(c) MR,MR,1,22.05,24.52830188679245
fig06,(c) MR,MR,1,22.15,24.52830188679245
fig06,(c) MR,MR,1,22.25,24.52830188679245
fig06,(c) MR,MR,1,22.35,24.52830188679245
fig06,(c) MR,MR,1,22.450000000000003,24.52830188679245
fig06,(c) MR,MR,1,22.55,24.52830188679245
fig06,(c) MR,MR,1,22.65,24.52830188679245
fig06,(c) MR,MR,1,22.75,24.52830188679245
fig06,(c) MR,MR,1,22.85,24.52830188679245
fig06,(c) MR,MR,1,22.950000000000003,24.52830188679245
fig06,(c) MR,MR,1,23.05,24.52830188679245
fig06,(c) MR,MR,1,23.15,24.52830188679245
fig06,(c) MR,MR,1,23.25,24.52830188679245
fig06,(c) MR,MR,1,23.35,24.52830188679245
fig06,(c) MR,MR,1,23.450000000000003,24.52830188679245
fig06,(c) MR,MR,1,23.55,24.52830188679245
fig06,(c) MR,MR,1,23.65,24.52830188679245
fig06,(c) MR,MR,1,23.75,24.52830188679245
fig06,(c) MR,MR,1,23.85,24.52830188679245
fig06,(c) MR,MR,1,23.950000000000003,24.52830188679245
fig06,(c) MR,MR,1,24.05,24.52830188679245
fig06,(c) MR,MR,1,24.15,24.52830188679245
fig06,(c) MR,MR,1,24.25,24.497050666041645
fig06,(c) MR,MR,1,24.35,24.49705066604164
fig06,(c) MR,MR,1,24.450000000000003,24.497050666041645
fig06,(c) MR,MR,1,24.55,24.52830188679245
fig06,(c) MR,MR,1,24.65,24.52830188679245
fig06,(c) MR,MR,1,24.75,24.52830188679245
fig06,(c) MR,MR,1,24.85,24.52830188679245
fig06,(c) MR,MR,1,24.950000000000003,24.52830188679245
fig06,(c) MR,MR,1,25.05,24.52830188679245
fig06,(c) MR,MR,1,25.15,24.52830188679245
fig06,(c) MR,MR,1,25.25,24.52830188679245
fig06,(c) MR,MR,1,25.35,24.52830188679245
fig06,(c) MR,MR,1,25.450000000000003,24.52830188679245
fig06,(c) MR,MR,1,25.55,24.52830188679245
fig06,(c) MR,MR,1,25.65,24.52830188679245
fig06,(c) MR,MR,1,25.75,24.52830188679245
fig06,(c) MR,MR,1,25.85,24.52830188679245
fig06,(c) MR,MR,1,25.950000000000003,24.52830188679245
fig06,(c) MR,MR,1,26.05,24.52830188679245
fig06,(c) MR,MR,1,26.15,24.52830188679245
fig06,(c) MR,MR,1,26.25,24.52830188679245
fig06,(c) MR,MR,1,26.35,24.52830188679245
fig06,(c) MR,MR,1,26.450000000000003,24.52830188679245
fig06,(c) MR,MR,1,26.55,24.52830188679245
fig06,(c) MR,MR,1,26.65,24.52830188679245
fig06,(c) MR,MR,1,26.75,24.52830188679245
fig06,(c) MR,MR,1,26.85,24.52830188679245
fig06,(c) MR,MR,1,26.950000000000003,24.52830188679245
fig06,(c) MR,MR,1,27.05,24.52830188679245
fig06,(c) MR,MR,1,27.15,24.52830188679245
fig06,(c) MR,MR,1,27.25,24.52830188679245
fig06,(c) MR,MR,1,27.35,24.52830188679245
fig06,(c) MR,MR,1,27.450000000000003,24.52830188679245
fig06,(c) MR,MR,1,27.55,24.52830188679245
fig06,(c) MR,MR,1,27.65,24.52830188679245
fig06,(c) MR,MR,1,27.75,24.52830188679245
fig06,(c) MR,MR,1,27.85,24.52830188679245
fig06,(c) MR,MR,1,27.950000000000003,24.52830188679245
fig06,(c) MR,MR,1,28.05,24.52830188679245
fig06,(c) MR,MR,1,28.15,24.52830188679245
fig06,(c) MR,MR,1,28.25,24.52830188679245
fig06,(c) MR,MR,1,28.35,24.52830188679245
fig06,(c) MR,MR,1,28.450000000000003,24.52830188679245
fig06,(c) MR,MR,1,28.55,24.52830188679245
fig06,(c) MR,MR,1,28.65,24.52830188679245
fig06,(c) MR,MR,1,28.75,24.52830188679245
fig06,(c) MR,MR,1,28.85,24.52830188679245
fig06,(c) MR,MR,1,28.950000000000003,24.52830188679245
fig06,(c) MR,MR,1,29.05,24.52830188679245
fig06,(c) MR,MR,1,29.15,24.52830188679245
fig06,(c) MR,MR,1,29.25,24.52830188679245
fig06,(c) MR,MR,1,29.35,24.52830188679245
fig06,(c) MR,MR,1,29.450000000000003,24.52830188679245
fig06,(c) MR,MR,1,29.55,24.52830188679245
fig06,(c) MR,MR,1,29.65,24.52830188679245
fig06,(c) MR,MR,1,29.75,24.52830188679245
fig06,(c) MR,MR,1,29.85,24.52830188679245
fig06,(c) MR,MR,1,29.950000000000003,24.52830188679245
fig06,(c) MR,MR,1,30.05,24.52830188679245
fig06,(c) MR,MR,1,30.15,24.52830188679245
fig06,(c) MR,MR,1,30.25,24.52830188679245
fig06,(c) MR,MR,1,30.35,24.52830188679245
fig06,(c) MR,MR,2,0.45,16.496328261034144
fig06,(c) MR,MR,2,0.55,16.462078269134754
fig06,(c) MR,MR,2,0.65,16.73789917392042
fig06,(c) MR,MR,2,0.75,16.78853299813915
fig06,(c) MR,MR,2,0.8500000000000001,16.890894545386494
fig06,(c) MR,MR,2,0.95,16.712848599641053
fig06,(c) MR,MR,2,1.05,16.529435521491134
fig06,(c) MR,MR,2,1.15,16.56522516261226
fig06,(c) MR,MR,2,1.25,16.61857197303454
fig06,(c) MR,MR,2,1.35,16.718467939365464
fig06,(c) MR,MR,2,1.4500000000000002,16.708175493552854
fig06,(c) MR,MR,2,1.55,16.710274964991946
fig06,(c) MR,MR,2,1.65,16.85400997327603
fig06,(c) MR,MR,2,1.75,16.994795412803605
fig06,(c) MR,MR,2,1.85,16.944964584670892
fig06,(c) MR,MR,2,1.95,16.594038697432755
fig06,(c) MR,MR,2,2.0500000000000003,16.261470006236774
fig06,(c) MR,MR,2,2.15,16.31696687777138
fig06,(c) MR,MR,2,2.25,16.43253719588938
fig06,(c) MR,MR,2,2.35,16.765105887085365
fig06,(c) MR,MR,2,2.45,16.709609015550758
fig06,(c) MR,MR,2,2.5500000000000003,16.760579654704998
fig06,(c) MR,MR,2,2.6500000000000004,16.61345854846439
fig06,(c) MR,MR,2,2.75,16.671788441699945
fig06,(c) MR,MR,2,2.85,16.770818846290545
fig06,(c) MR,MR,2,2.95,16.65646778854326
fig06,(c) MR,MR,2,3.0500000000000003,16.730101057931247
fig06,(c) MR,MR,2,3.1500000000000004,16.755237686841458
fig06,(c) MR,MR,2,3.25,16.761414685942988
fig06,(c) MR,MR,2,3.35,16.20893165100482
fig06,(c) MR,MR,2,3.45,15.799718222923469
fig06,(c) MR,MR,2,3.5500000000000003,15.501115271018632
fig06,(c) MR,MR,2,3.65,15.610023489701808
fig06,(c) MR,MR,2,3.75,15.904834810456522
fig06,(c) MR,MR,2,3.85,16.041909475833076
fig06,(c) MR,MR,2,3.95,16.038725399851923
fig06,(c) MR,MR,2,4.05,15.660378403794809
fig06,(c) MR,MR,2,4.15,15.509125917636664
fig06,(c) MR,MR,2,4.25,15.273831799989605
fig06,(c) MR,MR,2,4.3500000000000005,15.208352508053382
fig06,(c) MR,MR,2,4.45,15.178660216354231
fig06,(c) MR,MR,2,4.55,15.50849948958973
fig06,(c) MR,MR,2,4.65,15.784222130705835
fig06,(c) MR,MR,2,4.75,15.78162324302976
fig06,(c) MR,MR,2,4.8500000000000005,15.705576052665146
fig06,(c) MR,MR,2,4.95,15.490134928133113
fig06,(c) MR,MR,2,5.050000000000001,15.450640356399978
fig06,(c) MR,MR,2,5.15,15.46835450953805
fig06,(c) MR,MR,2,5.25,15.449565829781507
fig06,(c) MR,MR,2,5.3500000000000005,15.337389316738928
fig06,(c) MR,MR,2,5.45,15.106053500693454
fig06,(c) MR,MR,2,5.550000000000001,15.148232169534666
fig06,(c) MR,MR,2,5.65,15.10869937528489
fig06,(c) MR,MR,2,5.75,15.2331944784775
fig06,(c) MR,MR,2,5.8500000000000005,15.124041196082365
fig06,(c) MR,MR,2,5.95,15.231498518634025
fig06,(c) MR,MR,2,6.050000000000001,15.489036987821386
fig06,(c) MR,MR,2,6.15,15.433524747060432
fig06,(c) MR,MR,2,6.25,15.595609203484512
fig06,(c) MR,MR,2,6.3500000000000005,17.921964827625207
fig06,(c) MR,MR,2,6.45,16.165180128736605
fig06,(c) MR,MR,2,6.550000000000001,23.502988872739724
fig06,(c) MR,MR,2,6.65,28.487526740532303
fig06,(c) MR,MR,2,6.75,37.94203156520707
fig06,(c) MR,MR,2,6.8500000000000005,38.10731132075472
fig06,(c) MR,MR,2,6.95,35.739201965929446
fig06,(c) MR,MR,2,7.050000000000001,31.29490870677769
fig06,(c) MR,MR,2,7.15,26.66833637973367
fig06,(c) MR,MR,2,7.25,24.400046363489764
fig06,(c) MR,MR,2,7.35,24.25314465408805
fig06,(c) MR,MR,2,7.45,24.202910758232747
fig06,(c) MR,MR,2,7.550000000000001,24.253714721683554
fig06,(c) MR,MR,2,7.65,24.243887677658403
fig06,(c) MR,MR,2,7.75,24.294121573513703
fig06,(c) MR,MR,2,7.85,24.2433176100629
fig06,(c) MR,MR,2,7.95,24.202910758232743
fig06,(c) MR,MR,2,8.05,24.202910758232747
fig06,(c) MR,MR,2,8.15,24.253714721683554
fig06,(c) MR,MR,2,8.25,24.294121573513703
fig06,(c) MR,MR,2,8.35,24.294121573513703
fig06,(c) MR,MR,2,8.450000000000001,24.202910758232747
fig06,(c) MR,MR,2,8.55,24.202910758232743
fig06,(c) MR,MR,2,8.65,24.243887677658403
fig06,(c) MR,MR,2,8.75,24.294121573513703
fig06,(c) MR,MR,2,8.85,24.294121573513703
fig06,(c) MR,MR,2,8.950000000000001,24.202910758232747
fig06,(c) MR,MR,2,9.05,24.202910758232747
fig06,(c) MR,MR,2,9.15,24.253714721683554
fig06,(c) MR,MR,2,9.25,24.294121573513703
fig06,(c) MR,MR,2,9.35,24.294121573513703
fig06,(c) MR,MR,2,9.45,24.202910758232747
fig06,(c) MR,MR,2,9.55,24.202910758232747
fig06,(c) MR,MR,2,9.65,24.243887677658403
fig06,(c) MR,MR,2,9.75,24.294121573513703
fig06,(c) MR,MR,2,9.85,24.294121573513703
fig06,(c) MR,MR,2,9.95,24.202910758232747
fig06,(c) MR,MR,2,10.05,24.202910758232747
fig06,(c) MR,MR,2,10.15,24.253714721683554
fig06,(c) MR,MR,2,10.25,24.294121573513703
fig06,(c) MR,MR,2,10.35,24.294121573513703
fig06,(c) MR,MR,2,10.45,24.202910758232747
fig06,(c) MR,MR,2,10.55,24.202910758232743
fig06,(c) MR,MR,2,10.65,24.243887677658403
fig06,(c) MR,MR,2,10.75,24.294121573513703
fig06,(c) MR,MR,2,10.85,24.294121573513703
fig06,(c) MR,MR,2,10.95,24.202910758232747
fig06,(c) MR,MR,2,11.05,24.202910758232747
fig06,(c) MR,MR,2,11.15,24.253714721683554
fig06,(c) MR,MR,2,11.25,24.294121573513703
fig06,(c) MR,MR,2,11.35,24.294121573513703
fig06,(c) MR,MR,2,11.45,24.202910758232747
fig06,(c) MR,MR,2,11.55,24.202910758232747
fig06,(c) MR,MR,2,11.65,24.243887677658403
fig06,(c) MR,MR,2,11.75,24.294121573513703
fig06,(c) MR,MR,2,11.85,24.294121573513703
fig06,(c) MR,MR,2,11.95,24.202910758232747
fig06,(c) MR,MR,2,12.05,24.202910758232747
fig06,(c) MR,MR,2,12.15,24.253714721683554
fig06,(c) MR,MR,2,12.25,24.294121573513703
fig06,(c) MR,MR,2,12.35,24.34129138483446
fig06,(c) MR,MR,2,12.45,24.388757861635224
fig06,(c) MR,MR,2,12.55,24.48702830188679
fig06,(c) MR,MR,2,12.65,24.52830188679245
fig06,(c) MR,MR,2,12.75,24.52830188679245
fig06,(c) MR,MR,2,12.85,24.52830188679245
fig06,(c) MR,MR,2,12.95,24.52830188679245
fig06,(c) MR,MR,2,13.05,24.52830188679245
fig06,(c) MR,MR,2,13.15,24.52830188679245
fig06,(c) MR,MR,2,13.25,24.52830188679245
fig06,(c) MR,MR,2,13.35,24.52830188679245
fig06,(c) MR,MR,2,13.45,24.52830188679245
fig06,(c) MR,MR,2,13.55,24.52830188679245
fig06,(c) MR,MR,2,13.65,24.52830188679245
fig06,(c) MR,MR,2,13.75,24.52830188679245
fig06,(c) MR,MR,2,13.85,24.52830188679245
fig06,(c) MR,MR,2,13.95,24.52830188679245
fig06,(c) MR,MR,2,14.05,24.52830188679245
fig06,(c) MR,MR,2,14.15,24.52830188679245
fig06,(c) MR,MR,2,14.25,24.52830188679245
fig06,(c) MR,MR,2,14.35,24.52830188679245
fig06,(c) MR,MR,2,14.45,24.52830188679245
fig06,(c) MR,MR,2,14.55,24.52830188679245
fig06,(c) MR,MR,2,14.65,24.52830188679245
fig06,(c) MR,MR,2,14.75,24.52830188679245
fig06,(c) MR,MR,2,14.85,24.52830188679245
fig06,(c) MR,MR,2,14.95,24.52830188679245
fig06,(c) MR,MR,2,15.05,24.52830188679245
fig06,(c) MR,MR,2,15.15,24.52830188679245
fig06,(c) MR,MR,2,15.25,24.52830188679245
fig06,(c) MR,MR,2,15.35,24.52830188679245
fig06,(c) MR,MR,2,15.45,24.52830188679245
fig06,(c) MR,MR,2,15.55,24.52830188679245
fig06,(c) MR,MR,2,15.65,24.52830188679245
fig06,(c) MR,MR,2,15.75,24.52830188679245
fig06,(c) MR,MR,2,15.85,24.52830188679245
fig06,(c) MR,MR,2,15.95,24.52830188679245
fig06,(c) MR,MR,2,16.05,24.52830188679245
fig06,(c) MR,MR,2,16.150000000000002,24.52830188679245
fig06,(c) MR,MR,2,16.25,24.52830188679245
fig06,(c) MR,MR,2,16.35,24.52830188679245
fig06,(c) MR,MR,2,16.45,24.52830188679245
fig06,(c) MR,MR,2,16.55,24.52830188679245
fig06,(c) MR,MR,2,16.650000000000002,24.52830188679245
fig06,(c) MR,MR,2,16.75,24.52830188679245
fig06,(c) MR,MR,2,16.85,24.52830188679245
fig06,(c) MR,MR,2,16.95,24.52830188679245
fig06,(c) MR,MR,2,17.05,24.52830188679245
fig06,(c) MR,MR,2,17.150000000000002,24.52830188679245
fig06,(c) MR,MR,2,17.25,24.52830188679245
fig06,(c) MR,MR,2,17.35,24.52830188679245
fig06,(c) MR,MR,2,17.45,24.52830188679245
fig06,(c) MR,MR,2,17.55,24.52830188679245
fig06,(c) MR,MR,2,17.650000000000002,24.52830188679245
fig06,(c) MR,MR,2,17.75,24.52830188679245
fig06,(c) MR,MR,2,17.85,24.52830188679245
fig06,(c) MR,MR,2,17.95,24.52830188679245
fig06,(c) MR,MR,2,18.05,24.52830188679245
fig06,(c) MR,MR,2,18.15,24.52830188679245
fig06,(c) MR,MR,2,18.25,24.52830188679245
fig06,(c) MR,MR,2,18.35,24.52830188679245
fig06,(c) MR,MR,2,18.45,24.52830188679245
fig06,(c) MR,MR,2,18.55,24.52830188679245
fig06,(c) MR,MR,2,18.65,24.52830188679245
fig06,(c) MR,MR,2,18.75,24.52830188679245
fig06,(c) MR,MR,2,18.85,24.52830188679245
fig06,(c) MR,MR,2,18.95,24.52830188679245
fig06,(c) MR,MR,2,19.05,24.52830188679245
fig06,(c) MR,MR,2,19.15,24.52830188679245
fig06,(c) MR,MR,2,19.25,24.52830188679245
fig06,(c) MR,MR,2,19.35,24.52830188679245
fig06,(c) MR,MR,2,19.450000000000003,24.52830188679245
fig06,(c) MR,MR,2,19.55,24.52830188679245
fig06,(c) MR,MR,2,19.65,24.52830188679245
fig06,(c) MR,MR,2,19.75,24.52830188679245
fig06,(c) MR,MR,2,19.85,24.52830188679245
fig06,(c) MR,MR,2,19.950000000000003,24.52830188679245
fig06,(c) MR,MR,2,20.05,24.52830188679245
fig06,(c) MR,MR,2,20.15,24.52830188679245
fig06,(c) MR,MR,2,20.25,24.52830188679245
fig06,(c) MR,MR,2,20.35,24.52830188679245
fig06,(c) MR,MR,2,20.450000000000003,24.52830188679245
fig06,(c) MR,MR,2,20.55,24.52830188679245
fig06,(c) MR,MR,2,20.65,24.52830188679245
fig06,(c) MR,MR,2,20.75,24.52830188679245
fig06,(c) MR,MR,2,20.85,24.52830188679245
fig06,(c) MR,MR,2,20.950000000000003,24.52830188679245
fig06,(c) MR,MR,2,21.05,24.52830188679245
fig06,(c) MR,MR,2,21.15,24.52830188679245
fig06,(c) MR,MR,2,21.25,24.52830188679245
fig06,(c) MR,MR,2,21.35,24.52830188679245
fig06,(c) MR,MR,2,21.450000000000003,24.52830188679245
fig06,(c) MR,MR,2,21.55,24.52830188679245
fig06,(c) MR,MR,2,21.65,24.52830188679245
fig06,(c) MR,MR,2,21.75,24.52830188679245
fig06,(c) MR,MR,2,21.85,24.52830188679245
fig06,(c) MR,MR,2,21.950000000000003,24.52830188679245
fig06,(c) MR,MR,2,22.05,24.52830188679245
fig06,(c) MR,MR,2,22.15,24.52830188679245
fig06,(c) MR,MR,2,22.25,24.52830188679245
fig06,(c) MR,MR,2,22.35,24.52830188679245
fig06,(c) MR,MR,2,22.450000000000003,24.52830188679245
fig06,(c) MR,MR,2,22.55,24.52830188679245
fig06,(c) MR,MR,2,22.65,24.52830188679245
fig06,(c) MR,MR,2,22.75,24.52830188679245
fig06,(c) MR,MR,2,22.85,24.52830188679245
fig06,(c) MR,MR,2,22.950000000000003,24.52830188679245
fig06,(c) MR,MR,2,23.05,24.52830188679245
fig06,(c) MR,MR,2,23.15,24.52830188679245
fig06,(c) MR,MR,2,23.25,24.52830188679245
fig06,(c) MR,MR,2,23.35,24.52830188679245
fig06,(c) MR,MR,2,23.450000000000003,24.52830188679245
fig06,(c) MR,MR,2,23.55,24.52830188679245
fig06,(c) MR,MR,2,23.65,24.52830188679245
fig06,(c) MR,MR,2,23.75,24.52830188679245
fig06,(c) MR,MR,2,23.85,24.52830188679245
fig06,(c) MR,MR,2,23.950000000000003,24.52830188679245
fig06,(c) MR,MR,2,24.05,24.52830188679245
fig06,(c) MR,MR,2,24.15,24.52830188679245
fig06,(c) MR,MR,2,24.25,24.541974295870933
fig06,(c) MR,MR,2,24.35,24.541974295870933
fig06,(c) MR,MR,2,24.450000000000003,24.541974295870933
fig06,(c) MR,MR,2,24.55,24.52830188679245
fig06,(c) MR,MR,2,24.65,24.52830188679245
fig06,(c) MR,MR,2,24.75,24.52830188679245
fig06,(c) MR,MR,2,24.85,24.52830188679245
fig06,(c) MR,MR,2,24.950000000000003,24.52830188679245
fig06,(c) MR,MR,2,25.05,24.52830188679245
fig06,(c) MR,MR,2,25.15,24.52830188679245
fig06,(c) MR,MR,2,25.25,24.52830188679245
fig06,(c) MR,MR,2,25.35,24.52830188679245
fig06,(c) MR,MR,2,25.450000000000003,24.52830188679245
fig06,(c) MR,MR,2,25.55,24.52830188679245
fig06,(c) MR,MR,2,25.65,24.52830188679245
fig06,(c) MR,MR,2,25.75,24.52830188679245
fig06,(c) MR,MR,2,25.85,24.52830188679245
fig06,(c) MR,MR,2,25.950000000000003,24.52830188679245
fig06,(c) MR,MR,2,26.05,24.52830188679245
fig06,(c) MR,MR,2,26.15,24.52830188679245
fig06,(c) MR,MR,2,26.25,24.52830188679245
fig06,(c) MR,MR,2,26.35,24.52830188679245
fig06,(c) MR,MR,2,26.450000000000003,24.52830188679245
fig06,(c) MR,MR,2,26.55,24.52830188679245
fig06,(c) MR,MR,2,26.65,24.52830188679245
fig06,(c) MR,MR,2,26.75,24.52830188679245
fig06,(c) MR,MR,2,26.85,24.52830188679245
fig06,(c) MR,MR,2,26.950000000000003,24.52830188679245
fig06,(c) MR,MR,2,27.05,24.52830188679245
fig06,(c) MR,MR,2,27.15,24.52830188679245
fig06,(c) MR,MR,2,27.25,24.52830188679245
fig06,(c) MR,MR,2,27.35,24.52830188679245
fig06,(c) MR,MR,2,27.450000000000003,24.52830188679245
fig06,(c) MR,MR,2,27.55,24.52830188679245
fig06,(c) MR,MR,2,27.65,24.52830188679245
fig06,(c) MR,MR,2,27.75,24.52830188679245
fig06,(c) MR,MR,2,27.85,24.52830188679245
fig06,(c) MR,MR,2,27.950000000000003,24.52830188679245
fig06,(c) MR,MR,2,28.05,24.52830188679245
fig06,(c) MR,MR,2,28.15,24.52830188679245
fig06,(c) MR,MR,2,28.25,24.52830188679245
fig06,(c) MR,MR,2,28.35,24.52830188679245
fig06,(c) MR,MR,2,28.450000000000003,24.52830188679245
fig06,(c) MR,MR,2,28.55,24.52830188679245
fig06,(c) MR,MR,2,28.65,24.52830188679245
fig06,(c) MR,MR,2,28.75,24.52830188679245
fig06,(c) MR,MR,2,28.85,24.52830188679245
fig06,(c) MR,MR,2,28.950000000000003,24.52830188679245
fig06,(c) MR,MR,2,29.05,24.52830188679245
fig06,(c) MR,MR,2,29.15,24.52830188679245
fig06,(c) MR,MR,2,29.25,24.52830188679245
fig06,(c) MR,MR,2,29.35,24.52830188679245
fig06,(c) MR,MR,2,29.450000000000003,24.52830188679245
fig06,(c) MR,MR,2,29.55,24.52830188679245
fig06,(c) MR,MR,2,29.65,24.52830188679245
fig06,(c) MR,MR,2,29.75,24.52830188679245
fig06,(c) MR,MR,2,29.85,24.52830188679245
fig06,(c) MR,MR,2,29.950000000000003,24.52830188679245
fig06,(c) MR,MR,2,30.05,24.52830188679245
fig06,(c) MR,MR,2,30.15,24.52830188679245
fig06,(c) MR,MR,2,30.25,24.52830188679245
fig06,(c) MR,MR,2,30.35,24.52830188679245
fig06,(c) MR,MR,3,0.45,16.781796859488313
fig06,(c) MR,MR,3,0.55,16.735144723052894
fig06,(c) MR,MR,3,0.65,16.989412952761256
fig06,(c) MR,MR,3,0.75,17.03790913333291
fig06,(c) MR,MR,3,0.8500000000000001,17.134008211557113
fig06,(c) MR,MR,3,0.95,16.945143501747275
fig06,(c) MR,MR,3,1.05,16.76178057757005
fig06,(c) MR,MR,3,1.15,16.79897373402926
fig06,(c) MR,MR,3,1.25,16.849512817587215
fig06,(c) MR,MR,3,1.35,16.94798029130295
fig06,(c) MR,MR,3,1.4500000000000002,16.94478339525509
fig06,(c) MR,MR,3,1.55,16.947565827282812
fig06,(c) MR,MR,3,1.65,17.099157318994603
fig06,(c) MR,MR,3,1.75,17.239391893191442
fig06,(c) MR,MR,3,1.85,17.188878104470106
fig06,(c) MR,MR,3,1.95,16.830192551971994
fig06,(c) MR,MR,3,2.0500000000000003,16.48428060228646
fig06,(c) MR,MR,3,2.15,16.548959499512524
fig06,(c) MR,MR,3,2.25,16.668619960576265
fig06,(c) MR,MR,3,2.35,17.011620193513604
fig06,(c) MR,MR,3,2.45,16.9525567500162
fig06,(c) MR,MR,3,2.5500000000000003,17.012583953886065
fig06,(c) MR,MR,3,2.6500000000000004,16.852545413344377
fig06,(c) MR,MR,3,2.75,16.91160885684178
fig06,(c) MR,MR,3,2.85,17.00091171789285
fig06,(c) MR,MR,3,2.95,16.889419436589247
fig06,(c) MR,MR,3,3.0500000000000003,16.96231915571538
fig06,(c) MR,MR,3,3.1500000000000004,16.985318140978517
fig06,(c) MR,MR,3,3.25,17.00425753491791
fig06,(c) MR,MR,3,3.35,16.439379413090872
fig06,(c) MR,MR,3,3.45,16.034898581307043
fig06,(c) MR,MR,3,3.5500000000000003,15.730008241039345
fig06,(c) MR,MR,3,3.65,15.842059856451876
fig06,(c) MR,MR,3,3.75,16.13356796913091
fig06,(c) MR,MR,3,3.85,16.26526715743388
fig06,(c) MR,MR,3,3.95,16.263902553441955
fig06,(c) MR,MR,3,4.05,15.882306947789743
fig06,(c) MR,MR,3,4.15,15.72924023811926
fig06,(c) MR,MR,3,4.25,15.495425957690108
fig06,(c) MR,MR,3,4.3500000000000005,15.431277803344072
fig06,(c) MR,MR,3,4.45,15.413995200298174
fig06,(c) MR,MR,3,4.55,15.746307192987524
fig06,(c) MR,MR,3,4.65,16.03133858708473
fig06,(c) MR,MR,3,4.75,16.018344148704355
fig06,(c) MR,MR,3,4.8500000000000005,15.940986968128527
fig06,(c) MR,MR,3,4.95,15.709708177673065
fig06,(c) MR,MR,3,5.050000000000001,15.674772310552065
fig06,(c) MR,MR,3,5.15,15.690470946898188
fig06,(c) MR,MR,3,5.25,15.678839859429855
fig06,(c) MR,MR,3,5.3500000000000005,15.56480748495826
fig06,(c) MR,MR,3,5.45,15.33239708782748
fig06,(c) MR,MR,3,5.550000000000001,15.375214827408708
fig06,(c) MR,MR,3,5.65,15.335083051427874
fig06,(c) MR,MR,3,5.75,15.464000455424127
fig06,(c) MR,MR,3,5.8500000000000005,15.347050510000768
fig06,(c) MR,MR,3,5.95,15.455106814283488
fig06,(c) MR,MR,3,6.050000000000001,15.711244144028097
fig06,(c) MR,MR,3,6.15,15.661033634126332
fig06,(c) MR,MR,3,6.25,15.81899568687196
fig06,(c) MR,MR,3,6.3500000000000005,18.28649264165357
fig06,(c) MR,MR,3,6.45,23.04939433890523
fig06,(c) MR,MR,3,6.550000000000001,24.730631684917565
fig06,(c) MR,MR,3,6.65,23.689679712361823
fig06,(c) MR,MR,3,6.75,20.79037864404098
fig06,(c) MR,MR,3,6.8500000000000005,20.73309748427673
fig06,(c) MR,MR,3,6.95,21.29051865966929
fig06,(c) MR,MR,3,7.050000000000001,21.47602301380572
fig06,(c) MR,MR,3,7.15,21.47602301380572
fig06,(c) MR,MR,3,7.25,20.93235970004838
fig06,(c) MR,MR,3,7.35,20.73309748427673
fig06,(c) MR,MR,3,7.45,20.70387270987148
fig06,(c) MR,MR,3,7.550000000000001,20.73355161893362
fig06,(c) MR,MR,3,7.65,20.74730948056884
fig06,(c) MR,MR,3,7.75,20.77653425497409
fig06,(c) MR,MR,3,7.85,20.74685534591195
fig06,(c) MR,MR,3,7.95,20.690200300793
fig06,(c) MR,MR,3,8.05,20.70395816242822
fig06,(c) MR,MR,3,8.15,20.73363707149036
fig06,(c) MR,MR,3,8.25,20.79029211660931
fig06,(c) MR,MR,3,8.35,20.77653425497409
fig06,(c) MR,MR,3,8.450000000000001,20.70387270987148
fig06,(c) MR,MR,3,8.55,20.69011484823626
fig06,(c) MR,MR,3,8.65,20.747396008000507
fig06,(c) MR,MR,3,8.75,20.77662078240576
fig06,(c) MR,MR,3,8.85,20.79037864404098
fig06,(c) MR,MR,3,8.950000000000001,20.690200300793
fig06,(c) MR,MR,3,9.05,20.70395816242822
fig06,(c) MR,MR,3,9.15,20.73363707149036
fig06,(c) MR,MR,3,9.25,20.79029211660931
fig06,(c) MR,MR,3,9.35,20.77653425497409
fig06,(c) MR,MR,3,9.45,20.70387270987148
fig06,(c) MR,MR,3,9.55,20.69011484823626
fig06,(c) MR,MR,3,9.65,20.747396008000507
fig06,(c) MR,MR,3,9.75,20.77662078240576
fig06,(c) MR,MR,3,9.85,20.79037864404098
fig06,(c) MR,MR,3,9.95,20.690200300793
fig06,(c) MR,MR,3,10.05,20.70395816242822
fig06,(c) MR,MR,3,10.15,20.73363707149036
fig06,(c) MR,MR,3,10.25,20.79029211660931
fig06,(c) MR,MR,3,10.35,20.77653425497409
fig06,(c) MR,MR,3,10.45,20.70387270987148
fig06,(c) MR,MR,3,10.55,20.69011484823626
fig06,(c) MR,MR,3,10.65,20.747396008000507
fig06,(c) MR,MR,3,10.75,20.77662078240576
fig06,(c) MR,MR,3,10.85,20.79037864404098
fig06,(c) MR,MR,3,10.95,20.690200300793
fig06,(c) MR,MR,3,11.05,20.70395816242822
fig06,(c) MR,MR,3,11.15,20.73363707149036
fig06,(c) MR,MR,3,11.25,20.79029211660931
fig06,(c) MR,MR,3,11.35,20.77653425497409
fig06,(c) MR,MR,3,11.45,20.70387270987148
fig06,(c) MR,MR,3,11.55,20.69011484823626
fig06,(c) MR,MR,3,11.65,20.747396008000507
fig06,(c) MR,MR,3,11.75,20.77662078240576
fig06,(c) MR,MR,3,11.85,20.79037864404098
fig06,(c) MR,MR,3,11.95,20.690200300793
fig06,(c) MR,MR,3,12.05,20.70395816242822
fig06,(c) MR,MR,3,12.15,20.73363707149036
fig06,(c) MR,MR,3,12.25,20.79029211660931
fig06,(c) MR,MR,3,12.35,22.307587714093582
fig06,(c) MR,MR,3,12.45,23.84827044025157
fig06,(c) MR,MR,3,12.55,25.418632075471702
fig06,(c) MR,MR,3,12.65,25.471698113207548
fig06,(c) MR,MR,3,12.75,25.471698113207548
fig06,(c) MR,MR,3,12.85,25.471698113207548
fig06,(c) MR,MR,3,12.95,25.471698113207548
fig06,(c) MR,MR,3,13.05,25.471698113207548
fig06,(c) MR,MR,3,13.15,25.471698113207548
fig06,(c) MR,MR,3,13.25,25.471698113207548
fig06,(c) MR,MR,3,13.35,25.471698113207548
fig06,(c) MR,MR,3,13.45,25.471698113207548
fig06,(c) MR,MR,3,13.55,25.471698113207548
fig06,(c) MR,MR,3,13.65,25.471698113207548
fig06,(c) MR,MR,3,13.75,25.471698113207548
fig06,(c) MR,MR,3,13.85,25.471698113207548
fig06,(c) MR,MR,3,13.95,25.471698113207548
fig06,(c) MR,MR,3,14.05,25.471698113207548
fig06,(c) MR,MR,3,14.15,25.471698113207548
fig06,(c) MR,MR,3,14.25,25.471698113207548
fig06,(c) MR,MR,3,14.35,25.471698113207548
fig06,(c) MR,MR,3,14.45,25.471698113207548
fig06,(c) MR,MR,3,14.55,25.471698113207548
fig06,(c) MR,MR,3,14.65,25.471698113207548
fig06,(c) MR,MR,3,14.75,25.471698113207548
fig06,(c) MR,MR,3,14.85,25.471698113207548
fig06,(c) MR,MR,3,14.95,25.471698113207548
fig06,(c) MR,MR,3,15.05,25.471698113207548
fig06,(c) MR,MR,3,15.15,25.471698113207548
fig06,(c) MR,MR,3,15.25,25.471698113207548
fig06,(c) MR,MR,3,15.35,25.471698113207548
fig06,(c) MR,MR,3,15.45,25.471698113207548
fig06,(c) MR,MR,3,15.55,25.471698113207548
fig06,(c) MR,MR,3,15.65,25.471698113207548
fig06,(c) MR,MR,3,15.75,25.471698113207548
fig06,(c) MR,MR,3,15.85,25.471698113207548
fig06,(c) MR,MR,3,15.95,25.471698113207548
fig06,(c) MR,MR,3,16.05,25.471698113207548
fig06,(c) MR,MR,3,16.150000000000002,25.471698113207548
fig06,(c) MR,MR,3,16.25,25.471698113207548
fig06,(c) MR,MR,3,16.35,25.471698113207548
fig06,(c) MR,MR,3,16.45,25.471698113207548
fig06,(c) MR,MR,3,16.55,25.471698113207548
fig06,(c) MR,MR,3,16.650000000000002,25.471698113207548
fig06,(c) MR,MR,3,16.75,25.471698113207548
fig06,(c) MR,MR,3,16.85,25.471698113207548
fig06,(c) MR,MR,3,16.95,25.471698113207548
fig06,(c) MR,MR,3,17.05,25.471698113207548
fig06,(c) MR,MR,3,17.150000000000002,25.471698113207548
fig06,(c) MR,MR,3,17.25,25.471698113207548
fig06,(c) MR,MR,3,17.35,25.471698113207548
fig06,(c) MR,MR,3,17.45,25.471698113207548
fig06,(c) MR,MR,3,17.55,25.471698113207548
fig06,(c) MR,MR,3,17.650000000000002,25.471698113207548
fig06,(c) MR,MR,3,17.75,25.471698113207548
fig06,(c) MR,MR,3,17.85,25.471698113207548
fig06,(c) MR,MR,3,17.95,25.471698113207548
fig06,(c) MR,MR,3,18.05,25.471698113207548
fig06,(c) MR,MR,3,18.15,25.471698113207548
fig06,(c) MR,MR,3,18.25,25.471698113207548
fig06,(c) MR,MR,3,18.35,25.471698113207548
fig06,(c) MR,MR,3,18.45,25.471698113207548
fig06,(c) MR,MR,3,18.55,25.471698113207548
fig06,(c) MR,MR,3,18.65,25.471698113207548
fig06,(c) MR,MR,3,18.75,25.471698113207548
fig06,(c) MR,MR,3,18.85,25.471698113207548
fig06,(c) MR,MR,3,18.95,25.471698113207548
fig06,(c) MR,MR,3,19.05,25.471698113207548
fig06,(c) MR,MR,3,19.15,25.471698113207548
fig06,(c) MR,MR,3,19.25,25.471698113207548
fig06,(c) MR,MR,3,19.35,25.471698113207548
fig06,(c) MR,MR,3,19.450000000000003,25.471698113207548
fig06,(c) MR,MR,3,19.55,25.471698113207548
fig06,(c) MR,MR,3,19.65,25.471698113207548
fig06,(c) MR,MR,3,19.75,25.471698113207548
fig06,(c) MR,MR,3,19.85,25.471698113207548
fig06,(c) MR,MR,3,19.950000000000003,25.471698113207548
fig06,(c) MR,MR,3,20.05,25.471698113207548
fig06,(c) MR,MR,3,20.15,25.471698113207548
fig06,(c) MR,MR,3,20.25,25.471698113207548
fig06,(c) MR,MR,3,20.35,25.471698113207548
fig06,(c) MR,MR,3,20.450000000000003,25.471698113207548
fig06,(c) MR,MR,3,20.55,25.471698113207548
fig06,(c) MR,MR,3,20.65,25.471698113207548
fig06,(c) MR,MR,3,20.75,25.471698113207548
fig06,(c) MR,MR,3,20.85,25.471698113207548
fig06,(c) MR,MR,3,20.950000000000003,25.471698113207548
fig06,(c) MR,MR,3,21.05,25.471698113207548
fig06,(c) MR,MR,3,21.15,25.471698113207548
fig06,(c) MR,MR,3,21.25,25.471698113207548
fig06,(c) MR,MR,3,21.35,25.471698113207548
fig06,(c) MR,MR,3,21.450000000000003,25.471698113207548
fig06,(c) MR,MR,3,21.55,25.471698113207548
fig06,(c) MR,MR,3,21.65,25.471698113207548
fig06,(c) MR,MR,3,21.75,25.471698113207548
fig06,(c) MR,MR,3,21.85,25.471698113207548
fig06,(c) MR,MR,3,21.950000000000003,25.471698113207548
fig06,(c) MR,MR,3,22.05,25.471698113207548
fig06,(c) MR,MR,3,22.15,25.471698113207548
fig06,(c) MR,MR,3,22.25,25.471698113207548
fig06,(c) MR,MR,3,22.35,25.471698113207548
fig06,(c) MR,MR,3,22.450000000000003,25.471698113207548
fig06,(c) MR,MR,3,22.55,25.471698113207548
fig06,(c) MR,MR,3,22.65,25.471698113207548
fig06,(c) MR,MR,3,22.75,25.471698113207548
fig06,(c) MR,MR,3,22.85,25.471698113207548
fig06,(c) MR,MR,3,22.950000000000003,25.471698113207548
fig06,(c) MR,MR,3,23.05,25.471698113207548
fig06,(c) MR,MR,3,23.15,25.471698113207548
fig06,(c) MR,MR,3,23.25,25.471698113207548
fig06,(c) MR,MR,3,23.35,25.471698113207548
fig06,(c) MR,MR,3,23.450000000000003,25.471698113207548
fig06,(c) MR,MR,3,23.55,25.471698113207548
fig06,(c) MR,MR,3,23.65,25.471698113207548
fig06,(c) MR,MR,3,23.75,25.471698113207548
fig06,(c) MR,MR,3,23.85,25.471698113207548
fig06,(c) MR,MR,3,23.950000000000003,25.471698113207548
fig06,(c) MR,MR,3,24.05,25.471698113207548
fig06,(c) MR,MR,3,24.15,25.471698113207548
fig06,(c) MR,MR,3,24.25,25.426774483378257
fig06,(c) MR,MR,3,24.35,25.426774483378257
fig06,(c) MR,MR,3,24.450000000000003,25.426774483378257
fig06,(c) MR,MR,3,24.55,25.471698113207548
fig06,(c) MR,MR,3,24.65,25.471698113207548
fig06,(c) MR,MR,3,24.75,25.471698113207548
fig06,(c) MR,MR,3,24.85,25.471698113207548
fig06,(c) MR,MR,3,24.950000000000003,25.471698113207548
fig06,(c) MR,MR,3,25.05,25.471698113207548
fig06,(c) MR,MR,3,25.15,25.471698113207548
fig06,(c) MR,MR,3,25.25,25.471698113207548
fig06,(c) MR,MR,3,25.35,25.471698113207548
fig06,(c) MR,MR,3,25.450000000000003,25.471698113207548
fig06,(c) MR,MR,3,25.55,25.471698113207548
fig06,(c) MR,MR,3,25.65,25.471698113207548
fig06,(c) MR,MR,3,25.75,25.471698113207548
fig06,(c) MR,MR,3,25.85,25.471698113207548
fig06,(c) MR,MR,3,25.950000000000003,25.471698113207548
fig06,(c) MR,MR,3,26.05,25.471698113207548
fig06,(c) MR,MR,3,26.15,25.471698113207548
fig06,(c) MR,MR,3,26.25,25.471698113207548
fig06,(c) MR,MR,3,26.35,25.471698113207548
fig06,(c) MR,MR,3,26.450000000000003,25.471698113207548
fig06,(c) MR,MR,3,26.55,25.471698113207548
fig06,(c) MR,MR,3,26.65,25.471698113207548
fig06,(c) MR,MR,3,26.75,25.471698113207548
fig06,(c) MR,MR,3,26.85,25.471698113207548
fig06,(c) MR,MR,3,26.950000000000003,25.471698113207548
fig06,(c) MR,MR,3,27.05,25.471698113207548
fig06,(c) MR,MR,3,27.15,25.471698113207548
fig06,(c) MR,MR,3,27.25,25.471698113207548
fig06,(c) MR,MR,3,27.35,25.471698113207548
fig06,(c) MR,MR,3,27.450000000000003,25.471698113207548
fig06,(c) MR,MR,3,27.55,25.471698113207548
fig06,(c) MR,MR,3,27.65,25.471698113207548
fig06,(c) MR,MR,3,27.75,25.471698113207548
fig06,(c) MR,MR,3,27.85,25.471698113207548
fig06,(c) MR,MR,3,27.950000000000003,25.471698113207548
fig06,(c) MR,MR,3,28.05,25.471698113207548
fig06,(c) MR,MR,3,28.15,25.471698113207548
fig06,(c) MR,MR,3,28.25,25.471698113207548
fig06,(c) MR,MR,3,28.35,25.471698113207548
fig06,(c) MR,MR,3,28.450000000000003,25.471698113207548
fig06,(c) MR,MR,3,28.55,25.471698113207548
fig06,(c) MR,MR,3,28.65,25.471698113207548
fig06,(c) MR,MR,3,28.75,25.471698113207548
fig06,(c) MR,MR,3,28.85,25.471698113207548
fig06,(c) MR,MR,3,28.950000000000003,25.471698113207548
fig06,(c) MR,MR,3,29.05,25.471698113207548
fig06,(c) MR,MR,3,29.15,25.471698113207548
fig06,(c) MR,MR,3,29.25,25.471698113207548
fig06,(c) MR,MR,3,29.35,25.471698113207548
fig06,(c) MR,MR,3,29.450000000000003,25.471698113207548
fig06,(c) MR,MR,3,29.55,25.471698113207548
fig06,(c) MR,MR,3,29.65,25.471698113207548
fig06,(c) MR,MR,3,29.75,25.471698113207548
fig06,(c) MR,MR,3,29.85,25.471698113207548
fig06,(c) MR,MR,3,29.950000000000003,25.471698113207548
fig06,(c) MR,MR,3,30.05,25.471698113207548
fig06,(c) MR,MR,3,30.15,25.471698113207548
fig06,(c) MR,MR,3,30.25,25.471698113207548
fig06,(c) MR,MR,3,30.35,25.471698113207548
fig06,(c) MR,MR,4,0.45,16.781796859488313
fig06,(c) MR,MR,4,0.55,16.735144723052894
fig06,(c) MR,MR,4,0.65,16.989412952761256
fig06,(c) MR,MR,4,0.75,17.03790913333291
fig06,(c) MR,MR,4,0.8500000000000001,17.134008211557113
fig06,(c) MR,MR,4,0.95,16.945143501747275
fig06,(c) MR,MR,4,1.05,16.76178057757005
fig06,(c) MR,MR,4,1.15,16.79897373402926
fig06,(c) MR,MR,4,1.25,16.849512817587215
fig06,(c) MR,MR,4,1.35,16.94798029130295
fig06,(c) MR,MR,4,1.4500000000000002,16.94478339525509
fig06,(c) MR,MR,4,1.55,16.947565827282812
fig06,(c) MR,MR,4,1.65,17.099157318994603
fig06,(c) MR,MR,4,1.75,17.239391893191442
fig06,(c) MR,MR,4,1.85,17.188878104470106
fig06,(c) MR,MR,4,1.95,16.830192551971994
fig06,(c) MR,MR,4,2.0500000000000003,16.48428060228646
fig06,(c) MR,MR,4,2.15,16.548959499512524
fig06,(c) MR,MR,4,2.25,16.668619960576265
fig06,(c) MR,MR,4,2.35,17.011620193513604
fig06,(c) MR,MR,4,2.45,16.9525567500162
fig06,(c) MR,MR,4,2.5500000000000003,17.012583953886065
fig06,(c) MR,MR,4,2.6500000000000004,16.852545413344377
fig06,(c) MR,MR,4,2.75,16.91160885684178
fig06,(c) MR,MR,4,2.85,17.00091171789285
fig06,(c) MR,MR,4,2.95,16.889419436589247
fig06,(c) MR,MR,4,3.0500000000000003,16.96231915571538
fig06,(c) MR,MR,4,3.1500000000000004,16.985318140978517
fig06,(c) MR,MR,4,3.25,17.00425753491791
fig06,(c) MR,MR,4,3.35,16.439379413090872
fig06,(c) MR,MR,4,3.45,16.034898581307043
fig06,(c) MR,MR,4,3.5500000000000003,15.730008241039345
fig06,(c) MR,MR,4,3.65,15.842059856451876
fig06,(c) MR,MR,4,3.75,16.13356796913091
fig06,(c) MR,MR,4,3.85,16.26526715743388
fig06,(c) MR,MR,4,3.95,16.263902553441955
fig06,(c) MR,MR,4,4.05,15.882306947789743
fig06,(c) MR,MR,4,4.15,15.72924023811926
fig06,(c) MR,MR,4,4.25,15.495425957690108
fig06,(c) MR,MR,4,4.3500000000000005,15.431277803344072
fig06,(c) MR,MR,4,4.45,15.413995200298174
fig06,(c) MR,MR,4,4.55,15.746307192987524
fig06,(c) MR,MR,4,4.65,16.03133858708473
fig06,(c) MR,MR,4,4.75,16.018344148704355
fig06,(c) MR,MR,4,4.8500000000000005,15.940986968128527
fig06,(c) MR,MR,4,4.95,15.709708177673065
fig06,(c) MR,MR,4,5.050000000000001,15.674772310552065
fig06,(c) MR,MR,4,5.15,15.690470946898188
fig06,(c) MR,MR,4,5.25,15.678839859429855
fig06,(c) MR,MR,4,5.3500000000000005,15.56480748495826
fig06,(c) MR,MR,4,5.45,15.33239708782748
fig06,(c) MR,MR,4,5.550000000000001,15.375214827408708
fig06,(c) MR,MR,4,5.65,15.335083051427874
fig06,(c) MR,MR,4,5.75,15.464000455424127
fig06,(c) MR,MR,4,5.8500000000000005,15.347050510000768
fig06,(c) MR,MR,4,5.95,15.455106814283488
fig06,(c) MR,MR,4,6.050000000000001,15.711244144028097
fig06,(c) MR,MR,4,6.15,15.661033634126332
fig06,(c) MR,MR,4,6.25,15.81899568687196
fig06,(c) MR,MR,4,6.3500000000000005,18.28649264165357
fig06,(c) MR,MR,4,6.45,23.047240466242187
fig06,(c) MR,MR,4,6.550000000000001,24.72847781225452
fig06,(c) MR,MR,4,6.65,23.687525839698772
fig06,(c) MR,MR,4,6.75,20.79037864404098
fig06,(c) MR,MR,4,6.8500000000000005,20.73309748427673
fig06,(c) MR,MR,4,6.95,21.29051865966929
fig06,(c) MR,MR,4,7.050000000000001,21.47602301380572
fig06,(c) MR,MR,4,7.15,21.47602301380572
fig06,(c) MR,MR,4,7.25,20.93235970004838
fig06,(c) MR,MR,4,7.35,20.73309748427673
fig06,(c) MR,MR,4,7.45,20.70387270987148
fig06,(c) MR,MR,4,7.550000000000001,20.73355161893362
fig06,(c) MR,MR,4,7.65,20.74730948056884
fig06,(c) MR,MR,4,7.75,20.77653425497409
fig06,(c) MR,MR,4,7.85,20.74685534591195
fig06,(c) MR,MR,4,7.95,20.690200300793
fig06,(c) MR,MR,4,8.05,20.70395816242822
fig06,(c) MR,MR,4,8.15,20.73363707149036
fig06,(c) MR,MR,4,8.25,20.79029211660931
fig06,(c) MR,MR,4,8.35,20.77653425497409
fig06,(c) MR,MR,4,8.450000000000001,20.70387270987148
fig06,(c) MR,MR,4,8.55,20.69011484823626
fig06,(c) MR,MR,4,8.65,20.74739600800051
fig06,(c) MR,MR,4,8.75,20.77662078240576
fig06,(c) MR,MR,4,8.85,20.79037864404098
fig06,(c) MR,MR,4,8.950000000000001,20.690200300793
fig06,(c) MR,MR,4,9.05,20.70395816242822
fig06,(c) MR,MR,4,9.15,20.73363707149036
fig06,(c) MR,MR,4,9.25,20.79029211660931
fig06,(c) MR,MR,4,9.35,20.77653425497409
fig06,(c) MR,MR,4,9.45,20.70387270987148
fig06,(c) MR,MR,4,9.55,20.69011484823626
fig06,(c) MR,MR,4,9.65,20.74739600800051
fig06,(c) MR,MR,4,9.75,20.77662078240576
fig06,(c) MR,MR,4,9.85,20.79037864404098
fig06,(c) MR,MR,4,9.95,20.690200300793
fig06,(c) MR,MR,4,10.05,20.70395816242822
fig06,(c) MR,MR,4,10.15,20.73363707149036
fig06,(c) MR,MR,4,10.25,20.79029211660931
fig06,(c) MR,MR,4,10.35,20.77653425497409
fig06,(c) MR,MR,4,10.45,20.70387270987148
fig06,(c) MR,MR,4,10.55,20.69011484823626
fig06,(c) MR,MR,4,10.65,20.74739600800051
fig06,(c) MR,MR,4,10.75,20.77662078240576
fig06,(c) MR,MR,4,10.85,20.79037864404098
fig06,(c) MR,MR,4,10.95,20.690200300793
fig06,(c) MR,MR,4,11.05,20.70395816242822
fig06,(c) MR,MR,4,11.15,20.73363707149036
fig06,(c) MR,MR,4,11.25,20.79029211660931
fig06,(c) MR,MR,4,11.35,20.77653425497409
fig06,(c) MR,MR,4,11.45,20.70387270987148
fig06,(c) MR,MR,4,11.55,20.69011484823626
fig06,(c) MR,MR,4,11.65,20.74739600800051
fig06,(c) MR,MR,4,11.75,20.77662078240576
fig06,(c) MR,MR,4,11.85,20.79037864404098
fig06,(c) MR,MR,4,11.95,20.690200300793
fig06,(c) MR,MR,4,12.05,20.70395816242822
fig06,(c) MR,MR,4,12.15,20.73363707149036
fig06,(c) MR,MR,4,12.25,20.79029211660931
fig06,(c) MR,MR,4,12.35,22.30758771409359
fig06,(c) MR,MR,4,12.45,23.84827044025157
fig06,(c) MR,MR,4,12.55,25.418632075471702
fig06,(c) MR,MR,4,12.65,25.471698113207548
fig06,(c) MR,MR,4,12.75,25.471698113207548
fig06,(c) MR,MR,4,12.85,25.471698113207548
fig06,(c) MR,MR,4,12.95,25.471698113207548
fig06,(c) MR,MR,4,13.05,25.471698113207548
fig06,(c) MR,MR,4,13.15,25.471698113207548
fig06,(c) MR,MR,4,13.25,25.471698113207548
fig06,(c) MR,MR,4,13.35,25.471698113207548
fig06,(c) MR,MR,4,13.45,25.471698113207548
fig06,(c) MR,MR,4,13.55,25.471698113207548
fig06,(c) MR,MR,4,13.65,25.471698113207548
fig06,(c) MR,MR,4,13.75,25.471698113207548
fig06,(c) MR,MR,4,13.85,25.471698113207548
fig06,(c) MR,MR,4,13.95,25.471698113207548
fig06,(c) MR,MR,4,14.05,25.471698113207548
fig06,(c) MR,MR,4,14.15,25.471698113207548
fig06,(c) MR,MR,4,14.25,25.471698113207548
fig06,(c) MR,MR,4,14.35,25.471698113207548
fig06,(c) MR,MR,4,14.45,25.471698113207548
fig06,(c) MR,MR,4,14.55,25.471698113207548
fig06,(c) MR,MR,4,14.65,25.471698113207548
fig06,(c) MR,MR,4,14.75,25.471698113207548
fig06,(c) MR,MR,4,14.85,25.471698113207548
fig06,(c) MR,MR,4,14.95,25.471698113207548
fig06,(c) MR,MR,4,15.05,25.471698113207548
fig06,(c) MR,MR,4,15.15,25.471698113207548
fig06,(c) MR,MR,4,15.25,25.471698113207548
fig06,(c) MR,MR,4,15.35,25.471698113207548
fig06,(c) MR,MR,4,15.45,25.471698113207548
fig06,(c) MR,MR,4,15.55,25.471698113207548
fig06,(c) MR,MR,4,15.65,25.471698113207548
fig06,(c) MR,MR,4,15.75,25.471698113207548
fig06,(c) MR,MR,4,15.85,25.471698113207548
fig06,(c) MR,MR,4,15.95,25.471698113207548
fig06,(c) MR,MR,4,16.05,25.471698113207548
fig06,(c) MR,MR,4,16.150000000000002,25.471698113207548
fig06,(c) MR,MR,4,16.25,25.471698113207548
fig06,(c) MR,MR,4,16.35,25.471698113207548
fig06,(c) MR,MR,4,16.45,25.471698113207548
fig06,(c) MR,MR,4,16.55,25.471698113207548
fig06,(c) MR,MR,4,16.650000000000002,25.471698113207548
fig06,(c) MR,MR,4,16.75,25.471698113207548
fig06,(c) MR,MR,4,16.85,25.471698113207548
fig06,(c) MR,MR,4,16.95,25.471698113207548
fig06,(c) MR,MR,4,17.05,25.471698113207548
fig06,(c) MR,MR,4,17.150000000000002,25.471698113207548
fig06,(c) MR,MR,4,17.25,25.471698113207548
fig06,(c) MR,MR,4,17.35,25.471698113207548
fig06,(c) MR,MR,4,17.45,25.471698113207548
fig06,(c) MR,MR,4,17.55,25.471698113207548
fig06,(c) MR,MR,4,17.650000000000002,25.471698113207548
fig06,(c) MR,MR,4,17.75,25.471698113207548
fig06,(c) MR,MR,4,17.85,25.471698113207548
fig06,(c) MR,MR,4,17.95,25.471698113207548
fig06,(c) MR,MR,4,18.05,25.471698113207548
fig06,(c) MR,MR,4,18.15,25.471698113207548
fig06,(c) MR,MR,4,18.25,25.471698113207548
fig06,(c) MR,MR,4,18.35,25.471698113207548
fig06,(c) MR,MR,4,18.45,25.471698113207548
fig06,(c) MR,MR,4,18.55,25.471698113207548
fig06,(c) MR,MR,4,18.65,25.471698113207548
fig06,(c) MR,MR,4,18.75,25.471698113207548
fig06,(c) MR,MR,4,18.85,25.471698113207548
fig06,(c) MR,MR,4,18.95,25.471698113207548
fig06,(c) MR,MR,4,19.05,25.471698113207548
fig06,(c) MR,MR,4,19.15,25.471698113207548
fig06,(c) MR,MR,4,19.25,25.471698113207548
fig06,(c) MR,MR,4,19.35,25.471698113207548
fig06,(c) MR,MR,4,19.450000000000003,25.471698113207548
fig06,(c) MR,MR,4,19.55,25.471698113207548
fig06,(c) MR,MR,4,19.65,25.471698113207548
fig06,(c) MR,MR,4,19.75,25.471698113207548
fig06,(c) MR,MR,4,19.85,25.471698113207548
fig06,(c) MR,MR,4,19.950000000000003,25.471698113207548
fig06,(c) MR,MR,4,20.05,25.471698113207548
fig06,(c) MR,MR,4,20.15,25.471698113207548
fig06,(c) MR,MR,4,20.25,25.471698113207548
fig06,(c) MR,MR,4,20.35,25.471698113207548
fig06,(c) MR,MR,4,20.450000000000003,25.471698113207548
fig06,(c) MR,MR,4,20.55,25.471698113207548
fig06,(c) MR,MR,4,20.65,25.471698113207548
fig06,(c) MR,MR,4,20.75,25.471698113207548
fig06,(c) MR,MR,4,20.85,25.471698113207548
fig06,(c) MR,MR,4,20.950000000000003,25.471698113207548
fig06,(c) MR,MR,4,21.05,25.471698113207548
fig06,(c) MR,MR,4,21.15,25.471698113207548
fig06,(c) MR,MR,4,21.25,25.471698113207548
fig06,(c) MR,MR,4,21.35,25.471698113207548
fig06,(c) MR,MR,4,21.450000000000003,25.471698113207548
fig06,(c) MR,MR,4,21.55,25.471698113207548
fig06,(c) MR,MR,4,21.65,25.471698113207548
fig06,(c) MR,MR,4,21.75,25.471698113207548
fig06,(c) MR,MR,4,21.85,25.471698113207548
fig06,(c) MR,MR,4,21.950000000000003,25.471698113207548
fig06,(c) MR,MR,4,22.05,25.471698113207548
fig06,(c) MR,MR,4,22.15,25.471698113207548
fig06,(c) MR,MR,4,22.25,25.471698113207548
fig06,(c) MR,MR,4,22.35,25.471698113207548
fig06,(c) MR,MR,4,22.450000000000003,25.471698113207548
fig06,(c) MR,MR,4,22.55,25.471698113207548
fig06,(c) MR,MR,4,22.65,25.471698113207548
fig06,(c) MR,MR,4,22.75,25.471698113207548
fig06,(c) MR,MR,4,22.85,25.471698113207548
fig06,(c) MR,MR,4,22.950000000000003,25.471698113207548
fig06,(c) MR,MR,4,23.05,25.471698113207548
fig06,(c) MR,MR,4,23.15,25.471698113207548
fig06,(c) MR,MR,4,23.25,25.471698113207548
fig06,(c) MR,MR,4,23.35,25.471698113207548
fig06,(c) MR,MR,4,23.450000000000003,25.471698113207548
fig06,(c) MR,MR,4,23.55,25.471698113207548
fig06,(c) MR,MR,4,23.65,25.471698113207548
fig06,(c) MR,MR,4,23.75,25.471698113207548
fig06,(c) MR,MR,4,23.85,25.471698113207548
fig06,(c) MR,MR,4,23.950000000000003,25.471698113207548
fig06,(c) MR,MR,4,24.05,25.471698113207548
fig06,(c) MR,MR,4,24.15,25.471698113207548
fig06,(c) MR,MR,4,24.25,25.426774483378257
fig06,(c) MR,MR,4,24.35,25.426774483378257
fig06,(c) MR,MR,4,24.450000000000003,25.426774483378257
fig06,(c) MR,MR,4,24.55,25.471698113207548
fig06,(c) MR,MR,4,24.65,25.471698113207548
fig06,(c) MR,MR,4,24.75,25.471698113207548
fig06,(c) MR,MR,4,24.85,25.471698113207548
fig06,(c) MR,MR,4,24.950000000000003,25.471698113207548
fig06,(c) MR,MR,4,25.05,25.471698113207548
fig06,(c) MR,MR,4,25.15,25.471698113207548
fig06,(c) MR,MR,4,25.25,25.471698113207548
fig06,(c) MR,MR,4,25.35,25.471698113207548
fig06,(c) MR,MR,4,25.450000000000003,25.471698113207548
fig06,(c) MR,MR,4,25.55,25.471698113207548
fig06,(c) MR,MR,4,25.65,25.471698113207548
fig06,(c) MR,MR,4,25.75,25.471698113207548
fig06,(c) MR,MR,4,25.85,25.471698113207548
fig06,(c) MR,MR,4,25.950000000000003,25.471698113207548
fig06,(c) MR,MR,4,26.05,25.471698113207548
fig06,(c) MR,MR,4,26.15,25.471698113207548
fig06,(c) MR,MR,4,26.25,25.471698113207548
fig06,(c) MR,MR,4,26.35,25.471698113207548
fig06,(c) MR,MR,4,26.450000000000003,25.471698113207548
fig06,(c) MR,MR,4,26.55,25.471698113207548
fig06,(c) MR,MR,4,26.65,25.471698113207548
fig06,(c) MR,MR,4,26.75,25.471698113207548
fig06,(c) MR,MR,4,26.85,25.471698113207548
fig06,(c) MR,MR,4,26.950000000000003,25.471698113207548
fig06,(c) MR,MR,4,27.05,25.471698113207548
fig06,(c) MR,MR,4,27.15,25.471698113207548
fig06,(c) MR,MR,4,27.25,25.471698113207548
fig06,(c) MR,MR,4,27.35,25.471698113207548
fig06,(c) MR,MR,4,27.450000000000003,25.471698113207548
fig06,(c) MR,MR,4,27.55,25.471698113207548
fig06,(c) MR,MR,4,27.65,25.471698113207548
fig06,(c) MR,MR,4,27.75,25.471698113207548
fig06,(c) MR,MR,4,27.85,25.471698113207548
fig06,(c) MR,MR,4,27.950000000000003,25.471698113207548
fig06,(c) MR,MR,4,28.05,25.471698113207548
fig06,(c) MR,MR,4,28.15,25.471698113207548
fig06,(c) MR,MR,4,28.25,25.471698113207548
fig06,(c) MR,MR,4,28.35,25.471698113207548
fig06,(c) MR,MR,4,28.450000000000003,25.471698113207548
fig06,(c) MR,MR,4,28.55,25.471698113207548
fig06,(c) MR,MR,4,28.65,25.471698113207548
fig06,(c) MR,MR,4,28.75,25.471698113207548
fig06,(c) MR,MR,4,28.85,25.471698113207548
fig06,(c) MR,MR,4,28.950000000000003,25.471698113207548
fig06,(c) MR,MR,4,29.05,25.471698113207548
fig06,(c) MR,MR,4,29.15,25.471698113207548
fig06,(c) MR,MR,4,29.25,25.471698113207548
fig06,(c) MR,MR,4,29.35,25.471698113207548
fig06,(c) MR,MR,4,29.450000000000003,25.471698113207548
fig06,(c) MR,MR,4,29.55,25.471698113207548
fig06,(c) MR,MR,4,29.65,25.471698113207548
fig06,(c) MR,MR,4,29.75,25.471698113207548
fig06,(c) MR,MR,4,29.85,25.471698113207548
fig06,(c) MR,MR,4,29.950000000000003,25.471698113207548
fig06,(c) MR,MR,4,30.05,25.471698113207548
fig06,(c) MR,MR,4,30.15,25.471698113207548
fig06,(c) MR,MR,4,30.25,25.471698113207548
fig06,(c) MR,MR,4,30.35,25.471698113207548
fig06,(c) MR,MR,5,0.45,19.968196355543743
fig06,(c) MR,MR,5,0.55,19.9407307050861
fig06,(c) MR,MR,5,0.65,19.40298055222939
fig06,(c) MR,MR,5,0.75,19.323140849748174
fig06,(c) MR,MR,5,0.8500000000000001,19.567451694853464
fig06,(c) MR,MR,5,0.95,21.533839340443112
fig06,(c) MR,MR,5,1.05,21.34275270447068
fig06,(c) MR,MR,5,1.15,21.852566655517105
fig06,(c) MR,MR,5,1.25,19.95454329522959
fig06,(c) MR,MR,5,1.35,19.14429243222302
fig06,(c) MR,MR,5,1.4500000000000002,17.69674829816339
fig06,(c) MR,MR,5,1.55,18.701813336247294
fig06,(c) MR,MR,5,1.65,18.7851950964293
fig06,(c) MR,MR,5,1.75,18.61230207762433
fig06,(c) MR,MR,5,1.85,18.20247513477852
fig06,(c) MR,MR,5,1.95,21.46019152498225
fig06,(c) MR,MR,5,2.0500000000000003,23.50484966411673
fig06,(c) MR,MR,5,2.15,22.92311901163136
fig06,(c) MR,MR,5,2.25,20.108149468928364
fig06,(c) MR,MR,5,2.35,18.98068210547522
fig06,(c) MR,MR,5,2.45,19.59610548033256
fig06,(c) MR,MR,5,2.5500000000000003,20.10622686271097
fig06,(c) MR,MR,5,2.6500000000000004,19.973346698384265
fig06,(c) MR,MR,5,2.75,19.22193828188151
fig06,(c) MR,MR,5,2.85,18.86740943344717
fig06,(c) MR,MR,5,2.95,19.12469931337856
fig06,(c) MR,MR,5,3.0500000000000003,19.365101440573135
fig06,(c) MR,MR,5,3.1500000000000004,20.124969370252387
fig06,(c) MR,MR,5,3.25,20.44989994282447
fig06,(c) MR,MR,5,3.35,25.24467565338481
fig06,(c) MR,MR,5,3.45,28.495128493182825
fig06,(c) MR,MR,5,3.5500000000000003,30.854027019534183
fig06,(c) MR,MR,5,3.65,29.47602476131797
fig06,(c) MR,MR,5,3.75,25.923919957132146
fig06,(c) MR,MR,5,3.85,26.46415540302797
fig06,(c) MR,MR,5,3.95,25.935707092061147
fig06,(c) MR,MR,5,4.05,29.957926653517408
fig06,(c) MR,MR,5,4.15,31.65691337608904
fig06,(c) MR,MR,5,4.25,32.9274381897881
fig06,(c) MR,MR,5,4.3500000000000005,33.07802577082375
fig06,(c) MR,MR,5,4.45,32.68743461050703
fig06,(c) MR,MR,5,4.55,32.18736472930507
fig06,(c) MR,MR,5,4.65,32.15019527197915
fig06,(c) MR,MR,5,4.75,30.954706940984817
fig06,(c) MR,MR,5,4.8500000000000005,31.716940555604666
fig06,(c) MR,MR,5,4.95,31.372221428724306
fig06,(c) MR,MR,5,5.050000000000001,32.16032346531494
fig06,(c) MR,MR,5,5.15,31.998298309873803
fig06,(c) MR,MR,5,5.25,31.314428710980167
fig06,(c) MR,MR,5,5.3500000000000005,32.47351727681169
fig06,(c) MR,MR,5,5.45,33.097075188995206
fig06,(c) MR,MR,5,5.550000000000001,34.32411231218845
fig06,(c) MR,MR,5,5.65,32.95034771200876
fig06,(c) MR,MR,5,5.75,32.15770792957756
fig06,(c) MR,MR,5,5.8500000000000005,30.458035389424754
fig06,(c) MR,MR,5,5.95,30.7475232600447
fig06,(c) MR,MR,5,6.050000000000001,28.206895865960675
fig06,(c) MR,MR,5,6.15,30.75395132622368
fig06,(c) MR,MR,5,6.25,29.889705250434872
fig06,(c) MR,MR,5,6.3500000000000005,23.259657693397983
fig06,(c) MR,MR,5,6.45,11.728995162166823
fig06,(c) MR,MR,5,6.550000000000001,1.5894676530499716
fig06,(c) MR,MR,5,6.65,0.3360041354355107
fig06,(c) MR,MR,5,6.75,0.0
fig06,(c) MR,MR,5,6.8500000000000005,0.0
fig06,(c) MR,MR,5,6.95,0.2228331042525696
fig06,(c) MR,MR,5,7.050000000000001,0.2409753393759368
fig06,(c) MR,MR,5,7.15,0.2409753393759368
fig06,(c) MR,MR,5,7.25,0.0181422351233648
fig06,(c) MR,MR,5,7.35,0.0
fig06,(c) MR,MR,5,7.45,0.0
fig06,(c) MR,MR,5,7.550000000000001,0.0
fig06,(c) MR,MR,5,7.65,0.0
fig06,(c) MR,MR,5,7.75,0.0
fig06,(c) MR,MR,5,7.85,0.0
fig06,(c) MR,MR,5,7.95,0.0
fig06,(c) MR,MR,5,8.05,0.0
fig06,(c) MR,MR,5,8.15,0.0
fig06,(c) MR,MR,5,8.25,0.0
fig06,(c) MR,MR,5,8.35,0.0
fig06,(c) MR,MR,5,8.450000000000001,0.0
fig06,(c) MR,MR,5,8.55,0.0
fig06,(c) MR,MR,5,8.65,0.0
fig06,(c) MR,MR,5,8.75,0.0
fig06,(c) MR,MR,5,8.85,0.0
fig06,(c) MR,MR,5,8.950000000000001,0.0
fig06,(c) MR,MR,5,9.05,0.0
fig06,(c) MR,MR,5,9.15,0.0
fig06,(c) MR,MR,5,9.25,0.0
fig06,(c) MR,MR,5,9.35,0.0
fig06,(c) MR,MR,5,9.45,0.0
fig06,(c) MR,MR,5,9.55,0.0
fig06,(c) MR,MR,5,9.65,0.0
fig06,(c) MR,MR,5,9.75,0.0
fig06,(c) MR,MR,5,9.85,0.0
fig06,(c) MR,MR,5,9.95,0.0
fig06,(c) MR,MR,5,10.05,0.0
fig06,(c) MR,MR,5,10.15,0.0
fig06,(c) MR,MR,5,10.25,0.0
fig06,(c) MR,MR,5,10.35,0.0
fig06,(c) MR,MR,5,10.45,0.0
fig06,(c) MR,MR,5,10.55,0.0
fig06,(c) MR,MR,5,10.65,0.0
fig06,(c) MR,MR,5,10.75,0.0
fig06,(c) MR,MR,5,10.85,0.0
fig06,(c) MR,MR,5,10.95,0.0
fig06,(c) MR,MR,5,11.05,0.0
fig06,(c) MR,MR,5,11.15,0.0
fig06,(c) MR,MR,5,11.25,0.0
fig06,(c) MR,MR,5,11.35,0.0
fig06,(c) MR,MR,5,11.45,0.0
fig06,(c) MR,MR,5,11.55,0.0
fig06,(c) MR,MR,5,11.65,0.0
fig06,(c) MR,MR,5,11.75,0.0
fig06,(c) MR,MR,5,11.85,0.0
fig06,(c) MR,MR,5,11.95,0.0
fig06,(c) MR,MR,5,12.05,0.0
fig06,(c) MR,MR,5,12.15,0.0
fig06,(c) MR,MR,5,12.25,0.0
fig06,(c) MR,MR,5,12.35,0.0
fig06,(c) MR,MR,5,12.45,0.0
fig06,(c) MR,MR,5,12.55,0.0
fig06,(c) MR,MR,5,12.65,0.0
fig06,(c) MR,MR,5,12.75,0.0
fig06,(c) MR,MR,5,12.85,0.0
fig06,(c) MR,MR,5,12.95,0.0
fig06,(c) MR,MR,5,13.05,0.0
fig06,(c) MR,MR,5,13.15,0.0
fig06,(c) MR,MR,5,13.25,0.0
fig06,(c) MR,MR,5,13.35,0.0
fig06,(c) MR,MR,5,13.45,0.0
fig06,(c) MR,MR,5,13.55,0.0
fig06,(c) MR,MR,5,13.65,0.0
fig06,(c) MR,MR,5,13.75,0.0
fig06,(c) MR,MR,5,13.85,0.0
fig06,(c) MR,MR,5,13.95,0.0
fig06,(c) MR,MR,5,14.05,0.0
fig06,(c) MR,MR,5,14.15,0.0
fig06,(c) MR,MR,5,14.25,0.0
fig06,(c) MR,MR,5,14.35,0.0
fig06,(c) MR,MR,5,14.45,0.0
fig06,(c) MR,MR,5,14.55,0.0
fig06,(c) MR,MR,5,14.65,0.0
fig06,(c) MR,MR,5,14.75,0.0
fig06,(c) MR,MR,5,14.85,0.0
fig06,(c) MR,MR,5,14.95,0.0
fig06,(c) MR,MR,5,15.05,0.0
fig06,(c) MR,MR,5,15.15,0.0
fig06,(c) MR,MR,5,15.25,0.0
fig06,(c) MR,MR,5,15.35,0.0
fig06,(c) MR,MR,5,15.45,0.0
fig06,(c) MR,MR,5,15.55,0.0
fig06,(c) MR,MR,5,15.65,0.0
fig06,(c) MR,MR,5,15.75,0.0
fig06,(c) MR,MR,5,15.85,0.0
fig06,(c) MR,MR,5,15.95,0.0
fig06,(c) MR,MR,5,16.05,0.0
fig06,(c) MR,MR,5,16.150000000000002,0.0
fig06,(c) MR,MR,5,16.25,0.0
fig06,(c) MR,MR,5,16.35,0.0
fig06,(c) MR,MR,5,16.45,0.0
fig06,(c) MR,MR,5,16.55,0.0
fig06,(c) MR,MR,5,16.650000000000002,0.0
fig06,(c) MR,MR,5,16.75,0.0
fig06,(c) MR,MR,5,16.85,0.0
fig06,(c) MR,MR,5,16.95,0.0
fig06,(c) MR,MR,5,17.05,0.0
fig06,(c) MR,MR,5,17.150000000000002,0.0
fig06,(c) MR,MR,5,17.25,0.0
fig06,(c) MR,MR,5,17.35,0.0
fig06,(c) MR,MR,5,17.45,0.0
fig06,(c) MR,MR,5,17.55,0.0
fig06,(c) MR,MR,5,17.650000000000002,0.0
fig06,(c) MR,MR,5,17.75,0.0
fig06,(c) MR,MR,5,17.85,0.0
fig06,(c) MR,MR,5,17.95,0.0
fig06,(c) MR,MR,5,18.05,0.0
fig06,(c) MR,MR,5,18.15,0.0
fig06,(c) MR,MR,5,18.25,0.0
fig06,(c) MR,MR,5,18.35,0.0
fig06,(c) MR,MR,5,18.45,0.0
fig06,(c) MR,MR,5,18.55,0.0
fig06,(c) MR,MR,5,18.65,0.0
fig06,(c) MR,MR,5,18.75,0.0
fig06,(c) MR,MR,5,18.85,0.0
fig06,(c) MR,MR,5,18.95,0.0
fig06,(c) MR,MR,5,19.05,0.0
fig06,(c) MR,MR,5,19.15,0.0
fig06,(c) MR,MR,5,19.25,0.0
fig06,(c) MR,MR,5,19.35,0.0
fig06,(c) MR,MR,5,19.450000000000003,0.0
fig06,(c) MR,MR,5,19.55,0.0
fig06,(c) MR,MR,5,19.65,0.0
fig06,(c) MR,MR,5,19.75,0.0
fig06,(c) MR,MR,5,19.85,0.0
fig06,(c) MR,MR,5,19.950000000000003,0.0
fig06,(c) MR,MR,5,20.05,0.0
fig06,(c) MR,MR,5,20.15,0.0
fig06,(c) MR,MR,5,20.25,0.0
fig06,(c) MR,MR,5,20.35,0.0
fig06,(c) MR,MR,5,20.450000000000003,0.0
fig06,(c) MR,MR,5,20.55,0.0
fig06,(c) MR,MR,5,20.65,0.0
fig06,(c) MR,MR,5,20.75,0.0
fig06,(c) MR,MR,5,20.85,0.0
fig06,(c) MR,MR,5,20.950000000000003,0.0
fig06,(c) MR,MR,5,21.05,0.0
fig06,(c) MR,MR,5,21.15,0.0
fig06,(c) MR,MR,5,21.25,0.0
fig06,(c) MR,MR,5,21.35,0.0
fig06,(c) MR,MR,5,21.450000000000003,0.0
fig06,(c) MR,MR,5,21.55,0.0
fig06,(c) MR,MR,5,21.65,0.0
fig06,(c) MR,MR,5,21.75,0.0
fig06,(c) MR,MR,5,21.85,0.0
fig06,(c) MR,MR,5,21.950000000000003,0.0
fig06,(c) MR,MR,5,22.05,0.0
fig06,(c) MR,MR,5,22.15,0.0
fig06,(c) MR,MR,5,22.25,0.0
fig06,(c) MR,MR,5,22.35,0.0
fig06,(c) MR,MR,5,22.450000000000003,0.0
fig06,(c) MR,MR,5,22.55,0.0
fig06,(c) MR,MR,5,22.65,0.0
fig06,(c) MR,MR,5,22.75,0.0
fig06,(c) MR,MR,5,22.85,0.0
fig06,(c) MR,MR,5,22.950000000000003,0.0
fig06,(c) MR,MR,5,23.05,0.0
fig06,(c) MR,MR,5,23.15,0.0
fig06,(c) MR,MR,5,23.25,0.0
fig06,(c) MR,MR,5,23.35,0.0
fig06,(c) MR,MR,5,23.450000000000003,0.0
fig06,(c) MR,MR,5,23.55,0.0
fig06,(c) MR,MR,5,23.65,0.0
fig06,(c) MR,MR,5,23.75,0.0
fig06,(c) MR,MR,5,23.85,0.0
fig06,(c) MR,MR,5,23.950000000000003,0.0
fig06,(c) MR,MR,5,24.05,0.0
fig06,(c) MR,MR,5,24.15,0.0
fig06,(c) MR,MR,5,24.25,0.0214852142661799
fig06,(c) MR,MR,5,24.35,0.0214852142661799
fig06,(c) MR,MR,5,24.450000000000003,0.0214852142661799
fig06,(c) MR,MR,5,24.55,0.0
fig06,(c) MR,MR,5,24.65,0.0
fig06,(c) MR,MR,5,24.75,0.0
fig06,(c) MR,MR,5,24.85,0.0
fig06,(c) MR,MR,5,24.950000000000003,0.0
fig06,(c) MR,MR,5,25.05,0.0
fig06,(c) MR,MR,5,25.15,0.0
fig06,(c) MR,MR,5,25.25,0.0
fig06,(c) MR,MR,5,25.35,0.0
fig06,(c) MR,MR,5,25.450000000000003,0.0
fig06,(c) MR,MR,5,25.55,0.0
fig06,(c) MR,MR,5,25.65,0.0
fig06,(c) MR,MR,5,25.75,0.0
fig06,(c) MR,MR,5,25.85,0.0
fig06,(c) MR,MR,5,25.950000000000003,0.0
fig06,(c) MR,MR,5,26.05,0.0
fig06,(c) MR,MR,5,26.15,0.0
fig06,(c) MR,MR,5,26.25,0.0
fig06,(c) MR,MR,5,26.35,0.0
fig06,(c) MR,MR,5,26.450000000000003,0.0
fig06,(c) MR,MR,5,26.55,0.0
fig06,(c) MR,MR,5,26.65,0.0
fig06,(c) MR,MR,5,26.75,0.0
fig06,(c) MR,MR,5,26.85,0.0
fig06,(c) MR,MR,5,26.950000000000003,0.0
fig06,(c) MR,MR,5,27.05,0.0
fig06,(c) MR,MR,5,27.15,0.0
fig06,(c) MR,MR,5,27.25,0.0
fig06,(c) MR,MR,5,27.35,0.0
fig06,(c) MR,MR,5,27.450000000000003,0.0
fig06,(c) MR,MR,5,27.55,0.0
fig06,(c) MR,MR,5,27.65,0.0
fig06,(c) MR,MR,5,27.75,0.0
fig06,(c) MR,MR,5,27.85,0.0
fig06,(c) MR,MR,5,27.950000000000003,0.0
fig06,(c) MR,MR,5,28.05,0.0
fig06,(c) MR,MR,5,28.15,0.0
fig06,(c) MR,MR,5,28.25,0.0
fig06,(c) MR,MR,5,28.35,0.0
fig06,(c) MR,MR,5,28.450000000000003,0.0
fig06,(c) MR,MR,5,28.55,0.0
fig06,(c) MR,MR,5,28.65,0.0
fig06,(c) MR,MR,5,28.75,0.0
fig06,(c) MR,MR,5,28.85,0.0
fig06,(c) MR,MR,5,28.950000000000003,0.0
fig06,(c) MR,MR,5,29.05,0.0
fig06,(c) MR,MR,5,29.15,0.0
fig06,(c) MR,MR,5,29.25,0.0
fig06,(c) MR,MR,5,29.35,0.0
fig06,(c) MR,MR,5,29.450000000000003,0.0
fig06,(c) MR,MR,5,29.55,0.0
fig06,(c) MR,MR,5,29.65,0.0
fig06,(c) MR,MR,5,29.75,0.0
fig06,(c) MR,MR,5,29.85,0.0
fig06,(c) MR,MR,5,29.950000000000003,0.0
fig06,(c) MR,MR,5,30.05,0.0
fig06,(c) MR,MR,5,30.15,0.0
fig06,(c) MR,MR,5,30.25,0.0
fig06,(c) MR,MR,5,30.35,0.0
fig06,(c) MR,MR,6,0.45,12.515444729651168
fig06,(c) MR,MR,6,0.55,13.02750932986344
fig06,(c) MR,MR,6,0.65,13.133769594052204
fig06,(c) MR,MR,6,0.75,13.020989575611807
fig06,(c) MR,MR,6,0.8500000000000001,12.374165989364188
fig06,(c) MR,MR,6,0.95,11.141676931771272
fig06,(c) MR,MR,6,1.05,12.069174348841678
fig06,(c) MR,MR,6,1.15,11.413342820585015
fig06,(c) MR,MR,6,1.25,13.10078666604773
fig06,(c) MR,MR,6,1.35,13.514310648960986
fig06,(c) MR,MR,6,1.4500000000000002,14.988885448791107
fig06,(c) MR,MR,6,1.55,13.9768390358013
fig06,(c) MR,MR,6,1.65,13.29703426812653
fig06,(c) MR,MR,6,1.75,12.910720281183616
fig06,(c) MR,MR,6,1.85,13.52126175257414
fig06,(c) MR,MR,6,1.95,11.677694614557552
fig06,(c) MR,MR,6,2.0500000000000003,10.998201202633185
fig06,(c) MR,MR,6,2.15,11.336722001059645
fig06,(c) MR,MR,6,2.25,13.692073620185532
fig06,(c) MR,MR,6,2.35,13.457287973176753
fig06,(c) MR,MR,6,2.45,13.073843544921004
fig06,(c) MR,MR,6,2.5500000000000003,12.333377837322567
fig06,(c) MR,MR,6,2.6500000000000004,13.074912682631
fig06,(c) MR,MR,6,2.75,13.60000819593406
fig06,(c) MR,MR,6,2.85,13.586219152256888
fig06,(c) MR,MR,6,2.95,13.786333503314635
fig06,(c) MR,MR,6,3.0500000000000003,13.244391628825593
fig06,(c) MR,MR,6,3.1500000000000004,12.38539369435596
fig06,(c) MR,MR,6,3.25,12.010281385281385
fig06,(c) MR,MR,6,3.35,9.453035715115789
fig06,(c) MR,MR,6,3.45,7.824902472110182
fig06,(c) MR,MR,6,3.5500000000000003,6.675798256968231
fig06,(c) MR,MR,6,3.65,7.611880846993017
fig06,(c) MR,MR,6,3.75,9.99646675682865
fig06,(c) MR,MR,6,3.85,8.921371342110595
fig06,(c) MR,MR,6,3.95,9.45891701302356
fig06,(c) MR,MR,6,4.05,6.959390381850274
fig06,(c) MR,MR,6,4.15,5.866354312399111
fig06,(c) MR,MR,6,4.25,5.53404629485247
fig06,(c) MR,MR,6,4.3500000000000005,5.642713606381347
fig06,(c) MR,MR,6,4.45,6.119457893159939
fig06,(c) MR,MR,6,4.55,5.295225242512194
fig06,(c) MR,MR,6,4.65,4.2108866294115
fig06,(c) MR,MR,6,4.75,5.445358275546955
fig06,(c) MR,MR,6,4.8500000000000005,4.989933402807987
fig06,(c) MR,MR,6,4.95,6.228092359663342
fig06,(c) MR,MR,6,5.050000000000001,5.588851200780983
fig06,(c) MR,MR,6,5.15,5.678720855070584
fig06,(c) MR,MR,6,5.25,6.423429988413972
fig06,(c) MR,MR,6,5.3500000000000005,5.716759197610798
fig06,(c) MR,MR,6,5.45,6.031095656685591
fig06,(c) MR,MR,6,5.550000000000001,4.634065716647469
fig06,(c) MR,MR,6,5.65,6.1671594572883786
fig06,(c) MR,MR,6,5.75,6.447902202619183
fig06,(c) MR,MR,6,5.8500000000000005,8.591984535380762
fig06,(c) MR,MR,6,5.95,7.873985134362492
fig06,(c) MR,MR,6,6.050000000000001,9.392729894213971
fig06,(c) MR,MR,6,6.15,7.06491659830462
fig06,(c) MR,MR,6,6.25,7.286553932483575
fig06,(c) MR,MR,6,6.3500000000000005,4.308033956424633
fig06,(c) MR,MR,6,6.45,3.2528431233066866
fig06,(c) MR,MR,6,6.550000000000001,1.0463001287503733
fig06,(c) MR,MR,6,6.65,0.3360041354355119
fig06,(c) MR,MR,6,6.75,0.0
fig06,(c) MR,MR,6,6.8500000000000005,0.0
fig06,(c) MR,MR,6,6.95,0.5289683035528332
fig06,(c) MR,MR,6,7.050000000000001,4.403343404343029
fig06,(c) MR,MR,6,7.15,9.029915731387057
fig06,(c) MR,MR,6,7.25,13.101969440412836
fig06,(c) MR,MR,6,7.35,13.854166666666666
fig06,(c) MR,MR,6,7.45,13.997311906715105
fig06,(c) MR,MR,6,7.550000000000001,13.852205403807783
fig06,(c) MR,MR,6,7.65,13.826655089342374
fig06,(c) MR,MR,6,7.75,13.683509849293936
fig06,(c) MR,MR,6,7.85,13.828616352201257
fig06,(c) MR,MR,6,7.95,14.032469530059766
fig06,(c) MR,MR,6,8.05,13.9970921715692
fig06,(c) MR,MR,6,8.15,13.851985668661875
fig06,(c) MR,MR,6,8.25,13.648132490803368
fig06,(c) MR,MR,6,8.35,13.683509849293934
fig06,(c) MR,MR,6,8.450000000000001,13.997311906715105
fig06,(c) MR,MR,6,8.55,14.03268926520567
fig06,(c) MR,MR,6,8.65,13.82643259023237
fig06,(c) MR,MR,6,8.75,13.683287350183932
fig06,(c) MR,MR,6,8.85,13.647909991693366
fig06,(c) MR,MR,6,8.950000000000001,14.032469530059766
fig06,(c) MR,MR,6,9.05,13.9970921715692
fig06,(c) MR,MR,6,9.15,13.851985668661875
fig06,(c) MR,MR,6,9.25,13.648132490803368
fig06,(c) MR,MR,6,9.35,13.683509849293934
fig06,(c) MR,MR,6,9.45,13.997311906715105
fig06,(c) MR,MR,6,9.55,14.03268926520567
fig06,(c) MR,MR,6,9.65,13.82643259023237
fig06,(c) MR,MR,6,9.75,13.683287350183932
fig06,(c) MR,MR,6,9.85,13.647909991693366
fig06,(c) MR,MR,6,9.95,14.032469530059766
fig06,(c) MR,MR,6,10.05,13.9970921715692
fig06,(c) MR,MR,6,10.15,13.851985668661875
fig06,(c) MR,MR,6,10.25,13.648132490803368
fig06,(c) MR,MR,6,10.35,13.683509849293934
fig06,(c) MR,MR,6,10.45,13.997311906715105
fig06,(c) MR,MR,6,10.55,14.03268926520567
fig06,(c) MR,MR,6,10.65,13.82643259023237
fig06,(c) MR,MR,6,10.75,13.683287350183932
fig06,(c) MR,MR,6,10.85,13.647909991693366
fig06,(c) MR,MR,6,10.95,14.032469530059766
fig06,(c) MR,MR,6,11.05,13.9970921715692
fig06,(c) MR,MR,6,11.15,13.851985668661875
fig06,(c) MR,MR,6,11.25,13.648132490803368
fig06,(c) MR,MR,6,11.35,13.683509849293934
fig06,(c) MR,MR,6,11.45,13.997311906715105
fig06,(c) MR,MR,6,11.55,14.03268926520567
fig06,(c) MR,MR,6,11.65,13.82643259023237
fig06,(c) MR,MR,6,11.75,13.683287350183932
fig06,(c) MR,MR,6,11.85,13.647909991693366
fig06,(c) MR,MR,6,11.95,14.032469530059766
fig06,(c) MR,MR,6,12.05,13.9970921715692
fig06,(c) MR,MR,6,12.15,13.851985668661875
fig06,(c) MR,MR,6,12.25,13.648132490803368
fig06,(c) MR,MR,6,12.35,9.255443811558086
fig06,(c) MR,MR,6,12.45,4.799528301886792
fig06,(c) MR,MR,6,12.55,0.1985062893081749
fig06,(c) MR,MR,6,12.65,0.0
fig06,(c) MR,MR,6,12.75,0.0
fig06,(c) MR,MR,6,12.85,0.0
fig06,(c) MR,MR,6,12.95,0.0
fig06,(c) MR,MR,6,13.05,0.0
fig06,(c) MR,MR,6,13.15,0.0
fig06,(c) MR,MR,6,13.25,0.0
fig06,(c) MR,MR,6,13.35,0.0
fig06,(c) MR,MR,6,13.45,0.0
fig06,(c) MR,MR,6,13.55,0.0
fig06,(c) MR,MR,6,13.65,0.0
fig06,(c) MR,MR,6,13.75,0.0
fig06,(c) MR,MR,6,13.85,0.0
fig06,(c) MR,MR,6,13.95,0.0
fig06,(c) MR,MR,6,14.05,0.0
fig06,(c) MR,MR,6,14.15,0.0
fig06,(c) MR,MR,6,14.25,0.0
fig06,(c) MR,MR,6,14.35,0.0
fig06,(c) MR,MR,6,14.45,0.0
fig06,(c) MR,MR,6,14.55,0.0
fig06,(c) MR,MR,6,14.65,0.0
fig06,(c) MR,MR,6,14.75,0.0
fig06,(c) MR,MR,6,14.85,0.0
fig06,(c) MR,MR,6,14.95,0.0
fig06,(c) MR,MR,6,15.05,0.0
fig06,(c) MR,MR,6,15.15,0.0
fig06,(c) MR,MR,6,15.25,0.0
fig06,(c) MR,MR,6,15.35,0.0
fig06,(c) MR,MR,6,15.45,0.0
fig06,(c) MR,MR,6,15.55,0.0
fig06,(c) MR,MR,6,15.65,0.0
fig06,(c) MR,MR,6,15.75,0.0
fig06,(c) MR,MR,6,15.85,0.0
fig06,(c) MR,MR,6,15.95,0.0
fig06,(c) MR,MR,6,16.05,0.0
fig06,(c) MR,MR,6,16.150000000000002,0.0
fig06,(c) MR,MR,6,16.25,0.0
fig06,(c) MR,MR,6,16.35,0.0
fig06,(c) MR,MR,6,16.45,0.0
fig06,(c) MR,MR,6,16.55,0.0
fig06,(c) MR,MR,6,16.650000000000002,0.0
fig06,(c) MR,MR,6,16.75,0.0
fig06,(c) MR,MR,6,16.85,0.0
fig06,(c) MR,MR,6,16.95,0.0
fig06,(c) MR,MR,6,17.05,0.0
fig06,(c) MR,MR,6,17.150000000000002,0.0
fig06,(c) MR,MR,6,17.25,0.0
fig06,(c) MR,MR,6,17.35,0.0
fig06,(c) MR,MR,6,17.45,0.0
fig06,(c) MR,MR,6,17.55,0.0
fig06,(c) MR,MR,6,17.650000000000002,0.0
fig06,(c) MR,MR,6,17.75,0.0
fig06,(c) MR,MR,6,17.85,0.0
fig06,(c) MR,MR,6,17.95,0.0
fig06,(c) MR,MR,6,18.05,0.0
fig06,(c) MR,MR,6,18.15,0.0
fig06,(c) MR,MR,6,18.25,0.0
fig06,(c) MR,MR,6,18.35,0.0
fig06,(c) MR,MR,6,18.45,0.0
fig06,(c) MR,MR,6,18.55,0.0
fig06,(c) MR,MR,6,18.65,0.0
fig06,(c) MR,MR,6,18.75,0.0
fig06,(c) MR,MR,6,18.85,0.0
fig06,(c) MR,MR,6,18.95,0.0
fig06,(c) MR,MR,6,19.05,0.0
fig06,(c) MR,MR,6,19.15,0.0
fig06,(c) MR,MR,6,19.25,0.0
fig06,(c) MR,MR,6,19.35,0.0
fig06,(c) MR,MR,6,19.450000000000003,0.0
fig06,(c) MR,MR,6,19.55,0.0
fig06,(c) MR,MR,6,19.65,0.0
fig06,(c) MR,MR,6,19.75,0.0
fig06,(c) MR,MR,6,19.85,0.0
fig06,(c) MR,MR,6,19.950000000000003,0.0
fig06,(c) MR,MR,6,20.05,0.0
fig06,(c) MR,MR,6,20.15,0.0
fig06,(c) MR,MR,6,20.25,0.0
fig06,(c) MR,MR,6,20.35,0.0
fig06,(c) MR,MR,6,20.450000000000003,0.0
fig06,(c) MR,MR,6,20.55,0.0
fig06,(c) MR,MR,6,20.65,0.0
fig06,(c) MR,MR,6,20.75,0.0
fig06,(c) MR,MR,6,20.85,0.0
fig06,(c) MR,MR,6,20.950000000000003,0.0
fig06,(c) MR,MR,6,21.05,0.0
fig06,(c) MR,MR,6,21.15,0.0
fig06,(c) MR,MR,6,21.25,0.0
fig06,(c) MR,MR,6,21.35,0.0
fig06,(c) MR,MR,6,21.450000000000003,0.0
fig06,(c) MR,MR,6,21.55,0.0
fig06,(c) MR,MR,6,21.65,0.0
fig06,(c) MR,MR,6,21.75,0.0
fig06,(c) MR,MR,6,21.85,0.0
fig06,(c) MR,MR,6,21.950000000000003,0.0
fig06,(c) MR,MR,6,22.05,0.0
fig06,(c) MR,MR,6,22.15,0.0
fig06,(c) MR,MR,6,22.25,0.0
fig06,(c) MR,MR,6,22.35,0.0
fig06,(c) MR,MR,6,22.450000000000003,0.0
fig06,(c) MR,MR,6,22.55,0.0
fig06,(c) MR,MR,6,22.65,0.0
fig06,(c) MR,MR,6,22.75,0.0
fig06,(c) MR,MR,6,22.85,0.0
fig06,(c) MR,MR,6,22.950000000000003,0.0
fig06,(c) MR,MR,6,23.05,0.0
fig06,(c) MR,MR,6,23.15,0.0
fig06,(c) MR,MR,6,23.25,0.0
fig06,(c) MR,MR,6,23.35,0.0
fig06,(c) MR,MR,6,23.450000000000003,0.0
fig06,(c) MR,MR,6,23.55,0.0
fig06,(c) MR,MR,6,23.65,0.0
fig06,(c) MR,MR,6,23.75,0.0
fig06,(c) MR,MR,6,23.85,0.0
fig06,(c) MR,MR,6,23.950000000000003,0.0
fig06,(c) MR,MR,6,24.05,0.0
fig06,(c) MR,MR,6,24.15,0.0
fig06,(c) MR,MR,6,24.25,0.021485214266181
fig06,(c) MR,MR,6,24.35,0.021485214266181
fig06,(c) MR,MR,6,24.450000000000003,0.021485214266181
fig06,(c) MR,MR,6,24.55,0.0
fig06,(c) MR,MR,6,24.65,0.0
fig06,(c) MR,MR,6,24.75,0.0
fig06,(c) MR,MR,6,24.85,0.0
fig06,(c) MR,MR,6,24.950000000000003,0.0
fig06,(c) MR,MR,6,25.05,0.0
fig06,(c) MR,MR,6,25.15,0.0
fig06,(c) MR,MR,6,25.25,0.0
fig06,(c) MR,MR,6,25.35,0.0
fig06,(c) MR,MR,6,25.450000000000003,0.0
fig06,(c) MR,MR,6,25.55,0.0
fig06,(c) MR,MR,6,25.65,0.0
fig06,(c) MR,MR,6,25.75,0.0
fig06,(c) MR,MR,6,25.85,0.0
fig06,(c) MR,MR,6,25.950000000000003,0.0
fig06,(c) MR,MR,6,26.05,0.0
fig06,(c) MR,MR,6,26.15,0.0
fig06,(c) MR,MR,6,26.25,0.0
fig06,(c) MR,MR,6,26.35,0.0
fig06,(c) MR,MR,6,26.450000000000003,0.0
fig06,(c) MR,MR,6,26.55,0.0
fig06,(c) MR,MR,6,26.65,0.0
fig06,(c) MR,MR,6,26.75,0.0
fig06,(c) MR,MR,6,26.85,0.0
fig06,(c) MR,MR,6,26.950000000000003,0.0
fig06,(c) MR,MR,6,27.05,0.0
fig06,(c) MR,MR,6,27.15,0.0
fig06,(c) MR,MR,6,27.25,0.0
fig06,(c) MR,MR,6,27.35,0.0
fig06,(c) MR,MR,6,27.450000000000003,0.0
fig06,(c) MR,MR,6,27.55,0.0
fig06,(c) MR,MR,6,27.65,0.0
fig06,(c) MR,MR,6,27.75,0.0
fig06,(c) MR,MR,6,27.85,0.0
fig06,(c) MR,MR,6,27.950000000000003,0.0
fig06,(c) MR,MR,6,28.05,0.0
fig06,(c) MR,MR,6,28.15,0.0
fig06,(c) MR,MR,6,28.25,0.0
fig06,(c) MR,MR,6,28.35,0.0
fig06,(c) MR,MR,6,28.450000000000003,0.0
fig06,(c) MR,MR,6,28.55,0.0
fig06,(c) MR,MR,6,28.65,0.0
fig06,(c) MR,MR,6,28.75,0.0
fig06,(c) MR,MR,6,28.85,0.0
fig06,(c) MR,MR,6,28.950000000000003,0.0
fig06,(c) MR,MR,6,29.05,0.0
fig06,(c) MR,MR,6,29.15,0.0
fig06,(c) MR,MR,6,29.25,0.0
fig06,(c) MR,MR,6,29.35,0.0
fig06,(c) MR,MR,6,29.450000000000003,0.0
fig06,(c) MR,MR,6,29.55,0.0
fig06,(c) MR,MR,6,29.65,0.0
fig06,(c) MR,MR,6,29.75,0.0
fig06,(c) MR,MR,6,29.85,0.0
fig06,(c) MR,MR,6,29.950000000000003,0.0
fig06,(c) MR,MR,6,30.05,0.0
fig06,(c) MR,MR,6,30.15,0.0
fig06,(c) MR,MR,6,30.25,0.0
fig06,(c) MR,MR,6,30.35,0.0
fig06,(c) MR,MR,7,0.45,33.296337402885676
fig06,(c) MR,MR,7,0.55,22.197558268590452
fig06,(c) MR,MR,7,0.65,0.0
fig06,(c) MR,MR,7,0.75,0.0
fig06,(c) MR,MR,7,0.8500000000000001,0.0
fig06,(c) MR,MR,7,0.95,0.0
fig06,(c) MR,MR,7,1.05,0.0
fig06,(c) MR,MR,7,1.15,0.0
fig06,(c) MR,MR,7,1.25,0.0
fig06,(c) MR,MR,7,1.35,0.0
fig06,(c) MR,MR,7,1.4500000000000002,0.0
fig06,(c) MR,MR,7,1.55,0.0
fig06,(c) MR,MR,7,1.65,0.0
fig06,(c) MR,MR,7,1.75,0.0
fig06,(c) MR,MR,7,1.85,0.0
fig06,(c) MR,MR,7,1.95,0.0
fig06,(c) MR,MR,7,2.0500000000000003,0.0
fig06,(c) MR,MR,7,2.15,0.0
fig06,(c) MR,MR,7,2.25,0.0
fig06,(c) MR,MR,7,2.35,0.0
fig06,(c) MR,MR,7,2.45,0.0
fig06,(c) MR,MR,7,2.5500000000000003,0.0
fig06,(c) MR,MR,7,2.6500000000000004,0.0
fig06,(c) MR,MR,7,2.75,0.0
fig06,(c) MR,MR,7,2.85,0.0
fig06,(c) MR,MR,7,2.95,0.0
fig06,(c) MR,MR,7,3.0500000000000003,0.0
fig06,(c) MR,MR,7,3.1500000000000004,0.0
fig06,(c) MR,MR,7,3.25,0.0
fig06,(c) MR,MR,7,3.35,0.0
fig06,(c) MR,MR,7,3.45,0.0
fig06,(c) MR,MR,7,3.5500000000000003,0.0
fig06,(c) MR,MR,7,3.65,0.0
fig06,(c) MR,MR,7,3.75,0.0
fig06,(c) MR,MR,7,3.85,0.0
fig06,(c) MR,MR,7,3.95,0.0
fig06,(c) MR,MR,7,4.05,0.0
fig06,(c) MR,MR,7,4.15,0.0
fig06,(c) MR,MR,7,4.25,0.0
fig06,(c) MR,MR,7,4.3500000000000005,0.0
fig06,(c) MR,MR,7,4.45,0.0
fig06,(c) MR,MR,7,4.55,0.0
fig06,(c) MR,MR,7,4.65,0.0
fig06,(c) MR,MR,7,4.75,0.0
fig06,(c) MR,MR,7,4.8500000000000005,0.0
fig06,(c) MR,MR,7,4.95,0.0
fig06,(c) MR,MR,7,5.050000000000001,0.0
fig06,(c) MR,MR,7,5.15,0.0
fig06,(c) MR,MR,7,5.25,0.0
fig06,(c) MR,MR,7,5.3500000000000005,0.0
fig06,(c) MR,MR,7,5.45,0.0
fig06,(c) MR,MR,7,5.550000000000001,0.0
fig06,(c) MR,MR,7,5.65,0.0
fig06,(c) MR,MR,7,5.75,0.0
fig06,(c) MR,MR,7,5.8500000000000005,0.0
fig06,(c) MR,MR,7,5.95,0.0
fig06,(c) MR,MR,7,6.050000000000001,0.0
fig06,(c) MR,MR,7,6.15,0.0
fig06,(c) MR,MR,7,6.25,0.0
fig06,(c) MR,MR,7,6.3500000000000005,0.0
fig06,(c) MR,MR,7,6.45,0.0
fig06,(c) MR,MR,7,6.550000000000001,0.0
fig06,(c) MR,MR,7,6.65,0.0
fig06,(c) MR,MR,7,6.75,0.0
fig06,(c) MR,MR,7,6.8500000000000005,0.0
fig06,(c) MR,MR,7,6.95,0.0
fig06,(c) MR,MR,7,7.050000000000001,0.0
fig06,(c) MR,MR,7,7.15,0.0
fig06,(c) MR,MR,7,7.25,0.0
fig06,(c) MR,MR,7,7.35,0.0
fig06,(c) MR,MR,7,7.45,0.0
fig06,(c) MR,MR,7,7.550000000000001,0.0
fig06,(c) MR,MR,7,7.65,0.0
fig06,(c) MR,MR,7,7.75,0.0
fig06,(c) MR,MR,7,7.85,0.0
fig06,(c) MR,MR,7,7.95,0.0
fig06,(c) MR,MR,7,8.05,0.0
fig06,(c) MR,MR,7,8.15,0.0
fig06,(c) MR,MR,7,8.25,0.0
fig06,(c) MR,MR,7,8.35,0.0
fig06,(c) MR,MR,7,8.450000000000001,0.0
fig06,(c) MR,MR,7,8.55,0.0
fig06,(c) MR,MR,7,8.65,0.0
fig06,(c) MR,MR,7,8.75,0.0
fig06,(c) MR,MR,7,8.85,0.0
fig06,(c) MR,MR,7,8.950000000000001,0.0
fig06,(c) MR,MR,7,9.05,0.0
fig06,(c) MR,MR,7,9.15,0.0
fig06,(c) MR,MR,7,9.25,0.0
fig06,(c) MR,MR,7,9.35,0.0
fig06,(c) MR,MR,7,9.45,0.0
fig06,(c) MR,MR,7,9.55,0.0
fig06,(c) MR,MR,7,9.65,0.0
fig06,(c) MR,MR,7,9.75,0.0
fig06,(c) MR,MR,7,9.85,0.0
fig06,(c) MR,MR,7,9.95,0.0
fig06,(c) MR,MR,7,10.05,0.0
fig06,(c) MR,MR,7,10.15,0.0
fig06,(c) MR,MR,7,10.25,0.0
fig06,(c) MR,MR,7,10.35,0.0
fig06,(c) MR,MR,7,10.45,0.0
fig06,(c) MR,MR,7,10.55,0.0
fig06,(c) MR,MR,7,10.65,0.0
fig06,(c) MR,MR,7,10.75,0.0
fig06,(c) MR,MR,7,10.85,0.0
fig06,(c) MR,MR,7,10.95,0.0
fig06,(c) MR,MR,7,11.05,0.0
fig06,(c) MR,MR,7,11.15,0.0
fig06,(c) MR,MR,7,11.25,0.0
fig06,(c) MR,MR,7,11.35,0.0
fig06,(c) MR,MR,7,11.45,0.0
fig06,(c) MR,MR,7,11.55,0.0
fig06,(c) MR,MR,7,11.65,0.0
fig06,(c) MR,MR,7,11.75,0.0
fig06,(c) MR,MR,7,11.85,0.0
fig06,(c) MR,MR,7,11.95,0.0
fig06,(c) MR,MR,7,12.05,0.0
fig06,(c) MR,MR,7,12.15,0.0
fig06,(c) MR,MR,7,12.25,0.0
fig06,(c) MR,MR,7,12.35,0.0
fig06,(c) MR,MR,7,12.45,0.0
fig06,(c) MR,MR,7,12.55,0.0
fig06,(c) MR,MR,7,12.65,0.0
fig06,(c) MR,MR,7,12.75,0.0
fig06,(c) MR,MR,7,12.85,0.0
fig06,(c) MR,MR,7,12.95,0.0
fig06,(c) MR,MR,7,13.05,0.0
fig06,(c) MR,MR,7,13.15,0.0
fig06,(c) MR,MR,7,13.25,0.0
fig06,(c) MR,MR,7,13.35,0.0
fig06,(c) MR,MR,7,13.45,0.0
fig06,(c) MR,MR,7,13.55,0.0
fig06,(c) MR,MR,7,13.65,0.0
fig06,(c) MR,MR,7,13.75,0.0
fig06,(c) MR,MR,7,13.85,0.0
fig06,(c) MR,MR,7,13.95,0.0
fig06,(c) MR,MR,7,14.05,0.0
fig06,(c) MR,MR,7,14.15,0.0
fig06,(c) MR,MR,7,14.25,0.0
fig06,(c) MR,MR,7,14.35,0.0
fig06,(c) MR,MR,7,14.45,0.0
fig06,(c) MR,MR,7,14.55,0.0
fig06,(c) MR,MR,7,14.65,0.0
fig06,(c) MR,MR,7,14.75,0.0
fig06,(c) MR,MR,7,14.85,0.0
fig06,(c) MR,MR,7,14.95,0.0
fig06,(c) MR,MR,7,15.05,0.0
fig06,(c) MR,MR,7,15.15,0.0
fig06,(c) MR,MR,7,15.25,0.0
fig06,(c) MR,MR,7,15.35,0.0
fig06,(c) MR,MR,7,15.45,0.0
fig06,(c) MR,MR,7,15.55,0.0
fig06,(c) MR,MR,7,15.65,0.0
fig06,(c) MR,MR,7,15.75,0.0
fig06,(c) MR,MR,7,15.85,0.0
fig06,(c) MR,MR,7,15.95,0.0
fig06,(c) MR,MR,7,16.05,0.0
fig06,(c) MR,MR,7,16.150000000000002,0.0
fig06,(c) MR,MR,7,16.25,0.0
fig06,(c) MR,MR,7,16.35,0.0
fig06,(c) MR,MR,7,16.45,0.0
fig06,(c) MR,MR,7,16.55,0.0
fig06,(c) MR,MR,7,16.650000000000002,0.0
fig06,(c) MR,MR,7,16.75,0.0
fig06,(c) MR,MR,7,16.85,0.0
fig06,(c) MR,MR,7,16.95,0.0
fig06,(c) MR,MR,7,17.05,0.0
fig06,(c) MR,MR,7,17.150000000000002,0.0
fig06,(c) MR,MR,7,17.25,0.0
fig06,(c) MR,MR,7,17.35,0.0
fig06,(c) MR,MR,7,17.45,0.0
fig06,(c) MR,MR,7,17.55,0.0
fig06,(c) MR,MR,7,17.650000000000002,0.0
fig06,(c) MR,MR,7,17.75,0.0
fig06,(c) MR,MR,7,17.85,0.0
fig06,(c) MR,MR,7,17.95,0.0
fig06,(c) MR,MR,7,18.05,0.0
fig06,(c) MR,MR,7,18.15,0.0
fig06,(c) MR,MR,7,18.25,0.0
fig06,(c) MR,MR,7,18.35,0.0
fig06,(c) MR,MR,7,18.45,0.0
fig06,(c) MR,MR,7,18.55,0.0
fig06,(c) MR,MR,7,18.65,0.0
fig06,(c) MR,MR,7,18.75,0.0
fig06,(c) MR,MR,7,18.85,0.0
fig06,(c) MR,MR,7,18.95,0.0
fig06,(c) MR,MR,7,19.05,0.0
fig06,(c) MR,MR,7,19.15,0.0
fig06,(c) MR,MR,7,19.25,0.0
fig06,(c) MR,MR,7,19.35,0.0
fig06,(c) MR,MR,7,19.450000000000003,0.0
fig06,(c) MR,MR,7,19.55,0.0
fig06,(c) MR,MR,7,19.65,0.0
fig06,(c) MR,MR,7,19.75,0.0
fig06,(c) MR,MR,7,19.85,0.0
fig06,(c) MR,MR,7,19.950000000000003,0.0
fig06,(c) MR,MR,7,20.05,0.0
fig06,(c) MR,MR,7,20.15,0.0
fig06,(c) MR,MR,7,20.25,0.0
fig06,(c) MR,MR,7,20.35,0.0
fig06,(c) MR,MR,7,20.450000000000003,0.0
fig06,(c) MR,MR,7,20.55,0.0
fig06,(c) MR,MR,7,20.65,0.0
fig06,(c) MR,MR,7,20.75,0.0
fig06,(c) MR,MR,7,20.85,0.0
fig06,(c) MR,MR,7,20.950000000000003,0.0
fig06,(c) MR,MR,7,21.05,0.0
fig06,(c) MR,MR,7,21.15,0.0
fig06,(c) MR,MR,7,21.25,0.0
fig06,(c) MR,MR,7,21.35,0.0
fig06,(c) MR,MR,7,21.450000000000003,0.0
fig06,(c) MR,MR,7,21.55,0.0
fig06,(c) MR,MR,7,21.65,0.0
fig06,(c) MR,MR,7,21.75,0.0
fig06,(c) MR,MR,7,21.85,0.0
fig06,(c) MR,MR,7,21.950000000000003,0.0
fig06,(c) MR,MR,7,22.05,0.0
fig06,(c) MR,MR,7,22.15,0.0
fig06,(c) MR,MR,7,22.25,0.0
fig06,(c) MR,MR,7,22.35,0.0
fig06,(c) MR,MR,7,22.450000000000003,0.0
fig06,(c) MR,MR,7,22.55,0.0
fig06,(c) MR,MR,7,22.65,0.0
fig06,(c) MR,MR,7,22.75,0.0
fig06,(c) MR,MR,7,22.85,0.0
fig06,(c) MR,MR,7,22.950000000000003,0.0
fig06,(c) MR,MR,7,23.05,0.0
fig06,(c) MR,MR,7,23.15,0.0
fig06,(c) MR,MR,7,23.25,0.0
fig06,(c) MR,MR,7,23.35,0.0
fig06,(c) MR,MR,7,23.450000000000003,0.0
fig06,(c) MR,MR,7,23.55,0.0
fig06,(c) MR,MR,7,23.65,0.0
fig06,(c) MR,MR,7,23.75,0.0
fig06,(c) MR,MR,7,23.85,0.0
fig06,(c) MR,MR,7,23.950000000000003,0.0
fig06,(c) MR,MR,7,24.05,0.0
fig06,(c) MR,MR,7,24.15,0.0
fig06,(c) MR,MR,7,24.25,2.14852142661822
fig06,(c) MR,MR,7,24.35,2.14852142661822
fig06,(c) MR,MR,7,24.450000000000003,2.14852142661822
fig06,(c) MR,MR,7,24.55,0.0
fig06,(c) MR,MR,7,24.65,0.0
fig06,(c) MR,MR,7,24.75,0.0
fig06,(c) MR,MR,7,24.85,0.0
fig06,(c) MR,MR,7,24.950000000000003,0.0
fig06,(c) MR,MR,7,25.05,0.0
fig06,(c) MR,MR,7,25.15,0.0
fig06,(c) MR,MR,7,25.25,0.0
fig06,(c) MR,MR,7,25.35,0.0
fig06,(c) MR,MR,7,25.450000000000003,0.0
fig06,(c) MR,MR,7,25.55,0.0
fig06,(c) MR,MR,7,25.65,0.0
fig06,(c) MR,MR,7,25.75,0.0
fig06,(c) MR,MR,7,25.85,0.0
fig06,(c) MR,MR,7,25.950000000000003,0.0
fig06,(c) MR,MR,7,26.05,0.0
fig06,(c) MR,MR,7,26.15,0.0
fig06,(c) MR,MR,7,26.25,0.0
fig06,(c) MR,MR,7,26.35,0.0
fig06,(c) MR,MR,7,26.450000000000003,0.0
fig06,(c) MR,MR,7,26.55,0.0
fig06,(c) MR,MR,7,26.65,0.0
fig06,(c) MR,MR,7,26.75,0.0
fig06,(c) MR,MR,7,26.85,0.0
fig06,(c) MR,MR,7,26.950000000000003,0.0
fig06,(c) MR,MR,7,27.05,0.0
fig06,(c) MR,MR,7,27.15,0.0
fig06,(c) MR,MR,7,27.25,0.0
fig06,(c) MR,MR,7,27.35,0.0
fig06,(c) MR,MR,7,27.450000000000003,0.0
fig06,(c) MR,MR,7,27.55,0.0
fig06,(c) MR,MR,7,27.65,0.0
fig06,(c) MR,MR,7,27.75,0.0
fig06,(c) MR,MR,7,27.85,0.0
fig06,(c) MR,MR,7,27.950000000000003,0.0
fig06,(c) MR,MR,7,28.05,0.0
fig06,(c) MR,MR,7,28.15,0.0
fig06,(c) MR,MR,7,28.25,0.0
fig06,(c) MR,MR,7,28.35,0.0
fig06,(c) MR,MR,7,28.450000000000003,0.0
fig06,(c) MR,MR,7,28.55,0.0
fig06,(c) MR,MR,7,28.65,0.0
fig06,(c) MR,MR,7,28.75,0.0
fig06,(c) MR,MR,7,28.85,0.0
fig06,(c) MR,MR,7,28.950000000000003,0.0
fig06,(c) MR,MR,7,29.05,0.0
fig06,(c) MR,MR,7,29.15,0.0
fig06,(c) MR,MR,7,29.25,0.0
fig06,(c) MR,MR,7,29.35,0.0
fig06,(c) MR,MR,7,29.450000000000003,0.0
fig06,(c) MR,MR,7,29.55,0.0
fig06,(c) MR,MR,7,29.65,0.0
fig06,(c) MR,MR,7,29.75,0.0
fig06,(c) MR,MR,7,29.85,0.0
fig06,(c) MR,MR,7,29.950000000000003,0.0
fig06,(c) MR,MR,7,30.05,0.0
fig06,(c) MR,MR,7,30.15,0.0
fig06,(c) MR,MR,7,30.25,0.0
fig06,(c) MR,MR,7,30.35,0.0
fig06,(c) MR,MR,8,0.45,30.52164261931188
fig06,(c) MR,MR,8,0.55,20.347761746207908
fig06,(c) MR,MR,8,0.65,0.0
fig06,(c) MR,MR,8,0.75,0.0
fig06,(c) MR,MR,8,0.8500000000000001,0.0
fig06,(c) MR,MR,8,0.95,0.0
fig06,(c) MR,MR,8,1.05,0.0
fig06,(c) MR,MR,8,1.15,0.0
fig06,(c) MR,MR,8,1.25,0.0
fig06,(c) MR,MR,8,1.35,0.0
fig06,(c) MR,MR,8,1.4500000000000002,0.0
fig06,(c) MR,MR,8,1.55,0.0
fig06,(c) MR,MR,8,1.65,0.0
fig06,(c) MR,MR,8,1.75,0.0
fig06,(c) MR,MR,8,1.85,0.0
fig06,(c) MR,MR,8,1.95,0.0
fig06,(c) MR,MR,8,2.0500000000000003,0.0
fig06,(c) MR,MR,8,2.15,0.0
fig06,(c) MR,MR,8,2.25,0.0
fig06,(c) MR,MR,8,2.35,0.0
fig06,(c) MR,MR,8,2.45,0.0
fig06,(c) MR,MR,8,2.5500000000000003,0.0
fig06,(c) MR,MR,8,2.6500000000000004,0.0
fig06,(c) MR,MR,8,2.75,0.0
fig06,(c) MR,MR,8,2.85,0.0
fig06,(c) MR,MR,8,2.95,0.0
fig06,(c) MR,MR,8,3.0500000000000003,0.0
fig06,(c) MR,MR,8,3.1500000000000004,0.0
fig06,(c) MR,MR,8,3.25,0.0
fig06,(c) MR,MR,8,3.35,0.0
fig06,(c) MR,MR,8,3.45,0.0
fig06,(c) MR,MR,8,3.5500000000000003,0.0
fig06,(c) MR,MR,8,3.65,0.0
fig06,(c) MR,MR,8,3.75,0.0
fig06,(c) MR,MR,8,3.85,0.0
fig06,(c) MR,MR,8,3.95,0.0
fig06,(c) MR,MR,8,4.05,0.0
fig06,(c) MR,MR,8,4.15,0.0
fig06,(c) MR,MR,8,4.25,0.0
fig06,(c) MR,MR,8,4.3500000000000005,0.0
fig06,(c) MR,MR,8,4.45,0.0
fig06,(c) MR,MR,8,4.55,0.0
fig06,(c) MR,MR,8,4.65,0.0
fig06,(c) MR,MR,8,4.75,0.0
fig06,(c) MR,MR,8,4.8500000000000005,0.0
fig06,(c) MR,MR,8,4.95,0.0
fig06,(c) MR,MR,8,5.050000000000001,0.0
fig06,(c) MR,MR,8,5.15,0.0
fig06,(c) MR,MR,8,5.25,0.0
fig06,(c) MR,MR,8,5.3500000000000005,0.0
fig06,(c) MR,MR,8,5.45,0.0
fig06,(c) MR,MR,8,5.550000000000001,0.0
fig06,(c) MR,MR,8,5.65,0.0
fig06,(c) MR,MR,8,5.75,0.0
fig06,(c) MR,MR,8,5.8500000000000005,0.0
fig06,(c) MR,MR,8,5.95,0.0
fig06,(c) MR,MR,8,6.050000000000001,0.0
fig06,(c) MR,MR,8,6.15,0.0
fig06,(c) MR,MR,8,6.25,0.0
fig06,(c) MR,MR,8,6.3500000000000005,0.0
fig06,(c) MR,MR,8,6.45,0.0
fig06,(c) MR,MR,8,6.550000000000001,0.0
fig06,(c) MR,MR,8,6.65,0.0
fig06,(c) MR,MR,8,6.75,0.0
fig06,(c) MR,MR,8,6.8500000000000005,0.0
fig06,(c) MR,MR,8,6.95,0.0
fig06,(c) MR,MR,8,7.050000000000001,0.0
fig06,(c) MR,MR,8,7.15,0.0
fig06,(c) MR,MR,8,7.25,0.0
fig06,(c) MR,MR,8,7.35,0.0
fig06,(c) MR,MR,8,7.45,0.0
fig06,(c) MR,MR,8,7.550000000000001,0.0
fig06,(c) MR,MR,8,7.65,0.0
fig06,(c) MR,MR,8,7.75,0.0
fig06,(c) MR,MR,8,7.85,0.0
fig06,(c) MR,MR,8,7.95,0.0
fig06,(c) MR,MR,8,8.05,0.0
fig06,(c) MR,MR,8,8.15,0.0
fig06,(c) MR,MR,8,8.25,0.0
fig06,(c) MR,MR,8,8.35,0.0
fig06,(c) MR,MR,8,8.450000000000001,0.0
fig06,(c) MR,MR,8,8.55,0.0
fig06,(c) MR,MR,8,8.65,0.0
fig06,(c) MR,MR,8,8.75,0.0
fig06,(c) MR,MR,8,8.85,0.0
fig06,(c) MR,MR,8,8.950000000000001,0.0
fig06,(c) MR,MR,8,9.05,0.0
fig06,(c) MR,MR,8,9.15,0.0
fig06,(c) MR,MR,8,9.25,0.0
fig06,(c) MR,MR,8,9.35,0.0
fig06,(c) MR,MR,8,9.45,0.0
fig06,(c) MR,MR,8,9.55,0.0
fig06,(c) MR,MR,8,9.65,0.0
fig06,(c) MR,MR,8,9.75,0.0
fig06,(c) MR,MR,8,9.85,0.0
fig06,(c) MR,MR,8,9.95,0.0
fig06,(c) MR,MR,8,10.05,0.0
fig06,(c) MR,MR,8,10.15,0.0
fig06,(c) MR,MR,8,10.25,0.0
fig06,(c) MR,MR,8,10.35,0.0
fig06,(c) MR,MR,8,10.45,0.0
fig06,(c) MR,MR,8,10.55,0.0
fig06,(c) MR,MR,8,10.65,0.0
fig06,(c) MR,MR,8,10.75,0.0
fig06,(c) MR,MR,8,10.85,0.0
fig06,(c) MR,MR,8,10.95,0.0
fig06,(c) MR,MR,8,11.05,0.0
fig06,(c) MR,MR,8,11.15,0.0
fig06,(c) MR,MR,8,11.25,0.0
fig06,(c) MR,MR,8,11.35,0.0
fig06,(c) MR,MR,8,11.45,0.0
fig06,(c) MR,MR,8,11.55,0.0
fig06,(c) MR,MR,8,11.65,0.0
fig06,(c) MR,MR,8,11.75,0.0
fig06,(c) MR,MR,8,11.85,0.0
fig06,(c) MR,MR,8,11.95,0.0
fig06,(c) MR,MR,8,12.05,0.0
fig06,(c) MR,MR,8,12.15,0.0
fig06,(c) MR,MR,8,12.25,0.0
fig06,(c) MR,MR,8,12.35,0.0
fig06,(c) MR,MR,8,12.45,0.0
fig06,(c) MR,MR,8,12.55,0.0
fig06,(c) MR,MR,8,12.65,0.0
fig06,(c) MR,MR,8,12.75,0.0
fig06,(c) MR,MR,8,12.85,0.0
fig06,(c) MR,MR,8,12.95,0.0
fig06,(c) MR,MR,8,13.05,0.0
fig06,(c) MR,MR,8,13.15,0.0
fig06,(c) MR,MR,8,13.25,0.0
fig06,(c) MR,MR,8,13.35,0.0
fig06,(c) MR,MR,8,13.45,0.0
fig06,(c) MR,MR,8,13.55,0.0
fig06,(c) MR,MR,8,13.65,0.0
fig06,(c) MR,MR,8,13.75,0.0
fig06,(c) MR,MR,8,13.85,0.0
fig06,(c) MR,MR,8,13.95,0.0
fig06,(c) MR,MR,8,14.05,0.0
fig06,(c) MR,MR,8,14.15,0.0
fig06,(c) MR,MR,8,14.25,0.0
fig06,(c) MR,MR,8,14.35,0.0
fig06,(c) MR,MR,8,14.45,0.0
fig06,(c) MR,MR,8,14.55,0.0
fig06,(c) MR,MR,8,14.65,0.0
fig06,(c) MR,MR,8,14.75,0.0
fig06,(c) MR,MR,8,14.85,0.0
fig06,(c) MR,MR,8,14.95,0.0
fig06,(c) MR,MR,8,15.05,0.0
fig06,(c) MR,MR,8,15.15,0.0
fig06,(c) MR,MR,8,15.25,0.0
fig06,(c) MR,MR,8,15.35,0.0
fig06,(c) MR,MR,8,15.45,0.0
fig06,(c) MR,MR,8,15.55,0.0
fig06,(c) MR,MR,8,15.65,0.0
fig06,(c) MR,MR,8,15.75,0.0
fig06,(c) MR,MR,8,15.85,0.0
fig06,(c) MR,MR,8,15.95,0.0
fig06,(c) MR,MR,8,16.05,0.0
fig06,(c) MR,MR,8,16.150000000000002,0.0
fig06,(c) MR,MR,8,16.25,0.0
fig06,(c) MR,MR,8,16.35,0.0
fig06,(c) MR,MR,8,16.45,0.0
fig06,(c) MR,MR,8,16.55,0.0
fig06,(c) MR,MR,8,16.650000000000002,0.0
fig06,(c) MR,MR,8,16.75,0.0
fig06,(c) MR,MR,8,16.85,0.0
fig06,(c) MR,MR,8,16.95,0.0
fig06,(c) MR,MR,8,17.05,0.0
fig06,(c) MR,MR,8,17.150000000000002,0.0
fig06,(c) MR,MR,8,17.25,0.0
fig06,(c) MR,MR,8,17.35,0.0
fig06,(c) MR,MR,8,17.45,0.0
fig06,(c) MR,MR,8,17.55,0.0
fig06,(c) MR,MR,8,17.650000000000002,0.0
fig06,(c) MR,MR,8,17.75,0.0
fig06,(c) MR,MR,8,17.85,0.0
fig06,(c) MR,MR,8,17.95,0.0
fig06,(c) MR,MR,8,18.05,0.0
fig06,(c) MR,MR,8,18.15,0.0
fig06,(c) MR,MR,8,18.25,0.0
fig06,(c) MR,MR,8,18.35,0.0
fig06,(c) MR,MR,8,18.45,0.0
fig06,(c) MR,MR,8,18.55,0.0
fig06,(c) MR,MR,8,18.65,0.0
fig06,(c) MR,MR,8,18.75,0.0
fig06,(c) MR,MR,8,18.85,0.0
fig06,(c) MR,MR,8,18.95,0.0
fig06,(c) MR,MR,8,19.05,0.0
fig06,(c) MR,MR,8,19.15,0.0
fig06,(c) MR,MR,8,19.25,0.0
fig06,(c) MR,MR,8,19.35,0.0
fig06,(c) MR,MR,8,19.450000000000003,0.0
fig06,(c) MR,MR,8,19.55,0.0
fig06,(c) MR,MR,8,19.65,0.0
fig06,(c) MR,MR,8,19.75,0.0
fig06,(c) MR,MR,8,19.85,0.0
fig06,(c) MR,MR,8,19.950000000000003,0.0
fig06,(c) MR,MR,8,20.05,0.0
fig06,(c) MR,MR,8,20.15,0.0
fig06,(c) MR,MR,8,20.25,0.0
fig06,(c) MR,MR,8,20.35,0.0
fig06,(c) MR,MR,8,20.450000000000003,0.0
fig06,(c) MR,MR,8,20.55,0.0
fig06,(c) MR,MR,8,20.65,0.0
fig06,(c) MR,MR,8,20.75,0.0
fig06,(c) MR,MR,8,20.85,0.0
fig06,(c) MR,MR,8,20.950000000000003,0.0
fig06,(c) MR,MR,8,21.05,0.0
fig06,(c) MR,MR,8,21.15,0.0
fig06,(c) MR,MR,8,21.25,0.0
fig06,(c) MR,MR,8,21.35,0.0
fig06,(c) MR,MR,8,21.450000000000003,0.0
fig06,(c) MR,MR,8,21.55,0.0
fig06,(c) MR,MR,8,21.65,0.0
fig06,(c) MR,MR,8,21.75,0.0
fig06,(c) MR,MR,8,21.85,0.0
fig06,(c) MR,MR,8,21.950000000000003,0.0
fig06,(c) MR,MR,8,22.05,0.0
fig06,(c) MR,MR,8,22.15,0.0
fig06,(c) MR,MR,8,22.25,0.0
fig06,(c) MR,MR,8,22.35,0.0
fig06,(c) MR,MR,8,22.450000000000003,0.0
fig06,(c) MR,MR,8,22.55,0.0
fig06,(c) MR,MR,8,22.65,0.0
fig06,(c) MR,MR,8,22.75,0.0
fig06,(c) MR,MR,8,22.85,0.0
fig06,(c) MR,MR,8,22.950000000000003,0.0
fig06,(c) MR,MR,8,23.05,0.0
fig06,(c) MR,MR,8,23.15,0.0
fig06,(c) MR,MR,8,23.25,0.0
fig06,(c) MR,MR,8,23.35,0.0
fig06,(c) MR,MR,8,23.450000000000003,0.0
fig06,(c) MR,MR,8,23.55,0.0
fig06,(c) MR,MR,8,23.65,0.0
fig06,(c) MR,MR,8,23.75,0.0
fig06,(c) MR,MR,8,23.85,0.0
fig06,(c) MR,MR,8,23.950000000000003,0.0
fig06,(c) MR,MR,8,24.05,0.0
fig06,(c) MR,MR,8,24.15,0.0
fig06,(c) MR,MR,8,24.25,2.14852142661822
fig06,(c) MR,MR,8,24.35,2.14852142661822
fig06,(c) MR,MR,8,24.450000000000003,2.14852142661822
fig06,(c) MR,MR,8,24.55,0.0
fig06,(c) MR,MR,8,24.65,0.0
fig06,(c) MR,MR,8,24.75,0.0
fig06,(c) MR,MR,8,24.85,0.0
fig06,(c) MR,MR,8,24.950000000000003,0.0
fig06,(c) MR,MR,8,25.05,0.0
fig06,(c) MR,MR,8,25.15,0.0
fig06,(c) MR,MR,8,25.25,0.0
fig06,(c) MR,MR,8,25.35,0.0
fig06,(c) MR,MR,8,25.450000000000003,0.0
fig06,(c) MR,MR,8,25.55,0.0
fig06,(c) MR,MR,8,25.65,0.0
fig06,(c) MR,MR,8,25.75,0.0
fig06,(c) MR,MR,8,25.85,0.0
fig06,(c) MR,MR,8,25.950000000000003,0.0
fig06,(c) MR,MR,8,26.05,0.0
fig06,(c) MR,MR,8,26.15,0.0
fig06,(c) MR,MR,8,26.25,0.0
fig06,(c) MR,MR,8,26.35,0.0
fig06,(c) MR,MR,8,26.450000000000003,0.0
fig06,(c) MR,MR,8,26.55,0.0
fig06,(c) MR,MR,8,26.65,0.0
fig06,(c) MR,MR,8,26.75,0.0
fig06,(c) MR,MR,8,26.85,0.0
fig06,(c) MR,MR,8,26.950000000000003,0.0
fig06,(c) MR,MR,8,27.05,0.0
fig06,(c) MR,MR,8,27.15,0.0
fig06,(c) MR,MR,8,27.25,0.0
fig06,(c) MR,MR,8,27.35,0.0
fig06,(c) MR,MR,8,27.450000000000003,0.0
fig06,(c) MR,MR,8,27.55,0.0
fig06,(c) MR,MR,8,27.65,0.0
fig06,(c) MR,MR,8,27.75,0.0
fig06,(c) MR,MR,8,27.85,0.0
fig06,(c) MR,MR,8,27.950000000000003,0.0
fig06,(c) MR,MR,8,28.05,0.0
fig06,(c) MR,MR,8,28.15,0.0
fig06,(c) MR,MR,8,28.25,0.0
fig06,(c) MR,MR,8,28.35,0.0
fig06,(c) MR,MR,8,28.450000000000003,0.0
fig06,(c) MR,MR,8,28.55,0.0
fig06,(c) MR,MR,8,28.65,0.0
fig06,(c) MR,MR,8,28.75,0.0
fig06,(c) MR,MR,8,28.85,0.0
fig06,(c) MR,MR,8,28.950000000000003,0.0
fig06,(c) MR,MR,8,29.05,0.0
fig06,(c) MR,MR,8,29.15,0.0
fig06,(c) MR,MR,8,29.25,0.0
fig06,(c) MR,MR,8,29.35,0.0
fig06,(c) MR,MR,8,29.450000000000003,0.0
fig06,(c) MR,MR,8,29.55,0.0
fig06,(c) MR,MR,8,29.65,0.0
fig06,(c) MR,MR,8,29.75,0.0
fig06,(c) MR,MR,8,29.85,0.0
fig06,(c) MR,MR,8,29.950000000000003,0.0
fig06,(c) MR,MR,8,30.05,0.0
fig06,(c) MR,MR,8,30.15,0.0
fig06,(c) MR,MR,8,30.25,0.0
fig06,(c) MR,MR,8,30.35,0.0
fig06,(c) MR,MR,9,0.45,30.52164261931188
fig06,(c) MR,MR,9,0.55,20.347761746207908
fig06,(c) MR,MR,9,0.65,0.0
fig06,(c) MR,MR,9,0.75,0.0
fig06,(c) MR,MR,9,0.8500000000000001,0.0
fig06,(c) MR,MR,9,0.95,0.0
fig06,(c) MR,MR,9,1.05,0.0
fig06,(c) MR,MR,9,1.15,0.0
fig06,(c) MR,MR,9,1.25,0.0
fig06,(c) MR,MR,9,1.35,0.0
fig06,(c) MR,MR,9,1.4500000000000002,0.0
fig06,(c) MR,MR,9,1.55,0.0
fig06,(c) MR,MR,9,1.65,0.0
fig06,(c) MR,MR,9,1.75,0.0
fig06,(c) MR,MR,9,1.85,0.0
fig06,(c) MR,MR,9,1.95,0.0
fig06,(c) MR,MR,9,2.0500000000000003,0.0
fig06,(c) MR,MR,9,2.15,0.0
fig06,(c) MR,MR,9,2.25,0.0
fig06,(c) MR,MR,9,2.35,0.0
fig06,(c) MR,MR,9,2.45,0.0
fig06,(c) MR,MR,9,2.5500000000000003,0.0
fig06,(c) MR,MR,9,2.6500000000000004,0.0
fig06,(c) MR,MR,9,2.75,0.0
fig06,(c) MR,MR,9,2.85,0.0
fig06,(c) MR,MR,9,2.95,0.0
fig06,(c) MR,MR,9,3.0500000000000003,0.0
fig06,(c) MR,MR,9,3.1500000000000004,0.0
fig06,(c) MR,MR,9,3.25,0.0
fig06,(c) MR,MR,9,3.35,0.0
fig06,(c) MR,MR,9,3.45,0.0
fig06,(c) MR,MR,9,3.5500000000000003,0.0
fig06,(c) MR,MR,9,3.65,0.0
fig06,(c) MR,MR,9,3.75,0.0
fig06,(c) MR,MR,9,3.85,0.0
fig06,(c) MR,MR,9,3.95,0.0
fig06,(c) MR,MR,9,4.05,0.0
fig06,(c) MR,MR,9,4.15,0.0
fig06,(c) MR,MR,9,4.25,0.0
fig06,(c) MR,MR,9,4.3500000000000005,0.0
fig06,(c) MR,MR,9,4.45,0.0
fig06,(c) MR,MR,9,4.55,0.0
fig06,(c) MR,MR,9,4.65,0.0
fig06,(c) MR,MR,9,4.75,0.0
fig06,(c) MR,MR,9,4.8500000000000005,0.0
fig06,(c) MR,MR,9,4.95,0.0
fig06,(c) MR,MR,9,5.050000000000001,0.0
fig06,(c) MR,MR,9,5.15,0.0
fig06,(c) MR,MR,9,5.25,0.0
fig06,(c) MR,MR,9,5.3500000000000005,0.0
fig06,(c) MR,MR,9,5.45,0.0
fig06,(c) MR,MR,9,5.550000000000001,0.0
fig06,(c) MR,MR,9,5.65,0.0
fig06,(c) MR,MR,9,5.75,0.0
fig06,(c) MR,MR,9,5.8500000000000005,0.0
fig06,(c) MR,MR,9,5.95,0.0
fig06,(c) MR,MR,9,6.050000000000001,0.0
fig06,(c) MR,MR,9,6.15,0.0
fig06,(c) MR,MR,9,6.25,0.0
fig06,(c) MR,MR,9,6.3500000000000005,0.0
fig06,(c) MR,MR,9,6.45,0.0
fig06,(c) MR,MR,9,6.550000000000001,0.0
fig06,(c) MR,MR,9,6.65,0.0
fig06,(c) MR,MR,9,6.75,0.0
fig06,(c) MR,MR,9,6.8500000000000005,0.0
fig06,(c) MR,MR,9,6.95,0.0
fig06,(c) MR,MR,9,7.050000000000001,0.0
fig06,(c) MR,MR,9,7.15,0.0
fig06,(c) MR,MR,9,7.25,0.0
fig06,(c) MR,MR,9,7.35,0.0
fig06,(c) MR,MR,9,7.45,0.0
fig06,(c) MR,MR,9,7.550000000000001,0.0
fig06,(c) MR,MR,9,7.65,0.0
fig06,(c) MR,MR,9,7.75,0.0
fig06,(c) MR,MR,9,7.85,0.0
fig06,(c) MR,MR,9,7.95,0.0
fig06,(c) MR,MR,9,8.05,0.0
fig06,(c) MR,MR,9,8.15,0.0
fig06,(c) MR,MR,9,8.25,0.0
fig06,(c) MR,MR,9,8.35,0.0
fig06,(c) MR,MR,9,8.450000000000001,0.0
fig06,(c) MR,MR,9,8.55,0.0
fig06,(c) MR,MR,9,8.65,0.0
fig06,(c) MR,MR,9,8.75,0.0
fig06,(c) MR,MR,9,8.85,0.0
fig06,(c) MR,MR,9,8.950000000000001,0.0
fig06,(c) MR,MR,9,9.05,0.0
fig06,(c) MR,MR,9,9.15,0.0
fig06,(c) MR,MR,9,9.25,0.0
fig06,(c) MR,MR,9,9.35,0.0
fig06,(c) MR,MR,9,9.45,0.0
fig06,(c) MR,MR,9,9.55,0.0
fig06,(c) MR,MR,9,9.65,0.0
fig06,(c) MR,MR,9,9.75,0.0
fig06,(c) MR,MR,9,9.85,0.0
fig06,(c) MR,MR,9,9.95,0.0
fig06,(c) MR,MR,9,10.05,0.0
fig06,(c) MR,MR,9,10.15,0.0
fig06,(c) MR,MR,9,10.25,0.0
fig06,(c) MR,MR,9,10.35,0.0
fig06,(c) MR,MR,9,10.45,0.0
fig06,(c) MR,MR,9,10.55,0.0
fig06,(c) MR,MR,9,10.65,0.0
fig06,(c) MR,MR,9,10.75,0.0
fig06,(c) MR,MR,9,10.85,0.0
fig06,(c) MR,MR,9,10.95,0.0
fig06,(c) MR,MR,9,11.05,0.0
fig06,(c) MR,MR,9,11.15,0.0
fig06,(c) MR,MR,9,11.25,0.0
fig06,(c) MR,MR,9,11.35,0.0
fig06,(c) MR,MR,9,11.45,0.0
fig06,(c) MR,MR,9,11.55,0.0
fig06,(c) MR,MR,9,11.65,0.0
fig06,(c) MR,MR,9,11.75,0.0
fig06,(c) MR,MR,9,11.85,0.0
fig06,(c) MR,MR,9,11.95,0.0
fig06,(c) MR,MR,9,12.05,0.0
fig06,(c) MR,MR,9,12.15,0.0
fig06,(c) MR,MR,9,12.25,0.0
fig06,(c) MR,MR,9,12.35,0.0
fig06,(c) MR,MR,9,12.45,0.0
fig06,(c) MR,MR,9,12.55,0.0
fig06,(c) MR,MR,9,12.65,0.0
fig06,(c) MR,MR,9,12.75,0.0
fig06,(c) MR,MR,9,12.85,0.0
fig06,(c) MR,MR,9,12.95,0.0
fig06,(c) MR,MR,9,13.05,0.0
fig06,(c) MR,MR,9,13.15,0.0
fig06,(c) MR,MR,9,13.25,0.0
fig06,(c) MR,MR,9,13.35,0.0
fig06,(c) MR,MR,9,13.45,0.0
fig06,(c) MR,MR,9,13.55,0.0
fig06,(c) MR,MR,9,13.65,0.0
fig06,(c) MR,MR,9,13.75,0.0
fig06,(c) MR,MR,9,13.85,0.0
fig06,(c) MR,MR,9,13.95,0.0
fig06,(c) MR,MR,9,14.05,0.0
fig06,(c) MR,MR,9,14.15,0.0
fig06,(c) MR,MR,9,14.25,0.0
fig06,(c) MR,MR,9,14.35,0.0
fig06,(c) MR,MR,9,14.45,0.0
fig06,(c) MR,MR,9,14.55,0.0
fig06,(c) MR,MR,9,14.65,0.0
fig06,(c) MR,MR,9,14.75,0.0
fig06,(c) MR,MR,9,14.85,0.0
fig06,(c) MR,MR,9,14.95,0.0
fig06,(c) MR,MR,9,15.05,0.0
fig06,(c) MR,MR,9,15.15,0.0
fig06,(c) MR,MR,9,15.25,0.0
fig06,(c) MR,MR,9,15.35,0.0
fig06,(c) MR,MR,9,15.45,0.0
fig06,(c) MR,MR,9,15.55,0.0
fig06,(c) MR,MR,9,15.65,0.0
fig06,(c) MR,MR,9,15.75,0.0
fig06,(c) MR,MR,9,15.85,0.0
fig06,(c) MR,MR,9,15.95,0.0
fig06,(c) MR,MR,9,16.05,0.0
fig06,(c) MR,MR,9,16.150000000000002,0.0
fig06,(c) MR,MR,9,16.25,0.0
fig06,(c) MR,MR,9,16.35,0.0
fig06,(c) MR,MR,9,16.45,0.0
fig06,(c) MR,MR,9,16.55,0.0
fig06,(c) MR,MR,9,16.650000000000002,0.0
fig06,(c) MR,MR,9,16.75,0.0
fig06,(c) MR,MR,9,16.85,0.0
fig06,(c) MR,MR,9,16.95,0.0
fig06,(c) MR,MR,9,17.05,0.0
fig06,(c) MR,MR,9,17.150000000000002,0.0
fig06,(c) MR,MR,9,17.25,0.0
fig06,(c) MR,MR,9,17.35,0.0
fig06,(c) MR,MR,9,17.45,0.0
fig06,(c) MR,MR,9,17.55,0.0
fig06,(c) MR,MR,9,17.650000000000002,0.0
fig06,(c) MR,MR,9,17.75,0.0
fig06,(c) MR,MR,9,17.85,0.0
fig06,(c) MR,MR,9,17.95,0.0
fig06,(c) MR,MR,9,18.05,0.0
fig06,(c) MR,MR,9,18.15,0.0
fig06,(c) MR,MR,9,18.25,0.0
fig06,(c) MR,MR,9,18.35,0.0
fig06,(c) MR,MR,9,18.45,0.0
fig06,(c) MR,MR,9,18.55,0.0
fig06,(c) MR,MR,9,18.65,0.0
fig06,(c) MR,MR,9,18.75,0.0
fig06,(c) MR,MR,9,18.85,0.0
fig06,(c) MR,MR,9,18.95,0.0
fig06,(c) MR,MR,9,19.05,0.0
fig06,(c) MR,MR,9,19.15,0.0
fig06,(c) MR,MR,9,19.25,0.0
fig06,(c) MR,MR,9,19.35,0.0
fig06,(c) MR,MR,9,19.450000000000003,0.0
fig06,(c) MR,MR,9,19.55,0.0
fig06,(c) MR,MR,9,19.65,0.0
fig06,(c) MR,MR,9,19.75,0.0
fig06,(c) MR,MR,9,19.85,0.0
fig06,(c) MR,MR,9,19.950000000000003,0.0
fig06,(c) MR,MR,9,20.05,0.0
fig06,(c) MR,MR,9,20.15,0.0
fig06,(c) MR,MR,9,20.25,0.0
fig06,(c) MR,MR,9,20.35,0.0
fig06,(c) MR,MR,9,20.450000000000003,0.0
fig06,(c) MR,MR,9,20.55,0.0
fig06,(c) MR,MR,9,20.65,0.0
fig06,(c) MR,MR,9,20.75,0.0
fig06,(c) MR,MR,9,20.85,0.0
fig06,(c) MR,MR,9,20.950000000000003,0.0
fig06,(c) MR,MR,9,21.05,0.0
fig06,(c) MR,MR,9,21.15,0.0
fig06,(c) MR,MR,9,21.25,0.0
fig06,(c) MR,MR,9,21.35,0.0
fig06,(c) MR,MR,9,21.450000000000003,0.0
fig06,(c) MR,MR,9,21.55,0.0
fig06,(c) MR,MR,9,21.65,0.0
fig06,(c) MR,MR,9,21.75,0.0
fig06,(c) MR,MR,9,21.85,0.0
fig06,(c) MR,MR,9,21.950000000000003,0.0
fig06,(c) MR,MR,9,22.05,0.0
fig06,(c) MR,MR,9,22.15,0.0
fig06,(c) MR,MR,9,22.25,0.0
fig06,(c) MR,MR,9,22.35,0.0
fig06,(c) MR,MR,9,22.450000000000003,0.0
fig06,(c) MR,MR,9,22.55,0.0
fig06,(c) MR,MR,9,22.65,0.0
fig06,(c) MR,MR,9,22.75,0.0
fig06,(c) MR,MR,9,22.85,0.0
fig06,(c) MR,MR,9,22.950000000000003,0.0
fig06,(c) MR,MR,9,23.05,0.0
fig06,(c) MR,MR,9,23.15,0.0
fig06,(c) MR,MR,9,23.25,0.0
fig06,(c) MR,MR,9,23.35,0.0
fig06,(c) MR,MR,9,23.450000000000003,0.0
fig06,(c) MR,MR,9,23.55,0.0
fig06,(c) MR,MR,9,23.65,0.0
fig06,(c) MR,MR,9,23.75,0.0
fig06,(c) MR,MR,9,23.85,0.0
fig06,(c) MR,MR,9,23.950000000000003,0.0
fig06,(c) MR,MR,9,24.05,0.0
fig06,(c) MR,MR,9,24.15,0.0
fig06,(c) MR,MR,9,24.25,2.14852142661822
fig06,(c) MR,MR,9,24.35,2.14852142661822
fig06,(c) MR,MR,9,24.450000000000003,2.14852142661822
fig06,(c) MR,MR,9,24.55,0.0
fig06,(c) MR,MR,9,24.65,0.0
fig06,(c) MR,MR,9,24.75,0.0
fig06,(c) MR,MR,9,24.85,0.0
fig06,(c) MR,MR,9,24.950000000000003,0.0
fig06,(c) MR,MR,9,25.05,0.0
fig06,(c) MR,MR,9,25.15,0.0
fig06,(c) MR,MR,9,25.25,0.0
fig06,(c) MR,MR,9,25.35,0.0
fig06,(c) MR,MR,9,25.450000000000003,0.0
fig06,(c) MR,MR,9,25.55,0.0
fig06,(c) MR,MR,9,25.65,0.0
fig06,(c) MR,MR,9,25.75,0.0
fig06,(c) MR,MR,9,25.85,0.0
fig06,(c) MR,MR,9,25.950000000000003,0.0
fig06,(c) MR,MR,9,26.05,0.0
fig06,(c) MR,MR,9,26.15,0.0
fig06,(c) MR,MR,9,26.25,0.0
fig06,(c) MR,MR,9,26.35,0.0
fig06,(c) MR,MR,9,26.450000000000003,0.0
fig06,(c) MR,MR,9,26.55,0.0
fig06,(c) MR,MR,9,26.65,0.0
fig06,(c) MR,MR,9,26.75,0.0
fig06,(c) MR,MR,9,26.85,0.0
fig06,(c) MR,MR,9,26.950000000000003,0.0
fig06,(c) MR,MR,9,27.05,0.0
fig06,(c) MR,MR,9,27.15,0.0
fig06,(c) MR,MR,9,27.25,0.0
fig06,(c) MR,MR,9,27.35,0.0
fig06,(c) MR,MR,9,27.450000000000003,0.0
fig06,(c) MR,MR,9,27.55,0.0
fig06,(c) MR,MR,9,27.65,0.0
fig06,(c) MR,MR,9,27.75,0.0
fig06,(c) MR,MR,9,27.85,0.0
fig06,(c) MR,MR,9,27.950000000000003,0.0
fig06,(c) MR,MR,9,28.05,0.0
fig06,(c) MR,MR,9,28.15,0.0
fig06,(c) MR,MR,9,28.25,0.0
fig06,(c) MR,MR,9,28.35,0.0
fig06,(c) MR,MR,9,28.450000000000003,0.0
fig06,(c) MR,MR,9,28.55,0.0
fig06,(c) MR,MR,9,28.65,0.0
fig06,(c) MR,MR,9,28.75,0.0
fig06,(c) MR,MR,9,28.85,0.0
fig06,(c) MR,MR,9,28.950000000000003,0.0
fig06,(c) MR,MR,9,29.05,0.0
fig06,(c) MR,MR,9,29.15,0.0
fig06,(c) MR,MR,9,29.25,0.0
fig06,(c) MR,MR,9,29.35,0.0
fig06,(c) MR,MR,9,29.450000000000003,0.0
fig06,(c) MR,MR,9,29.55,0.0
fig06,(c) MR,MR,9,29.65,0.0
fig06,(c) MR,MR,9,29.75,0.0
fig06,(c) MR,MR,9,29.85,0.0
fig06,(c) MR,MR,9,29.950000000000003,0.0
fig06,(c) MR,MR,9,30.05,0.0
fig06,(c) MR,MR,9,30.15,0.0
fig06,(c) MR,MR,9,30.25,0.0
fig06,(c) MR,MR,9,30.35,0.0
fig06,(d) IA-FMR,IA-FMR,1,0.45,11.339374379344587
fig06,(d) IA-FMR,IA-FMR,1,0.55,11.28938150247843
fig06,(d) IA-FMR,IA-FMR,1,0.65,11.234363403365768
fig06,(d) IA-FMR,IA-FMR,1,0.75,11.174274471746974
fig06,(d) IA-FMR,IA-FMR,1,0.8500000000000001,11.157971862873184
fig06,(d) IA-FMR,IA-FMR,1,0.95,11.146496815286625
fig06,(d) IA-FMR,IA-FMR,1,1.05,11.162520530384969
fig06,(d) IA-FMR,IA-FMR,1,1.15,11.173918043866214
fig06,(d) IA-FMR,IA-FMR,1,1.25,11.176250609988124
fig06,(d) IA-FMR,IA-FMR,1,1.35,11.151778493820297
fig06,(d) IA-FMR,IA-FMR,1,1.4500000000000002,11.154401731050108
fig06,(d) IA-FMR,IA-FMR,1,1.55,11.151722498015012
fig06,(d) IA-FMR,IA-FMR,1,1.65,11.174191649795544
fig06,(d) IA-FMR,IA-FMR,1,1.75,11.15458034658578
fig06,(d) IA-FMR,IA-FMR,1,1.85,11.152564542683184
fig06,(d) IA-FMR,IA-FMR,1,1.95,11.140546756359427
fig06,(d) IA-FMR,IA-FMR,1,2.0500000000000003,11.146137308858137
fig06,(d) IA-FMR,IA-FMR,1,2.15,11.148499779673918
fig06,(d) IA-FMR,IA-FMR,1,2.25,11.154508672835798
fig06,(d) IA-FMR,IA-FMR,1,2.35,11.160170899084491
fig06,(d) IA-FMR,IA-FMR,1,2.45,11.171919055586883
fig06,(d) IA-FMR,IA-FMR,1,2.5500000000000003,11.165910162425003
fig06,(d) IA-FMR,IA-FMR,1,2.6500000000000004,11.16625682933819
fig06,(d) IA-FMR,IA-FMR,1,2.75,11.15651163722309
fig06,(d) IA-FMR,IA-FMR,1,2.85,11.16590618631704
fig06,(d) IA-FMR,IA-FMR,1,2.95,11.17191507947892
fig06,(d) IA-FMR,IA-FMR,1,3.0500000000000003,11.165533840373248
fig06,(d) IA-FMR,IA-FMR,1,3.1500000000000004,11.14698108304306
fig06,(d) IA-FMR,IA-FMR,1,3.25,11.1544760465568
fig06,(d) IA-FMR,IA-FMR,1,3.35,11.16657086997238
fig06,(d) IA-FMR,IA-FMR,1,3.45,11.185743900145084
fig06,(d) IA-FMR,IA-FMR,1,3.5500000000000003,11.168234114694876
fig06,(d) IA-FMR,IA-FMR,1,3.65,11.148918120337086
fig06,(d) IA-FMR,IA-FMR,1,3.75,11.142562560262022
fig06,(d) IA-FMR,IA-FMR,1,3.85,11.140559595874729
fig06,(d) IA-FMR,IA-FMR,1,3.95,11.158167934697198
fig06,(d) IA-FMR,IA-FMR,1,4.05,11.165932031018812
fig06,(d) IA-FMR,IA-FMR,1,4.15,11.174273490302602
fig06,(d) IA-FMR,IA-FMR,1,4.25,11.165902126324944
fig06,(d) IA-FMR,IA-FMR,1,4.3500000000000005,11.140458017430872
fig06,(d) IA-FMR,IA-FMR,1,4.45,11.152146202020017
fig06,(d) IA-FMR,IA-FMR,1,4.55,11.162225221532998
fig06,(d) IA-FMR,IA-FMR,1,4.65,11.174243007856754
fig06,(d) IA-FMR,IA-FMR,1,4.75,11.173986217550691
fig06,(d) IA-FMR,IA-FMR,1,4.8500000000000005,11.165923001940309
fig06,(d) IA-FMR,IA-FMR,1,4.95,11.166303311634096
fig06,(d) IA-FMR,IA-FMR,1,5.050000000000001,11.160255899926309
fig06,(d) IA-FMR,IA-FMR,1,5.15,11.154593673677615
fig06,(d) IA-FMR,IA-FMR,1,5.25,11.165923001940309
fig06,(d) IA-FMR,IA-FMR,1,5.3500000000000005,11.158206453243109
fig06,(d) IA-FMR,IA-FMR,1,5.45,11.17222720395416
fig06,(d) IA-FMR,IA-FMR,1,5.550000000000001,11.16785746130079
fig06,(d) IA-FMR,IA-FMR,1,5.65,11.156671094156662
fig06,(d) IA-FMR,IA-FMR,1,5.75,11.154047856926852
fig06,(d) IA-FMR,IA-FMR,1,5.8500000000000005,11.158725747947498
fig06,(d) IA-FMR,IA-FMR,1,5.95,11.160302956828536
fig06,(d) IA-FMR,IA-FMR,1,6.050000000000001,11.16638938409573
fig06,(d) IA-FMR,IA-FMR,1,6.15,11.13732750458953
fig06,(d) IA-FMR,IA-FMR,1,6.25,11.164498137706374
fig06,(d) IA-FMR,IA-FMR,1,6.3500000000000005,11.20317231096667
fig06,(d) IA-FMR,IA-FMR,1,6.45,11.280305335767904
fig06,(d) IA-FMR,IA-FMR,1,6.550000000000001,11.316823899371068
fig06,(d) IA-FMR,IA-FMR,1,6.65,11.320754716981131
fig06,(d) IA-FMR,IA-FMR,1,6.75,11.320754716981131
fig06,(d) IA-FMR,IA-FMR,1,6.8500000000000005,11.320754716981131
fig06,(d) IA-FMR,IA-FMR,1,6.95,11.320754716981131
fig06,(d) IA-FMR,IA-FMR,1,7.050000000000001,11.320754716981131
fig06,(d) IA-FMR,IA-FMR,1,7.15,11.320754716981131
fig06,(d) IA-FMR,IA-FMR,1,7.25,11.320754716981131
fig06,(d) IA-FMR,IA-FMR,1,7.35,11.320754716981131
fig06,(d) IA-FMR,IA-FMR,1,7.45,11.320754716981131
fig06,(d) IA-FMR,IA-FMR,1,7.550000000000001,11.320754716981131
fig06,(d) IA-FMR,IA-FMR,1,7.65,11.320754716981131
fig06,(d) IA-FMR,IA-FMR,1,7.75,11.320754716981131
fig06,(d) IA-FMR,IA-FMR,1,7.85,11.320754716981131
fig06,(d) IA-FMR,IA-FMR,1,7.95,11.320754716981131
fig06,(d) IA-FMR,IA-FMR,1,8.05,11.320754716981131
fig06,(d) IA-FMR,IA-FMR,1,8.15,11.320754716981131
fig06,(d) IA-FMR,IA-FMR,1,8.25,11.320754716981131
fig06,(d) IA-FMR,IA-FMR,1,8.35,11.320754716981131
fig06,(d) IA-FMR,IA-FMR,1,8.450000000000001,11.320754716981131
fig06,(d) IA-FMR,IA-FMR,1,8.55,11.320754716981131
fig06,(d) IA-FMR,IA-FMR,1,8.65,11.320754716981131
fig06,(d) IA-FMR,IA-FMR,1,8.75,11.320754716981131
fig06,(d) IA-FMR,IA-FMR,1,8.85,11.320754716981131
fig06,(d) IA-FMR,IA-FMR,1,8.950000000000001,11.320754716981131
fig06,(d) IA-FMR,IA-FMR,1,9.05,11.320754716981131
fig06,(d) IA-FMR,IA-FMR,1,9.15,11.320754716981131
fig06,(d) IA-FMR,IA-FMR,1,9.25,11.320754716981131
fig06,(d) IA-FMR,IA-FMR,1,9.35,11.320754716981131
fig06,(d) IA-FMR,IA-FMR,1,9.45,11.320754716981131
fig06,(d) IA-FMR,IA-FMR,1,9.55,11.320754716981131
fig06,(d) IA-FMR,IA-FMR,1,9.65,11.320754716981131
fig06,(d) IA-FMR,IA-FMR,1,9.75,11.320754716981131
fig06,(d) IA-FMR,IA-FMR,1,9.85,11.320754716981131
fig06,(d) IA-FMR,IA-FMR,1,9.95,11.320754716981131
fig06,(d) IA-FMR,IA-FMR,1,10.05,11.320754716981131
fig06,(d) IA-FMR,IA-FMR,1,10.15,11.320754716981131
fig06,(d) IA-FMR,IA-FMR,1,10.25,11.320754716981131
fig06,(d) IA-FMR,IA-FMR,1,10.35,11.320754716981131
fig06,(d) IA-FMR,IA-FMR,1,10.45,11.320754716981131
fig06,(d) IA-FMR,IA-FMR,1,10.55,11.320754716981131
fig06,(d) IA-FMR,IA-FMR,1,10.65,11.320754716981131
fig06,(d) IA-FMR,IA-FMR,1,10.75,11.320754716981131
fig06,(d) IA-FMR,IA-FMR,1,10.85,11.320754716981131
fig06,(d) IA-FMR,IA-FMR,1,10.95,11.320754716981131
fig06,(d) IA-FMR,IA-FMR,1,11.05,11.320754716981131
fig06,(d) IA-FMR,IA-FMR,1,11.15,11.320754716981131
fig06,(d) IA-FMR,IA-FMR,1,11.25,11.320754716981131
fig06,(d) IA-FMR,IA-FMR,1,11.35,11.320754716981131
fig06,(d) IA-FMR,IA-FMR,1,11.45,11.320754716981131
fig06,(d) IA-FMR,IA-FMR,1,11.55,11.320754716981131
fig06,(d) IA-FMR,IA-FMR,1,11.65,11.320754716981131
fig06,(d) IA-FMR,IA-FMR,1,11.75,11.320754716981131
fig06,(d) IA-FMR,IA-FMR,1,11.85,11.320754716981131
fig06,(d) IA-FMR,IA-FMR,1,11.95,11.320754716981131
fig06,(d) IA-FMR,IA-FMR,1,12.05,11.320754716981131
fig06,(d) IA-FMR,IA-FMR,1,12.15,11.320754716981131
fig06,(d) IA-FMR,IA-FMR,1,12.25,11.320754716981131
fig06,(d) IA-FMR,IA-FMR,1,12.35,11.320754716981131
fig06,(d) IA-FMR,IA-FMR,1,12.45,11.320754716981131
fig06,(d) IA-FMR,IA-FMR,1,12.55,11.320754716981131
fig06,(d) IA-FMR,IA-FMR,1,12.65,11.320754716981131
fig06,(d) IA-FMR,IA-FMR,1,12.75,11.320754716981131
fig06,(d) IA-FMR,IA-FMR,1,12.85,11.320754716981131
fig06,(d) IA-FMR,IA-FMR,1,12.95,11.320754716981131
fig06,(d) IA-FMR,IA-FMR,1,13.05,11.320754716981131
fig06,(d) IA-FMR,IA-FMR,1,13.15,11.320754716981131
fig06,(d) IA-FMR,IA-FMR,1,13.25,11.320754716981131
fig06,(d) IA-FMR,IA-FMR,1,13.35,11.320754716981131
fig06,(d) IA-FMR,IA-FMR,1,13.45,11.320754716981131
fig06,(d) IA-FMR,IA-FMR,1,13.55,11.320754716981131
fig06,(d) IA-FMR,IA-FMR,1,13.65,11.320754716981131
fig06,(d) IA-FMR,IA-FMR,1,13.75,11.320754716981131
fig06,(d) IA-FMR,IA-FMR,1,13.85,11.320754716981131
fig06,(d) IA-FMR,IA-FMR,1,13.95,11.320754716981131
fig06,(d) IA-FMR,IA-FMR,1,14.05,11.320754716981131
fig06,(d) IA-FMR,IA-FMR,1,14.15,11.320754716981131
fig06,(d) IA-FMR,IA-FMR,1,14.25,11.320754716981131
fig06,(d) IA-FMR,IA-FMR,1,14.35,11.320754716981131
fig06,(d) IA-FMR,IA-FMR,1,14.45,11.320754716981131
fig06,(d) IA-FMR,IA-FMR,1,14.55,11.320754716981131
fig06,(d) IA-FMR,IA-FMR,1,14.65,11.320754716981131
fig06,(d) IA-FMR,IA-FMR,1,14.75,11.320754716981131
fig06,(d) IA-FMR,IA-FMR,1,14.85,11.320754716981131
fig06,(d) IA-FMR,IA-FMR,1,14.95,11.320754716981131
fig06,(d) IA-FMR,IA-FMR,1,15.05,11.320754716981131
fig06,(d) IA-FMR,IA-FMR,1,15.15,11.320754716981131
fig06,(d) IA-FMR,IA-FMR,1,15.25,11.320754716981131
fig06,(d) IA-FMR,IA-FMR,1,15.35,11.320754716981131
fig06,(d) IA-FMR,IA-FMR,1,15.45,11.320754716981131
fig06,(d) IA-FMR,IA-FMR,1,15.55,11.320754716981131
fig06,(d) IA-FMR,IA-FMR,1,15.65,11.320754716981131
fig06,(d) IA-FMR,IA-FMR,1,15.75,11.320754716981131
fig06,(d) IA-FMR,IA-FMR,1,15.85,11.320754716981131
fig06,(d) IA-FMR,IA-FMR,1,15.95,11.320754716981131
fig06,(d) IA-FMR,IA-FMR,1,16.05,11.320754716981131
fig06,(d) IA-FMR,IA-FMR,1,16.150000000000002,11.320754716981131
fig06,(d) IA-FMR,IA-FMR,1,16.25,11.320754716981131
fig06,(d) IA-FMR,IA-FMR,1,16.35,11.320754716981131
fig06,(d) IA-FMR,IA-FMR,1,16.45,11.320754716981131
fig06,(d) IA-FMR,IA-FMR,1,16.55,11.320754716981131
fig06,(d) IA-FMR,IA-FMR,1,16.650000000000002,11.320754716981131
fig06,(d) IA-FMR,IA-FMR,1,16.75,11.320754716981131
fig06,(d) IA-FMR,IA-FMR,1,16.85,11.320754716981131
fig06,(d) IA-FMR,IA-FMR,1,16.95,11.320754716981131
fig06,(d) IA-FMR,IA-FMR,1,17.05,11.320754716981131
fig06,(d) IA-FMR,IA-FMR,1,17.150000000000002,11.320754716981131
fig06,(d) IA-FMR,IA-FMR,1,17.25,11.320754716981131
fig06,(d) IA-FMR,IA-FMR,1,17.35,11.320754716981131
fig06,(d) IA-FMR,IA-FMR,1,17.45,11.320754716981131
fig06,(d) IA-FMR,IA-FMR,1,17.55,11.320754716981131
fig06,(d) IA-FMR,IA-FMR,1,17.650000000000002,11.320754716981131
fig06,(d) IA-FMR,IA-FMR,1,17.75,11.320754716981131
fig06,(d) IA-FMR,IA-FMR,1,17.85,11.320754716981131
fig06,(d) IA-FMR,IA-FMR,1,17.95,11.320754716981131
fig06,(d) IA-FMR,IA-FMR,1,18.05,11.320754716981131
fig06,(d) IA-FMR,IA-FMR,1,18.15,11.320754716981131
fig06,(d) IA-FMR,IA-FMR,1,18.25,11.320754716981131
fig06,(d) IA-FMR,IA-FMR,1,18.35,11.320754716981131
fig06,(d) IA-FMR,IA-FMR,1,18.45,11.320754716981131
fig06,(d) IA-FMR,IA-FMR,1,18.55,11.320754716981131
fig06,(d) IA-FMR,IA-FMR,1,18.65,11.320754716981131
fig06,(d) IA-FMR,IA-FMR,1,18.75,11.320754716981131
fig06,(d) IA-FMR,IA-FMR,1,18.85,11.320754716981131
fig06,(d) IA-FMR,IA-FMR,1,18.95,11.320754716981131
fig06,(d) IA-FMR,IA-FMR,1,19.05,11.320754716981131
fig06,(d) IA-FMR,IA-FMR,1,19.15,11.320754716981131
fig06,(d) IA-FMR,IA-FMR,1,19.25,11.320754716981131
fig06,(d) IA-FMR,IA-FMR,1,19.35,11.320754716981131
fig06,(d) IA-FMR,IA-FMR,1,19.450000000000003,11.320754716981131
fig06,(d) IA-FMR,IA-FMR,1,19.55,11.320754716981131
fig06,(d) IA-FMR,IA-FMR,1,19.65,11.320754716981131
fig06,(d) IA-FMR,IA-FMR,1,19.75,11.320754716981131
fig06,(d) IA-FMR,IA-FMR,1,19.85,11.320754716981131
fig06,(d) IA-FMR,IA-FMR,1,19.950000000000003,11.320754716981131
fig06,(d) IA-FMR,IA-FMR,1,20.05,11.320754716981131
fig06,(d) IA-FMR,IA-FMR,1,20.15,11.320754716981131
fig06,(d) IA-FMR,IA-FMR,1,20.25,11.320754716981131
fig06,(d) IA-FMR,IA-FMR,1,20.35,11.320754716981131
fig06,(d) IA-FMR,IA-FMR,1,20.450000000000003,11.320754716981131
fig06,(d) IA-FMR,IA-FMR,1,20.55,11.320754716981131
fig06,(d) IA-FMR,IA-FMR,1,20.65,11.320754716981131
fig06,(d) IA-FMR,IA-FMR,1,20.75,11.320754716981131
fig06,(d) IA-FMR,IA-FMR,1,20.85,11.320754716981131
fig06,(d) IA-FMR,IA-FMR,1,20.950000000000003,11.320754716981131
fig06,(d) IA-FMR,IA-FMR,1,21.05,11.320754716981131
fig06,(d) IA-FMR,IA-FMR,1,21.15,11.320754716981131
fig06,(d) IA-FMR,IA-FMR,1,21.25,11.320754716981131
fig06,(d) IA-FMR,IA-FMR,1,21.35,11.320754716981131
fig06,(d) IA-FMR,IA-FMR,1,21.450000000000003,11.320754716981131
fig06,(d) IA-FMR,IA-FMR,1,21.55,11.320754716981131
fig06,(d) IA-FMR,IA-FMR,1,21.65,11.320754716981131
fig06,(d) IA-FMR,IA-FMR,1,21.75,11.320754716981131
fig06,(d) IA-FMR,IA-FMR,1,21.85,11.320754716981131
fig06,(d) IA-FMR,IA-FMR,1,21.950000000000003,11.320754716981131
fig06,(d) IA-FMR,IA-FMR,1,22.05,11.320754716981131
fig06,(d) IA-FMR,IA-FMR,1,22.15,11.320754716981131
fig06,(d) IA-FMR,IA-FMR,1,22.25,11.320754716981131
fig06,(d) IA-FMR,IA-FMR,1,22.35,11.320754716981131
fig06,(d) IA-FMR,IA-FMR,1,22.450000000000003,11.320754716981131
fig06,(d) IA-FMR,IA-FMR,1,22.55,11.320754716981131
fig06,(d) IA-FMR,IA-FMR,1,22.65,11.320754716981131
fig06,(d) IA-FMR,IA-FMR,1,22.75,11.320754716981131
fig06,(d) IA-FMR,IA-FMR,1,22.85,11.320754716981131
fig06,(d) IA-FMR,IA-FMR,1,22.950000000000003,11.320754716981131
fig06,(d) IA-FMR,IA-FMR,1,23.05,11.320754716981131
fig06,(d) IA-FMR,IA-FMR,1,23.15,11.320754716981131
fig06,(d) IA-FMR,IA-FMR,1,23.25,11.320754716981131
fig06,(d) IA-FMR,IA-FMR,1,23.35,11.320754716981131
fig06,(d) IA-FMR,IA-FMR,1,23.450000000000003,11.320754716981131
fig06,(d) IA-FMR,IA-FMR,1,23.55,11.320754716981131
fig06,(d) IA-FMR,IA-FMR,1,23.65,11.320754716981131
fig06,(d) IA-FMR,IA-FMR,1,23.75,11.320754716981131
fig06,(d) IA-FMR,IA-FMR,1,23.85,11.320754716981131
fig06,(d) IA-FMR,IA-FMR,1,23.950000000000003,11.320754716981131
fig06,(d) IA-FMR,IA-FMR,1,24.05,11.320754716981131
fig06,(d) IA-FMR,IA-FMR,1,24.15,11.320754716981131
fig06,(d) IA-FMR,IA-FMR,1,24.25,11.320754716981131
fig06,(d) IA-FMR,IA-FMR,1,24.35,11.320754716981131
fig06,(d) IA-FMR,IA-FMR,1,24.450000000000003,11.320754716981131
fig06,(d) IA-FMR,IA-FMR,1,24.55,11.320754716981131
fig06,(d) IA-FMR,IA-FMR,1,24.65,11.320754716981131
fig06,(d) IA-FMR,IA-FMR,1,24.75,11.320754716981131
fig06,(d) IA-FMR,IA-FMR,1,24.85,11.320754716981131
fig06,(d) IA-FMR,IA-FMR,1,24.950000000000003,11.320754716981131
fig06,(d) IA-FMR,IA-FMR,1,25.05,11.320754716981131
fig06,(d) IA-FMR,IA-FMR,1,25.15,11.320754716981131
fig06,(d) IA-FMR,IA-FMR,1,25.25,11.320754716981131
fig06,(d) IA-FMR,IA-FMR,1,25.35,11.320754716981131
fig06,(d) IA-FMR,IA-FMR,1,25.450000000000003,11.320754716981131
fig06,(d) IA-FMR,IA-FMR,1,25.55,11.320754716981131
fig06,(d) IA-FMR,IA-FMR,1,25.65,11.320754716981131
fig06,(d) IA-FMR,IA-FMR,1,25.75,11.320754716981131
fig06,(d) IA-FMR,IA-FMR,1,25.85,11.320754716981131
fig06,(d) IA-FMR,IA-FMR,1,25.950000000000003,11.320754716981131
fig06,(d) IA-FMR,IA-FMR,1,26.05,11.320754716981131
fig06,(d) IA-FMR,IA-FMR,1,26.15,11.320754716981131
fig06,(d) IA-FMR,IA-FMR,1,26.25,11.320754716981131
fig06,(d) IA-FMR,IA-FMR,1,26.35,11.320754716981131
fig06,(d) IA-FMR,IA-FMR,1,26.450000000000003,11.320754716981131
fig06,(d) IA-FMR,IA-FMR,1,26.55,11.320754716981131
fig06,(d) IA-FMR,IA-FMR,1,26.65,11.320754716981131
fig06,(d) IA-FMR,IA-FMR,1,26.75,11.320754716981131
fig06,(d) IA-FMR,IA-FMR,1,26.85,11.320754716981131
fig06,(d) IA-FMR,IA-FMR,1,26.950000000000003,11.320754716981131
fig06,(d) IA-FMR,IA-FMR,1,27.05,11.320754716981131
fig06,(d) IA-FMR,IA-FMR,1,27.15,11.320754716981131
fig06,(d) IA-FMR,IA-FMR,1,27.25,11.320754716981131
fig06,(d) IA-FMR,IA-FMR,1,27.35,11.320754716981131
fig06,(d) IA-FMR,IA-FMR,1,27.450000000000003,11.320754716981131
fig06,(d) IA-FMR,IA-FMR,1,27.55,11.320754716981131
fig06,(d) IA-FMR,IA-FMR,1,27.65,11.320754716981131
fig06,(d) IA-FMR,IA-FMR,1,27.75,11.320754716981131
fig06,(d) IA-FMR,IA-FMR,1,27.85,11.320754716981131
fig06,(d) IA-FMR,IA-FMR,1,27.950000000000003,11.320754716981131
fig06,(d) IA-FMR,IA-FMR,1,28.05,11.320754716981131
fig06,(d) IA-FMR,IA-FMR,1,28.15,11.320754716981131
fig06,(d) IA-FMR,IA-FMR,1,28.25,11.320754716981131
fig06,(d) IA-FMR,IA-FMR,1,28.35,11.320754716981131
fig06,(d) IA-FMR,IA-FMR,1,28.450000000000003,11.320754716981131
fig06,(d) IA-FMR,IA-FMR,1,28.55,11.320754716981131
fig06,(d) IA-FMR,IA-FMR,1,28.65,11.320754716981131
fig06,(d) IA-FMR,IA-FMR,1,28.75,11.320754716981131
fig06,(d) IA-FMR,IA-FMR,1,28.85,11.320754716981131
fig06,(d) IA-FMR,IA-FMR,1,28.950000000000003,11.320754716981131
fig06,(d) IA-FMR,IA-FMR,1,29.05,11.320754716981131
fig06,(d) IA-FMR,IA-FMR,1,29.15,11.320754716981131
fig06,(d) IA-FMR,IA-FMR,1,29.25,11.320754716981131
fig06,(d) IA-FMR,IA-FMR,1,29.35,11.320754716981131
fig06,(d) IA-FMR,IA-FMR,1,29.450000000000003,11.320754716981131
fig06,(d) IA-FMR,IA-FMR,1,29.55,11.320754716981131
fig06,(d) IA-FMR,IA-FMR,1,29.65,11.320754716981131
fig06,(d) IA-FMR,IA-FMR,1,29.75,11.320754716981131
fig06,(d) IA-FMR,IA-FMR,1,29.85,11.320754716981131
fig06,(d) IA-FMR,IA-FMR,1,29.950000000000003,11.320754716981131
fig06,(d) IA-FMR,IA-FMR,1,30.05,11.320754716981131
fig06,(d) IA-FMR,IA-FMR,1,30.15,11.320754716981131
fig06,(d) IA-FMR,IA-FMR,1,30.25,11.320754716981131
fig06,(d) IA-FMR,IA-FMR,1,30.35,11.320754716981131
fig06,(d) IA-FMR,IA-FMR,2,0.45,10.364945382323734
fig06,(d) IA-FMR,IA-FMR,2,0.55,10.396947108636173
fig06,(d) IA-FMR,IA-FMR,2,0.65,10.431597032288884
fig06,(d) IA-FMR,IA-FMR,2,0.75,10.469653355647454
fig06,(d) IA-FMR,IA-FMR,2,0.8500000000000001,10.47984565544102
fig06,(d) IA-FMR,IA-FMR,2,0.95,10.487521531867165
fig06,(d) IA-FMR,IA-FMR,2,1.05,10.475503745543405
fig06,(d) IA-FMR,IA-FMR,2,1.15,10.467879558520805
fig06,(d) IA-FMR,IA-FMR,2,1.25,10.465673762296824
fig06,(d) IA-FMR,IA-FMR,2,1.35,10.483982911119131
fig06,(d) IA-FMR,IA-FMR,2,1.4500000000000002,10.481592276205264
fig06,(d) IA-FMR,IA-FMR,2,1.55,10.4840163441894
fig06,(d) IA-FMR,IA-FMR,2,1.65,10.467710159754384
fig06,(d) IA-FMR,IA-FMR,2,1.75,10.481464693679785
fig06,(d) IA-FMR,IA-FMR,2,1.85,10.483480497582384
fig06,(d) IA-FMR,IA-FMR,2,1.95,10.491492355131555
fig06,(d) IA-FMR,IA-FMR,2,2.0500000000000003,10.48775264314262
fig06,(d) IA-FMR,IA-FMR,2,2.15,10.48551856747987
fig06,(d) IA-FMR,IA-FMR,2,2.25,10.481512638705285
fig06,(d) IA-FMR,IA-FMR,2,2.35,10.477724981690852
fig06,(d) IA-FMR,IA-FMR,2,2.45,10.46988003784062
fig06,(d) IA-FMR,IA-FMR,2,2.5500000000000003,10.473885966615205
fig06,(d) IA-FMR,IA-FMR,2,2.6500000000000004,10.473667694855052
fig06,(d) IA-FMR,IA-FMR,2,2.75,10.47950967431799
fig06,(d) IA-FMR,IA-FMR,2,2.85,10.473888451682685
fig06,(d) IA-FMR,IA-FMR,2,2.95,10.469882522908096
fig06,(d) IA-FMR,IA-FMR,2,3.0500000000000003,10.474119562958142
fig06,(d) IA-FMR,IA-FMR,2,3.1500000000000004,10.487198363689531
fig06,(d) IA-FMR,IA-FMR,2,3.25,10.48149960694891
fig06,(d) IA-FMR,IA-FMR,2,3.35,10.473436391338526
fig06,(d) IA-FMR,IA-FMR,2,3.45,10.45996992008056
fig06,(d) IA-FMR,IA-FMR,2,3.5500000000000003,10.471677569983065
fig06,(d) IA-FMR,IA-FMR,2,3.65,10.485252350694218
fig06,(d) IA-FMR,IA-FMR,2,3.75,10.48947655122896
fig06,(d) IA-FMR,IA-FMR,2,3.85,10.49147951561625
fig06,(d) IA-FMR,IA-FMR,2,3.95,10.479727946078144
fig06,(d) IA-FMR,IA-FMR,2,4.05,10.473862606980914
fig06,(d) IA-FMR,IA-FMR,2,4.15,10.467650881982346
fig06,(d) IA-FMR,IA-FMR,2,4.25,10.473890886419682
fig06,(d) IA-FMR,IA-FMR,2,4.3500000000000005,10.49155574008052
fig06,(d) IA-FMR,IA-FMR,2,4.45,10.483746714368031
fig06,(d) IA-FMR,IA-FMR,2,4.55,10.475683498757649
fig06,(d) IA-FMR,IA-FMR,2,4.65,10.467671641208476
fig06,(d) IA-FMR,IA-FMR,2,4.75,10.467825715392117
fig06,(d) IA-FMR,IA-FMR,2,4.8500000000000005,10.473873127099903
fig06,(d) IA-FMR,IA-FMR,2,4.95,10.473632264293837
fig06,(d) IA-FMR,IA-FMR,2,5.050000000000001,10.477663872099027
fig06,(d) IA-FMR,IA-FMR,2,5.15,10.481451529113462
fig06,(d) IA-FMR,IA-FMR,2,5.25,10.4738731270999
fig06,(d) IA-FMR,IA-FMR,2,5.3500000000000005,10.479702267047536
fig06,(d) IA-FMR,IA-FMR,2,5.45,10.469687445111072
fig06,(d) IA-FMR,IA-FMR,2,5.550000000000001,10.47191133199716
fig06,(d) IA-FMR,IA-FMR,2,5.65,10.479394104613844
fig06,(d) IA-FMR,IA-FMR,2,5.75,10.48178473952771
fig06,(d) IA-FMR,IA-FMR,2,5.8500000000000005,10.479368259912071
fig06,(d) IA-FMR,IA-FMR,2,5.95,10.47764084066141
fig06,(d) IA-FMR,IA-FMR,2,6.050000000000001,10.47358322248328
fig06,(d) IA-FMR,IA-FMR,2,6.15,10.492983003341342
fig06,(d) IA-FMR,IA-FMR,2,6.25,10.47549415537105
fig06,(d) IA-FMR,IA-FMR,2,6.3500000000000005,10.451085046018235
fig06,(d) IA-FMR,IA-FMR,2,6.45,10.40164079935078
fig06,(d) IA-FMR,IA-FMR,2,6.550000000000001,10.379323899371068
fig06,(d) IA-FMR,IA-FMR,2,6.65,10.37735849056604
fig06,(d) IA-FMR,IA-FMR,2,6.75,10.37735849056604
fig06,(d) IA-FMR,IA-FMR,2,6.8500000000000005,10.37735849056604
fig06,(d) IA-FMR,IA-FMR,2,6.95,10.37735849056604
fig06,(d) IA-FMR,IA-FMR,2,7.050000000000001,10.37735849056604
fig06,(d) IA-FMR,IA-FMR,2,7.15,10.37735849056604
fig06,(d) IA-FMR,IA-FMR,2,7.25,10.37735849056604
fig06,(d) IA-FMR,IA-FMR,2,7.35,10.37735849056604
fig06,(d) IA-FMR,IA-FMR,2,7.45,10.37735849056604
fig06,(d) IA-FMR,IA-FMR,2,7.550000000000001,10.37735849056604
fig06,(d) IA-FMR,IA-FMR,2,7.65,10.37735849056604
fig06,(d) IA-FMR,IA-FMR,2,7.75,10.37735849056604
fig06,(d) IA-FMR,IA-FMR,2,7.85,10.37735849056604
fig06,(d) IA-FMR,IA-FMR,2,7.95,10.37735849056604
fig06,(d) IA-FMR,IA-FMR,2,8.05,10.37735849056604
fig06,(d) IA-FMR,IA-FMR,2,8.15,10.37735849056604
fig06,(d) IA-FMR,IA-FMR,2,8.25,10.37735849056604
fig06,(d) IA-FMR,IA-FMR,2,8.35,10.37735849056604
fig06,(d) IA-FMR,IA-FMR,2,8.450000000000001,10.37735849056604
fig06,(d) IA-FMR,IA-FMR,2,8.55,10.37735849056604
fig06,(d) IA-FMR,IA-FMR,2,8.65,10.37735849056604
fig06,(d) IA-FMR,IA-FMR,2,8.75,10.37735849056604
fig06,(d) IA-FMR,IA-FMR,2,8.85,10.37735849056604
fig06,(d) IA-FMR,IA-FMR,2,8.950000000000001,10.37735849056604
fig06,(d) IA-FMR,IA-FMR,2,9.05,10.37735849056604
fig06,(d) IA-FMR,IA-FMR,2,9.15,10.37735849056604
fig06,(d) IA-FMR,IA-FMR,2,9.25,10.37735849056604
fig06,(d) IA-FMR,IA-FMR,2,9.35,10.37735849056604
fig06,(d) IA-FMR,IA-FMR,2,9.45,10.37735849056604
fig06,(d) IA-FMR,IA-FMR,2,9.55,10.37735849056604
fig06,(d) IA-FMR,IA-FMR,2,9.65,10.37735849056604
fig06,(d) IA-FMR,IA-FMR,2,9.75,10.37735849056604
fig06,(d) IA-FMR,IA-FMR,2,9.85,10.37735849056604
fig06,(d) IA-FMR,IA-FMR,2,9.95,10.37735849056604
fig06,(d) IA-FMR,IA-FMR,2,10.05,10.37735849056604
fig06,(d) IA-FMR,IA-FMR,2,10.15,10.37735849056604
fig06,(d) IA-FMR,IA-FMR,2,10.25,10.37735849056604
fig06,(d) IA-FMR,IA-FMR,2,10.35,10.37735849056604
fig06,(d) IA-FMR,IA-FMR,2,10.45,10.37735849056604
fig06,(d) IA-FMR,IA-FMR,2,10.55,10.37735849056604
fig06,(d) IA-FMR,IA-FMR,2,10.65,10.37735849056604
fig06,(d) IA-FMR,IA-FMR,2,10.75,10.37735849056604
fig06,(d) IA-FMR,IA-FMR,2,10.85,10.37735849056604
fig06,(d) IA-FMR,IA-FMR,2,10.95,10.37735849056604
fig06,(d) IA-FMR,IA-FMR,2,11.05,10.37735849056604
fig06,(d) IA-FMR,IA-FMR,2,11.15,10.37735849056604
fig06,(d) IA-FMR,IA-FMR,2,11.25,10.37735849056604
fig06,(d) IA-FMR,IA-FMR,2,11.35,10.37735849056604
fig06,(d) IA-FMR,IA-FMR,2,11.45,10.37735849056604
fig06,(d) IA-FMR,IA-FMR,2,11.55,10.37735849056604
fig06,(d) IA-FMR,IA-FMR,2,11.65,10.37735849056604
fig06,(d) IA-FMR,IA-FMR,2,11.75,10.37735849056604
fig06,(d) IA-FMR,IA-FMR,2,11.85,10.37735849056604
fig06,(d) IA-FMR,IA-FMR,2,11.95,10.37735849056604
fig06,(d) IA-FMR,IA-FMR,2,12.05,10.37735849056604
fig06,(d) IA-FMR,IA-FMR,2,12.15,10.37735849056604
fig06,(d) IA-FMR,IA-FMR,2,12.25,10.37735849056604
fig06,(d) IA-FMR,IA-FMR,2,12.35,10.37735849056604
fig06,(d) IA-FMR,IA-FMR,2,12.45,10.37735849056604
fig06,(d) IA-FMR,IA-FMR,2,12.55,10.37735849056604
fig06,(d) IA-FMR,IA-FMR,2,12.65,10.37735849056604
fig06,(d) IA-FMR,IA-FMR,2,12.75,10.37735849056604
fig06,(d) IA-FMR,IA-FMR,2,12.85,10.37735849056604
fig06,(d) IA-FMR,IA-FMR,2,12.95,10.37735849056604
fig06,(d) IA-FMR,IA-FMR,2,13.05,10.37735849056604
fig06,(d) IA-FMR,IA-FMR,2,13.15,10.37735849056604
fig06,(d) IA-FMR,IA-FMR,2,13.25,10.37735849056604
fig06,(d) IA-FMR,IA-FMR,2,13.35,10.37735849056604
fig06,(d) IA-FMR,IA-FMR,2,13.45,10.37735849056604
fig06,(d) IA-FMR,IA-FMR,2,13.55,10.37735849056604
fig06,(d) IA-FMR,IA-FMR,2,13.65,10.37735849056604
fig06,(d) IA-FMR,IA-FMR,2,13.75,10.37735849056604
fig06,(d) IA-FMR,IA-FMR,2,13.85,10.37735849056604
fig06,(d) IA-FMR,IA-FMR,2,13.95,10.37735849056604
fig06,(d) IA-FMR,IA-FMR,2,14.05,10.37735849056604
fig06,(d) IA-FMR,IA-FMR,2,14.15,10.37735849056604
fig06,(d) IA-FMR,IA-FMR,2,14.25,10.37735849056604
fig06,(d) IA-FMR,IA-FMR,2,14.35,10.37735849056604
fig06,(d) IA-FMR,IA-FMR,2,14.45,10.37735849056604
fig06,(d) IA-FMR,IA-FMR,2,14.55,10.37735849056604
fig06,(d) IA-FMR,IA-FMR,2,14.65,10.37735849056604
fig06,(d) IA-FMR,IA-FMR,2,14.75,10.37735849056604
fig06,(d) IA-FMR,IA-FMR,2,14.85,10.37735849056604
fig06,(d) IA-FMR,IA-FMR,2,14.95,10.37735849056604
fig06,(d) IA-FMR,IA-FMR,2,15.05,10.37735849056604
fig06,(d) IA-FMR,IA-FMR,2,15.15,10.37735849056604
fig06,(d) IA-FMR,IA-FMR,2,15.25,10.37735849056604
fig06,(d) IA-FMR,IA-FMR,2,15.35,10.37735849056604
fig06,(d) IA-FMR,IA-FMR,2,15.45,10.37735849056604
fig06,(d) IA-FMR,IA-FMR,2,15.55,10.37735849056604
fig06,(d) IA-FMR,IA-FMR,2,15.65,10.37735849056604
fig06,(d) IA-FMR,IA-FMR,2,15.75,10.37735849056604
fig06,(d) IA-FMR,IA-FMR,2,15.85,10.37735849056604
fig06,(d) IA-FMR,IA-FMR,2,15.95,10.37735849056604
fig06,(d) IA-FMR,IA-FMR,2,16.05,10.37735849056604
fig06,(d) IA-FMR,IA-FMR,2,16.150000000000002,10.37735849056604
fig06,(d) IA-FMR,IA-FMR,2,16.25,10.37735849056604
fig06,(d) IA-FMR,IA-FMR,2,16.35,10.37735849056604
fig06,(d) IA-FMR,IA-FMR,2,16.45,10.37735849056604
fig06,(d) IA-FMR,IA-FMR,2,16.55,10.37735849056604
fig06,(d) IA-FMR,IA-FMR,2,16.650000000000002,10.37735849056604
fig06,(d) IA-FMR,IA-FMR,2,16.75,10.37735849056604
fig06,(d) IA-FMR,IA-FMR,2,16.85,10.37735849056604
fig06,(d) IA-FMR,IA-FMR,2,16.95,10.37735849056604
fig06,(d) IA-FMR,IA-FMR,2,17.05,10.37735849056604
fig06,(d) IA-FMR,IA-FMR,2,17.150000000000002,10.37735849056604
fig06,(d) IA-FMR,IA-FMR,2,17.25,10.37735849056604
fig06,(d) IA-FMR,IA-FMR,2,17.35,10.37735849056604
fig06,(d) IA-FMR,IA-FMR,2,17.45,10.37735849056604
fig06,(d) IA-FMR,IA-FMR,2,17.55,10.37735849056604
fig06,(d) IA-FMR,IA-FMR,2,17.650000000000002,10.37735849056604
fig06,(d) IA-FMR,IA-FMR,2,17.75,10.37735849056604
fig06,(d) IA-FMR,IA-FMR,2,17.85,10.37735849056604
fig06,(d) IA-FMR,IA-FMR,2,17.95,10.37735849056604
fig06,(d) IA-FMR,IA-FMR,2,18.05,10.37735849056604
fig06,(d) IA-FMR,IA-FMR,2,18.15,10.37735849056604
fig06,(d) IA-FMR,IA-FMR,2,18.25,10.37735849056604
fig06,(d) IA-FMR,IA-FMR,2,18.35,10.37735849056604
fig06,(d) IA-FMR,IA-FMR,2,18.45,10.37735849056604
fig06,(d) IA-FMR,IA-FMR,2,18.55,10.37735849056604
fig06,(d) IA-FMR,IA-FMR,2,18.65,10.37735849056604
fig06,(d) IA-FMR,IA-FMR,2,18.75,10.37735849056604
fig06,(d) IA-FMR,IA-FMR,2,18.85,10.37735849056604
fig06,(d) IA-FMR,IA-FMR,2,18.95,10.37735849056604
fig06,(d) IA-FMR,IA-FMR,2,19.05,10.37735849056604
fig06,(d) IA-FMR,IA-FMR,2,19.15,10.37735849056604
fig06,(d) IA-FMR,IA-FMR,2,19.25,10.37735849056604
fig06,(d) IA-FMR,IA-FMR,2,19.35,10.37735849056604
fig06,(d) IA-FMR,IA-FMR,2,19.450000000000003,10.37735849056604
fig06,(d) IA-FMR,IA-FMR,2,19.55,10.37735849056604
fig06,(d) IA-FMR,IA-FMR,2,19.65,10.37735849056604
fig06,(d) IA-FMR,IA-FMR,2,19.75,10.37735849056604
fig06,(d) IA-FMR,IA-FMR,2,19.85,10.37735849056604
fig06,(d) IA-FMR,IA-FMR,2,19.950000000000003,10.37735849056604
fig06,(d) IA-FMR,IA-FMR,2,20.05,10.37735849056604
fig06,(d) IA-FMR,IA-FMR,2,20.15,10.37735849056604
fig06,(d) IA-FMR,IA-FMR,2,20.25,10.37735849056604
fig06,(d) IA-FMR,IA-FMR,2,20.35,10.37735849056604
fig06,(d) IA-FMR,IA-FMR,2,20.450000000000003,10.37735849056604
fig06,(d) IA-FMR,IA-FMR,2,20.55,10.37735849056604
fig06,(d) IA-FMR,IA-FMR,2,20.65,10.37735849056604
fig06,(d) IA-FMR,IA-FMR,2,20.75,10.37735849056604
fig06,(d) IA-FMR,IA-FMR,2,20.85,10.37735849056604
fig06,(d) IA-FMR,IA-FMR,2,20.950000000000003,10.37735849056604
fig06,(d) IA-FMR,IA-FMR,2,21.05,10.37735849056604
fig06,(d) IA-FMR,IA-FMR,2,21.15,10.37735849056604
fig06,(d) IA-FMR,IA-FMR,2,21.25,10.37735849056604
fig06,(d) IA-FMR,IA-FMR,2,21.35,10.37735849056604
fig06,(d) IA-FMR,IA-FMR,2,21.450000000000003,10.37735849056604
fig06,(d) IA-FMR,IA-FMR,2,21.55,10.37735849056604
fig06,(d) IA-FMR,IA-FMR,2,21.65,10.37735849056604
fig06,(d) IA-FMR,IA-FMR,2,21.75,10.37735849056604
fig06,(d) IA-FMR,IA-FMR,2,21.85,10.37735849056604
fig06,(d) IA-FMR,IA-FMR,2,21.950000000000003,10.37735849056604
fig06,(d) IA-FMR,IA-FMR,2,22.05,10.37735849056604
fig06,(d) IA-FMR,IA-FMR,2,22.15,10.37735849056604
fig06,(d) IA-FMR,IA-FMR,2,22.25,10.37735849056604
fig06,(d) IA-FMR,IA-FMR,2,22.35,10.37735849056604
fig06,(d) IA-FMR,IA-FMR,2,22.450000000000003,10.37735849056604
fig06,(d) IA-FMR,IA-FMR,2,22.55,10.37735849056604
fig06,(d) IA-FMR,IA-FMR,2,22.65,10.37735849056604
fig06,(d) IA-FMR,IA-FMR,2,22.75,10.37735849056604
fig06,(d) IA-FMR,IA-FMR,2,22.85,10.37735849056604
fig06,(d) IA-FMR,IA-FMR,2,22.950000000000003,10.37735849056604
fig06,(d) IA-FMR,IA-FMR,2,23.05,10.37735849056604
fig06,(d) IA-FMR,IA-FMR,2,23.15,10.37735849056604
fig06,(d) IA-FMR,IA-FMR,2,23.25,10.37735849056604
fig06,(d) IA-FMR,IA-FMR,2,23.35,10.37735849056604
fig06,(d) IA-FMR,IA-FMR,2,23.450000000000003,10.37735849056604
fig06,(d) IA-FMR,IA-FMR,2,23.55,10.37735849056604
fig06,(d) IA-FMR,IA-FMR,2,23.65,10.37735849056604
fig06,(d) IA-FMR,IA-FMR,2,23.75,10.37735849056604
fig06,(d) IA-FMR,IA-FMR,2,23.85,10.37735849056604
fig06,(d) IA-FMR,IA-FMR,2,23.950000000000003,10.37735849056604
fig06,(d) IA-FMR,IA-FMR,2,24.05,10.37735849056604
fig06,(d) IA-FMR,IA-FMR,2,24.15,10.37735849056604
fig06,(d) IA-FMR,IA-FMR,2,24.25,10.37735849056604
fig06,(d) IA-FMR,IA-FMR,2,24.35,10.37735849056604
fig06,(d) IA-FMR,IA-FMR,2,24.450000000000003,10.37735849056604
fig06,(d) IA-FMR,IA-FMR,2,24.55,10.37735849056604
fig06,(d) IA-FMR,IA-FMR,2,24.65,10.37735849056604
fig06,(d) IA-FMR,IA-FMR,2,24.75,10.37735849056604
fig06,(d) IA-FMR,IA-FMR,2,24.85,10.37735849056604
fig06,(d) IA-FMR,IA-FMR,2,24.950000000000003,10.37735849056604
fig06,(d) IA-FMR,IA-FMR,2,25.05,10.37735849056604
fig06,(d) IA-FMR,IA-FMR,2,25.15,10.37735849056604
fig06,(d) IA-FMR,IA-FMR,2,25.25,10.37735849056604
fig06,(d) IA-FMR,IA-FMR,2,25.35,10.37735849056604
fig06,(d) IA-FMR,IA-FMR,2,25.450000000000003,10.37735849056604
fig06,(d) IA-FMR,IA-FMR,2,25.55,10.37735849056604
fig06,(d) IA-FMR,IA-FMR,2,25.65,10.37735849056604
fig06,(d) IA-FMR,IA-FMR,2,25.75,10.37735849056604
fig06,(d) IA-FMR,IA-FMR,2,25.85,10.37735849056604
fig06,(d) IA-FMR,IA-FMR,2,25.950000000000003,10.37735849056604
fig06,(d) IA-FMR,IA-FMR,2,26.05,10.37735849056604
fig06,(d) IA-FMR,IA-FMR,2,26.15,10.37735849056604
fig06,(d) IA-FMR,IA-FMR,2,26.25,10.37735849056604
fig06,(d) IA-FMR,IA-FMR,2,26.35,10.37735849056604
fig06,(d) IA-FMR,IA-FMR,2,26.450000000000003,10.37735849056604
fig06,(d) IA-FMR,IA-FMR,2,26.55,10.37735849056604
fig06,(d) IA-FMR,IA-FMR,2,26.65,10.37735849056604
fig06,(d) IA-FMR,IA-FMR,2,26.75,10.37735849056604
fig06,(d) IA-FMR,IA-FMR,2,26.85,10.37735849056604
fig06,(d) IA-FMR,IA-FMR,2,26.950000000000003,10.37735849056604
fig06,(d) IA-FMR,IA-FMR,2,27.05,10.37735849056604
fig06,(d) IA-FMR,IA-FMR,2,27.15,10.37735849056604
fig06,(d) IA-FMR,IA-FMR,2,27.25,10.37735849056604
fig06,(d) IA-FMR,IA-FMR,2,27.35,10.37735849056604
fig06,(d) IA-FMR,IA-FMR,2,27.450000000000003,10.37735849056604
fig06,(d) IA-FMR,IA-FMR,2,27.55,10.37735849056604
fig06,(d) IA-FMR,IA-FMR,2,27.65,10.37735849056604
fig06,(d) IA-FMR,IA-FMR,2,27.75,10.37735849056604
fig06,(d) IA-FMR,IA-FMR,2,27.85,10.37735849056604
fig06,(d) IA-FMR,IA-FMR,2,27.950000000000003,10.37735849056604
fig06,(d) IA-FMR,IA-FMR,2,28.05,10.37735849056604
fig06,(d) IA-FMR,IA-FMR,2,28.15,10.37735849056604
fig06,(d) IA-FMR,IA-FMR,2,28.25,10.37735849056604
fig06,(d) IA-FMR,IA-FMR,2,28.35,10.37735849056604
fig06,(d) IA-FMR,IA-FMR,2,28.450000000000003,10.37735849056604
fig06,(d) IA-FMR,IA-FMR,2,28.55,10.37735849056604
fig06,(d) IA-FMR,IA-FMR,2,28.65,10.37735849056604
fig06,(d) IA-FMR,IA-FMR,2,28.75,10.37735849056604
fig06,(d) IA-FMR,IA-FMR,2,28.85,10.37735849056604
fig06,(d) IA-FMR,IA-FMR,2,28.950000000000003,10.37735849056604
fig06,(d) IA-FMR,IA-FMR,2,29.05,10.37735849056604
fig06,(d) IA-FMR,IA-FMR,2,29.15,10.37735849056604
fig06,(d) IA-FMR,IA-FMR,2,29.25,10.37735849056604
fig06,(d) IA-FMR,IA-FMR,2,29.35,10.37735849056604
fig06,(d) IA-FMR,IA-FMR,2,29.450000000000003,10.37735849056604
fig06,(d) IA-FMR,IA-FMR,2,29.55,10.37735849056604
fig06,(d) IA-FMR,IA-FMR,2,29.65,10.37735849056604
fig06,(d) IA-FMR,IA-FMR,2,29.75,10.37735849056604
fig06,(d) IA-FMR,IA-FMR,2,29.85,10.37735849056604
fig06,(d) IA-FMR,IA-FMR,2,29.950000000000003,10.37735849056604
fig06,(d) IA-FMR,IA-FMR,2,30.05,10.37735849056604
fig06,(d) IA-FMR,IA-FMR,2,30.15,10.37735849056604
fig06,(d) IA-FMR,IA-FMR,2,30.25,10.37735849056604
fig06,(d) IA-FMR,IA-FMR,2,30.35,10.37735849056604
fig06,(d) IA-FMR,IA-FMR,3,0.45,10.37735849056604
fig06,(d) IA-FMR,IA-FMR,3,0.55,10.40323222673354
fig06,(d) IA-FMR,IA-FMR,3,0.65,10.429606744891382
fig06,(d) IA-FMR,IA-FMR,3,0.75,10.467663068249951
fig06,(d) IA-FMR,IA-FMR,3,0.8500000000000001,10.47984565544102
fig06,(d) IA-FMR,IA-FMR,3,0.95,10.487521531867165
fig06,(d) IA-FMR,IA-FMR,3,1.05,10.475503745543405
fig06,(d) IA-FMR,IA-FMR,3,1.15,10.467879558520805
fig06,(d) IA-FMR,IA-FMR,3,1.25,10.465673762296824
fig06,(d) IA-FMR,IA-FMR,3,1.35,10.483982911119131
fig06,(d) IA-FMR,IA-FMR,3,1.4500000000000002,10.481592276205264
fig06,(d) IA-FMR,IA-FMR,3,1.55,10.4840163441894
fig06,(d) IA-FMR,IA-FMR,3,1.65,10.467710159754384
fig06,(d) IA-FMR,IA-FMR,3,1.75,10.481464693679785
fig06,(d) IA-FMR,IA-FMR,3,1.85,10.483480497582384
fig06,(d) IA-FMR,IA-FMR,3,1.95,10.491492355131555
fig06,(d) IA-FMR,IA-FMR,3,2.0500000000000003,10.48775264314262
fig06,(d) IA-FMR,IA-FMR,3,2.15,10.48551856747987
fig06,(d) IA-FMR,IA-FMR,3,2.25,10.481512638705285
fig06,(d) IA-FMR,IA-FMR,3,2.35,10.477724981690852
fig06,(d) IA-FMR,IA-FMR,3,2.45,10.46988003784062
fig06,(d) IA-FMR,IA-FMR,3,2.5500000000000003,10.473885966615205
fig06,(d) IA-FMR,IA-FMR,3,2.6500000000000004,10.473667694855052
fig06,(d) IA-FMR,IA-FMR,3,2.75,10.47950967431799
fig06,(d) IA-FMR,IA-FMR,3,2.85,10.473888451682685
fig06,(d) IA-FMR,IA-FMR,3,2.95,10.469882522908096
fig06,(d) IA-FMR,IA-FMR,3,3.0500000000000003,10.474119562958142
fig06,(d) IA-FMR,IA-FMR,3,3.1500000000000004,10.487198363689531
fig06,(d) IA-FMR,IA-FMR,3,3.25,10.48149960694891
fig06,(d) IA-FMR,IA-FMR,3,3.35,10.473436391338526
fig06,(d) IA-FMR,IA-FMR,3,3.45,10.45996992008056
fig06,(d) IA-FMR,IA-FMR,3,3.5500000000000003,10.471677569983065
fig06,(d) IA-FMR,IA-FMR,3,3.65,10.485252350694218
fig06,(d) IA-FMR,IA-FMR,3,3.75,10.48947655122896
fig06,(d) IA-FMR,IA-FMR,3,3.85,10.49147951561625
fig06,(d) IA-FMR,IA-FMR,3,3.95,10.479727946078144
fig06,(d) IA-FMR,IA-FMR,3,4.05,10.473862606980914
fig06,(d) IA-FMR,IA-FMR,3,4.15,10.467650881982346
fig06,(d) IA-FMR,IA-FMR,3,4.25,10.473890886419682
fig06,(d) IA-FMR,IA-FMR,3,4.3500000000000005,10.49155574008052
fig06,(d) IA-FMR,IA-FMR,3,4.45,10.483746714368031
fig06,(d) IA-FMR,IA-FMR,3,4.55,10.475683498757649
fig06,(d) IA-FMR,IA-FMR,3,4.65,10.467671641208476
fig06,(d) IA-FMR,IA-FMR,3,4.75,10.467825715392117
fig06,(d) IA-FMR,IA-FMR,3,4.8500000000000005,10.473873127099903
fig06,(d) IA-FMR,IA-FMR,3,4.95,10.473632264293837
fig06,(d) IA-FMR,IA-FMR,3,5.050000000000001,10.477663872099027
fig06,(d) IA-FMR,IA-FMR,3,5.15,10.481451529113462
fig06,(d) IA-FMR,IA-FMR,3,5.25,10.4738731270999
fig06,(d) IA-FMR,IA-FMR,3,5.3500000000000005,10.479702267047536
fig06,(d) IA-FMR,IA-FMR,3,5.45,10.469687445111072
fig06,(d) IA-FMR,IA-FMR,3,5.550000000000001,10.47191133199716
fig06,(d) IA-FMR,IA-FMR,3,5.65,10.479394104613844
fig06,(d) IA-FMR,IA-FMR,3,5.75,10.48178473952771
fig06,(d) IA-FMR,IA-FMR,3,5.8500000000000005,10.479368259912071
fig06,(d) IA-FMR,IA-FMR,3,5.95,10.47764084066141
fig06,(d) IA-FMR,IA-FMR,3,6.050000000000001,10.47358322248328
fig06,(d) IA-FMR,IA-FMR,3,6.15,10.492983003341342
fig06,(d) IA-FMR,IA-FMR,3,6.25,10.47549415537105
fig06,(d) IA-FMR,IA-FMR,3,6.3500000000000005,10.451085046018235
fig06,(d) IA-FMR,IA-FMR,3,6.45,10.40164079935078
fig06,(d) IA-FMR,IA-FMR,3,6.550000000000001,10.379323899371068
fig06,(d) IA-FMR,IA-FMR,3,6.65,10.37735849056604
fig06,(d) IA-FMR,IA-FMR,3,6.75,10.37735849056604
fig06,(d) IA-FMR,IA-FMR,3,6.8500000000000005,10.37735849056604
fig06,(d) IA-FMR,IA-FMR,3,6.95,10.37735849056604
fig06,(d) IA-FMR,IA-FMR,3,7.050000000000001,10.37735849056604
fig06,(d) IA-FMR,IA-FMR,3,7.15,10.37735849056604
fig06,(d) IA-FMR,IA-FMR,3,7.25,10.37735849056604
fig06,(d) IA-FMR,IA-FMR,3,7.35,10.37735849056604
fig06,(d) IA-FMR,IA-FMR,3,7.45,10.37735849056604
fig06,(d) IA-FMR,IA-FMR,3,7.550000000000001,10.37735849056604
fig06,(d) IA-FMR,IA-FMR,3,7.65,10.37735849056604
fig06,(d) IA-FMR,IA-FMR,3,7.75,10.37735849056604
fig06,(d) IA-FMR,IA-FMR,3,7.85,10.37735849056604
fig06,(d) IA-FMR,IA-FMR,3,7.95,10.37735849056604
fig06,(d) IA-FMR,IA-FMR,3,8.05,10.37735849056604
fig06,(d) IA-FMR,IA-FMR,3,8.15,10.37735849056604
fig06,(d) IA-FMR,IA-FMR,3,8.25,10.37735849056604
fig06,(d) IA-FMR,IA-FMR,3,8.35,10.37735849056604
fig06,(d) IA-FMR,IA-FMR,3,8.450000000000001,10.37735849056604
fig06,(d) IA-FMR,IA-FMR,3,8.55,10.37735849056604
fig06,(d) IA-FMR,IA-FMR,3,8.65,10.37735849056604
fig06,(d) IA-FMR,IA-FMR,3,8.75,10.37735849056604
fig06,(d) IA-FMR,IA-FMR,3,8.85,10.37735849056604
fig06,(d) IA-FMR,IA-FMR,3,8.950000000000001,10.37735849056604
fig06,(d) IA-FMR,IA-FMR,3,9.05,10.37735849056604
fig06,(d) IA-FMR,IA-FMR,3,9.15,10.37735849056604
fig06,(d) IA-FMR,IA-FMR,3,9.25,10.37735849056604
fig06,(d) IA-FMR,IA-FMR,3,9.35,10.37735849056604
fig06,(d) IA-FMR,IA-FMR,3,9.45,10.37735849056604
fig06,(d) IA-FMR,IA-FMR,3,9.55,10.37735849056604
fig06,(d) IA-FMR,IA-FMR,3,9.65,10.37735849056604
fig06,(d) IA-FMR,IA-FMR,3,9.75,10.37735849056604
fig06,(d) IA-FMR,IA-FMR,3,9.85,10.37735849056604
fig06,(d) IA-FMR,IA-FMR,3,9.95,10.37735849056604
fig06,(d) IA-FMR,IA-FMR,3,10.05,10.37735849056604
fig06,(d) IA-FMR,IA-FMR,3,10.15,10.37735849056604
fig06,(d) IA-FMR,IA-FMR,3,10.25,10.37735849056604
fig06,(d) IA-FMR,IA-FMR,3,10.35,10.37735849056604
fig06,(d) IA-FMR,IA-FMR,3,10.45,10.37735849056604
fig06,(d) IA-FMR,IA-FMR,3,10.55,10.37735849056604
fig06,(d) IA-FMR,IA-FMR,3,10.65,10.37735849056604
fig06,(d) IA-FMR,IA-FMR,3,10.75,10.37735849056604
fig06,(d) IA-FMR,IA-FMR,3,10.85,10.37735849056604
fig06,(d) IA-FMR,IA-FMR,3,10.95,10.37735849056604
fig06,(d) IA-FMR,IA-FMR,3,11.05,10.37735849056604
fig06,(d) IA-FMR,IA-FMR,3,11.15,10.37735849056604
fig06,(d) IA-FMR,IA-FMR,3,11.25,10.37735849056604
fig06,(d) IA-FMR,IA-FMR,3,11.35,10.37735849056604
fig06,(d) IA-FMR,IA-FMR,3,11.45,10.37735849056604
fig06,(d) IA-FMR,IA-FMR,3,11.55,10.37735849056604
fig06,(d) IA-FMR,IA-FMR,3,11.65,10.37735849056604
fig06,(d) IA-FMR,IA-FMR,3,11.75,10.37735849056604
fig06,(d) IA-FMR,IA-FMR,3,11.85,10.37735849056604
fig06,(d) IA-FMR,IA-FMR,3,11.95,10.37735849056604
fig06,(d) IA-FMR,IA-FMR,3,12.05,10.37735849056604
fig06,(d) IA-FMR,IA-FMR,3,12.15,10.37735849056604
fig06,(d) IA-FMR,IA-FMR,3,12.25,10.37735849056604
fig06,(d) IA-FMR,IA-FMR,3,12.35,10.37735849056604
fig06,(d) IA-FMR,IA-FMR,3,12.45,10.37735849056604
fig06,(d) IA-FMR,IA-FMR,3,12.55,10.37735849056604
fig06,(d) IA-FMR,IA-FMR,3,12.65,10.37735849056604
fig06,(d) IA-FMR,IA-FMR,3,12.75,10.37735849056604
fig06,(d) IA-FMR,IA-FMR,3,12.85,10.37735849056604
fig06,(d) IA-FMR,IA-FMR,3,12.95,10.37735849056604
fig06,(d) IA-FMR,IA-FMR,3,13.05,10.37735849056604
fig06,(d) IA-FMR,IA-FMR,3,13.15,10.37735849056604
fig06,(d) IA-FMR,IA-FMR,3,13.25,10.37735849056604
fig06,(d) IA-FMR,IA-FMR,3,13.35,10.37735849056604
fig06,(d) IA-FMR,IA-FMR,3,13.45,10.37735849056604
fig06,(d) IA-FMR,IA-FMR,3,13.55,10.37735849056604
fig06,(d) IA-FMR,IA-FMR,3,13.65,10.37735849056604
fig06,(d) IA-FMR,IA-FMR,3,13.75,10.37735849056604
fig06,(d) IA-FMR,IA-FMR,3,13.85,10.37735849056604
fig06,(d) IA-FMR,IA-FMR,3,13.95,10.37735849056604
fig06,(d) IA-FMR,IA-FMR,3,14.05,10.37735849056604
fig06,(d) IA-FMR,IA-FMR,3,14.15,10.37735849056604
fig06,(d) IA-FMR,IA-FMR,3,14.25,10.37735849056604
fig06,(d) IA-FMR,IA-FMR,3,14.35,10.37735849056604
fig06,(d) IA-FMR,IA-FMR,3,14.45,10.37735849056604
fig06,(d) IA-FMR,IA-FMR,3,14.55,10.37735849056604
fig06,(d) IA-FMR,IA-FMR,3,14.65,10.37735849056604
fig06,(d) IA-FMR,IA-FMR,3,14.75,10.37735849056604
fig06,(d) IA-FMR,IA-FMR,3,14.85,10.37735849056604
fig06,(d) IA-FMR,IA-FMR,3,14.95,10.37735849056604
fig06,(d) IA-FMR,IA-FMR,3,15.05,10.37735849056604
fig06,(d) IA-FMR,IA-FMR,3,15.15,10.37735849056604
fig06,(d) IA-FMR,IA-FMR,3,15.25,10.37735849056604
fig06,(d) IA-FMR,IA-FMR,3,15.35,10.37735849056604
fig06,(d) IA-FMR,IA-FMR,3,15.45,10.37735849056604
fig06,(d) IA-FMR,IA-FMR,3,15.55,10.37735849056604
fig06,(d) IA-FMR,IA-FMR,3,15.65,10.37735849056604
fig06,(d) IA-FMR,IA-FMR,3,15.75,10.37735849056604
fig06,(d) IA-FMR,IA-FMR,3,15.85,10.37735849056604
fig06,(d) IA-FMR,IA-FMR,3,15.95,10.37735849056604
fig06,(d) IA-FMR,IA-FMR,3,16.05,10.37735849056604
fig06,(d) IA-FMR,IA-FMR,3,16.150000000000002,10.37735849056604
fig06,(d) IA-FMR,IA-FMR,3,16.25,10.37735849056604
fig06,(d) IA-FMR,IA-FMR,3,16.35,10.37735849056604
fig06,(d) IA-FMR,IA-FMR,3,16.45,10.37735849056604
fig06,(d) IA-FMR,IA-FMR,3,16.55,10.37735849056604
fig06,(d) IA-FMR,IA-FMR,3,16.650000000000002,10.37735849056604
fig06,(d) IA-FMR,IA-FMR,3,16.75,10.37735849056604
fig06,(d) IA-FMR,IA-FMR,3,16.85,10.37735849056604
fig06,(d) IA-FMR,IA-FMR,3,16.95,10.37735849056604
fig06,(d) IA-FMR,IA-FMR,3,17.05,10.37735849056604
fig06,(d) IA-FMR,IA-FMR,3,17.150000000000002,10.37735849056604
fig06,(d) IA-FMR,IA-FMR,3,17.25,10.37735849056604
fig06,(d) IA-FMR,IA-FMR,3,17.35,10.37735849056604
fig06,(d) IA-FMR,IA-FMR,3,17.45,10.37735849056604
fig06,(d) IA-FMR,IA-FMR,3,17.55,10.37735849056604
fig06,(d) IA-FMR,IA-FMR,3,17.650000000000002,10.37735849056604
fig06,(d) IA-FMR,IA-FMR,3,17.75,10.37735849056604
fig06,(d) IA-FMR,IA-FMR,3,17.85,10.37735849056604
fig06,(d) IA-FMR,IA-FMR,3,17.95,10.37735849056604
fig06,(d) IA-FMR,IA-FMR,3,18.05,10.37735849056604
fig06,(d) IA-FMR,IA-FMR,3,18.15,10.37735849056604
fig06,(d) IA-FMR,IA-FMR,3,18.25,10.37735849056604
fig06,(d) IA-FMR,IA-FMR,3,18.35,10.37735849056604
fig06,(d) IA-FMR,IA-FMR,3,18.45,10.37735849056604
fig06,(d) IA-FMR,IA-FMR,3,18.55,10.37735849056604
fig06,(d) IA-FMR,IA-FMR,3,18.65,10.37735849056604
fig06,(d) IA-FMR,IA-FMR,3,18.75,10.37735849056604
fig06,(d) IA-FMR,IA-FMR,3,18.85,10.37735849056604
fig06,(d) IA-FMR,IA-FMR,3,18.95,10.37735849056604
fig06,(d) IA-FMR,IA-FMR,3,19.05,10.37735849056604
fig06,(d) IA-FMR,IA-FMR,3,19.15,10.37735849056604
fig06,(d) IA-FMR,IA-FMR,3,19.25,10.37735849056604
fig06,(d) IA-FMR,IA-FMR,3,19.35,10.37735849056604
fig06,(d) IA-FMR,IA-FMR,3,19.450000000000003,10.37735849056604
fig06,(d) IA-FMR,IA-FMR,3,19.55,10.37735849056604
fig06,(d) IA-FMR,IA-FMR,3,19.65,10.37735849056604
fig06,(d) IA-FMR,IA-FMR,3,19.75,10.37735849056604
fig06,(d) IA-FMR,IA-FMR,3,19.85,10.37735849056604
fig06,(d) IA-FMR,IA-FMR,3,19.950000000000003,10.37735849056604
fig06,(d) IA-FMR,IA-FMR,3,20.05,10.37735849056604
fig06,(d) IA-FMR,IA-FMR,3,20.15,10.37735849056604
fig06,(d) IA-FMR,IA-FMR,3,20.25,10.37735849056604
fig06,(d) IA-FMR,IA-FMR,3,20.35,10.37735849056604
fig06,(d) IA-FMR,IA-FMR,3,20.450000000000003,10.37735849056604
fig06,(d) IA-FMR,IA-FMR,3,20.55,10.37735849056604
fig06,(d) IA-FMR,IA-FMR,3,20.65,10.37735849056604
fig06,(d) IA-FMR,IA-FMR,3,20.75,10.37735849056604
fig06,(d) IA-FMR,IA-FMR,3,20.85,10.37735849056604
fig06,(d) IA-FMR,IA-FMR,3,20.950000000000003,10.37735849056604
fig06,(d) IA-FMR,IA-FMR,3,21.05,10.37735849056604
fig06,(d) IA-FMR,IA-FMR,3,21.15,10.37735849056604
fig06,(d) IA-FMR,IA-FMR,3,21.25,10.37735849056604
fig06,(d) IA-FMR,IA-FMR,3,21.35,10.37735849056604
fig06,(d) IA-FMR,IA-FMR,3,21.450000000000003,10.37735849056604
fig06,(d) IA-FMR,IA-FMR,3,21.55,10.37735849056604
fig06,(d) IA-FMR,IA-FMR,3,21.65,10.37735849056604
fig06,(d) IA-FMR,IA-FMR,3,21.75,10.37735849056604
fig06,(d) IA-FMR,IA-FMR,3,21.85,10.37735849056604
fig06,(d) IA-FMR,IA-FMR,3,21.950000000000003,10.37735849056604
fig06,(d) IA-FMR,IA-FMR,3,22.05,10.37735849056604
fig06,(d) IA-FMR,IA-FMR,3,22.15,10.37735849056604
fig06,(d) IA-FMR,IA-FMR,3,22.25,10.37735849056604
fig06,(d) IA-FMR,IA-FMR,3,22.35,10.37735849056604
fig06,(d) IA-FMR,IA-FMR,3,22.450000000000003,10.37735849056604
fig06,(d) IA-FMR,IA-FMR,3,22.55,10.37735849056604
fig06,(d) IA-FMR,IA-FMR,3,22.65,10.37735849056604
fig06,(d) IA-FMR,IA-FMR,3,22.75,10.37735849056604
fig06,(d) IA-FMR,IA-FMR,3,22.85,10.37735849056604
fig06,(d) IA-FMR,IA-FMR,3,22.950000000000003,10.37735849056604
fig06,(d) IA-FMR,IA-FMR,3,23.05,10.37735849056604
fig06,(d) IA-FMR,IA-FMR,3,23.15,10.37735849056604
fig06,(d) IA-FMR,IA-FMR,3,23.25,10.37735849056604
fig06,(d) IA-FMR,IA-FMR,3,23.35,10.37735849056604
fig06,(d) IA-FMR,IA-FMR,3,23.450000000000003,10.37735849056604
fig06,(d) IA-FMR,IA-FMR,3,23.55,10.37735849056604
fig06,(d) IA-FMR,IA-FMR,3,23.65,10.37735849056604
fig06,(d) IA-FMR,IA-FMR,3,23.75,10.37735849056604
fig06,(d) IA-FMR,IA-FMR,3,23.85,10.37735849056604
fig06,(d) IA-FMR,IA-FMR,3,23.950000000000003,10.37735849056604
fig06,(d) IA-FMR,IA-FMR,3,24.05,10.37735849056604
fig06,(d) IA-FMR,IA-FMR,3,24.15,10.37735849056604
fig06,(d) IA-FMR,IA-FMR,3,24.25,10.37735849056604
fig06,(d) IA-FMR,IA-FMR,3,24.35,10.37735849056604
fig06,(d) IA-FMR,IA-FMR,3,24.450000000000003,10.37735849056604
fig06,(d) IA-FMR,IA-FMR,3,24.55,10.37735849056604
fig06,(d) IA-FMR,IA-FMR,3,24.65,10.37735849056604
fig06,(d) IA-FMR,IA-FMR,3,24.75,10.37735849056604
fig06,(d) IA-FMR,IA-FMR,3,24.85,10.37735849056604
fig06,(d) IA-FMR,IA-FMR,3,24.950000000000003,10.37735849056604
fig06,(d) IA-FMR,IA-FMR,3,25.05,10.37735849056604
fig06,(d) IA-FMR,IA-FMR,3,25.15,10.37735849056604
fig06,(d) IA-FMR,IA-FMR,3,25.25,10.37735849056604
fig06,(d) IA-FMR,IA-FMR,3,25.35,10.37735849056604
fig06,(d) IA-FMR,IA-FMR,3,25.450000000000003,10.37735849056604
fig06,(d) IA-FMR,IA-FMR,3,25.55,10.37735849056604
fig06,(d) IA-FMR,IA-FMR,3,25.65,10.37735849056604
fig06,(d) IA-FMR,IA-FMR,3,25.75,10.37735849056604
fig06,(d) IA-FMR,IA-FMR,3,25.85,10.37735849056604
fig06,(d) IA-FMR,IA-FMR,3,25.950000000000003,10.37735849056604
fig06,(d) IA-FMR,IA-FMR,3,26.05,10.37735849056604
fig06,(d) IA-FMR,IA-FMR,3,26.15,10.37735849056604
fig06,(d) IA-FMR,IA-FMR,3,26.25,10.37735849056604
fig06,(d) IA-FMR,IA-FMR,3,26.35,10.37735849056604
fig06,(d) IA-FMR,IA-FMR,3,26.450000000000003,10.37735849056604
fig06,(d) IA-FMR,IA-FMR,3,26.55,10.37735849056604
fig06,(d) IA-FMR,IA-FMR,3,26.65,10.37735849056604
fig06,(d) IA-FMR,IA-FMR,3,26.75,10.37735849056604
fig06,(d) IA-FMR,IA-FMR,3,26.85,10.37735849056604
fig06,(d) IA-FMR,IA-FMR,3,26.950000000000003,10.37735849056604
fig06,(d) IA-FMR,IA-FMR,3,27.05,10.37735849056604
fig06,(d) IA-FMR,IA-FMR,3,27.15,10.37735849056604
fig06,(d) IA-FMR,IA-FMR,3,27.25,10.37735849056604
fig06,(d) IA-FMR,IA-FMR,3,27.35,10.37735849056604
fig06,(d) IA-FMR,IA-FMR,3,27.450000000000003,10.37735849056604
fig06,(d) IA-FMR,IA-FMR,3,27.55,10.37735849056604
fig06,(d) IA-FMR,IA-FMR,3,27.65,10.37735849056604
fig06,(d) IA-FMR,IA-FMR,3,27.75,10.37735849056604
fig06,(d) IA-FMR,IA-FMR,3,27.85,10.37735849056604
fig06,(d) IA-FMR,IA-FMR,3,27.950000000000003,10.37735849056604
fig06,(d) IA-FMR,IA-FMR,3,28.05,10.37735849056604
fig06,(d) IA-FMR,IA-FMR,3,28.15,10.37735849056604
fig06,(d) IA-FMR,IA-FMR,3,28.25,10.37735849056604
fig06,(d) IA-FMR,IA-FMR,3,28.35,10.37735849056604
fig06,(d) IA-FMR,IA-FMR,3,28.450000000000003,10.37735849056604
fig06,(d) IA-FMR,IA-FMR,3,28.55,10.37735849056604
fig06,(d) IA-FMR,IA-FMR,3,28.65,10.37735849056604
fig06,(d) IA-FMR,IA-FMR,3,28.75,10.37735849056604
fig06,(d) IA-FMR,IA-FMR,3,28.85,10.37735849056604
fig06,(d) IA-FMR,IA-FMR,3,28.950000000000003,10.37735849056604
fig06,(d) IA-FMR,IA-FMR,3,29.05,10.37735849056604
fig06,(d) IA-FMR,IA-FMR,3,29.15,10.37735849056604
fig06,(d) IA-FMR,IA-FMR,3,29.25,10.37735849056604
fig06,(d) IA-FMR,IA-FMR,3,29.35,10.37735849056604
fig06,(d) IA-FMR,IA-FMR,3,29.450000000000003,10.37735849056604
fig06,(d) IA-FMR,IA-FMR,3,29.55,10.37735849056604
fig06,(d) IA-FMR,IA-FMR,3,29.65,10.37735849056604
fig06,(d) IA-FMR,IA-FMR,3,29.75,10.37735849056604
fig06,(d) IA-FMR,IA-FMR,3,29.85,10.37735849056604
fig06,(d) IA-FMR,IA-FMR,3,29.950000000000003,10.37735849056604
fig06,(d) IA-FMR,IA-FMR,3,30.05,10.37735849056604
fig06,(d) IA-FMR,IA-FMR,3,30.15,10.37735849056604
fig06,(d) IA-FMR,IA-FMR,3,30.25,10.37735849056604
fig06,(d) IA-FMR,IA-FMR,3,30.35,10.37735849056604
fig06,(d) IA-FMR,IA-FMR,4,0.45,11.2990317775571
fig06,(d) IA-FMR,IA-FMR,4,0.55,11.264476722017603
fig06,(d) IA-FMR,IA-FMR,4,0.65,11.236353690763268
fig06,(d) IA-FMR,IA-FMR,4,0.75,11.176264759144471
fig06,(d) IA-FMR,IA-FMR,4,0.8500000000000001,11.157971862873184
fig06,(d) IA-FMR,IA-FMR,4,0.95,11.146496815286625
fig06,(d) IA-FMR,IA-FMR,4,1.05,11.162520530384969
fig06,(d) IA-FMR,IA-FMR,4,1.15,11.173918043866214
fig06,(d) IA-FMR,IA-FMR,4,1.25,11.176250609988124
fig06,(d) IA-FMR,IA-FMR,4,1.35,11.151778493820297
fig06,(d) IA-FMR,IA-FMR,4,1.4500000000000002,11.154401731050108
fig06,(d) IA-FMR,IA-FMR,4,1.55,11.151722498015012
fig06,(d) IA-FMR,IA-FMR,4,1.65,11.174191649795544
fig06,(d) IA-FMR,IA-FMR,4,1.75,11.15458034658578
fig06,(d) IA-FMR,IA-FMR,4,1.85,11.152564542683184
fig06,(d) IA-FMR,IA-FMR,4,1.95,11.140546756359427
fig06,(d) IA-FMR,IA-FMR,4,2.0500000000000003,11.146137308858137
fig06,(d) IA-FMR,IA-FMR,4,2.15,11.148499779673918
fig06,(d) IA-FMR,IA-FMR,4,2.25,11.154508672835798
fig06,(d) IA-FMR,IA-FMR,4,2.35,11.160170899084491
fig06,(d) IA-FMR,IA-FMR,4,2.45,11.171919055586883
fig06,(d) IA-FMR,IA-FMR,4,2.5500000000000003,11.165910162425003
fig06,(d) IA-FMR,IA-FMR,4,2.6500000000000004,11.16625682933819
fig06,(d) IA-FMR,IA-FMR,4,2.75,11.15651163722309
fig06,(d) IA-FMR,IA-FMR,4,2.85,11.16590618631704
fig06,(d) IA-FMR,IA-FMR,4,2.95,11.17191507947892
fig06,(d) IA-FMR,IA-FMR,4,3.0500000000000003,11.165533840373248
fig06,(d) IA-FMR,IA-FMR,4,3.1500000000000004,11.14698108304306
fig06,(d) IA-FMR,IA-FMR,4,3.25,11.1544760465568
fig06,(d) IA-FMR,IA-FMR,4,3.35,11.16657086997238
fig06,(d) IA-FMR,IA-FMR,4,3.45,11.185743900145084
fig06,(d) IA-FMR,IA-FMR,4,3.5500000000000003,11.168234114694876
fig06,(d) IA-FMR,IA-FMR,4,3.65,11.148918120337086
fig06,(d) IA-FMR,IA-FMR,4,3.75,11.142562560262022
fig06,(d) IA-FMR,IA-FMR,4,3.85,11.140559595874729
fig06,(d) IA-FMR,IA-FMR,4,3.95,11.158167934697198
fig06,(d) IA-FMR,IA-FMR,4,4.05,11.165932031018812
fig06,(d) IA-FMR,IA-FMR,4,4.15,11.174273490302602
fig06,(d) IA-FMR,IA-FMR,4,4.25,11.165902126324944
fig06,(d) IA-FMR,IA-FMR,4,4.3500000000000005,11.140458017430872
fig06,(d) IA-FMR,IA-FMR,4,4.45,11.152146202020017
fig06,(d) IA-FMR,IA-FMR,4,4.55,11.162225221532998
fig06,(d) IA-FMR,IA-FMR,4,4.65,11.174243007856754
fig06,(d) IA-FMR,IA-FMR,4,4.75,11.173986217550691
fig06,(d) IA-FMR,IA-FMR,4,4.8500000000000005,11.165923001940309
fig06,(d) IA-FMR,IA-FMR,4,4.95,11.166303311634096
fig06,(d) IA-FMR,IA-FMR,4,5.050000000000001,11.160255899926309
fig06,(d) IA-FMR,IA-FMR,4,5.15,11.154593673677615
fig06,(d) IA-FMR,IA-FMR,4,5.25,11.165923001940309
fig06,(d) IA-FMR,IA-FMR,4,5.3500000000000005,11.158206453243109
fig06,(d) IA-FMR,IA-FMR,4,5.45,11.17222720395416
fig06,(d) IA-FMR,IA-FMR,4,5.550000000000001,11.16785746130079
fig06,(d) IA-FMR,IA-FMR,4,5.65,11.156671094156662
fig06,(d) IA-FMR,IA-FMR,4,5.75,11.154047856926852
fig06,(d) IA-FMR,IA-FMR,4,5.8500000000000005,11.158725747947498
fig06,(d) IA-FMR,IA-FMR,4,5.95,11.160302956828536
fig06,(d) IA-FMR,IA-FMR,4,6.050000000000001,11.16638938409573
fig06,(d) IA-FMR,IA-FMR,4,6.15,11.13732750458953
fig06,(d) IA-FMR,IA-FMR,4,6.25,11.164498137706374
fig06,(d) IA-FMR,IA-FMR,4,6.3500000000000005,11.20317231096667
fig06,(d) IA-FMR,IA-FMR,4,6.45,11.280305335767904
fig06,(d) IA-FMR,IA-FMR,4,6.550000000000001,11.316823899371068
fig06,(d) IA-FMR,IA-FMR,4,6.65,11.320754716981131
fig06,(d) IA-FMR,IA-FMR,4,6.75,11.320754716981131
fig06,(d) IA-FMR,IA-FMR,4,6.8500000000000005,11.320754716981131
fig06,(d) IA-FMR,IA-FMR,4,6.95,11.320754716981131
fig06,(d) IA-FMR,IA-FMR,4,7.050000000000001,11.320754716981131
fig06,(d) IA-FMR,IA-FMR,4,7.15,11.320754716981131
fig06,(d) IA-FMR,IA-FMR,4,7.25,11.320754716981131
fig06,(d) IA-FMR,IA-FMR,4,7.35,11.320754716981131
fig06,(d) IA-FMR,IA-FMR,4,7.45,11.320754716981131
fig06,(d) IA-FMR,IA-FMR,4,7.550000000000001,11.320754716981131
fig06,(d) IA-FMR,IA-FMR,4,7.65,11.320754716981131
fig06,(d) IA-FMR,IA-FMR,4,7.75,11.320754716981131
fig06,(d) IA-FMR,IA-FMR,4,7.85,11.320754716981131
fig06,(d) IA-FMR,IA-FMR,4,7.95,11.320754716981131
fig06,(d) IA-FMR,IA-FMR,4,8.05,11.320754716981131
fig06,(d) IA-FMR,IA-FMR,4,8.15,11.320754716981131
fig06,(d) IA-FMR,IA-FMR,4,8.25,11.320754716981131
fig06,(d) IA-FMR,IA-FMR,4,8.35,11.320754716981131
fig06,(d) IA-FMR,IA-FMR,4,8.450000000000001,11.320754716981131
fig06,(d) IA-FMR,IA-FMR,4,8.55,11.320754716981131
fig06,(d) IA-FMR,IA-FMR,4,8.65,11.320754716981131
fig06,(d) IA-FMR,IA-FMR,4,8.75,11.320754716981131
fig06,(d) IA-FMR,IA-FMR,4,8.85,11.320754716981131
fig06,(d) IA-FMR,IA-FMR,4,8.950000000000001,11.320754716981131
fig06,(d) IA-FMR,IA-FMR,4,9.05,11.320754716981131
fig06,(d) IA-FMR,IA-FMR,4,9.15,11.320754716981131
fig06,(d) IA-FMR,IA-FMR,4,9.25,11.320754716981131
fig06,(d) IA-FMR,IA-FMR,4,9.35,11.320754716981131
fig06,(d) IA-FMR,IA-FMR,4,9.45,11.320754716981131
fig06,(d) IA-FMR,IA-FMR,4,9.55,11.320754716981131
fig06,(d) IA-FMR,IA-FMR,4,9.65,11.320754716981131
fig06,(d) IA-FMR,IA-FMR,4,9.75,11.320754716981131
fig06,(d) IA-FMR,IA-FMR,4,9.85,11.320754716981131
fig06,(d) IA-FMR,IA-FMR,4,9.95,11.320754716981131
fig06,(d) IA-FMR,IA-FMR,4,10.05,11.320754716981131
fig06,(d) IA-FMR,IA-FMR,4,10.15,11.320754716981131
fig06,(d) IA-FMR,IA-FMR,4,10.25,11.320754716981131
fig06,(d) IA-FMR,IA-FMR,4,10.35,11.320754716981131
fig06,(d) IA-FMR,IA-FMR,4,10.45,11.320754716981131
fig06,(d) IA-FMR,IA-FMR,4,10.55,11.320754716981131
fig06,(d) IA-FMR,IA-FMR,4,10.65,11.320754716981131
fig06,(d) IA-FMR,IA-FMR,4,10.75,11.320754716981131
fig06,(d) IA-FMR,IA-FMR,4,10.85,11.320754716981131
fig06,(d) IA-FMR,IA-FMR,4,10.95,11.320754716981131
fig06,(d) IA-FMR,IA-FMR,4,11.05,11.320754716981131
fig06,(d) IA-FMR,IA-FMR,4,11.15,11.320754716981131
fig06,(d) IA-FMR,IA-FMR,4,11.25,11.320754716981131
fig06,(d) IA-FMR,IA-FMR,4,11.35,11.320754716981131
fig06,(d) IA-FMR,IA-FMR,4,11.45,11.320754716981131
fig06,(d) IA-FMR,IA-FMR,4,11.55,11.320754716981131
fig06,(d) IA-FMR,IA-FMR,4,11.65,11.320754716981131
fig06,(d) IA-FMR,IA-FMR,4,11.75,11.320754716981131
fig06,(d) IA-FMR,IA-FMR,4,11.85,11.320754716981131
fig06,(d) IA-FMR,IA-FMR,4,11.95,11.320754716981131
fig06,(d) IA-FMR,IA-FMR,4,12.05,11.320754716981131
fig06,(d) IA-FMR,IA-FMR,4,12.15,11.320754716981131
fig06,(d) IA-FMR,IA-FMR,4,12.25,11.320754716981131
fig06,(d) IA-FMR,IA-FMR,4,12.35,11.320754716981131
fig06,(d) IA-FMR,IA-FMR,4,12.45,11.320754716981131
fig06,(d) IA-FMR,IA-FMR,4,12.55,11.320754716981131
fig06,(d) IA-FMR,IA-FMR,4,12.65,11.320754716981131
fig06,(d) IA-FMR,IA-FMR,4,12.75,11.320754716981131
fig06,(d) IA-FMR,IA-FMR,4,12.85,11.320754716981131
fig06,(d) IA-FMR,IA-FMR,4,12.95,11.320754716981131
fig06,(d) IA-FMR,IA-FMR,4,13.05,11.320754716981131
fig06,(d) IA-FMR,IA-FMR,4,13.15,11.320754716981131
fig06,(d) IA-FMR,IA-FMR,4,13.25,11.320754716981131
fig06,(d) IA-FMR,IA-FMR,4,13.35,11.320754716981131
fig06,(d) IA-FMR,IA-FMR,4,13.45,11.320754716981131
fig06,(d) IA-FMR,IA-FMR,4,13.55,11.320754716981131
fig06,(d) IA-FMR,IA-FMR,4,13.65,11.320754716981131
fig06,(d) IA-FMR,IA-FMR,4,13.75,11.320754716981131
fig06,(d) IA-FMR,IA-FMR,4,13.85,11.320754716981131
fig06,(d) IA-FMR,IA-FMR,4,13.95,11.320754716981131
fig06,(d) IA-FMR,IA-FMR,4,14.05,11.320754716981131
fig06,(d) IA-FMR,IA-FMR,4,14.15,11.320754716981131
fig06,(d) IA-FMR,IA-FMR,4,14.25,11.320754716981131
fig06,(d) IA-FMR,IA-FMR,4,14.35,11.320754716981131
fig06,(d) IA-FMR,IA-FMR,4,14.45,11.320754716981131
fig06,(d) IA-FMR,IA-FMR,4,14.55,11.320754716981131
fig06,(d) IA-FMR,IA-FMR,4,14.65,11.320754716981131
fig06,(d) IA-FMR,IA-FMR,4,14.75,11.320754716981131
fig06,(d) IA-FMR,IA-FMR,4,14.85,11.320754716981131
fig06,(d) IA-FMR,IA-FMR,4,14.95,11.320754716981131
fig06,(d) IA-FMR,IA-FMR,4,15.05,11.320754716981131
fig06,(d) IA-FMR,IA-FMR,4,15.15,11.320754716981131
fig06,(d) IA-FMR,IA-FMR,4,15.25,11.320754716981131
fig06,(d) IA-FMR,IA-FMR,4,15.35,11.320754716981131
fig06,(d) IA-FMR,IA-FMR,4,15.45,11.320754716981131
fig06,(d) IA-FMR,IA-FMR,4,15.55,11.320754716981131
fig06,(d) IA-FMR,IA-FMR,4,15.65,11.320754716981131
fig06,(d) IA-FMR,IA-FMR,4,15.75,11.320754716981131
fig06,(d) IA-FMR,IA-FMR,4,15.85,11.320754716981131
fig06,(d) IA-FMR,IA-FMR,4,15.95,11.320754716981131
fig06,(d) IA-FMR,IA-FMR,4,16.05,11.320754716981131
fig06,(d) IA-FMR,IA-FMR,4,16.150000000000002,11.320754716981131
fig06,(d) IA-FMR,IA-FMR,4,16.25,11.320754716981131
fig06,(d) IA-FMR,IA-FMR,4,16.35,11.320754716981131
fig06,(d) IA-FMR,IA-FMR,4,16.45,11.320754716981131
fig06,(d) IA-FMR,IA-FMR,4,16.55,11.320754716981131
fig06,(d) IA-FMR,IA-FMR,4,16.650000000000002,11.320754716981131
fig06,(d) IA-FMR,IA-FMR,4,16.75,11.320754716981131
fig06,(d) IA-FMR,IA-FMR,4,16.85,11.320754716981131
fig06,(d) IA-FMR,IA-FMR,4,16.95,11.320754716981131
fig06,(d) IA-FMR,IA-FMR,4,17.05,11.320754716981131
fig06,(d) IA-FMR,IA-FMR,4,17.150000000000002,11.320754716981131
fig06,(d) IA-FMR,IA-FMR,4,17.25,11.320754716981131
fig06,(d) IA-FMR,IA-FMR,4,17.35,11.320754716981131
fig06,(d) IA-FMR,IA-FMR,4,17.45,11.320754716981131
fig06,(d) IA-FMR,IA-FMR,4,17.55,11.320754716981131
fig06,(d) IA-FMR,IA-FMR,4,17.650000000000002,11.320754716981131
fig06,(d) IA-FMR,IA-FMR,4,17.75,11.320754716981131
fig06,(d) IA-FMR,IA-FMR,4,17.85,11.320754716981131
fig06,(d) IA-FMR,IA-FMR,4,17.95,11.320754716981131
fig06,(d) IA-FMR,IA-FMR,4,18.05,11.320754716981131
fig06,(d) IA-FMR,IA-FMR,4,18.15,11.320754716981131
fig06,(d) IA-FMR,IA-FMR,4,18.25,11.320754716981131
fig06,(d) IA-FMR,IA-FMR,4,18.35,11.320754716981131
fig06,(d) IA-FMR,IA-FMR,4,18.45,11.320754716981131
fig06,(d) IA-FMR,IA-FMR,4,18.55,11.320754716981131
fig06,(d) IA-FMR,IA-FMR,4,18.65,11.320754716981131
fig06,(d) IA-FMR,IA-FMR,4,18.75,11.320754716981131
fig06,(d) IA-FMR,IA-FMR,4,18.85,11.320754716981131
fig06,(d) IA-FMR,IA-FMR,4,18.95,11.320754716981131
fig06,(d) IA-FMR,IA-FMR,4,19.05,11.320754716981131
fig06,(d) IA-FMR,IA-FMR,4,19.15,11.320754716981131
fig06,(d) IA-FMR,IA-FMR,4,19.25,11.320754716981131
fig06,(d) IA-FMR,IA-FMR,4,19.35,11.320754716981131
fig06,(d) IA-FMR,IA-FMR,4,19.450000000000003,11.320754716981131
fig06,(d) IA-FMR,IA-FMR,4,19.55,11.320754716981131
fig06,(d) IA-FMR,IA-FMR,4,19.65,11.320754716981131
fig06,(d) IA-FMR,IA-FMR,4,19.75,11.320754716981131
fig06,(d) IA-FMR,IA-FMR,4,19.85,11.320754716981131
fig06,(d) IA-FMR,IA-FMR,4,19.950000000000003,11.320754716981131
fig06,(d) IA-FMR,IA-FMR,4,20.05,11.320754716981131
fig06,(d) IA-FMR,IA-FMR,4,20.15,11.320754716981131
fig06,(d) IA-FMR,IA-FMR,4,20.25,11.320754716981131
fig06,(d) IA-FMR,IA-FMR,4,20.35,11.320754716981131
fig06,(d) IA-FMR,IA-FMR,4,20.450000000000003,11.320754716981131
fig06,(d) IA-FMR,IA-FMR,4,20.55,11.320754716981131
fig06,(d) IA-FMR,IA-FMR,4,20.65,11.320754716981131
fig06,(d) IA-FMR,IA-FMR,4,20.75,11.320754716981131
fig06,(d) IA-FMR,IA-FMR,4,20.85,11.320754716981131
fig06,(d) IA-FMR,IA-FMR,4,20.950000000000003,11.320754716981131
fig06,(d) IA-FMR,IA-FMR,4,21.05,11.320754716981131
fig06,(d) IA-FMR,IA-FMR,4,21.15,11.320754716981131
fig06,(d) IA-FMR,IA-FMR,4,21.25,11.320754716981131
fig06,(d) IA-FMR,IA-FMR,4,21.35,11.320754716981131
fig06,(d) IA-FMR,IA-FMR,4,21.450000000000003,11.320754716981131
fig06,(d) IA-FMR,IA-FMR,4,21.55,11.320754716981131
fig06,(d) IA-FMR,IA-FMR,4,21.65,11.320754716981131
fig06,(d) IA-FMR,IA-FMR,4,21.75,11.320754716981131
fig06,(d) IA-FMR,IA-FMR,4,21.85,11.320754716981131
fig06,(d) IA-FMR,IA-FMR,4,21.950000000000003,11.320754716981131
fig06,(d) IA-FMR,IA-FMR,4,22.05,11.320754716981131
fig06,(d) IA-FMR,IA-FMR,4,22.15,11.320754716981131
fig06,(d) IA-FMR,IA-FMR,4,22.25,11.320754716981131
fig06,(d) IA-FMR,IA-FMR,4,22.35,11.320754716981131
fig06,(d) IA-FMR,IA-FMR,4,22.450000000000003,11.320754716981131
fig06,(d) IA-FMR,IA-FMR,4,22.55,11.320754716981131
fig06,(d) IA-FMR,IA-FMR,4,22.65,11.320754716981131
fig06,(d) IA-FMR,IA-FMR,4,22.75,11.320754716981131
fig06,(d) IA-FMR,IA-FMR,4,22.85,11.320754716981131
fig06,(d) IA-FMR,IA-FMR,4,22.950000000000003,11.320754716981131
fig06,(d) IA-FMR,IA-FMR,4,23.05,11.320754716981131
fig06,(d) IA-FMR,IA-FMR,4,23.15,11.320754716981131
fig06,(d) IA-FMR,IA-FMR,4,23.25,11.320754716981131
fig06,(d) IA-FMR,IA-FMR,4,23.35,11.320754716981131
fig06,(d) IA-FMR,IA-FMR,4,23.450000000000003,11.320754716981131
fig06,(d) IA-FMR,IA-FMR,4,23.55,11.320754716981131
fig06,(d) IA-FMR,IA-FMR,4,23.65,11.320754716981131
fig06,(d) IA-FMR,IA-FMR,4,23.75,11.320754716981131
fig06,(d) IA-FMR,IA-FMR,4,23.85,11.320754716981131
fig06,(d) IA-FMR,IA-FMR,4,23.950000000000003,11.320754716981131
fig06,(d) IA-FMR,IA-FMR,4,24.05,11.320754716981131
fig06,(d) IA-FMR,IA-FMR,4,24.15,11.320754716981131
fig06,(d) IA-FMR,IA-FMR,4,24.25,11.320754716981131
fig06,(d) IA-FMR,IA-FMR,4,24.35,11.320754716981131
fig06,(d) IA-FMR,IA-FMR,4,24.450000000000003,11.320754716981131
fig06,(d) IA-FMR,IA-FMR,4,24.55,11.320754716981131
fig06,(d) IA-FMR,IA-FMR,4,24.65,11.320754716981131
fig06,(d) IA-FMR,IA-FMR,4,24.75,11.320754716981131
fig06,(d) IA-FMR,IA-FMR,4,24.85,11.320754716981131
fig06,(d) IA-FMR,IA-FMR,4,24.950000000000003,11.320754716981131
fig06,(d) IA-FMR,IA-FMR,4,25.05,11.320754716981131
fig06,(d) IA-FMR,IA-FMR,4,25.15,11.320754716981131
fig06,(d) IA-FMR,IA-FMR,4,25.25,11.320754716981131
fig06,(d) IA-FMR,IA-FMR,4,25.35,11.320754716981131
fig06,(d) IA-FMR,IA-FMR,4,25.450000000000003,11.320754716981131
fig06,(d) IA-FMR,IA-FMR,4,25.55,11.320754716981131
fig06,(d) IA-FMR,IA-FMR,4,25.65,11.320754716981131
fig06,(d) IA-FMR,IA-FMR,4,25.75,11.320754716981131
fig06,(d) IA-FMR,IA-FMR,4,25.85,11.320754716981131
fig06,(d) IA-FMR,IA-FMR,4,25.950000000000003,11.320754716981131
fig06,(d) IA-FMR,IA-FMR,4,26.05,11.320754716981131
fig06,(d) IA-FMR,IA-FMR,4,26.15,11.320754716981131
fig06,(d) IA-FMR,IA-FMR,4,26.25,11.320754716981131
fig06,(d) IA-FMR,IA-FMR,4,26.35,11.320754716981131
fig06,(d) IA-FMR,IA-FMR,4,26.450000000000003,11.320754716981131
fig06,(d) IA-FMR,IA-FMR,4,26.55,11.320754716981131
fig06,(d) IA-FMR,IA-FMR,4,26.65,11.320754716981131
fig06,(d) IA-FMR,IA-FMR,4,26.75,11.320754716981131
fig06,(d) IA-FMR,IA-FMR,4,26.85,11.320754716981131
fig06,(d) IA-FMR,IA-FMR,4,26.950000000000003,11.320754716981131
fig06,(d) IA-FMR,IA-FMR,4,27.05,11.320754716981131
fig06,(d) IA-FMR,IA-FMR,4,27.15,11.320754716981131
fig06,(d) IA-FMR,IA-FMR,4,27.25,11.320754716981131
fig06,(d) IA-FMR,IA-FMR,4,27.35,11.320754716981131
fig06,(d) IA-FMR,IA-FMR,4,27.450000000000003,11.320754716981131
fig06,(d) IA-FMR,IA-FMR,4,27.55,11.320754716981131
fig06,(d) IA-FMR,IA-FMR,4,27.65,11.320754716981131
fig06,(d) IA-FMR,IA-FMR,4,27.75,11.320754716981131
fig06,(d) IA-FMR,IA-FMR,4,27.85,11.320754716981131
fig06,(d) IA-FMR,IA-FMR,4,27.950000000000003,11.320754716981131
fig06,(d) IA-FMR,IA-FMR,4,28.05,11.320754716981131
fig06,(d) IA-FMR,IA-FMR,4,28.15,11.320754716981131
fig06,(d) IA-FMR,IA-FMR,4,28.25,11.320754716981131
fig06,(d) IA-FMR,IA-FMR,4,28.35,11.320754716981131
fig06,(d) IA-FMR,IA-FMR,4,28.450000000000003,11.320754716981131
fig06,(d) IA-FMR,IA-FMR,4,28.55,11.320754716981131
fig06,(d) IA-FMR,IA-FMR,4,28.65,11.320754716981131
fig06,(d) IA-FMR,IA-FMR,4,28.75,11.320754716981131
fig06,(d) IA-FMR,IA-FMR,4,28.85,11.320754716981131
fig06,(d) IA-FMR,IA-FMR,4,28.950000000000003,11.320754716981131
fig06,(d) IA-FMR,IA-FMR,4,29.05,11.320754716981131
fig06,(d) IA-FMR,IA-FMR,4,29.15,11.320754716981131
fig06,(d) IA-FMR,IA-FMR,4,29.25,11.320754716981131
fig06,(d) IA-FMR,IA-FMR,4,29.35,11.320754716981131
fig06,(d) IA-FMR,IA-FMR,4,29.450000000000003,11.320754716981131
fig06,(d) IA-FMR,IA-FMR,4,29.55,11.320754716981131
fig06,(d) IA-FMR,IA-FMR,4,29.65,11.320754716981131
fig06,(d) IA-FMR,IA-FMR,4,29.75,11.320754716981131
fig06,(d) IA-FMR,IA-FMR,4,29.85,11.320754716981131
fig06,(d) IA-FMR,IA-FMR,4,29.950000000000003,11.320754716981131
fig06,(d) IA-FMR,IA-FMR,4,30.05,11.320754716981131
fig06,(d) IA-FMR,IA-FMR,4,30.15,11.320754716981131
fig06,(d) IA-FMR,IA-FMR,4,30.25,11.320754716981131
fig06,(d) IA-FMR,IA-FMR,4,30.35,11.320754716981131
fig06,(d) IA-FMR,IA-FMR,5,0.45,11.336271102284012
fig06,(d) IA-FMR,IA-FMR,5,0.55,11.331098973849718
fig06,(d) IA-FMR,IA-FMR,5,0.65,11.320754716981131
fig06,(d) IA-FMR,IA-FMR,5,0.75,11.320754716981131
fig06,(d) IA-FMR,IA-FMR,5,0.8500000000000001,11.320754716981131
fig06,(d) IA-FMR,IA-FMR,5,0.95,11.320754716981131
fig06,(d) IA-FMR,IA-FMR,5,1.05,11.320754716981131
fig06,(d) IA-FMR,IA-FMR,5,1.15,11.320754716981131
fig06,(d) IA-FMR,IA-FMR,5,1.25,11.320754716981131
fig06,(d) IA-FMR,IA-FMR,5,1.35,11.320754716981131
fig06,(d) IA-FMR,IA-FMR,5,1.4500000000000002,11.320754716981131
fig06,(d) IA-FMR,IA-FMR,5,1.55,11.320754716981131
fig06,(d) IA-FMR,IA-FMR,5,1.65,11.320754716981131
fig06,(d) IA-FMR,IA-FMR,5,1.75,11.320754716981131
fig06,(d) IA-FMR,IA-FMR,5,1.85,11.320754716981131
fig06,(d) IA-FMR,IA-FMR,5,1.95,11.320754716981131
fig06,(d) IA-FMR,IA-FMR,5,2.0500000000000003,11.320754716981131
fig06,(d) IA-FMR,IA-FMR,5,2.15,11.320754716981131
fig06,(d) IA-FMR,IA-FMR,5,2.25,11.320754716981131
fig06,(d) IA-FMR,IA-FMR,5,2.35,11.320754716981131
fig06,(d) IA-FMR,IA-FMR,5,2.45,11.320754716981131
fig06,(d) IA-FMR,IA-FMR,5,2.5500000000000003,11.320754716981131
fig06,(d) IA-FMR,IA-FMR,5,2.6500000000000004,11.320754716981131
fig06,(d) IA-FMR,IA-FMR,5,2.75,11.320754716981131
fig06,(d) IA-FMR,IA-FMR,5,2.85,11.320754716981131
fig06,(d) IA-FMR,IA-FMR,5,2.95,11.320754716981131
fig06,(d) IA-FMR,IA-FMR,5,3.0500000000000003,11.320754716981131
fig06,(d) IA-FMR,IA-FMR,5,3.1500000000000004,11.320754716981131
fig06,(d) IA-FMR,IA-FMR,5,3.25,11.320754716981131
fig06,(d) IA-FMR,IA-FMR,5,3.35,11.320754716981131
fig06,(d) IA-FMR,IA-FMR,5,3.45,11.320754716981131
fig06,(d) IA-FMR,IA-FMR,5,3.5500000000000003,11.320754716981131
fig06,(d) IA-FMR,IA-FMR,5,3.65,11.320754716981131
fig06,(d) IA-FMR,IA-FMR,5,3.75,11.320754716981131
fig06,(d) IA-FMR,IA-FMR,5,3.85,11.320754716981131
fig06,(d) IA-FMR,IA-FMR,5,3.95,11.320754716981131
fig06,(d) IA-FMR,IA-FMR,5,4.05,11.320754716981131
fig06,(d) IA-FMR,IA-FMR,5,4.15,11.320754716981131
fig06,(d) IA-FMR,IA-FMR,5,4.25,11.320754716981131
fig06,(d) IA-FMR,IA-FMR,5,4.3500000000000005,11.320754716981131
fig06,(d) IA-FMR,IA-FMR,5,4.45,11.320754716981131
fig06,(d) IA-FMR,IA-FMR,5,4.55,11.320754716981131
fig06,(d) IA-FMR,IA-FMR,5,4.65,11.320754716981131
fig06,(d) IA-FMR,IA-FMR,5,4.75,11.320754716981131
fig06,(d) IA-FMR,IA-FMR,5,4.8500000000000005,11.320754716981131
fig06,(d) IA-FMR,IA-FMR,5,4.95,11.320754716981131
fig06,(d) IA-FMR,IA-FMR,5,5.050000000000001,11.320754716981131
fig06,(d) IA-FMR,IA-FMR,5,5.15,11.320754716981131
fig06,(d) IA-FMR,IA-FMR,5,5.25,11.320754716981131
fig06,(d) IA-FMR,IA-FMR,5,5.3500000000000005,11.320754716981131
fig06,(d) IA-FMR,IA-FMR,5,5.45,11.320754716981131
fig06,(d) IA-FMR,IA-FMR,5,5.550000000000001,11.320754716981131
fig06,(d) IA-FMR,IA-FMR,5,5.65,11.320754716981131
fig06,(d) IA-FMR,IA-FMR,5,5.75,11.320754716981131
fig06,(d) IA-FMR,IA-FMR,5,5.8500000000000005,11.320754716981131
fig06,(d) IA-FMR,IA-FMR,5,5.95,11.320754716981131
fig06,(d) IA-FMR,IA-FMR,5,6.050000000000001,11.320754716981131
fig06,(d) IA-FMR,IA-FMR,5,6.15,11.320754716981131
fig06,(d) IA-FMR,IA-FMR,5,6.25,11.320754716981131
fig06,(d) IA-FMR,IA-FMR,5,6.3500000000000005,11.320754716981131
fig06,(d) IA-FMR,IA-FMR,5,6.45,11.320754716981131
fig06,(d) IA-FMR,IA-FMR,5,6.550000000000001,11.320754716981131
fig06,(d) IA-FMR,IA-FMR,5,6.65,11.320754716981131
fig06,(d) IA-FMR,IA-FMR,5,6.75,11.320754716981131
fig06,(d) IA-FMR,IA-FMR,5,6.8500000000000005,11.320754716981131
fig06,(d) IA-FMR,IA-FMR,5,6.95,11.320754716981131
fig06,(d) IA-FMR,IA-FMR,5,7.050000000000001,11.320754716981131
fig06,(d) IA-FMR,IA-FMR,5,7.15,11.320754716981131
fig06,(d) IA-FMR,IA-FMR,5,7.25,11.320754716981131
fig06,(d) IA-FMR,IA-FMR,5,7.35,11.320754716981131
fig06,(d) IA-FMR,IA-FMR,5,7.45,11.320754716981131
fig06,(d) IA-FMR,IA-FMR,5,7.550000000000001,11.320754716981131
fig06,(d) IA-FMR,IA-FMR,5,7.65,11.320754716981131
fig06,(d) IA-FMR,IA-FMR,5,7.75,11.320754716981131
fig06,(d) IA-FMR,IA-FMR,5,7.85,11.320754716981131
fig06,(d) IA-FMR,IA-FMR,5,7.95,11.320754716981131
fig06,(d) IA-FMR,IA-FMR,5,8.05,11.320754716981131
fig06,(d) IA-FMR,IA-FMR,5,8.15,11.320754716981131
fig06,(d) IA-FMR,IA-FMR,5,8.25,11.320754716981131
fig06,(d) IA-FMR,IA-FMR,5,8.35,11.320754716981131
fig06,(d) IA-FMR,IA-FMR,5,8.450000000000001,11.320754716981131
fig06,(d) IA-FMR,IA-FMR,5,8.55,11.320754716981131
fig06,(d) IA-FMR,IA-FMR,5,8.65,11.320754716981131
fig06,(d) IA-FMR,IA-FMR,5,8.75,11.320754716981131
fig06,(d) IA-FMR,IA-FMR,5,8.85,11.320754716981131
fig06,(d) IA-FMR,IA-FMR,5,8.950000000000001,11.320754716981131
fig06,(d) IA-FMR,IA-FMR,5,9.05,11.320754716981131
fig06,(d) IA-FMR,IA-FMR,5,9.15,11.320754716981131
fig06,(d) IA-FMR,IA-FMR,5,9.25,11.320754716981131
fig06,(d) IA-FMR,IA-FMR,5,9.35,11.320754716981131
fig06,(d) IA-FMR,IA-FMR,5,9.45,11.320754716981131
fig06,(d) IA-FMR,IA-FMR,5,9.55,11.320754716981131
fig06,(d) IA-FMR,IA-FMR,5,9.65,11.320754716981131
fig06,(d) IA-FMR,IA-FMR,5,9.75,11.320754716981131
fig06,(d) IA-FMR,IA-FMR,5,9.85,11.320754716981131
fig06,(d) IA-FMR,IA-FMR,5,9.95,11.320754716981131
fig06,(d) IA-FMR,IA-FMR,5,10.05,11.320754716981131
fig06,(d) IA-FMR,IA-FMR,5,10.15,11.320754716981131
fig06,(d) IA-FMR,IA-FMR,5,10.25,11.320754716981131
fig06,(d) IA-FMR,IA-FMR,5,10.35,11.320754716981131
fig06,(d) IA-FMR,IA-FMR,5,10.45,11.320754716981131
fig06,(d) IA-FMR,IA-FMR,5,10.55,11.320754716981131
fig06,(d) IA-FMR,IA-FMR,5,10.65,11.320754716981131
fig06,(d) IA-FMR,IA-FMR,5,10.75,11.320754716981131
fig06,(d) IA-FMR,IA-FMR,5,10.85,11.320754716981131
fig06,(d) IA-FMR,IA-FMR,5,10.95,11.320754716981131
fig06,(d) IA-FMR,IA-FMR,5,11.05,11.320754716981131
fig06,(d) IA-FMR,IA-FMR,5,11.15,11.320754716981131
fig06,(d) IA-FMR,IA-FMR,5,11.25,11.320754716981131
fig06,(d) IA-FMR,IA-FMR,5,11.35,11.320754716981131
fig06,(d) IA-FMR,IA-FMR,5,11.45,11.320754716981131
fig06,(d) IA-FMR,IA-FMR,5,11.55,11.320754716981131
fig06,(d) IA-FMR,IA-FMR,5,11.65,11.320754716981131
fig06,(d) IA-FMR,IA-FMR,5,11.75,11.320754716981131
fig06,(d) IA-FMR,IA-FMR,5,11.85,11.320754716981131
fig06,(d) IA-FMR,IA-FMR,5,11.95,11.320754716981131
fig06,(d) IA-FMR,IA-FMR,5,12.05,11.320754716981131
fig06,(d) IA-FMR,IA-FMR,5,12.15,11.320754716981131
fig06,(d) IA-FMR,IA-FMR,5,12.25,11.320754716981131
fig06,(d) IA-FMR,IA-FMR,5,12.35,11.320754716981131
fig06,(d) IA-FMR,IA-FMR,5,12.45,11.320754716981131
fig06,(d) IA-FMR,IA-FMR,5,12.55,11.320754716981131
fig06,(d) IA-FMR,IA-FMR,5,12.65,11.320754716981131
fig06,(d) IA-FMR,IA-FMR,5,12.75,11.320754716981131
fig06,(d) IA-FMR,IA-FMR,5,12.85,11.320754716981131
fig06,(d) IA-FMR,IA-FMR,5,12.95,11.320754716981131
fig06,(d) IA-FMR,IA-FMR,5,13.05,11.320754716981131
fig06,(d) IA-FMR,IA-FMR,5,13.15,11.320754716981131
fig06,(d) IA-FMR,IA-FMR,5,13.25,11.320754716981131
fig06,(d) IA-FMR,IA-FMR,5,13.35,11.320754716981131
fig06,(d) IA-FMR,IA-FMR,5,13.45,11.320754716981131
fig06,(d) IA-FMR,IA-FMR,5,13.55,11.320754716981131
fig06,(d) IA-FMR,IA-FMR,5,13.65,11.320754716981131
fig06,(d) IA-FMR,IA-FMR,5,13.75,11.320754716981131
fig06,(d) IA-FMR,IA-FMR,5,13.85,11.320754716981131
fig06,(d) IA-FMR,IA-FMR,5,13.95,11.320754716981131
fig06,(d) IA-FMR,IA-FMR,5,14.05,11.320754716981131
fig06,(d) IA-FMR,IA-FMR,5,14.15,11.320754716981131
fig06,(d) IA-FMR,IA-FMR,5,14.25,11.320754716981131
fig06,(d) IA-FMR,IA-FMR,5,14.35,11.320754716981131
fig06,(d) IA-FMR,IA-FMR,5,14.45,11.320754716981131
fig06,(d) IA-FMR,IA-FMR,5,14.55,11.320754716981131
fig06,(d) IA-FMR,IA-FMR,5,14.65,11.320754716981131
fig06,(d) IA-FMR,IA-FMR,5,14.75,11.320754716981131
fig06,(d) IA-FMR,IA-FMR,5,14.85,11.320754716981131
fig06,(d) IA-FMR,IA-FMR,5,14.95,11.320754716981131
fig06,(d) IA-FMR,IA-FMR,5,15.05,11.320754716981131
fig06,(d) IA-FMR,IA-FMR,5,15.15,11.320754716981131
fig06,(d) IA-FMR,IA-FMR,5,15.25,11.320754716981131
fig06,(d) IA-FMR,IA-FMR,5,15.35,11.320754716981131
fig06,(d) IA-FMR,IA-FMR,5,15.45,11.320754716981131
fig06,(d) IA-FMR,IA-FMR,5,15.55,11.320754716981131
fig06,(d) IA-FMR,IA-FMR,5,15.65,11.320754716981131
fig06,(d) IA-FMR,IA-FMR,5,15.75,11.320754716981131
fig06,(d) IA-FMR,IA-FMR,5,15.85,11.320754716981131
fig06,(d) IA-FMR,IA-FMR,5,15.95,11.320754716981131
fig06,(d) IA-FMR,IA-FMR,5,16.05,11.320754716981131
fig06,(d) IA-FMR,IA-FMR,5,16.150000000000002,11.320754716981131
fig06,(d) IA-FMR,IA-FMR,5,16.25,11.320754716981131
fig06,(d) IA-FMR,IA-FMR,5,16.35,11.320754716981131
fig06,(d) IA-FMR,IA-FMR,5,16.45,11.320754716981131
fig06,(d) IA-FMR,IA-FMR,5,16.55,11.320754716981131
fig06,(d) IA-FMR,IA-FMR,5,16.650000000000002,11.320754716981131
fig06,(d) IA-FMR,IA-FMR,5,16.75,11.320754716981131
fig06,(d) IA-FMR,IA-FMR,5,16.85,11.320754716981131
fig06,(d) IA-FMR,IA-FMR,5,16.95,11.320754716981131
fig06,(d) IA-FMR,IA-FMR,5,17.05,11.320754716981131
fig06,(d) IA-FMR,IA-FMR,5,17.150000000000002,11.320754716981131
fig06,(d) IA-FMR,IA-FMR,5,17.25,11.320754716981131
fig06,(d) IA-FMR,IA-FMR,5,17.35,11.320754716981131
fig06,(d) IA-FMR,IA-FMR,5,17.45,11.320754716981131
fig06,(d) IA-FMR,IA-FMR,5,17.55,11.320754716981131
fig06,(d) IA-FMR,IA-FMR,5,17.650000000000002,11.320754716981131
fig06,(d) IA-FMR,IA-FMR,5,17.75,11.320754716981131
fig06,(d) IA-FMR,IA-FMR,5,17.85,11.320754716981131
fig06,(d) IA-FMR,IA-FMR,5,17.95,11.320754716981131
fig06,(d) IA-FMR,IA-FMR,5,18.05,11.320754716981131
fig06,(d) IA-FMR,IA-FMR,5,18.15,11.320754716981131
fig06,(d) IA-FMR,IA-FMR,5,18.25,11.320754716981131
fig06,(d) IA-FMR,IA-FMR,5,18.35,11.320754716981131
fig06,(d) IA-FMR,IA-FMR,5,18.45,11.320754716981131
fig06,(d) IA-FMR,IA-FMR,5,18.55,11.320754716981131
fig06,(d) IA-FMR,IA-FMR,5,18.65,11.320754716981131
fig06,(d) IA-FMR,IA-FMR,5,18.75,11.320754716981131
fig06,(d) IA-FMR,IA-FMR,5,18.85,11.320754716981131
fig06,(d) IA-FMR,IA-FMR,5,18.95,11.320754716981131
fig06,(d) IA-FMR,IA-FMR,5,19.05,11.320754716981131
fig06,(d) IA-FMR,IA-FMR,5,19.15,11.320754716981131
fig06,(d) IA-FMR,IA-FMR,5,19.25,11.320754716981131
fig06,(d) IA-FMR,IA-FMR,5,19.35,11.320754716981131
fig06,(d) IA-FMR,IA-FMR,5,19.450000000000003,11.320754716981131
fig06,(d) IA-FMR,IA-FMR,5,19.55,11.320754716981131
fig06,(d) IA-FMR,IA-FMR,5,19.65,11.320754716981131
fig06,(d) IA-FMR,IA-FMR,5,19.75,11.320754716981131
fig06,(d) IA-FMR,IA-FMR,5,19.85,11.320754716981131
fig06,(d) IA-FMR,IA-FMR,5,19.950000000000003,11.320754716981131
fig06,(d) IA-FMR,IA-FMR,5,20.05,11.320754716981131
fig06,(d) IA-FMR,IA-FMR,5,20.15,11.320754716981131
fig06,(d) IA-FMR,IA-FMR,5,20.25,11.320754716981131
fig06,(d) IA-FMR,IA-FMR,5,20.35,11.320754716981131
fig06,(d) IA-FMR,IA-FMR,5,20.450000000000003,11.320754716981131
fig06,(d) IA-FMR,IA-FMR,5,20.55,11.320754716981131
fig06,(d) IA-FMR,IA-FMR,5,20.65,11.320754716981131
fig06,(d) IA-FMR,IA-FMR,5,20.75,11.320754716981131
fig06,(d) IA-FMR,IA-FMR,5,20.85,11.320754716981131
fig06,(d) IA-FMR,IA-FMR,5,20.950000000000003,11.320754716981131
fig06,(d) IA-FMR,IA-FMR,5,21.05,11.320754716981131
fig06,(d) IA-FMR,IA-FMR,5,21.15,11.320754716981131
fig06,(d) IA-FMR,IA-FMR,5,21.25,11.320754716981131
fig06,(d) IA-FMR,IA-FMR,5,21.35,11.320754716981131
fig06,(d) IA-FMR,IA-FMR,5,21.450000000000003,11.320754716981131
fig06,(d) IA-FMR,IA-FMR,5,21.55,11.320754716981131
fig06,(d) IA-FMR,IA-FMR,5,21.65,11.320754716981131
fig06,(d) IA-FMR,IA-FMR,5,21.75,11.320754716981131
fig06,(d) IA-FMR,IA-FMR,5,21.85,11.320754716981131
fig06,(d) IA-FMR,IA-FMR,5,21.950000000000003,11.320754716981131
fig06,(d) IA-FMR,IA-FMR,5,22.05,11.320754716981131
fig06,(d) IA-FMR,IA-FMR,5,22.15,11.320754716981131
fig06,(d) IA-FMR,IA-FMR,5,22.25,11.320754716981131
fig06,(d) IA-FMR,IA-FMR,5,22.35,11.320754716981131
fig06,(d) IA-FMR,IA-FMR,5,22.450000000000003,11.320754716981131
fig06,(d) IA-FMR,IA-FMR,5,22.55,11.320754716981131
fig06,(d) IA-FMR,IA-FMR,5,22.65,11.320754716981131
fig06,(d) IA-FMR,IA-FMR,5,22.75,11.320754716981131
fig06,(d) IA-FMR,IA-FMR,5,22.85,11.320754716981131
fig06,(d) IA-FMR,IA-FMR,5,22.950000000000003,11.320754716981131
fig06,(d) IA-FMR,IA-FMR,5,23.05,11.320754716981131
fig06,(d) IA-FMR,IA-FMR,5,23.15,11.320754716981131
fig06,(d) IA-FMR,IA-FMR,5,23.25,11.320754716981131
fig06,(d) IA-FMR,IA-FMR,5,23.35,11.320754716981131
fig06,(d) IA-FMR,IA-FMR,5,23.450000000000003,11.320754716981131
fig06,(d) IA-FMR,IA-FMR,5,23.55,11.320754716981131
fig06,(d) IA-FMR,IA-FMR,5,23.65,11.320754716981131
fig06,(d) IA-FMR,IA-FMR,5,23.75,11.320754716981131
fig06,(d) IA-FMR,IA-FMR,5,23.85,11.320754716981131
fig06,(d) IA-FMR,IA-FMR,5,23.950000000000003,11.320754716981131
fig06,(d) IA-FMR,IA-FMR,5,24.05,11.320754716981131
fig06,(d) IA-FMR,IA-FMR,5,24.15,11.320754716981131
fig06,(d) IA-FMR,IA-FMR,5,24.25,11.320754716981131
fig06,(d) IA-FMR,IA-FMR,5,24.35,11.320754716981131
fig06,(d) IA-FMR,IA-FMR,5,24.450000000000003,11.320754716981131
fig06,(d) IA-FMR,IA-FMR,5,24.55,11.320754716981131
fig06,(d) IA-FMR,IA-FMR,5,24.65,11.320754716981131
fig06,(d) IA-FMR,IA-FMR,5,24.75,11.320754716981131
fig06,(d) IA-FMR,IA-FMR,5,24.85,11.320754716981131
fig06,(d) IA-FMR,IA-FMR,5,24.950000000000003,11.320754716981131
fig06,(d) IA-FMR,IA-FMR,5,25.05,11.320754716981131
fig06,(d) IA-FMR,IA-FMR,5,25.15,11.320754716981131
fig06,(d) IA-FMR,IA-FMR,5,25.25,11.320754716981131
fig06,(d) IA-FMR,IA-FMR,5,25.35,11.320754716981131
fig06,(d) IA-FMR,IA-FMR,5,25.450000000000003,11.320754716981131
fig06,(d) IA-FMR,IA-FMR,5,25.55,11.320754716981131
fig06,(d) IA-FMR,IA-FMR,5,25.65,11.320754716981131
fig06,(d) IA-FMR,IA-FMR,5,25.75,11.320754716981131
fig06,(d) IA-FMR,IA-FMR,5,25.85,11.320754716981131
fig06,(d) IA-FMR,IA-FMR,5,25.950000000000003,11.320754716981131
fig06,(d) IA-FMR,IA-FMR,5,26.05,11.320754716981131
fig06,(d) IA-FMR,IA-FMR,5,26.15,11.320754716981131
fig06,(d) IA-FMR,IA-FMR,5,26.25,11.320754716981131
fig06,(d) IA-FMR,IA-FMR,5,26.35,11.320754716981131
fig06,(d) IA-FMR,IA-FMR,5,26.450000000000003,11.320754716981131
fig06,(d) IA-FMR,IA-FMR,5,26.55,11.320754716981131
fig06,(d) IA-FMR,IA-FMR,5,26.65,11.320754716981131
fig06,(d) IA-FMR,IA-FMR,5,26.75,11.320754716981131
fig06,(d) IA-FMR,IA-FMR,5,26.85,11.320754716981131
fig06,(d) IA-FMR,IA-FMR,5,26.950000000000003,11.320754716981131
fig06,(d) IA-FMR,IA-FMR,5,27.05,11.320754716981131
fig06,(d) IA-FMR,IA-FMR,5,27.15,11.320754716981131
fig06,(d) IA-FMR,IA-FMR,5,27.25,11.320754716981131
fig06,(d) IA-FMR,IA-FMR,5,27.35,11.320754716981131
fig06,(d) IA-FMR,IA-FMR,5,27.450000000000003,11.320754716981131
fig06,(d) IA-FMR,IA-FMR,5,27.55,11.320754716981131
fig06,(d) IA-FMR,IA-FMR,5,27.65,11.320754716981131
fig06,(d) IA-FMR,IA-FMR,5,27.75,11.320754716981131
fig06,(d) IA-FMR,IA-FMR,5,27.85,11.320754716981131
fig06,(d) IA-FMR,IA-FMR,5,27.950000000000003,11.320754716981131
fig06,(d) IA-FMR,IA-FMR,5,28.05,11.320754716981131
fig06,(d) IA-FMR,IA-FMR,5,28.15,11.320754716981131
fig06,(d) IA-FMR,IA-FMR,5,28.25,11.320754716981131
fig06,(d) IA-FMR,IA-FMR,5,28.35,11.320754716981131
fig06,(d) IA-FMR,IA-FMR,5,28.450000000000003,11.320754716981131
fig06,(d) IA-FMR,IA-FMR,5,28.55,11.320754716981131
fig06,(d) IA-FMR,IA-FMR,5,28.65,11.320754716981131
fig06,(d) IA-FMR,IA-FMR,5,28.75,11.320754716981131
fig06,(d) IA-FMR,IA-FMR,5,28.85,11.320754716981131
fig06,(d) IA-FMR,IA-FMR,5,28.950000000000003,11.320754716981131
fig06,(d) IA-FMR,IA-FMR,5,29.05,11.320754716981131
fig06,(d) IA-FMR,IA-FMR,5,29.15,11.320754716981131
fig06,(d) IA-FMR,IA-FMR,5,29.25,11.320754716981131
fig06,(d) IA-FMR,IA-FMR,5,29.35,11.320754716981131
fig06,(d) IA-FMR,IA-FMR,5,29.450000000000003,11.320754716981131
fig06,(d) IA-FMR,IA-FMR,5,29.55,11.320754716981131
fig06,(d) IA-FMR,IA-FMR,5,29.65,11.320754716981131
fig06,(d) IA-FMR,IA-FMR,5,29.75,11.320754716981131
fig06,(d) IA-FMR,IA-FMR,5,29.85,11.320754716981131
fig06,(d) IA-FMR,IA-FMR,5,29.950000000000003,11.320754716981131
fig06,(d) IA-FMR,IA-FMR,5,30.05,11.320754716981131
fig06,(d) IA-FMR,IA-FMR,5,30.15,11.320754716981131
fig06,(d) IA-FMR,IA-FMR,5,30.25,11.320754716981131
fig06,(d) IA-FMR,IA-FMR,5,30.35,11.320754716981131
fig06,(d) IA-FMR,IA-FMR,6,0.45,10.417701092353523
fig06,(d) IA-FMR,IA-FMR,6,0.55,10.420175857604365
fig06,(d) IA-FMR,IA-FMR,6,0.65,10.409511262458558
fig06,(d) IA-FMR,IA-FMR,6,0.75,10.431543870718784
fig06,(d) IA-FMR,IA-FMR,6,0.8500000000000001,10.437654179799006
fig06,(d) IA-FMR,IA-FMR,6,0.95,10.44145335095942
fig06,(d) IA-FMR,IA-FMR,6,1.05,10.437447422184832
fig06,(d) IA-FMR,IA-FMR,6,1.15,10.433674095726191
fig06,(d) IA-FMR,IA-FMR,6,1.25,10.43354732582826
fig06,(d) IA-FMR,IA-FMR,6,1.35,10.439710293173778
fig06,(d) IA-FMR,IA-FMR,6,1.4500000000000002,10.439477690857837
fig06,(d) IA-FMR,IA-FMR,6,1.55,10.439732855908796
fig06,(d) IA-FMR,IA-FMR,6,1.65,10.433569888563278
fig06,(d) IA-FMR,IA-FMR,6,1.75,10.439426657847642
fig06,(d) IA-FMR,IA-FMR,6,1.85,10.439426657847642
fig06,(d) IA-FMR,IA-FMR,6,1.95,10.443432586622228
fig06,(d) IA-FMR,IA-FMR,6,2.0500000000000003,10.441581746112451
fig06,(d) IA-FMR,IA-FMR,6,2.15,10.44145335095942
fig06,(d) IA-FMR,IA-FMR,6,2.25,10.439450386572126
fig06,(d) IA-FMR,IA-FMR,6,2.35,10.437575817337864
fig06,(d) IA-FMR,IA-FMR,6,2.45,10.433672604685704
fig06,(d) IA-FMR,IA-FMR,6,2.5500000000000003,10.435675569072998
fig06,(d) IA-FMR,IA-FMR,6,2.6500000000000004,10.435547173919966
fig06,(d) IA-FMR,IA-FMR,6,2.75,10.439450386572126
fig06,(d) IA-FMR,IA-FMR,6,2.85,10.435677060113484
fig06,(d) IA-FMR,IA-FMR,6,2.95,10.433674095726191
fig06,(d) IA-FMR,IA-FMR,6,3.0500000000000003,10.435818294781818
fig06,(d) IA-FMR,IA-FMR,6,3.1500000000000004,10.441292251380617
fig06,(d) IA-FMR,IA-FMR,6,3.25,10.439496044607496
fig06,(d) IA-FMR,IA-FMR,6,3.35,10.435464436802304
fig06,(d) IA-FMR,IA-FMR,6,3.45,10.429757877887562
fig06,(d) IA-FMR,IA-FMR,6,3.5500000000000003,10.43556001343527
fig06,(d) IA-FMR,IA-FMR,6,3.65,10.441301227081905
fig06,(d) IA-FMR,IA-FMR,6,3.75,10.44343258662223
fig06,(d) IA-FMR,IA-FMR,6,3.85,10.443432586622228
fig06,(d) IA-FMR,IA-FMR,6,3.95,10.437575817337866
fig06,(d) IA-FMR,IA-FMR,6,4.05,10.435677060113484
fig06,(d) IA-FMR,IA-FMR,6,4.15,10.43354732582826
fig06,(d) IA-FMR,IA-FMR,6,4.25,10.435678685368584
fig06,(d) IA-FMR,IA-FMR,6,4.3500000000000005,10.443457940601814
fig06,(d) IA-FMR,IA-FMR,6,4.45,10.439578781725158
fig06,(d) IA-FMR,IA-FMR,6,4.55,10.437562977822562
fig06,(d) IA-FMR,IA-FMR,6,4.65,10.433557049047977
fig06,(d) IA-FMR,IA-FMR,6,4.75,10.433659765170402
fig06,(d) IA-FMR,IA-FMR,6,4.8500000000000005,10.435675569072997
fig06,(d) IA-FMR,IA-FMR,6,4.95,10.435536122185274
fig06,(d) IA-FMR,IA-FMR,6,5.050000000000001,10.437551926087872
fig06,(d) IA-FMR,IA-FMR,6,5.15,10.439426495322133
fig06,(d) IA-FMR,IA-FMR,6,5.25,10.435675569072998
fig06,(d) IA-FMR,IA-FMR,6,5.3500000000000005,10.437562977822562
fig06,(d) IA-FMR,IA-FMR,6,5.45,10.433557049047977
fig06,(d) IA-FMR,IA-FMR,6,5.550000000000001,10.435702904815257
fig06,(d) IA-FMR,IA-FMR,6,5.65,10.439406499342704
fig06,(d) IA-FMR,IA-FMR,6,5.75,10.439639101658647
fig06,(d) IA-FMR,IA-FMR,6,5.8500000000000005,10.43737769025364
fig06,(d) IA-FMR,IA-FMR,6,5.95,10.43752790062326
fig06,(d) IA-FMR,IA-FMR,6,6.050000000000001,10.435499091534195
fig06,(d) IA-FMR,IA-FMR,6,6.15,10.445161190182334
fig06,(d) IA-FMR,IA-FMR,6,6.25,10.435479405035784
fig06,(d) IA-FMR,IA-FMR,6,6.3500000000000005,10.4212143411283
fig06,(d) IA-FMR,IA-FMR,6,6.45,10.393525562994522
fig06,(d) IA-FMR,IA-FMR,6,6.550000000000001,10.37932389937107
fig06,(d) IA-FMR,IA-FMR,6,6.65,10.37735849056604
fig06,(d) IA-FMR,IA-FMR,6,6.75,10.37735849056604
fig06,(d) IA-FMR,IA-FMR,6,6.8500000000000005,10.37735849056604
fig06,(d) IA-FMR,IA-FMR,6,6.95,10.37735849056604
fig06,(d) IA-FMR,IA-FMR,6,7.050000000000001,10.37735849056604
fig06,(d) IA-FMR,IA-FMR,6,7.15,10.37735849056604
fig06,(d) IA-FMR,IA-FMR,6,7.25,10.37735849056604
fig06,(d) IA-FMR,IA-FMR,6,7.35,10.37735849056604
fig06,(d) IA-FMR,IA-FMR,6,7.45,10.37735849056604
fig06,(d) IA-FMR,IA-FMR,6,7.550000000000001,10.37735849056604
fig06,(d) IA-FMR,IA-FMR,6,7.65,10.37735849056604
fig06,(d) IA-FMR,IA-FMR,6,7.75,10.37735849056604
fig06,(d) IA-FMR,IA-FMR,6,7.85,10.37735849056604
fig06,(d) IA-FMR,IA-FMR,6,7.95,10.37735849056604
fig06,(d) IA-FMR,IA-FMR,6,8.05,10.37735849056604
fig06,(d) IA-FMR,IA-FMR,6,8.15,10.37735849056604
fig06,(d) IA-FMR,IA-FMR,6,8.25,10.37735849056604
fig06,(d) IA-FMR,IA-FMR,6,8.35,10.37735849056604
fig06,(d) IA-FMR,IA-FMR,6,8.450000000000001,10.37735849056604
fig06,(d) IA-FMR,IA-FMR,6,8.55,10.37735849056604
fig06,(d) IA-FMR,IA-FMR,6,8.65,10.37735849056604
fig06,(d) IA-FMR,IA-FMR,6,8.75,10.37735849056604
fig06,(d) IA-FMR,IA-FMR,6,8.85,10.37735849056604
fig06,(d) IA-FMR,IA-FMR,6,8.950000000000001,10.37735849056604
fig06,(d) IA-FMR,IA-FMR,6,9.05,10.37735849056604
fig06,(d) IA-FMR,IA-FMR,6,9.15,10.37735849056604
fig06,(d) IA-FMR,IA-FMR,6,9.25,10.37735849056604
fig06,(d) IA-FMR,IA-FMR,6,9.35,10.37735849056604
fig06,(d) IA-FMR,IA-FMR,6,9.45,10.37735849056604
fig06,(d) IA-FMR,IA-FMR,6,9.55,10.37735849056604
fig06,(d) IA-FMR,IA-FMR,6,9.65,10.37735849056604
fig06,(d) IA-FMR,IA-FMR,6,9.75,10.37735849056604
fig06,(d) IA-FMR,IA-FMR,6,9.85,10.37735849056604
fig06,(d) IA-FMR,IA-FMR,6,9.95,10.37735849056604
fig06,(d) IA-FMR,IA-FMR,6,10.05,10.37735849056604
fig06,(d) IA-FMR,IA-FMR,6,10.15,10.37735849056604
fig06,(d) IA-FMR,IA-FMR,6,10.25,10.37735849056604
fig06,(d) IA-FMR,IA-FMR,6,10.35,10.37735849056604
fig06,(d) IA-FMR,IA-FMR,6,10.45,10.37735849056604
fig06,(d) IA-FMR,IA-FMR,6,10.55,10.37735849056604
fig06,(d) IA-FMR,IA-FMR,6,10.65,10.37735849056604
fig06,(d) IA-FMR,IA-FMR,6,10.75,10.37735849056604
fig06,(d) IA-FMR,IA-FMR,6,10.85,10.37735849056604
fig06,(d) IA-FMR,IA-FMR,6,10.95,10.37735849056604
fig06,(d) IA-FMR,IA-FMR,6,11.05,10.37735849056604
fig06,(d) IA-FMR,IA-FMR,6,11.15,10.37735849056604
fig06,(d) IA-FMR,IA-FMR,6,11.25,10.37735849056604
fig06,(d) IA-FMR,IA-FMR,6,11.35,10.37735849056604
fig06,(d) IA-FMR,IA-FMR,6,11.45,10.37735849056604
fig06,(d) IA-FMR,IA-FMR,6,11.55,10.37735849056604
fig06,(d) IA-FMR,IA-FMR,6,11.65,10.37735849056604
fig06,(d) IA-FMR,IA-FMR,6,11.75,10.37735849056604
fig06,(d) IA-FMR,IA-FMR,6,11.85,10.37735849056604
fig06,(d) IA-FMR,IA-FMR,6,11.95,10.37735849056604
fig06,(d) IA-FMR,IA-FMR,6,12.05,10.37735849056604
fig06,(d) IA-FMR,IA-FMR,6,12.15,10.37735849056604
fig06,(d) IA-FMR,IA-FMR,6,12.25,10.37735849056604
fig06,(d) IA-FMR,IA-FMR,6,12.35,10.37735849056604
fig06,(d) IA-FMR,IA-FMR,6,12.45,10.37735849056604
fig06,(d) IA-FMR,IA-FMR,6,12.55,10.37735849056604
fig06,(d) IA-FMR,IA-FMR,6,12.65,10.37735849056604
fig06,(d) IA-FMR,IA-FMR,6,12.75,10.37735849056604
fig06,(d) IA-FMR,IA-FMR,6,12.85,10.37735849056604
fig06,(d) IA-FMR,IA-FMR,6,12.95,10.37735849056604
fig06,(d) IA-FMR,IA-FMR,6,13.05,10.37735849056604
fig06,(d) IA-FMR,IA-FMR,6,13.15,10.37735849056604
fig06,(d) IA-FMR,IA-FMR,6,13.25,10.37735849056604
fig06,(d) IA-FMR,IA-FMR,6,13.35,10.37735849056604
fig06,(d) IA-FMR,IA-FMR,6,13.45,10.37735849056604
fig06,(d) IA-FMR,IA-FMR,6,13.55,10.37735849056604
fig06,(d) IA-FMR,IA-FMR,6,13.65,10.37735849056604
fig06,(d) IA-FMR,IA-FMR,6,13.75,10.37735849056604
fig06,(d) IA-FMR,IA-FMR,6,13.85,10.37735849056604
fig06,(d) IA-FMR,IA-FMR,6,13.95,10.37735849056604
fig06,(d) IA-FMR,IA-FMR,6,14.05,10.37735849056604
fig06,(d) IA-FMR,IA-FMR,6,14.15,10.37735849056604
fig06,(d) IA-FMR,IA-FMR,6,14.25,10.37735849056604
fig06,(d) IA-FMR,IA-FMR,6,14.35,10.37735849056604
fig06,(d) IA-FMR,IA-FMR,6,14.45,10.37735849056604
fig06,(d) IA-FMR,IA-FMR,6,14.55,10.37735849056604
fig06,(d) IA-FMR,IA-FMR,6,14.65,10.37735849056604
fig06,(d) IA-FMR,IA-FMR,6,14.75,10.37735849056604
fig06,(d) IA-FMR,IA-FMR,6,14.85,10.37735849056604
fig06,(d) IA-FMR,IA-FMR,6,14.95,10.37735849056604
fig06,(d) IA-FMR,IA-FMR,6,15.05,10.37735849056604
fig06,(d) IA-FMR,IA-FMR,6,15.15,10.37735849056604
fig06,(d) IA-FMR,IA-FMR,6,15.25,10.37735849056604
fig06,(d) IA-FMR,IA-FMR,6,15.35,10.37735849056604
fig06,(d) IA-FMR,IA-FMR,6,15.45,10.37735849056604
fig06,(d) IA-FMR,IA-FMR,6,15.55,10.37735849056604
fig06,(d) IA-FMR,IA-FMR,6,15.65,10.37735849056604
fig06,(d) IA-FMR,IA-FMR,6,15.75,10.37735849056604
fig06,(d) IA-FMR,IA-FMR,6,15.85,10.37735849056604
fig06,(d) IA-FMR,IA-FMR,6,15.95,10.37735849056604
fig06,(d) IA-FMR,IA-FMR,6,16.05,10.37735849056604
fig06,(d) IA-FMR,IA-FMR,6,16.150000000000002,10.37735849056604
fig06,(d) IA-FMR,IA-FMR,6,16.25,10.37735849056604
fig06,(d) IA-FMR,IA-FMR,6,16.35,10.37735849056604
fig06,(d) IA-FMR,IA-FMR,6,16.45,10.37735849056604
fig06,(d) IA-FMR,IA-FMR,6,16.55,10.37735849056604
fig06,(d) IA-FMR,IA-FMR,6,16.650000000000002,10.37735849056604
fig06,(d) IA-FMR,IA-FMR,6,16.75,10.37735849056604
fig06,(d) IA-FMR,IA-FMR,6,16.85,10.37735849056604
fig06,(d) IA-FMR,IA-FMR,6,16.95,10.37735849056604
fig06,(d) IA-FMR,IA-FMR,6,17.05,10.37735849056604
fig06,(d) IA-FMR,IA-FMR,6,17.150000000000002,10.37735849056604
fig06,(d) IA-FMR,IA-FMR,6,17.25,10.37735849056604
fig06,(d) IA-FMR,IA-FMR,6,17.35,10.37735849056604
fig06,(d) IA-FMR,IA-FMR,6,17.45,10.37735849056604
fig06,(d) IA-FMR,IA-FMR,6,17.55,10.37735849056604
fig06,(d) IA-FMR,IA-FMR,6,17.650000000000002,10.37735849056604
fig06,(d) IA-FMR,IA-FMR,6,17.75,10.37735849056604
fig06,(d) IA-FMR,IA-FMR,6,17.85,10.37735849056604
fig06,(d) IA-FMR,IA-FMR,6,17.95,10.37735849056604
fig06,(d) IA-FMR,IA-FMR,6,18.05,10.37735849056604
fig06,(d) IA-FMR,IA-FMR,6,18.15,10.37735849056604
fig06,(d) IA-FMR,IA-FMR,6,18.25,10.37735849056604
fig06,(d) IA-FMR,IA-FMR,6,18.35,10.37735849056604
fig06,(d) IA-FMR,IA-FMR,6,18.45,10.37735849056604
fig06,(d) IA-FMR,IA-FMR,6,18.55,10.37735849056604
fig06,(d) IA-FMR,IA-FMR,6,18.65,10.37735849056604
fig06,(d) IA-FMR,IA-FMR,6,18.75,10.37735849056604
fig06,(d) IA-FMR,IA-FMR,6,18.85,10.37735849056604
fig06,(d) IA-FMR,IA-FMR,6,18.95,10.37735849056604
fig06,(d) IA-FMR,IA-FMR,6,19.05,10.37735849056604
fig06,(d) IA-FMR,IA-FMR,6,19.15,10.37735849056604
fig06,(d) IA-FMR,IA-FMR,6,19.25,10.37735849056604
fig06,(d) IA-FMR,IA-FMR,6,19.35,10.37735849056604
fig06,(d) IA-FMR,IA-FMR,6,19.450000000000003,10.37735849056604
fig06,(d) IA-FMR,IA-FMR,6,19.55,10.37735849056604
fig06,(d) IA-FMR,IA-FMR,6,19.65,10.37735849056604
fig06,(d) IA-FMR,IA-FMR,6,19.75,10.37735849056604
fig06,(d) IA-FMR,IA-FMR,6,19.85,10.37735849056604
fig06,(d) IA-FMR,IA-FMR,6,19.950000000000003,10.37735849056604
fig06,(d) IA-FMR,IA-FMR,6,20.05,10.37735849056604
fig06,(d) IA-FMR,IA-FMR,6,20.15,10.37735849056604
fig06,(d) IA-FMR,IA-FMR,6,20.25,10.37735849056604
fig06,(d) IA-FMR,IA-FMR,6,20.35,10.37735849056604
fig06,(d) IA-FMR,IA-FMR,6,20.450000000000003,10.37735849056604
fig06,(d) IA-FMR,IA-FMR,6,20.55,10.37735849056604
fig06,(d) IA-FMR,IA-FMR,6,20.65,10.37735849056604
fig06,(d) IA-FMR,IA-FMR,6,20.75,10.37735849056604
fig06,(d) IA-FMR,IA-FMR,6,20.85,10.37735849056604
fig06,(d) IA-FMR,IA-FMR,6,20.950000000000003,10.37735849056604
fig06,(d) IA-FMR,IA-FMR,6,21.05,10.37735849056604
fig06,(d) IA-FMR,IA-FMR,6,21.15,10.37735849056604
fig06,(d) IA-FMR,IA-FMR,6,21.25,10.37735849056604
fig06,(d) IA-FMR,IA-FMR,6,21.35,10.37735849056604
fig06,(d) IA-FMR,IA-FMR,6,21.450000000000003,10.37735849056604
fig06,(d) IA-FMR,IA-FMR,6,21.55,10.37735849056604
fig06,(d) IA-FMR,IA-FMR,6,21.65,10.37735849056604
fig06,(d) IA-FMR,IA-FMR,6,21.75,10.37735849056604
fig06,(d) IA-FMR,IA-FMR,6,21.85,10.37735849056604
fig06,(d) IA-FMR,IA-FMR,6,21.950000000000003,10.37735849056604
fig06,(d) IA-FMR,IA-FMR,6,22.05,10.37735849056604
fig06,(d) IA-FMR,IA-FMR,6,22.15,10.37735849056604
fig06,(d) IA-FMR,IA-FMR,6,22.25,10.37735849056604
fig06,(d) IA-FMR,IA-FMR,6,22.35,10.37735849056604
fig06,(d) IA-FMR,IA-FMR,6,22.450000000000003,10.37735849056604
fig06,(d) IA-FMR,IA-FMR,6,22.55,10.37735849056604
fig06,(d) IA-FMR,IA-FMR,6,22.65,10.37735849056604
fig06,(d) IA-FMR,IA-FMR,6,22.75,10.37735849056604
fig06,(d) IA-FMR,IA-FMR,6,22.85,10.37735849056604
fig06,(d) IA-FMR,IA-FMR,6,22.950000000000003,10.37735849056604
fig06,(d) IA-FMR,IA-FMR,6,23.05,10.37735849056604
fig06,(d) IA-FMR,IA-FMR,6,23.15,10.37735849056604
fig06,(d) IA-FMR,IA-FMR,6,23.25,10.37735849056604
fig06,(d) IA-FMR,IA-FMR,6,23.35,10.37735849056604
fig06,(d) IA-FMR,IA-FMR,6,23.450000000000003,10.37735849056604
fig06,(d) IA-FMR,IA-FMR,6,23.55,10.37735849056604
fig06,(d) IA-FMR,IA-FMR,6,23.65,10.37735849056604
fig06,(d) IA-FMR,IA-FMR,6,23.75,10.37735849056604
fig06,(d) IA-FMR,IA-FMR,6,23.85,10.37735849056604
fig06,(d) IA-FMR,IA-FMR,6,23.950000000000003,10.37735849056604
fig06,(d) IA-FMR,IA-FMR,6,24.05,10.37735849056604
fig06,(d) IA-FMR,IA-FMR,6,24.15,10.37735849056604
fig06,(d) IA-FMR,IA-FMR,6,24.25,10.37735849056604
fig06,(d) IA-FMR,IA-FMR,6,24.35,10.37735849056604
fig06,(d) IA-FMR,IA-FMR,6,24.450000000000003,10.37735849056604
fig06,(d) IA-FMR,IA-FMR,6,24.55,10.37735849056604
fig06,(d) IA-FMR,IA-FMR,6,24.65,10.37735849056604
fig06,(d) IA-FMR,IA-FMR,6,24.75,10.37735849056604
fig06,(d) IA-FMR,IA-FMR,6,24.85,10.37735849056604
fig06,(d) IA-FMR,IA-FMR,6,24.950000000000003,10.37735849056604
fig06,(d) IA-FMR,IA-FMR,6,25.05,10.37735849056604
fig06,(d) IA-FMR,IA-FMR,6,25.15,10.37735849056604
fig06,(d) IA-FMR,IA-FMR,6,25.25,10.37735849056604
fig06,(d) IA-FMR,IA-FMR,6,25.35,10.37735849056604
fig06,(d) IA-FMR,IA-FMR,6,25.450000000000003,10.37735849056604
fig06,(d) IA-FMR,IA-FMR,6,25.55,10.37735849056604
fig06,(d) IA-FMR,IA-FMR,6,25.65,10.37735849056604
fig06,(d) IA-FMR,IA-FMR,6,25.75,10.37735849056604
fig06,(d) IA-FMR,IA-FMR,6,25.85,10.37735849056604
fig06,(d) IA-FMR,IA-FMR,6,25.950000000000003,10.37735849056604
fig06,(d) IA-FMR,IA-FMR,6,26.05,10.37735849056604
fig06,(d) IA-FMR,IA-FMR,6,26.15,10.37735849056604
fig06,(d) IA-FMR,IA-FMR,6,26.25,10.37735849056604
fig06,(d) IA-FMR,IA-FMR,6,26.35,10.37735849056604
fig06,(d) IA-FMR,IA-FMR,6,26.450000000000003,10.37735849056604
fig06,(d) IA-FMR,IA-FMR,6,26.55,10.37735849056604
fig06,(d) IA-FMR,IA-FMR,6,26.65,10.37735849056604
fig06,(d) IA-FMR,IA-FMR,6,26.75,10.37735849056604
fig06,(d) IA-FMR,IA-FMR,6,26.85,10.37735849056604
fig06,(d) IA-FMR,IA-FMR,6,26.950000000000003,10.37735849056604
fig06,(d) IA-FMR,IA-FMR,6,27.05,10.37735849056604
fig06,(d) IA-FMR,IA-FMR,6,27.15,10.37735849056604
fig06,(d) IA-FMR,IA-FMR,6,27.25,10.37735849056604
fig06,(d) IA-FMR,IA-FMR,6,27.35,10.37735849056604
fig06,(d) IA-FMR,IA-FMR,6,27.450000000000003,10.37735849056604
fig06,(d) IA-FMR,IA-FMR,6,27.55,10.37735849056604
fig06,(d) IA-FMR,IA-FMR,6,27.65,10.37735849056604
fig06,(d) IA-FMR,IA-FMR,6,27.75,10.37735849056604
fig06,(d) IA-FMR,IA-FMR,6,27.85,10.37735849056604
fig06,(d) IA-FMR,IA-FMR,6,27.950000000000003,10.37735849056604
fig06,(d) IA-FMR,IA-FMR,6,28.05,10.37735849056604
fig06,(d) IA-FMR,IA-FMR,6,28.15,10.37735849056604
fig06,(d) IA-FMR,IA-FMR,6,28.25,10.37735849056604
fig06,(d) IA-FMR,IA-FMR,6,28.35,10.37735849056604
fig06,(d) IA-FMR,IA-FMR,6,28.450000000000003,10.37735849056604
fig06,(d) IA-FMR,IA-FMR,6,28.55,10.37735849056604
fig06,(d) IA-FMR,IA-FMR,6,28.65,10.37735849056604
fig06,(d) IA-FMR,IA-FMR,6,28.75,10.37735849056604
fig06,(d) IA-FMR,IA-FMR,6,28.85,10.37735849056604
fig06,(d) IA-FMR,IA-FMR,6,28.950000000000003,10.37735849056604
fig06,(d) IA-FMR,IA-FMR,6,29.05,10.37735849056604
fig06,(d) IA-FMR,IA-FMR,6,29.15,10.37735849056604
fig06,(d) IA-FMR,IA-FMR,6,29.25,10.37735849056604
fig06,(d) IA-FMR,IA-FMR,6,29.35,10.37735849056604
fig06,(d) IA-FMR,IA-FMR,6,29.450000000000003,10.37735849056604
fig06,(d) IA-FMR,IA-FMR,6,29.55,10.37735849056604
fig06,(d) IA-FMR,IA-FMR,6,29.65,10.37735849056604
fig06,(d) IA-FMR,IA-FMR,6,29.75,10.37735849056604
fig06,(d) IA-FMR,IA-FMR,6,29.85,10.37735849056604
fig06,(d) IA-FMR,IA-FMR,6,29.950000000000003,10.37735849056604
fig06,(d) IA-FMR,IA-FMR,6,30.05,10.37735849056604
fig06,(d) IA-FMR,IA-FMR,6,30.15,10.37735849056604
fig06,(d) IA-FMR,IA-FMR,6,30.25,10.37735849056604
fig06,(d) IA-FMR,IA-FMR,6,30.35,10.37735849056604
fig06,(d) IA-FMR,IA-FMR,7,0.45,12.223808341608738
fig06,(d) IA-FMR,IA-FMR,7,0.55,12.237255875537905
fig06,(d) IA-FMR,IA-FMR,7,0.65,12.264150943396226
fig06,(d) IA-FMR,IA-FMR,7,0.75,12.264150943396226
fig06,(d) IA-FMR,IA-FMR,7,0.8500000000000001,12.264150943396226
fig06,(d) IA-FMR,IA-FMR,7,0.95,12.264150943396226
fig06,(d) IA-FMR,IA-FMR,7,1.05,12.264150943396226
fig06,(d) IA-FMR,IA-FMR,7,1.15,12.264150943396226
fig06,(d) IA-FMR,IA-FMR,7,1.25,12.264150943396226
fig06,(d) IA-FMR,IA-FMR,7,1.35,12.264150943396226
fig06,(d) IA-FMR,IA-FMR,7,1.4500000000000002,12.264150943396226
fig06,(d) IA-FMR,IA-FMR,7,1.55,12.264150943396226
fig06,(d) IA-FMR,IA-FMR,7,1.65,12.264150943396226
fig06,(d) IA-FMR,IA-FMR,7,1.75,12.264150943396226
fig06,(d) IA-FMR,IA-FMR,7,1.85,12.264150943396226
fig06,(d) IA-FMR,IA-FMR,7,1.95,12.264150943396226
fig06,(d) IA-FMR,IA-FMR,7,2.0500000000000003,12.264150943396226
fig06,(d) IA-FMR,IA-FMR,7,2.15,12.264150943396226
fig06,(d) IA-FMR,IA-FMR,7,2.25,12.264150943396226
fig06,(d) IA-FMR,IA-FMR,7,2.35,12.264150943396226
fig06,(d) IA-FMR,IA-FMR,7,2.45,12.264150943396226
fig06,(d) IA-FMR,IA-FMR,7,2.5500000000000003,12.264150943396226
fig06,(d) IA-FMR,IA-FMR,7,2.6500000000000004,12.264150943396226
fig06,(d) IA-FMR,IA-FMR,7,2.75,12.264150943396226
fig06,(d) IA-FMR,IA-FMR,7,2.85,12.264150943396226
fig06,(d) IA-FMR,IA-FMR,7,2.95,12.264150943396226
fig06,(d) IA-FMR,IA-FMR,7,3.0500000000000003,12.264150943396226
fig06,(d) IA-FMR,IA-FMR,7,3.1500000000000004,12.264150943396226
fig06,(d) IA-FMR,IA-FMR,7,3.25,12.264150943396226
fig06,(d) IA-FMR,IA-FMR,7,3.35,12.264150943396226
fig06,(d) IA-FMR,IA-FMR,7,3.45,12.264150943396226
fig06,(d) IA-FMR,IA-FMR,7,3.5500000000000003,12.264150943396226
fig06,(d) IA-FMR,IA-FMR,7,3.65,12.264150943396226
fig06,(d) IA-FMR,IA-FMR,7,3.75,12.264150943396226
fig06,(d) IA-FMR,IA-FMR,7,3.85,12.264150943396226
fig06,(d) IA-FMR,IA-FMR,7,3.95,12.264150943396226
fig06,(d) IA-FMR,IA-FMR,7,4.05,12.264150943396226
fig06,(d) IA-FMR,IA-FMR,7,4.15,12.264150943396226
fig06,(d) IA-FMR,IA-FMR,7,4.25,12.264150943396226
fig06,(d) IA-FMR,IA-FMR,7,4.3500000000000005,12.264150943396226
fig06,(d) IA-FMR,IA-FMR,7,4.45,12.264150943396226
fig06,(d) IA-FMR,IA-FMR,7,4.55,12.264150943396226
fig06,(d) IA-FMR,IA-FMR,7,4.65,12.264150943396226
fig06,(d) IA-FMR,IA-FMR,7,4.75,12.264150943396226
fig06,(d) IA-FMR,IA-FMR,7,4.8500000000000005,12.264150943396226
fig06,(d) IA-FMR,IA-FMR,7,4.95,12.264150943396226
fig06,(d) IA-FMR,IA-FMR,7,5.050000000000001,12.264150943396226
fig06,(d) IA-FMR,IA-FMR,7,5.15,12.264150943396226
fig06,(d) IA-FMR,IA-FMR,7,5.25,12.264150943396226
fig06,(d) IA-FMR,IA-FMR,7,5.3500000000000005,12.264150943396226
fig06,(d) IA-FMR,IA-FMR,7,5.45,12.264150943396226
fig06,(d) IA-FMR,IA-FMR,7,5.550000000000001,12.264150943396226
fig06,(d) IA-FMR,IA-FMR,7,5.65,12.264150943396226
fig06,(d) IA-FMR,IA-FMR,7,5.75,12.264150943396226
fig06,(d) IA-FMR,IA-FMR,7,5.8500000000000005,12.264150943396226
fig06,(d) IA-FMR,IA-FMR,7,5.95,12.264150943396226
fig06,(d) IA-FMR,IA-FMR,7,6.050000000000001,12.264150943396226
fig06,(d) IA-FMR,IA-FMR,7,6.15,12.264150943396226
fig06,(d) IA-FMR,IA-FMR,7,6.25,12.264150943396226
fig06,(d) IA-FMR,IA-FMR,7,6.3500000000000005,12.264150943396226
fig06,(d) IA-FMR,IA-FMR,7,6.45,12.264150943396226
fig06,(d) IA-FMR,IA-FMR,7,6.550000000000001,12.264150943396226
fig06,(d) IA-FMR,IA-FMR,7,6.65,12.264150943396226
fig06,(d) IA-FMR,IA-FMR,7,6.75,12.264150943396226
fig06,(d) IA-FMR,IA-FMR,7,6.8500000000000005,12.264150943396226
fig06,(d) IA-FMR,IA-FMR,7,6.95,12.264150943396226
fig06,(d) IA-FMR,IA-FMR,7,7.050000000000001,12.264150943396226
fig06,(d) IA-FMR,IA-FMR,7,7.15,12.264150943396226
fig06,(d) IA-FMR,IA-FMR,7,7.25,12.264150943396226
fig06,(d) IA-FMR,IA-FMR,7,7.35,12.264150943396226
fig06,(d) IA-FMR,IA-FMR,7,7.45,12.264150943396226
fig06,(d) IA-FMR,IA-FMR,7,7.550000000000001,12.264150943396226
fig06,(d) IA-FMR,IA-FMR,7,7.65,12.264150943396226
fig06,(d) IA-FMR,IA-FMR,7,7.75,12.264150943396226
fig06,(d) IA-FMR,IA-FMR,7,7.85,12.264150943396226
fig06,(d) IA-FMR,IA-FMR,7,7.95,12.264150943396226
fig06,(d) IA-FMR,IA-FMR,7,8.05,12.264150943396226
fig06,(d) IA-FMR,IA-FMR,7,8.15,12.264150943396226
fig06,(d) IA-FMR,IA-FMR,7,8.25,12.264150943396226
fig06,(d) IA-FMR,IA-FMR,7,8.35,12.264150943396226
fig06,(d) IA-FMR,IA-FMR,7,8.450000000000001,12.264150943396226
fig06,(d) IA-FMR,IA-FMR,7,8.55,12.264150943396226
fig06,(d) IA-FMR,IA-FMR,7,8.65,12.264150943396226
fig06,(d) IA-FMR,IA-FMR,7,8.75,12.264150943396226
fig06,(d) IA-FMR,IA-FMR,7,8.85,12.264150943396226
fig06,(d) IA-FMR,IA-FMR,7,8.950000000000001,12.264150943396226
fig06,(d) IA-FMR,IA-FMR,7,9.05,12.264150943396226
fig06,(d) IA-FMR,IA-FMR,7,9.15,12.264150943396226
fig06,(d) IA-FMR,IA-FMR,7,9.25,12.264150943396226
fig06,(d) IA-FMR,IA-FMR,7,9.35,12.264150943396226
fig06,(d) IA-FMR,IA-FMR,7,9.45,12.264150943396226
fig06,(d) IA-FMR,IA-FMR,7,9.55,12.264150943396226
fig06,(d) IA-FMR,IA-FMR,7,9.65,12.264150943396226
fig06,(d) IA-FMR,IA-FMR,7,9.75,12.264150943396226
fig06,(d) IA-FMR,IA-FMR,7,9.85,12.264150943396226
fig06,(d) IA-FMR,IA-FMR,7,9.95,12.264150943396226
fig06,(d) IA-FMR,IA-FMR,7,10.05,12.264150943396226
fig06,(d) IA-FMR,IA-FMR,7,10.15,12.264150943396226
fig06,(d) IA-FMR,IA-FMR,7,10.25,12.264150943396226
fig06,(d) IA-FMR,IA-FMR,7,10.35,12.264150943396226
fig06,(d) IA-FMR,IA-FMR,7,10.45,12.264150943396226
fig06,(d) IA-FMR,IA-FMR,7,10.55,12.264150943396226
fig06,(d) IA-FMR,IA-FMR,7,10.65,12.264150943396226
fig06,(d) IA-FMR,IA-FMR,7,10.75,12.264150943396226
fig06,(d) IA-FMR,IA-FMR,7,10.85,12.264150943396226
fig06,(d) IA-FMR,IA-FMR,7,10.95,12.264150943396226
fig06,(d) IA-FMR,IA-FMR,7,11.05,12.264150943396226
fig06,(d) IA-FMR,IA-FMR,7,11.15,12.264150943396226
fig06,(d) IA-FMR,IA-FMR,7,11.25,12.264150943396226
fig06,(d) IA-FMR,IA-FMR,7,11.35,12.264150943396226
fig06,(d) IA-FMR,IA-FMR,7,11.45,12.264150943396226
fig06,(d) IA-FMR,IA-FMR,7,11.55,12.264150943396226
fig06,(d) IA-FMR,IA-FMR,7,11.65,12.264150943396226
fig06,(d) IA-FMR,IA-FMR,7,11.75,12.264150943396226
fig06,(d) IA-FMR,IA-FMR,7,11.85,12.264150943396226
fig06,(d) IA-FMR,IA-FMR,7,11.95,12.264150943396226
fig06,(d) IA-FMR,IA-FMR,7,12.05,12.264150943396226
fig06,(d) IA-FMR,IA-FMR,7,12.15,12.264150943396226
fig06,(d) IA-FMR,IA-FMR,7,12.25,12.264150943396226
fig06,(d) IA-FMR,IA-FMR,7,12.35,12.264150943396226
fig06,(d) IA-FMR,IA-FMR,7,12.45,12.264150943396226
fig06,(d) IA-FMR,IA-FMR,7,12.55,12.264150943396226
fig06,(d) IA-FMR,IA-FMR,7,12.65,12.264150943396226
fig06,(d) IA-FMR,IA-FMR,7,12.75,12.264150943396226
fig06,(d) IA-FMR,IA-FMR,7,12.85,12.264150943396226
fig06,(d) IA-FMR,IA-FMR,7,12.95,12.264150943396226
fig06,(d) IA-FMR,IA-FMR,7,13.05,12.264150943396226
fig06,(d) IA-FMR,IA-FMR,7,13.15,12.264150943396226
fig06,(d) IA-FMR,IA-FMR,7,13.25,12.264150943396226
fig06,(d) IA-FMR,IA-FMR,7,13.35,12.264150943396226
fig06,(d) IA-FMR,IA-FMR,7,13.45,12.264150943396226
fig06,(d) IA-FMR,IA-FMR,7,13.55,12.264150943396226
fig06,(d) IA-FMR,IA-FMR,7,13.65,12.264150943396226
fig06,(d) IA-FMR,IA-FMR,7,13.75,12.264150943396226
fig06,(d) IA-FMR,IA-FMR,7,13.85,12.264150943396226
fig06,(d) IA-FMR,IA-FMR,7,13.95,12.264150943396226
fig06,(d) IA-FMR,IA-FMR,7,14.05,12.264150943396226
fig06,(d) IA-FMR,IA-FMR,7,14.15,12.264150943396226
fig06,(d) IA-FMR,IA-FMR,7,14.25,12.264150943396226
fig06,(d) IA-FMR,IA-FMR,7,14.35,12.264150943396226
fig06,(d) IA-FMR,IA-FMR,7,14.45,12.264150943396226
fig06,(d) IA-FMR,IA-FMR,7,14.55,12.264150943396226
fig06,(d) IA-FMR,IA-FMR,7,14.65,12.264150943396226
fig06,(d) IA-FMR,IA-FMR,7,14.75,12.264150943396226
fig06,(d) IA-FMR,IA-FMR,7,14.85,12.264150943396226
fig06,(d) IA-FMR,IA-FMR,7,14.95,12.264150943396226
fig06,(d) IA-FMR,IA-FMR,7,15.05,12.264150943396226
fig06,(d) IA-FMR,IA-FMR,7,15.15,12.264150943396226
fig06,(d) IA-FMR,IA-FMR,7,15.25,12.264150943396226
fig06,(d) IA-FMR,IA-FMR,7,15.35,12.264150943396226
fig06,(d) IA-FMR,IA-FMR,7,15.45,12.264150943396226
fig06,(d) IA-FMR,IA-FMR,7,15.55,12.264150943396226
fig06,(d) IA-FMR,IA-FMR,7,15.65,12.264150943396226
fig06,(d) IA-FMR,IA-FMR,7,15.75,12.264150943396226
fig06,(d) IA-FMR,IA-FMR,7,15.85,12.264150943396226
fig06,(d) IA-FMR,IA-FMR,7,15.95,12.264150943396226
fig06,(d) IA-FMR,IA-FMR,7,16.05,12.264150943396226
fig06,(d) IA-FMR,IA-FMR,7,16.150000000000002,12.264150943396226
fig06,(d) IA-FMR,IA-FMR,7,16.25,12.264150943396226
fig06,(d) IA-FMR,IA-FMR,7,16.35,12.264150943396226
fig06,(d) IA-FMR,IA-FMR,7,16.45,12.264150943396226
fig06,(d) IA-FMR,IA-FMR,7,16.55,12.264150943396226
fig06,(d) IA-FMR,IA-FMR,7,16.650000000000002,12.264150943396226
fig06,(d) IA-FMR,IA-FMR,7,16.75,12.264150943396226
fig06,(d) IA-FMR,IA-FMR,7,16.85,12.264150943396226
fig06,(d) IA-FMR,IA-FMR,7,16.95,12.264150943396226
fig06,(d) IA-FMR,IA-FMR,7,17.05,12.264150943396226
fig06,(d) IA-FMR,IA-FMR,7,17.150000000000002,12.264150943396226
fig06,(d) IA-FMR,IA-FMR,7,17.25,12.264150943396226
fig06,(d) IA-FMR,IA-FMR,7,17.35,12.264150943396226
fig06,(d) IA-FMR,IA-FMR,7,17.45,12.264150943396226
fig06,(d) IA-FMR,IA-FMR,7,17.55,12.264150943396226
fig06,(d) IA-FMR,IA-FMR,7,17.650000000000002,12.264150943396226
fig06,(d) IA-FMR,IA-FMR,7,17.75,12.264150943396226
fig06,(d) IA-FMR,IA-FMR,7,17.85,12.264150943396226
fig06,(d) IA-FMR,IA-FMR,7,17.95,12.264150943396226
fig06,(d) IA-FMR,IA-FMR,7,18.05,12.264150943396226
fig06,(d) IA-FMR,IA-FMR,7,18.15,12.264150943396226
fig06,(d) IA-FMR,IA-FMR,7,18.25,12.264150943396226
fig06,(d) IA-FMR,IA-FMR,7,18.35,12.264150943396226
fig06,(d) IA-FMR,IA-FMR,7,18.45,12.264150943396226
fig06,(d) IA-FMR,IA-FMR,7,18.55,12.264150943396226
fig06,(d) IA-FMR,IA-FMR,7,18.65,12.264150943396226
fig06,(d) IA-FMR,IA-FMR,7,18.75,12.264150943396226
fig06,(d) IA-FMR,IA-FMR,7,18.85,12.264150943396226
fig06,(d) IA-FMR,IA-FMR,7,18.95,12.264150943396226
fig06,(d) IA-FMR,IA-FMR,7,19.05,12.264150943396226
fig06,(d) IA-FMR,IA-FMR,7,19.15,12.264150943396226
fig06,(d) IA-FMR,IA-FMR,7,19.25,12.264150943396226
fig06,(d) IA-FMR,IA-FMR,7,19.35,12.264150943396226
fig06,(d) IA-FMR,IA-FMR,7,19.450000000000003,12.264150943396226
fig06,(d) IA-FMR,IA-FMR,7,19.55,12.264150943396226
fig06,(d) IA-FMR,IA-FMR,7,19.65,12.264150943396226
fig06,(d) IA-FMR,IA-FMR,7,19.75,12.264150943396226
fig06,(d) IA-FMR,IA-FMR,7,19.85,12.264150943396226
fig06,(d) IA-FMR,IA-FMR,7,19.950000000000003,12.264150943396226
fig06,(d) IA-FMR,IA-FMR,7,20.05,12.264150943396226
fig06,(d) IA-FMR,IA-FMR,7,20.15,12.264150943396226
fig06,(d) IA-FMR,IA-FMR,7,20.25,12.264150943396226
fig06,(d) IA-FMR,IA-FMR,7,20.35,12.264150943396226
fig06,(d) IA-FMR,IA-FMR,7,20.450000000000003,12.264150943396226
fig06,(d) IA-FMR,IA-FMR,7,20.55,12.264150943396226
fig06,(d) IA-FMR,IA-FMR,7,20.65,12.264150943396226
fig06,(d) IA-FMR,IA-FMR,7,20.75,12.264150943396226
fig06,(d) IA-FMR,IA-FMR,7,20.85,12.264150943396226
fig06,(d) IA-FMR,IA-FMR,7,20.950000000000003,12.264150943396226
fig06,(d) IA-FMR,IA-FMR,7,21.05,12.264150943396226
fig06,(d) IA-FMR,IA-FMR,7,21.15,12.264150943396226
fig06,(d) IA-FMR,IA-FMR,7,21.25,12.264150943396226
fig06,(d) IA-FMR,IA-FMR,7,21.35,12.264150943396226
fig06,(d) IA-FMR,IA-FMR,7,21.450000000000003,12.264150943396226
fig06,(d) IA-FMR,IA-FMR,7,21.55,12.264150943396226
fig06,(d) IA-FMR,IA-FMR,7,21.65,12.264150943396226
fig06,(d) IA-FMR,IA-FMR,7,21.75,12.264150943396226
fig06,(d) IA-FMR,IA-FMR,7,21.85,12.264150943396226
fig06,(d) IA-FMR,IA-FMR,7,21.950000000000003,12.264150943396226
fig06,(d) IA-FMR,IA-FMR,7,22.05,12.264150943396226
fig06,(d) IA-FMR,IA-FMR,7,22.15,12.264150943396226
fig06,(d) IA-FMR,IA-FMR,7,22.25,12.264150943396226
fig06,(d) IA-FMR,IA-FMR,7,22.35,12.264150943396226
fig06,(d) IA-FMR,IA-FMR,7,22.450000000000003,12.264150943396226
fig06,(d) IA-FMR,IA-FMR,7,22.55,12.264150943396226
fig06,(d) IA-FMR,IA-FMR,7,22.65,12.264150943396226
fig06,(d) IA-FMR,IA-FMR,7,22.75,12.264150943396226
fig06,(d) IA-FMR,IA-FMR,7,22.85,12.264150943396226
fig06,(d) IA-FMR,IA-FMR,7,22.950000000000003,12.264150943396226
fig06,(d) IA-FMR,IA-FMR,7,23.05,12.264150943396226
fig06,(d) IA-FMR,IA-FMR,7,23.15,12.264150943396226
fig06,(d) IA-FMR,IA-FMR,7,23.25,12.264150943396226
fig06,(d) IA-FMR,IA-FMR,7,23.35,12.264150943396226
fig06,(d) IA-FMR,IA-FMR,7,23.450000000000003,12.264150943396226
fig06,(d) IA-FMR,IA-FMR,7,23.55,12.264150943396226
fig06,(d) IA-FMR,IA-FMR,7,23.65,12.264150943396226
fig06,(d) IA-FMR,IA-FMR,7,23.75,12.264150943396226
fig06,(d) IA-FMR,IA-FMR,7,23.85,12.264150943396226
fig06,(d) IA-FMR,IA-FMR,7,23.950000000000003,12.264150943396226
fig06,(d) IA-FMR,IA-FMR,7,24.05,12.264150943396226
fig06,(d) IA-FMR,IA-FMR,7,24.15,12.264150943396226
fig06,(d) IA-FMR,IA-FMR,7,24.25,12.264150943396226
fig06,(d) IA-FMR,IA-FMR,7,24.35,12.264150943396226
fig06,(d) IA-FMR,IA-FMR,7,24.450000000000003,12.264150943396226
fig06,(d) IA-FMR,IA-FMR,7,24.55,12.264150943396226
fig06,(d) IA-FMR,IA-FMR,7,24.65,12.264150943396226
fig06,(d) IA-FMR,IA-FMR,7,24.75,12.264150943396226
fig06,(d) IA-FMR,IA-FMR,7,24.85,12.264150943396226
fig06,(d) IA-FMR,IA-FMR,7,24.950000000000003,12.264150943396226
fig06,(d) IA-FMR,IA-FMR,7,25.05,12.264150943396226
fig06,(d) IA-FMR,IA-FMR,7,25.15,12.264150943396226
fig06,(d) IA-FMR,IA-FMR,7,25.25,12.264150943396226
fig06,(d) IA-FMR,IA-FMR,7,25.35,12.264150943396226
fig06,(d) IA-FMR,IA-FMR,7,25.450000000000003,12.264150943396226
fig06,(d) IA-FMR,IA-FMR,7,25.55,12.264150943396226
fig06,(d) IA-FMR,IA-FMR,7,25.65,12.264150943396226
fig06,(d) IA-FMR,IA-FMR,7,25.75,12.264150943396226
fig06,(d) IA-FMR,IA-FMR,7,25.85,12.264150943396226
fig06,(d) IA-FMR,IA-FMR,7,25.950000000000003,12.264150943396226
fig06,(d) IA-FMR,IA-FMR,7,26.05,12.264150943396226
fig06,(d) IA-FMR,IA-FMR,7,26.15,12.264150943396226
fig06,(d) IA-FMR,IA-FMR,7,26.25,12.264150943396226
fig06,(d) IA-FMR,IA-FMR,7,26.35,12.264150943396226
fig06,(d) IA-FMR,IA-FMR,7,26.450000000000003,12.264150943396226
fig06,(d) IA-FMR,IA-FMR,7,26.55,12.264150943396226
fig06,(d) IA-FMR,IA-FMR,7,26.65,12.264150943396226
fig06,(d) IA-FMR,IA-FMR,7,26.75,12.264150943396226
fig06,(d) IA-FMR,IA-FMR,7,26.85,12.264150943396226
fig06,(d) IA-FMR,IA-FMR,7,26.950000000000003,12.264150943396226
fig06,(d) IA-FMR,IA-FMR,7,27.05,12.264150943396226
fig06,(d) IA-FMR,IA-FMR,7,27.15,12.264150943396226
fig06,(d) IA-FMR,IA-FMR,7,27.25,12.264150943396226
fig06,(d) IA-FMR,IA-FMR,7,27.35,12.264150943396226
fig06,(d) IA-FMR,IA-FMR,7,27.450000000000003,12.264150943396226
fig06,(d) IA-FMR,IA-FMR,7,27.55,12.264150943396226
fig06,(d) IA-FMR,IA-FMR,7,27.65,12.264150943396226
fig06,(d) IA-FMR,IA-FMR,7,27.75,12.264150943396226
fig06,(d) IA-FMR,IA-FMR,7,27.85,12.264150943396226
fig06,(d) IA-FMR,IA-FMR,7,27.950000000000003,12.264150943396226
fig06,(d) IA-FMR,IA-FMR,7,28.05,12.264150943396226
fig06,(d) IA-FMR,IA-FMR,7,28.15,12.264150943396226
fig06,(d) IA-FMR,IA-FMR,7,28.25,12.264150943396226
fig06,(d) IA-FMR,IA-FMR,7,28.35,12.264150943396226
fig06,(d) IA-FMR,IA-FMR,7,28.450000000000003,12.264150943396226
fig06,(d) IA-FMR,IA-FMR,7,28.55,12.264150943396226
fig06,(d) IA-FMR,IA-FMR,7,28.65,12.264150943396226
fig06,(d) IA-FMR,IA-FMR,7,28.75,12.264150943396226
fig06,(d) IA-FMR,IA-FMR,7,28.85,12.264150943396226
fig06,(d) IA-FMR,IA-FMR,7,28.950000000000003,12.264150943396226
fig06,(d) IA-FMR,IA-FMR,7,29.05,12.264150943396226
fig06,(d) IA-FMR,IA-FMR,7,29.15,12.264150943396226
fig06,(d) IA-FMR,IA-FMR,7,29.25,12.264150943396226
fig06,(d) IA-FMR,IA-FMR,7,29.35,12.264150943396226
fig06,(d) IA-FMR,IA-FMR,7,29.450000000000003,12.264150943396226
fig06,(d) IA-FMR,IA-FMR,7,29.55,12.264150943396226
fig06,(d) IA-FMR,IA-FMR,7,29.65,12.264150943396226
fig06,(d) IA-FMR,IA-FMR,7,29.75,12.264150943396226
fig06,(d) IA-FMR,IA-FMR,7,29.85,12.264150943396226
fig06,(d) IA-FMR,IA-FMR,7,29.950000000000003,12.264150943396226
fig06,(d) IA-FMR,IA-FMR,7,30.05,12.264150943396226
fig06,(d) IA-FMR,IA-FMR,7,30.15,12.264150943396226
fig06,(d) IA-FMR,IA-FMR,7,30.25,12.264150943396226
fig06,(d) IA-FMR,IA-FMR,7,30.35,12.264150943396226
fig06,(d) IA-FMR,IA-FMR,8,0.45,12.242428003972194
fig06,(d) IA-FMR,IA-FMR,8,0.55,12.249668983780206
fig06,(d) IA-FMR,IA-FMR,8,0.65,12.264150943396226
fig06,(d) IA-FMR,IA-FMR,8,0.75,12.264150943396226
fig06,(d) IA-FMR,IA-FMR,8,0.8500000000000001,12.264150943396226
fig06,(d) IA-FMR,IA-FMR,8,0.95,12.264150943396226
fig06,(d) IA-FMR,IA-FMR,8,1.05,12.264150943396226
fig06,(d) IA-FMR,IA-FMR,8,1.15,12.264150943396226
fig06,(d) IA-FMR,IA-FMR,8,1.25,12.264150943396226
fig06,(d) IA-FMR,IA-FMR,8,1.35,12.264150943396226
fig06,(d) IA-FMR,IA-FMR,8,1.4500000000000002,12.264150943396226
fig06,(d) IA-FMR,IA-FMR,8,1.55,12.264150943396226
fig06,(d) IA-FMR,IA-FMR,8,1.65,12.264150943396226
fig06,(d) IA-FMR,IA-FMR,8,1.75,12.264150943396226
fig06,(d) IA-FMR,IA-FMR,8,1.85,12.264150943396226
fig06,(d) IA-FMR,IA-FMR,8,1.95,12.264150943396226
fig06,(d) IA-FMR,IA-FMR,8,2.0500000000000003,12.264150943396226
fig06,(d) IA-FMR,IA-FMR,8,2.15,12.264150943396226
fig06,(d) IA-FMR,IA-FMR,8,2.25,12.264150943396226
fig06,(d) IA-FMR,IA-FMR,8,2.35,12.264150943396226
fig06,(d) IA-FMR,IA-FMR,8,2.45,12.264150943396226
fig06,(d) IA-FMR,IA-FMR,8,2.5500000000000003,12.264150943396226
fig06,(d) IA-FMR,IA-FMR,8,2.6500000000000004,12.264150943396226
fig06,(d) IA-FMR,IA-FMR,8,2.75,12.264150943396226
fig06,(d) IA-FMR,IA-FMR,8,2.85,12.264150943396226
fig06,(d) IA-FMR,IA-FMR,8,2.95,12.264150943396226
fig06,(d) IA-FMR,IA-FMR,8,3.0500000000000003,12.264150943396226
fig06,(d) IA-FMR,IA-FMR,8,3.1500000000000004,12.264150943396226
fig06,(d) IA-FMR,IA-FMR,8,3.25,12.264150943396226
fig06,(d) IA-FMR,IA-FMR,8,3.35,12.264150943396226
fig06,(d) IA-FMR,IA-FMR,8,3.45,12.264150943396226
fig06,(d) IA-FMR,IA-FMR,8,3.5500000000000003,12.264150943396226
fig06,(d) IA-FMR,IA-FMR,8,3.65,12.264150943396226
fig06,(d) IA-FMR,IA-FMR,8,3.75,12.264150943396226
fig06,(d) IA-FMR,IA-FMR,8,3.85,12.264150943396226
fig06,(d) IA-FMR,IA-FMR,8,3.95,12.264150943396226
fig06,(d) IA-FMR,IA-FMR,8,4.05,12.264150943396226
fig06,(d) IA-FMR,IA-FMR,8,4.15,12.264150943396226
fig06,(d) IA-FMR,IA-FMR,8,4.25,12.264150943396226
fig06,(d) IA-FMR,IA-FMR,8,4.3500000000000005,12.264150943396226
fig06,(d) IA-FMR,IA-FMR,8,4.45,12.264150943396226
fig06,(d) IA-FMR,IA-FMR,8,4.55,12.264150943396226
fig06,(d) IA-FMR,IA-FMR,8,4.65,12.264150943396226
fig06,(d) IA-FMR,IA-FMR,8,4.75,12.264150943396226
fig06,(d) IA-FMR,IA-FMR,8,4.8500000000000005,12.264150943396226
fig06,(d) IA-FMR,IA-FMR,8,4.95,12.264150943396226
fig06,(d) IA-FMR,IA-FMR,8,5.050000000000001,12.264150943396226
fig06,(d) IA-FMR,IA-FMR,8,5.15,12.264150943396226
fig06,(d) IA-FMR,IA-FMR,8,5.25,12.264150943396226
fig06,(d) IA-FMR,IA-FMR,8,5.3500000000000005,12.264150943396226
fig06,(d) IA-FMR,IA-FMR,8,5.45,12.264150943396226
fig06,(d) IA-FMR,IA-FMR,8,5.550000000000001,12.264150943396226
fig06,(d) IA-FMR,IA-FMR,8,5.65,12.264150943396226
fig06,(d) IA-FMR,IA-FMR,8,5.75,12.264150943396226
fig06,(d) IA-FMR,IA-FMR,8,5.8500000000000005,12.264150943396226
fig06,(d) IA-FMR,IA-FMR,8,5.95,12.264150943396226
fig06,(d) IA-FMR,IA-FMR,8,6.050000000000001,12.264150943396226
fig06,(d) IA-FMR,IA-FMR,8,6.15,12.264150943396226
fig06,(d) IA-FMR,IA-FMR,8,6.25,12.264150943396226
fig06,(d) IA-FMR,IA-FMR,8,6.3500000000000005,12.264150943396226
fig06,(d) IA-FMR,IA-FMR,8,6.45,12.264150943396226
fig06,(d) IA-FMR,IA-FMR,8,6.550000000000001,12.264150943396226
fig06,(d) IA-FMR,IA-FMR,8,6.65,12.264150943396226
fig06,(d) IA-FMR,IA-FMR,8,6.75,12.264150943396226
fig06,(d) IA-FMR,IA-FMR,8,6.8500000000000005,12.264150943396226
fig06,(d) IA-FMR,IA-FMR,8,6.95,12.264150943396226
fig06,(d) IA-FMR,IA-FMR,8,7.050000000000001,12.264150943396226
fig06,(d) IA-FMR,IA-FMR,8,7.15,12.264150943396226
fig06,(d) IA-FMR,IA-FMR,8,7.25,12.264150943396226
fig06,(d) IA-FMR,IA-FMR,8,7.35,12.264150943396226
fig06,(d) IA-FMR,IA-FMR,8,7.45,12.264150943396226
fig06,(d) IA-FMR,IA-FMR,8,7.550000000000001,12.264150943396226
fig06,(d) IA-FMR,IA-FMR,8,7.65,12.264150943396226
fig06,(d) IA-FMR,IA-FMR,8,7.75,12.264150943396226
fig06,(d) IA-FMR,IA-FMR,8,7.85,12.264150943396226
fig06,(d) IA-FMR,IA-FMR,8,7.95,12.264150943396226
fig06,(d) IA-FMR,IA-FMR,8,8.05,12.264150943396226
fig06,(d) IA-FMR,IA-FMR,8,8.15,12.264150943396226
fig06,(d) IA-FMR,IA-FMR,8,8.25,12.264150943396226
fig06,(d) IA-FMR,IA-FMR,8,8.35,12.264150943396226
fig06,(d) IA-FMR,IA-FMR,8,8.450000000000001,12.264150943396226
fig06,(d) IA-FMR,IA-FMR,8,8.55,12.264150943396226
fig06,(d) IA-FMR,IA-FMR,8,8.65,12.264150943396226
fig06,(d) IA-FMR,IA-FMR,8,8.75,12.264150943396226
fig06,(d) IA-FMR,IA-FMR,8,8.85,12.264150943396226
fig06,(d) IA-FMR,IA-FMR,8,8.950000000000001,12.264150943396226
fig06,(d) IA-FMR,IA-FMR,8,9.05,12.264150943396226
fig06,(d) IA-FMR,IA-FMR,8,9.15,12.264150943396226
fig06,(d) IA-FMR,IA-FMR,8,9.25,12.264150943396226
fig06,(d) IA-FMR,IA-FMR,8,9.35,12.264150943396226
fig06,(d) IA-FMR,IA-FMR,8,9.45,12.264150943396226
fig06,(d) IA-FMR,IA-FMR,8,9.55,12.264150943396226
fig06,(d) IA-FMR,IA-FMR,8,9.65,12.264150943396226
fig06,(d) IA-FMR,IA-FMR,8,9.75,12.264150943396226
fig06,(d) IA-FMR,IA-FMR,8,9.85,12.264150943396226
fig06,(d) IA-FMR,IA-FMR,8,9.95,12.264150943396226
fig06,(d) IA-FMR,IA-FMR,8,10.05,12.264150943396226
fig06,(d) IA-FMR,IA-FMR,8,10.15,12.264150943396226
fig06,(d) IA-FMR,IA-FMR,8,10.25,12.264150943396226
fig06,(d) IA-FMR,IA-FMR,8,10.35,12.264150943396226
fig06,(d) IA-FMR,IA-FMR,8,10.45,12.264150943396226
fig06,(d) IA-FMR,IA-FMR,8,10.55,12.264150943396226
fig06,(d) IA-FMR,IA-FMR,8,10.65,12.264150943396226
fig06,(d) IA-FMR,IA-FMR,8,10.75,12.264150943396226
fig06,(d) IA-FMR,IA-FMR,8,10.85,12.264150943396226
fig06,(d) IA-FMR,IA-FMR,8,10.95,12.264150943396226
fig06,(d) IA-FMR,IA-FMR,8,11.05,12.264150943396226
fig06,(d) IA-FMR,IA-FMR,8,11.15,12.264150943396226
fig06,(d) IA-FMR,IA-FMR,8,11.25,12.264150943396226
fig06,(d) IA-FMR,IA-FMR,8,11.35,12.264150943396226
fig06,(d) IA-FMR,IA-FMR,8,11.45,12.264150943396226
fig06,(d) IA-FMR,IA-FMR,8,11.55,12.264150943396226
fig06,(d) IA-FMR,IA-FMR,8,11.65,12.264150943396226
fig06,(d) IA-FMR,IA-FMR,8,11.75,12.264150943396226
fig06,(d) IA-FMR,IA-FMR,8,11.85,12.264150943396226
fig06,(d) IA-FMR,IA-FMR,8,11.95,12.264150943396226
fig06,(d) IA-FMR,IA-FMR,8,12.05,12.264150943396226
fig06,(d) IA-FMR,IA-FMR,8,12.15,12.264150943396226
fig06,(d) IA-FMR,IA-FMR,8,12.25,12.264150943396226
fig06,(d) IA-FMR,IA-FMR,8,12.35,12.264150943396226
fig06,(d) IA-FMR,IA-FMR,8,12.45,12.264150943396226
fig06,(d) IA-FMR,IA-FMR,8,12.55,12.264150943396226
fig06,(d) IA-FMR,IA-FMR,8,12.65,12.264150943396226
fig06,(d) IA-FMR,IA-FMR,8,12.75,12.264150943396226
fig06,(d) IA-FMR,IA-FMR,8,12.85,12.264150943396226
fig06,(d) IA-FMR,IA-FMR,8,12.95,12.264150943396226
fig06,(d) IA-FMR,IA-FMR,8,13.05,12.264150943396226
fig06,(d) IA-FMR,IA-FMR,8,13.15,12.264150943396226
fig06,(d) IA-FMR,IA-FMR,8,13.25,12.264150943396226
fig06,(d) IA-FMR,IA-FMR,8,13.35,12.264150943396226
fig06,(d) IA-FMR,IA-FMR,8,13.45,12.264150943396226
fig06,(d) IA-FMR,IA-FMR,8,13.55,12.264150943396226
fig06,(d) IA-FMR,IA-FMR,8,13.65,12.264150943396226
fig06,(d) IA-FMR,IA-FMR,8,13.75,12.264150943396226
fig06,(d) IA-FMR,IA-FMR,8,13.85,12.264150943396226
fig06,(d) IA-FMR,IA-FMR,8,13.95,12.264150943396226
fig06,(d) IA-FMR,IA-FMR,8,14.05,12.264150943396226
fig06,(d) IA-FMR,IA-FMR,8,14.15,12.264150943396226
fig06,(d) IA-FMR,IA-FMR,8,14.25,12.264150943396226
fig06,(d) IA-FMR,IA-FMR,8,14.35,12.264150943396226
fig06,(d) IA-FMR,IA-FMR,8,14.45,12.264150943396226
fig06,(d) IA-FMR,IA-FMR,8,14.55,12.264150943396226
fig06,(d) IA-FMR,IA-FMR,8,14.65,12.264150943396226
fig06,(d) IA-FMR,IA-FMR,8,14.75,12.264150943396226
fig06,(d) IA-FMR,IA-FMR,8,14.85,12.264150943396226
fig06,(d) IA-FMR,IA-FMR,8,14.95,12.264150943396226
fig06,(d) IA-FMR,IA-FMR,8,15.05,12.264150943396226
fig06,(d) IA-FMR,IA-FMR,8,15.15,12.264150943396226
fig06,(d) IA-FMR,IA-FMR,8,15.25,12.264150943396226
fig06,(d) IA-FMR,IA-FMR,8,15.35,12.264150943396226
fig06,(d) IA-FMR,IA-FMR,8,15.45,12.264150943396226
fig06,(d) IA-FMR,IA-FMR,8,15.55,12.264150943396226
fig06,(d) IA-FMR,IA-FMR,8,15.65,12.264150943396226
fig06,(d) IA-FMR,IA-FMR,8,15.75,12.264150943396226
fig06,(d) IA-FMR,IA-FMR,8,15.85,12.264150943396226
fig06,(d) IA-FMR,IA-FMR,8,15.95,12.264150943396226
fig06,(d) IA-FMR,IA-FMR,8,16.05,12.264150943396226
fig06,(d) IA-FMR,IA-FMR,8,16.150000000000002,12.264150943396226
fig06,(d) IA-FMR,IA-FMR,8,16.25,12.264150943396226
fig06,(d) IA-FMR,IA-FMR,8,16.35,12.264150943396226
fig06,(d) IA-FMR,IA-FMR,8,16.45,12.264150943396226
fig06,(d) IA-FMR,IA-FMR,8,16.55,12.264150943396226
fig06,(d) IA-FMR,IA-FMR,8,16.650000000000002,12.264150943396226
fig06,(d) IA-FMR,IA-FMR,8,16.75,12.264150943396226
fig06,(d) IA-FMR,IA-FMR,8,16.85,12.264150943396226
fig06,(d) IA-FMR,IA-FMR,8,16.95,12.264150943396226
fig06,(d) IA-FMR,IA-FMR,8,17.05,12.264150943396226
fig06,(d) IA-FMR,IA-FMR,8,17.150000000000002,12.264150943396226
fig06,(d) IA-FMR,IA-FMR,8,17.25,12.264150943396226
fig06,(d) IA-FMR,IA-FMR,8,17.35,12.264150943396226
fig06,(d) IA-FMR,IA-FMR,8,17.45,12.264150943396226
fig06,(d) IA-FMR,IA-FMR,8,17.55,12.264150943396226
fig06,(d) IA-FMR,IA-FMR,8,17.650000000000002,12.264150943396226
fig06,(d) IA-FMR,IA-FMR,8,17.75,12.264150943396226
fig06,(d) IA-FMR,IA-FMR,8,17.85,12.264150943396226
fig06,(d) IA-FMR,IA-FMR,8,17.95,12.264150943396226
fig06,(d) IA-FMR,IA-FMR,8,18.05,12.264150943396226
fig06,(d) IA-FMR,IA-FMR,8,18.15,12.264150943396226
fig06,(d) IA-FMR,IA-FMR,8,18.25,12.264150943396226
fig06,(d) IA-FMR,IA-FMR,8,18.35,12.264150943396226
fig06,(d) IA-FMR,IA-FMR,8,18.45,12.264150943396226
fig06,(d) IA-FMR,IA-FMR,8,18.55,12.264150943396226
fig06,(d) IA-FMR,IA-FMR,8,18.65,12.264150943396226
fig06,(d) IA-FMR,IA-FMR,8,18.75,12.264150943396226
fig06,(d) IA-FMR,IA-FMR,8,18.85,12.264150943396226
fig06,(d) IA-FMR,IA-FMR,8,18.95,12.264150943396226
fig06,(d) IA-FMR,IA-FMR,8,19.05,12.264150943396226
fig06,(d) IA-FMR,IA-FMR,8,19.15,12.264150943396226
fig06,(d) IA-FMR,IA-FMR,8,19.25,12.264150943396226
fig06,(d) IA-FMR,IA-FMR,8,19.35,12.264150943396226
fig06,(d) IA-FMR,IA-FMR,8,19.450000000000003,12.264150943396226
fig06,(d) IA-FMR,IA-FMR,8,19.55,12.264150943396226
fig06,(d) IA-FMR,IA-FMR,8,19.65,12.264150943396226
fig06,(d) IA-FMR,IA-FMR,8,19.75,12.264150943396226
fig06,(d) IA-FMR,IA-FMR,8,19.85,12.264150943396226
fig06,(d) IA-FMR,IA-FMR,8,19.950000000000003,12.264150943396226
fig06,(d) IA-FMR,IA-FMR,8,20.05,12.264150943396226
fig06,(d) IA-FMR,IA-FMR,8,20.15,12.264150943396226
fig06,(d) IA-FMR,IA-FMR,8,20.25,12.264150943396226
fig06,(d) IA-FMR,IA-FMR,8,20.35,12.264150943396226
fig06,(d) IA-FMR,IA-FMR,8,20.450000000000003,12.264150943396226
fig06,(d) IA-FMR,IA-FMR,8,20.55,12.264150943396226
fig06,(d) IA-FMR,IA-FMR,8,20.65,12.264150943396226
fig06,(d) IA-FMR,IA-FMR,8,20.75,12.264150943396226
fig06,(d) IA-FMR,IA-FMR,8,20.85,12.264150943396226
fig06,(d) IA-FMR,IA-FMR,8,20.950000000000003,12.264150943396226
fig06,(d) IA-FMR,IA-FMR,8,21.05,12.264150943396226
fig06,(d) IA-FMR,IA-FMR,8,21.15,12.264150943396226
fig06,(d) IA-FMR,IA-FMR,8,21.25,12.264150943396226
fig06,(d) IA-FMR,IA-FMR,8,21.35,12.264150943396226
fig06,(d) IA-FMR,IA-FMR,8,21.450000000000003,12.264150943396226
fig06,(d) IA-FMR,IA-FMR,8,21.55,12.264150943396226
fig06,(d) IA-FMR,IA-FMR,8,21.65,12.264150943396226
fig06,(d) IA-FMR,IA-FMR,8,21.75,12.264150943396226
fig06,(d) IA-FMR,IA-FMR,8,21.85,12.264150943396226
fig06,(d) IA-FMR,IA-FMR,8,21.950000000000003,12.264150943396226
fig06,(d) IA-FMR,IA-FMR,8,22.05,12.264150943396226
fig06,(d) IA-FMR,IA-FMR,8,22.15,12.264150943396226
fig06,(d) IA-FMR,IA-FMR,8,22.25,12.264150943396226
fig06,(d) IA-FMR,IA-FMR,8,22.35,12.264150943396226
fig06,(d) IA-FMR,IA-FMR,8,22.450000000000003,12.264150943396226
fig06,(d) IA-FMR,IA-FMR,8,22.55,12.264150943396226
fig06,(d) IA-FMR,IA-FMR,8,22.65,12.264150943396226
fig06,(d) IA-FMR,IA-FMR,8,22.75,12.264150943396226
fig06,(d) IA-FMR,IA-FMR,8,22.85,12.264150943396226
fig06,(d) IA-FMR,IA-FMR,8,22.950000000000003,12.264150943396226
fig06,(d) IA-FMR,IA-FMR,8,23.05,12.264150943396226
fig06,(d) IA-FMR,IA-FMR,8,23.15,12.264150943396226
fig06,(d) IA-FMR,IA-FMR,8,23.25,12.264150943396226
fig06,(d) IA-FMR,IA-FMR,8,23.35,12.264150943396226
fig06,(d) IA-FMR,IA-FMR,8,23.450000000000003,12.264150943396226
fig06,(d) IA-FMR,IA-FMR,8,23.55,12.264150943396226
fig06,(d) IA-FMR,IA-FMR,8,23.65,12.264150943396226
fig06,(d) IA-FMR,IA-FMR,8,23.75,12.264150943396226
fig06,(d) IA-FMR,IA-FMR,8,23.85,12.264150943396226
fig06,(d) IA-FMR,IA-FMR,8,23.950000000000003,12.264150943396226
fig06,(d) IA-FMR,IA-FMR,8,24.05,12.264150943396226
fig06,(d) IA-FMR,IA-FMR,8,24.15,12.264150943396226
fig06,(d) IA-FMR,IA-FMR,8,24.25,12.264150943396226
fig06,(d) IA-FMR,IA-FMR,8,24.35,12.264150943396226
fig06,(d) IA-FMR,IA-FMR,8,24.450000000000003,12.264150943396226
fig06,(d) IA-FMR,IA-FMR,8,24.55,12.264150943396226
fig06,(d) IA-FMR,IA-FMR,8,24.65,12.264150943396226
fig06,(d) IA-FMR,IA-FMR,8,24.75,12.264150943396226
fig06,(d) IA-FMR,IA-FMR,8,24.85,12.264150943396226
fig06,(d) IA-FMR,IA-FMR,8,24.950000000000003,12.264150943396226
fig06,(d) IA-FMR,IA-FMR,8,25.05,12.264150943396226
fig06,(d) IA-FMR,IA-FMR,8,25.15,12.264150943396226
fig06,(d) IA-FMR,IA-FMR,8,25.25,12.264150943396226
fig06,(d) IA-FMR,IA-FMR,8,25.35,12.264150943396226
fig06,(d) IA-FMR,IA-FMR,8,25.450000000000003,12.264150943396226
fig06,(d) IA-FMR,IA-FMR,8,25.55,12.264150943396226
fig06,(d) IA-FMR,IA-FMR,8,25.65,12.264150943396226
fig06,(d) IA-FMR,IA-FMR,8,25.75,12.264150943396226
fig06,(d) IA-FMR,IA-FMR,8,25.85,12.264150943396226
fig06,(d) IA-FMR,IA-FMR,8,25.950000000000003,12.264150943396226
fig06,(d) IA-FMR,IA-FMR,8,26.05,12.264150943396226
fig06,(d) IA-FMR,IA-FMR,8,26.15,12.264150943396226
fig06,(d) IA-FMR,IA-FMR,8,26.25,12.264150943396226
fig06,(d) IA-FMR,IA-FMR,8,26.35,12.264150943396226
fig06,(d) IA-FMR,IA-FMR,8,26.450000000000003,12.264150943396226
fig06,(d) IA-FMR,IA-FMR,8,26.55,12.264150943396226
fig06,(d) IA-FMR,IA-FMR,8,26.65,12.264150943396226
fig06,(d) IA-FMR,IA-FMR,8,26.75,12.264150943396226
fig06,(d) IA-FMR,IA-FMR,8,26.85,12.264150943396226
fig06,(d) IA-FMR,IA-FMR,8,26.950000000000003,12.264150943396226
fig06,(d) IA-FMR,IA-FMR,8,27.05,12.264150943396226
fig06,(d) IA-FMR,IA-FMR,8,27.15,12.264150943396226
fig06,(d) IA-FMR,IA-FMR,8,27.25,12.264150943396226
fig06,(d) IA-FMR,IA-FMR,8,27.35,12.264150943396226
fig06,(d) IA-FMR,IA-FMR,8,27.450000000000003,12.264150943396226
fig06,(d) IA-FMR,IA-FMR,8,27.55,12.264150943396226
fig06,(d) IA-FMR,IA-FMR,8,27.65,12.264150943396226
fig06,(d) IA-FMR,IA-FMR,8,27.75,12.264150943396226
fig06,(d) IA-FMR,IA-FMR,8,27.85,12.264150943396226
fig06,(d) IA-FMR,IA-FMR,8,27.950000000000003,12.264150943396226
fig06,(d) IA-FMR,IA-FMR,8,28.05,12.264150943396226
fig06,(d) IA-FMR,IA-FMR,8,28.15,12.264150943396226
fig06,(d) IA-FMR,IA-FMR,8,28.25,12.264150943396226
fig06,(d) IA-FMR,IA-FMR,8,28.35,12.264150943396226
fig06,(d) IA-FMR,IA-FMR,8,28.450000000000003,12.264150943396226
fig06,(d) IA-FMR,IA-FMR,8,28.55,12.264150943396226
fig06,(d) IA-FMR,IA-FMR,8,28.65,12.264150943396226
fig06,(d) IA-FMR,IA-FMR,8,28.75,12.264150943396226
fig06,(d) IA-FMR,IA-FMR,8,28.85,12.264150943396226
fig06,(d) IA-FMR,IA-FMR,8,28.950000000000003,12.264150943396226
fig06,(d) IA-FMR,IA-FMR,8,29.05,12.264150943396226
fig06,(d) IA-FMR,IA-FMR,8,29.15,12.264150943396226
fig06,(d) IA-FMR,IA-FMR,8,29.25,12.264150943396226
fig06,(d) IA-FMR,IA-FMR,8,29.35,12.264150943396226
fig06,(d) IA-FMR,IA-FMR,8,29.450000000000003,12.264150943396226
fig06,(d) IA-FMR,IA-FMR,8,29.55,12.264150943396226
fig06,(d) IA-FMR,IA-FMR,8,29.65,12.264150943396226
fig06,(d) IA-FMR,IA-FMR,8,29.75,12.264150943396226
fig06,(d) IA-FMR,IA-FMR,8,29.85,12.264150943396226
fig06,(d) IA-FMR,IA-FMR,8,29.950000000000003,12.264150943396226
fig06,(d) IA-FMR,IA-FMR,8,30.05,12.264150943396226
fig06,(d) IA-FMR,IA-FMR,8,30.15,12.264150943396226
fig06,(d) IA-FMR,IA-FMR,8,30.25,12.264150943396226
fig06,(d) IA-FMR,IA-FMR,8,30.35,12.264150943396226
fig06,(d) IA-FMR,IA-FMR,9,0.45,10.39908142999007
fig06,(d) IA-FMR,IA-FMR,9,0.55,10.407762749362062
fig06,(d) IA-FMR,IA-FMR,9,0.65,10.409511262458558
fig06,(d) IA-FMR,IA-FMR,9,0.75,10.431543870718784
fig06,(d) IA-FMR,IA-FMR,9,0.8500000000000001,10.437654179799006
fig06,(d) IA-FMR,IA-FMR,9,0.95,10.44145335095942
fig06,(d) IA-FMR,IA-FMR,9,1.05,10.437447422184832
fig06,(d) IA-FMR,IA-FMR,9,1.15,10.433674095726191
fig06,(d) IA-FMR,IA-FMR,9,1.25,10.43354732582826
fig06,(d) IA-FMR,IA-FMR,9,1.35,10.439710293173778
fig06,(d) IA-FMR,IA-FMR,9,1.4500000000000002,10.439477690857837
fig06,(d) IA-FMR,IA-FMR,9,1.55,10.439732855908796
fig06,(d) IA-FMR,IA-FMR,9,1.65,10.433569888563278
fig06,(d) IA-FMR,IA-FMR,9,1.75,10.439426657847642
fig06,(d) IA-FMR,IA-FMR,9,1.85,10.439426657847642
fig06,(d) IA-FMR,IA-FMR,9,1.95,10.443432586622228
fig06,(d) IA-FMR,IA-FMR,9,2.0500000000000003,10.441581746112451
fig06,(d) IA-FMR,IA-FMR,9,2.15,10.44145335095942
fig06,(d) IA-FMR,IA-FMR,9,2.25,10.439450386572126
fig06,(d) IA-FMR,IA-FMR,9,2.35,10.437575817337864
fig06,(d) IA-FMR,IA-FMR,9,2.45,10.433672604685704
fig06,(d) IA-FMR,IA-FMR,9,2.5500000000000003,10.435675569072998
fig06,(d) IA-FMR,IA-FMR,9,2.6500000000000004,10.435547173919966
fig06,(d) IA-FMR,IA-FMR,9,2.75,10.439450386572126
fig06,(d) IA-FMR,IA-FMR,9,2.85,10.435677060113484
fig06,(d) IA-FMR,IA-FMR,9,2.95,10.433674095726191
fig06,(d) IA-FMR,IA-FMR,9,3.0500000000000003,10.435818294781818
fig06,(d) IA-FMR,IA-FMR,9,3.1500000000000004,10.441292251380617
fig06,(d) IA-FMR,IA-FMR,9,3.25,10.439496044607496
fig06,(d) IA-FMR,IA-FMR,9,3.35,10.435464436802304
fig06,(d) IA-FMR,IA-FMR,9,3.45,10.429757877887562
fig06,(d) IA-FMR,IA-FMR,9,3.5500000000000003,10.43556001343527
fig06,(d) IA-FMR,IA-FMR,9,3.65,10.441301227081905
fig06,(d) IA-FMR,IA-FMR,9,3.75,10.44343258662223
fig06,(d) IA-FMR,IA-FMR,9,3.85,10.443432586622228
fig06,(d) IA-FMR,IA-FMR,9,3.95,10.437575817337866
fig06,(d) IA-FMR,IA-FMR,9,4.05,10.435677060113484
fig06,(d) IA-FMR,IA-FMR,9,4.15,10.43354732582826
fig06,(d) IA-FMR,IA-FMR,9,4.25,10.435678685368584
fig06,(d) IA-FMR,IA-FMR,9,4.3500000000000005,10.443457940601814
fig06,(d) IA-FMR,IA-FMR,9,4.45,10.439578781725158
fig06,(d) IA-FMR,IA-FMR,9,4.55,10.437562977822562
fig06,(d) IA-FMR,IA-FMR,9,4.65,10.433557049047977
fig06,(d) IA-FMR,IA-FMR,9,4.75,10.433659765170402
fig06,(d) IA-FMR,IA-FMR,9,4.8500000000000005,10.435675569072997
fig06,(d) IA-FMR,IA-FMR,9,4.95,10.435536122185274
fig06,(d) IA-FMR,IA-FMR,9,5.050000000000001,10.437551926087872
fig06,(d) IA-FMR,IA-FMR,9,5.15,10.439426495322133
fig06,(d) IA-FMR,IA-FMR,9,5.25,10.435675569072998
fig06,(d) IA-FMR,IA-FMR,9,5.3500000000000005,10.437562977822562
fig06,(d) IA-FMR,IA-FMR,9,5.45,10.433557049047977
fig06,(d) IA-FMR,IA-FMR,9,5.550000000000001,10.435702904815257
fig06,(d) IA-FMR,IA-FMR,9,5.65,10.439406499342704
fig06,(d) IA-FMR,IA-FMR,9,5.75,10.439639101658647
fig06,(d) IA-FMR,IA-FMR,9,5.8500000000000005,10.43737769025364
fig06,(d) IA-FMR,IA-FMR,9,5.95,10.43752790062326
fig06,(d) IA-FMR,IA-FMR,9,6.050000000000001,10.435499091534195
fig06,(d) IA-FMR,IA-FMR,9,6.15,10.445161190182334
fig06,(d) IA-FMR,IA-FMR,9,6.25,10.435479405035784
fig06,(d) IA-FMR,IA-FMR,9,6.3500000000000005,10.4212143411283
fig06,(d) IA-FMR,IA-FMR,9,6.45,10.393525562994522
fig06,(d) IA-FMR,IA-FMR,9,6.550000000000001,10.37932389937107
fig06,(d) IA-FMR,IA-FMR,9,6.65,10.37735849056604
fig06,(d) IA-FMR,IA-FMR,9,6.75,10.37735849056604
fig06,(d) IA-FMR,IA-FMR,9,6.8500000000000005,10.37735849056604
fig06,(d) IA-FMR,IA-FMR,9,6.95,10.37735849056604
fig06,(d) IA-FMR,IA-FMR,9,7.050000000000001,10.37735849056604
fig06,(d) IA-FMR,IA-FMR,9,7.15,10.37735849056604
fig06,(d) IA-FMR,IA-FMR,9,7.25,10.37735849056604
fig06,(d) IA-FMR,IA-FMR,9,7.35,10.37735849056604
fig06,(d) IA-FMR,IA-FMR,9,7.45,10.37735849056604
fig06,(d) IA-FMR,IA-FMR,9,7.550000000000001,10.37735849056604
fig06,(d) IA-FMR,IA-FMR,9,7.65,10.37735849056604
fig06,(d) IA-FMR,IA-FMR,9,7.75,10.37735849056604
fig06,(d) IA-FMR,IA-FMR,9,7.85,10.37735849056604
fig06,(d) IA-FMR,IA-FMR,9,7.95,10.37735849056604
fig06,(d) IA-FMR,IA-FMR,9,8.05,10.37735849056604
fig06,(d) IA-FMR,IA-FMR,9,8.15,10.37735849056604
fig06,(d) IA-FMR,IA-FMR,9,8.25,10.37735849056604
fig06,(d) IA-FMR,IA-FMR,9,8.35,10.37735849056604
fig06,(d) IA-FMR,IA-FMR,9,8.450000000000001,10.37735849056604
fig06,(d) IA-FMR,IA-FMR,9,8.55,10.37735849056604
fig06,(d) IA-FMR,IA-FMR,9,8.65,10.37735849056604
fig06,(d) IA-FMR,IA-FMR,9,8.75,10.37735849056604
fig06,(d) IA-FMR,IA-FMR,9,8.85,10.37735849056604
fig06,(d) IA-FMR,IA-FMR,9,8.950000000000001,10.37735849056604
fig06,(d) IA-FMR,IA-FMR,9,9.05,10.37735849056604
fig06,(d) IA-FMR,IA-FMR,9,9.15,10.37735849056604
fig06,(d) IA-FMR,IA-FMR,9,9.25,10.37735849056604
fig06,(d) IA-FMR,IA-FMR,9,9.35,10.37735849056604
fig06,(d) IA-FMR,IA-FMR,9,9.45,10.37735849056604
fig06,(d) IA-FMR,IA-FMR,9,9.55,10.37735849056604
fig06,(d) IA-FMR,IA-FMR,9,9.65,10.37735849056604
fig06,(d) IA-FMR,IA-FMR,9,9.75,10.37735849056604
fig06,(d) IA-FMR,IA-FMR,9,9.85,10.37735849056604
fig06,(d) IA-FMR,IA-FMR,9,9.95,10.37735849056604
fig06,(d) IA-FMR,IA-FMR,9,10.05,10.37735849056604
fig06,(d) IA-FMR,IA-FMR,9,10.15,10.37735849056604
fig06,(d) IA-FMR,IA-FMR,9,10.25,10.37735849056604
fig06,(d) IA-FMR,IA-FMR,9,10.35,10.37735849056604
fig06,(d) IA-FMR,IA-FMR,9,10.45,10.37735849056604
fig06,(d) IA-FMR,IA-FMR,9,10.55,10.37735849056604
fig06,(d) IA-FMR,IA-FMR,9,10.65,10.37735849056604
fig06,(d) IA-FMR,IA-FMR,9,10.75,10.37735849056604
fig06,(d) IA-FMR,IA-FMR,9,10.85,10.37735849056604
fig06,(d) IA-FMR,IA-FMR,9,10.95,10.37735849056604
fig06,(d) IA-FMR,IA-FMR,9,11.05,10.37735849056604
fig06,(d) IA-FMR,IA-FMR,9,11.15,10.37735849056604
fig06,(d) IA-FMR,IA-FMR,9,11.25,10.37735849056604
fig06,(d) IA-FMR,IA-FMR,9,11.35,10.37735849056604
fig06,(d) IA-FMR,IA-FMR,9,11.45,10.37735849056604
fig06,(d) IA-FMR,IA-FMR,9,11.55,10.37735849056604
fig06,(d) IA-FMR,IA-FMR,9,11.65,10.37735849056604
fig06,(d) IA-FMR,IA-FMR,9,11.75,10.37735849056604
fig06,(d) IA-FMR,IA-FMR,9,11.85,10.37735849056604
fig06,(d) IA-FMR,IA-FMR,9,11.95,10.37735849056604
fig06,(d) IA-FMR,IA-FMR,9,12.05,10.37735849056604
fig06,(d) IA-FMR,IA-FMR,9,12.15,10.37735849056604
fig06,(d) IA-FMR,IA-FMR,9,12.25,10.37735849056604
fig06,(d) IA-FMR,IA-FMR,9,12.35,10.37735849056604
fig06,(d) IA-FMR,IA-FMR,9,12.45,10.37735849056604
fig06,(d) IA-FMR,IA-FMR,9,12.55,10.37735849056604
fig06,(d) IA-FMR,IA-FMR,9,12.65,10.37735849056604
fig06,(d) IA-FMR,IA-FMR,9,12.75,10.37735849056604
fig06,(d) IA-FMR,IA-FMR,9,12.85,10.37735849056604
fig06,(d) IA-FMR,IA-FMR,9,12.95,10.37735849056604
fig06,(d) IA-FMR,IA-FMR,9,13.05,10.37735849056604
fig06,(d) IA-FMR,IA-FMR,9,13.15,10.37735849056604
fig06,(d) IA-FMR,IA-FMR,9,13.25,10.37735849056604
fig06,(d) IA-FMR,IA-FMR,9,13.35,10.37735849056604
fig06,(d) IA-FMR,IA-FMR,9,13.45,10.37735849056604
fig06,(d) IA-FMR,IA-FMR,9,13.55,10.37735849056604
fig06,(d) IA-FMR,IA-FMR,9,13.65,10.37735849056604
fig06,(d) IA-FMR,IA-FMR,9,13.75,10.37735849056604
fig06,(d) IA-FMR,IA-FMR,9,13.85,10.37735849056604
fig06,(d) IA-FMR,IA-FMR,9,13.95,10.37735849056604
fig06,(d) IA-FMR,IA-FMR,9,14.05,10.37735849056604
fig06,(d) IA-FMR,IA-FMR,9,14.15,10.37735849056604
fig06,(d) IA-FMR,IA-FMR,9,14.25,10.37735849056604
fig06,(d) IA-FMR,IA-FMR,9,14.35,10.37735849056604
fig06,(d) IA-FMR,IA-FMR,9,14.45,10.37735849056604
fig06,(d) IA-FMR,IA-FMR,9,14.55,10.37735849056604
fig06,(d) IA-FMR,IA-FMR,9,14.65,10.37735849056604
fig06,(d) IA-FMR,IA-FMR,9,14.75,10.37735849056604
fig06,(d) IA-FMR,IA-FMR,9,14.85,10.37735849056604
fig06,(d) IA-FMR,IA-FMR,9,14.95,10.37735849056604
fig06,(d) IA-FMR,IA-FMR,9,15.05,10.37735849056604
fig06,(d) IA-FMR,IA-FMR,9,15.15,10.37735849056604
fig06,(d) IA-FMR,IA-FMR,9,15.25,10.37735849056604
fig06,(d) IA-FMR,IA-FMR,9,15.35,10.37735849056604
fig06,(d) IA-FMR,IA-FMR,9,15.45,10.37735849056604
fig06,(d) IA-FMR,IA-FMR,9,15.55,10.37735849056604
fig06,(d) IA-FMR,IA-FMR,9,15.65,10.37735849056604
fig06,(d) IA-FMR,IA-FMR,9,15.75,10.37735849056604
fig06,(d) IA-FMR,IA-FMR,9,15.85,10.37735849056604
fig06,(d) IA-FMR,IA-FMR,9,15.95,10.37735849056604
fig06,(d) IA-FMR,IA-FMR,9,16.05,10.37735849056604
fig06,(d) IA-FMR,IA-FMR,9,16.150000000000002,10.37735849056604
fig06,(d) IA-FMR,IA-FMR,9,16.25,10.37735849056604
fig06,(d) IA-FMR,IA-FMR,9,16.35,10.37735849056604
fig06,(d) IA-FMR,IA-FMR,9,16.45,10.37735849056604
fig06,(d) IA-FMR,IA-FMR,9,16.55,10.37735849056604
fig06,(d) IA-FMR,IA-FMR,9,16.650000000000002,10.37735849056604
fig06,(d) IA-FMR,IA-FMR,9,16.75,10.37735849056604
fig06,(d) IA-FMR,IA-FMR,9,16.85,10.37735849056604
fig06,(d) IA-FMR,IA-FMR,9,16.95,10.37735849056604
fig06,(d) IA-FMR,IA-FMR,9,17.05,10.37735849056604
fig06,(d) IA-FMR,IA-FMR,9,17.150000000000002,10.37735849056604
fig06,(d) IA-FMR,IA-FMR,9,17.25,10.37735849056604
fig06,(d) IA-FMR,IA-FMR,9,17.35,10.37735849056604
fig06,(d) IA-FMR,IA-FMR,9,17.45,10.37735849056604
fig06,(d) IA-FMR,IA-FMR,9,17.55,10.37735849056604
fig06,(d) IA-FMR,IA-FMR,9,17.650000000000002,10.37735849056604
fig06,(d) IA-FMR,IA-FMR,9,17.75,10.37735849056604
fig06,(d) IA-FMR,IA-FMR,9,17.85,10.37735849056604
fig06,(d) IA-FMR,IA-FMR,9,17.95,10.37735849056604
fig06,(d) IA-FMR,IA-FMR,9,18.05,10.37735849056604
fig06,(d) IA-FMR,IA-FMR,9,18.15,10.37735849056604
fig06,(d) IA-FMR,IA-FMR,9,18.25,10.37735849056604
fig06,(d) IA-FMR,IA-FMR,9,18.35,10.37735849056604
fig06,(d) IA-FMR,IA-FMR,9,18.45,10.37735849056604
fig06,(d) IA-FMR,IA-FMR,9,18.55,10.37735849056604
fig06,(d) IA-FMR,IA-FMR,9,18.65,10.37735849056604
fig06,(d) IA-FMR,IA-FMR,9,18.75,10.37735849056604
fig06,(d) IA-FMR,IA-FMR,9,18.85,10.37735849056604
fig06,(d) IA-FMR,IA-FMR,9,18.95,10.37735849056604
fig06,(d) IA-FMR,IA-FMR,9,19.05,10.37735849056604
fig06,(d) IA-FMR,IA-FMR,9,19.15,10.37735849056604
fig06,(d) IA-FMR,IA-FMR,9,19.25,10.37735849056604
fig06,(d) IA-FMR,IA-FMR,9,19.35,10.37735849056604
fig06,(d) IA-FMR,IA-FMR,9,19.450000000000003,10.37735849056604
fig06,(d) IA-FMR,IA-FMR,9,19.55,10.37735849056604
fig06,(d) IA-FMR,IA-FMR,9,19.65,10.37735849056604
fig06,(d) IA-FMR,IA-FMR,9,19.75,10.37735849056604
fig06,(d) IA-FMR,IA-FMR,9,19.85,10.37735849056604
fig06,(d) IA-FMR,IA-FMR,9,19.950000000000003,10.37735849056604
fig06,(d) IA-FMR,IA-FMR,9,20.05,10.37735849056604
fig06,(d) IA-FMR,IA-FMR,9,20.15,10.37735849056604
fig06,(d) IA-FMR,IA-FMR,9,20.25,10.37735849056604
fig06,(d) IA-FMR,IA-FMR,9,20.35,10.37735849056604
fig06,(d) IA-FMR,IA-FMR,9,20.450000000000003,10.37735849056604
fig06,(d) IA-FMR,IA-FMR,9,20.55,10.37735849056604
fig06,(d) IA-FMR,IA-FMR,9,20.65,10.37735849056604
fig06,(d) IA-FMR,IA-FMR,9,20.75,10.37735849056604
fig06,(d) IA-FMR,IA-FMR,9,20.85,10.37735849056604
fig06,(d) IA-FMR,IA-FMR,9,20.950000000000003,10.37735849056604
fig06,(d) IA-FMR,IA-FMR,9,21.05,10.37735849056604
fig06,(d) IA-FMR,IA-FMR,9,21.15,10.37735849056604
fig06,(d) IA-FMR,IA-FMR,9,21.25,10.37735849056604
fig06,(d) IA-FMR,IA-FMR,9,21.35,10.37735849056604
fig06,(d) IA-FMR,IA-FMR,9,21.450000000000003,10.37735849056604
fig06,(d) IA-FMR,IA-FMR,9,21.55,10.37735849056604
fig06,(d) IA-FMR,IA-FMR,9,21.65,10.37735849056604
fig06,(d) IA-FMR,IA-FMR,9,21.75,10.37735849056604
fig06,(d) IA-FMR,IA-FMR,9,21.85,10.37735849056604
fig06,(d) IA-FMR,IA-FMR,9,21.950000000000003,10.37735849056604
fig06,(d) IA-FMR,IA-FMR,9,22.05,10.37735849056604
fig06,(d) IA-FMR,IA-FMR,9,22.15,10.37735849056604
fig06,(d) IA-FMR,IA-FMR,9,22.25,10.37735849056604
fig06,(d) IA-FMR,IA-FMR,9,22.35,10.37735849056604
fig06,(d) IA-FMR,IA-FMR,9,22.450000000000003,10.37735849056604
fig06,(d) IA-FMR,IA-FMR,9,22.55,10.37735849056604
fig06,(d) IA-FMR,IA-FMR,9,22.65,10.37735849056604
fig06,(d) IA-FMR,IA-FMR,9,22.75,10.37735849056604
fig06,(d) IA-FMR,IA-FMR,9,22.85,10.37735849056604
fig06,(d) IA-FMR,IA-FMR,9,22.950000000000003,10.37735849056604
fig06,(d) IA-FMR,IA-FMR,9,23.05,10.37735849056604
fig06,(d) IA-FMR,IA-FMR,9,23.15,10.37735849056604
fig06,(d) IA-FMR,IA-FMR,9,23.25,10.37735849056604
fig06,(d) IA-FMR,IA-FMR,9,23.35,10.37735849056604
fig06,(d) IA-FMR,IA-FMR,9,23.450000000000003,10.37735849056604
fig06,(d) IA-FMR,IA-FMR,9,23.55,10.37735849056604
fig06,(d) IA-FMR,IA-FMR,9,23.65,10.37735849056604
fig06,(d) IA-FMR,IA-FMR,9,23.75,10.37735849056604
fig06,(d) IA-FMR,IA-FMR,9,23.85,10.37735849056604
fig06,(d) IA-FMR,IA-FMR,9,23.950000000000003,10.37735849056604
fig06,(d) IA-FMR,IA-FMR,9,24.05,10.37735849056604
fig06,(d) IA-FMR,IA-FMR,9,24.15,10.37735849056604
fig06,(d) IA-FMR,IA-FMR,9,24.25,10.37735849056604
fig06,(d) IA-FMR,IA-FMR,9,24.35,10.37735849056604
fig06,(d) IA-FMR,IA-FMR,9,24.450000000000003,10.37735849056604
fig06,(d) IA-FMR,IA-FMR,9,24.55,10.37735849056604
fig06,(d) IA-FMR,IA-FMR,9,24.65,10.37735849056604
fig06,(d) IA-FMR,IA-FMR,9,24.75,10.37735849056604
fig06,(d) IA-FMR,IA-FMR,9,24.85,10.37735849056604
fig06,(d) IA-FMR,IA-FMR,9,24.950000000000003,10.37735849056604
fig06,(d) IA-FMR,IA-FMR,9,25.05,10.37735849056604
fig06,(d) IA-FMR,IA-FMR,9,25.15,10.37735849056604
fig06,(d) IA-FMR,IA-FMR,9,25.25,10.37735849056604
fig06,(d) IA-FMR,IA-FMR,9,25.35,10.37735849056604
fig06,(d) IA-FMR,IA-FMR,9,25.450000000000003,10.37735849056604
fig06,(d) IA-FMR,IA-FMR,9,25.55,10.37735849056604
fig06,(d) IA-FMR,IA-FMR,9,25.65,10.37735849056604
fig06,(d) IA-FMR,IA-FMR,9,25.75,10.37735849056604
fig06,(d) IA-FMR,IA-FMR,9,25.85,10.37735849056604
fig06,(d) IA-FMR,IA-FMR,9,25.950000000000003,10.37735849056604
fig06,(d) IA-FMR,IA-FMR,9,26.05,10.37735849056604
fig06,(d) IA-FMR,IA-FMR,9,26.15,10.37735849056604
fig06,(d) IA-FMR,IA-FMR,9,26.25,10.37735849056604
fig06,(d) IA-FMR,IA-FMR,9,26.35,10.37735849056604
fig06,(d) IA-FMR,IA-FMR,9,26.450000000000003,10.37735849056604
fig06,(d) IA-FMR,IA-FMR,9,26.55,10.37735849056604
fig06,(d) IA-FMR,IA-FMR,9,26.65,10.37735849056604
fig06,(d) IA-FMR,IA-FMR,9,26.75,10.37735849056604
fig06,(d) IA-FMR,IA-FMR,9,26.85,10.37735849056604
fig06,(d) IA-FMR,IA-FMR,9,26.950000000000003,10.37735849056604
fig06,(d) IA-FMR,IA-FMR,9,27.05,10.37735849056604
fig06,(d) IA-FMR,IA-FMR,9,27.15,10.37735849056604
fig06,(d) IA-FMR,IA-FMR,9,27.25,10.37735849056604
fig06,(d) IA-FMR,IA-FMR,9,27.35,10.37735849056604
fig06,(d) IA-FMR,IA-FMR,9,27.450000000000003,10.37735849056604
fig06,(d) IA-FMR,IA-FMR,9,27.55,10.37735849056604
fig06,(d) IA-FMR,IA-FMR,9,27.65,10.37735849056604
fig06,(d) IA-FMR,IA-FMR,9,27.75,10.37735849056604
fig06,(d) IA-FMR,IA-FMR,9,27.85,10.37735849056604
fig06,(d) IA-FMR,IA-FMR,9,27.950000000000003,10.37735849056604
fig06,(d) IA-FMR,IA-FMR,9,28.05,10.37735849056604
fig06,(d) IA-FMR,IA-FMR,9,28.15,10.37735849056604
fig06,(d) IA-FMR,IA-FMR,9,28.25,10.37735849056604
fig06,(d) IA-FMR,IA-FMR,9,28.35,10.37735849056604
fig06,(d) IA-FMR,IA-FMR,9,28.450000000000003,10.37735849056604
fig06,(d) IA-FMR,IA-FMR,9,28.55,10.37735849056604
fig06,(d) IA-FMR,IA-FMR,9,28.65,10.37735849056604
fig06,(d) IA-FMR,IA-FMR,9,28.75,10.37735849056604
fig06,(d) IA-FMR,IA-FMR,9,28.85,10.37735849056604
fig06,(d) IA-FMR,IA-FMR,9,28.950000000000003,10.37735849056604
fig06,(d) IA-FMR,IA-FMR,9,29.05,10.37735849056604
fig06,(d) IA-FMR,IA-FMR,9,29.15,10.37735849056604
fig06,(d) IA-FMR,IA-FMR,9,29.25,10.37735849056604
fig06,(d) IA-FMR,IA-FMR,9,29.35,10.37735849056604
fig06,(d) IA-FMR,IA-FMR,9,29.450000000000003,10.37735849056604
fig06,(d) IA-FMR,IA-FMR,9,29.55,10.37735849056604
fig06,(d) IA-FMR,IA-FMR,9,29.65,10.37735849056604
fig06,(d) IA-FMR,IA-FMR,9,29.75,10.37735849056604
fig06,(d) IA-FMR,IA-FMR,9,29.85,10.37735849056604
fig06,(d) IA-FMR,IA-FMR,9,29.950000000000003,10.37735849056604
fig06,(d) IA-FMR,IA-FMR,9,30.05,10.37735849056604
fig06,(d) IA-FMR,IA-FMR,9,30.15,10.37735849056604
fig06,(d) IA-FMR,IA-FMR,9,30.25,10.37735849056604
fig06,(d) IA-FMR,IA-FMR,9,30.35,10.37735849056604
