scheduler,ue,time_s,mean,CI95_low,CI95_high,n
IA-FMR,1,0.45,11.339374379344587,,,1
IA-FMR,1,0.55,11.28938150247843,,,1
IA-FMR,1,0.65,11.234363403365768,,,1
IA-FMR,1,0.75,11.174274471746974,,,1
IA-FMR,1,0.8500000000000001,11.157971862873184,,,1
IA-FMR,1,0.95,11.146496815286625,,,1
IA-FMR,1,1.05,11.162520530384969,,,1
IA-FMR,1,1.15,11.173918043866214,,,1
IA-FMR,1,1.25,11.176250609988124,,,1
IA-FMR,1,1.35,11.151778493820297,,,1
IA-FMR,1,1.4500000000000002,11.154401731050108,,,1
IA-FMR,1,1.55,11.151722498015012,,,1
IA-FMR,1,1.65,11.174191649795544,,,1
IA-FMR,1,1.75,11.15458034658578,,,1
IA-FMR,1,1.85,11.152564542683184,,,1
IA-FMR,1,1.95,11.140546756359427,,,1
IA-FMR,1,2.0500000000000003,11.146137308858137,,,1
IA-FMR,1,2.15,11.148499779673918,,,1
IA-FMR,1,2.25,11.154508672835798,,,1
IA-FMR,1,2.35,11.160170899084491,,,1
IA-FMR,1,2.45,11.171919055586883,,,1
IA-FMR,1,2.5500000000000003,11.165910162425003,,,1
IA-FMR,1,2.6500000000000004,11.16625682933819,,,1
IA-FMR,1,2.75,11.15651163722309,,,1
IA-FMR,1,2.85,11.16590618631704,,,1
IA-FMR,1,2.95,11.17191507947892,,,1
IA-FMR,1,3.0500000000000003,11.165533840373248,,,1
IA-FMR,1,3.1500000000000004,11.14698108304306,,,1
IA-FMR,1,3.25,11.1544760465568,,,1
IA-FMR,1,3.35,11.16657086997238,,,1
IA-FMR,1,3.45,11.185743900145084,,,1
IA-FMR,1,3.5500000000000003,11.168234114694876,,,1
IA-FMR,1,3.65,11.148918120337086,,,1
IA-FMR,1,3.75,11.142562560262022,,,1
IA-FMR,1,3.85,11.140559595874729,,,1
IA-FMR,1,3.95,11.158167934697198,,,1
IA-FMR,1,4.05,11.165932031018812,,,1
IA-FMR,1,4.15,11.174273490302602,,,1
IA-FMR,1,4.25,11.165902126324944,,,1
IA-FMR,1,4.3500000000000005,11.140458017430872,,,1
IA-FMR,1,4.45,11.152146202020017,,,1
IA-FMR,1,4.55,11.162225221532998,,,1
IA-FMR,1,4.65,11.174243007856754,,,1
IA-FMR,1,4.75,11.173986217550691,,,1
IA-FMR,1,4.8500000000000005,11.165923001940309,,,1
IA-FMR,1,4.95,11.166303311634096,,,1
IA-FMR,1,5.050000000000001,11.160255899926309,,,1
IA-FMR,1,5.15,11.154593673677615,,,1
IA-FMR,1,5.25,11.165923001940309,,,1
IA-FMR,1,5.3500000000000005,11.158206453243109,,,1
IA-FMR,1,5.45,11.17222720395416,,,1
IA-FMR,1,5.550000000000001,11.16785746130079,,,1
IA-FMR,1,5.65,11.156671094156662,,,1
IA-FMR,1,5.75,11.154047856926852,,,1
IA-FMR,1,5.8500000000000005,11.158725747947498,,,1
IA-FMR,1,5.95,11.160302956828536,,,1
IA-FMR,1,6.050000000000001,11.16638938409573,,,1
IA-FMR,1,6.15,11.13732750458953,,,1
IA-FMR,1,6.25,11.164498137706374,,,1
IA-FMR,1,6.3500000000000005,11.20317231096667,,,1
IA-FMR,1,6.45,11.280305335767904,,,1
IA-FMR,1,6.550000000000001,11.316823899371068,,,1
IA-FMR,1,6.65,11.320754716981131,,,1
IA-FMR,1,6.75,11.320754716981131,,,1
IA-FMR,1,6.8500000000000005,11.320754716981131,,,1
IA-FMR,1,6.95,11.320754716981131,,,1
IA-FMR,1,7.050000000000001,11.320754716981131,,,1
IA-FMR,1,7.15,11.320754716981131,,,1
IA-FMR,1,7.25,11.320754716981131,,,1
IA-FMR,1,7.35,11.320754716981131,,,1
IA-FMR,1,7.45,11.320754716981131,,,1
IA-FMR,1,7.550000000000001,11.320754716981131,,,1
IA-FMR,1,7.65,11.320754716981131,,,1
IA-FMR,1,7.75,11.320754716981131,,,1
IA-FMR,1,7.85,11.320754716981131,,,1
IA-FMR,1,7.95,11.320754716981131,,,1
IA-FMR,1,8.05,11.320754716981131,,,1
IA-FMR,1,8.15,11.320754716981131,,,1
IA-FMR,1,8.25,11.320754716981131,,,1
IA-FMR,1,8.35,11.320754716981131,,,1
IA-FMR,1,8.450000000000001,11.320754716981131,,,1
IA-FMR,1,8.55,11.320754716981131,,,1
IA-FMR,1,8.65,11.320754716981131,,,1
IA-FMR,1,8.75,11.320754716981131,,,1
IA-FMR,1,8.85,11.320754716981131,,,1
IA-FMR,1,8.950000000000001,11.320754716981131,,,1
IA-FMR,1,9.05,11.320754716981131,,,1
IA-FMR,1,9.15,11.320754716981131,,,1
IA-FMR,1,9.25,11.320754716981131,,,1
IA-FMR,1,9.35,11.320754716981131,,,1
IA-FMR,1,9.45,11.320754716981131,,,1
IA-FMR,1,9.55,11.320754716981131,,,1
IA-FMR,1,9.65,11.320754716981131,,,1
IA-FMR,1,9.75,11.320754716981131,,,1
IA-FMR,1,9.85,11.320754716981131,,,1
IA-FMR,1,9.95,11.320754716981131,,,1
IA-FMR,1,10.05,11.320754716981131,,,1
IA-FMR,1,10.15,11.320754716981131,,,1
IA-FMR,1,10.25,11.320754716981131,,,1
IA-FMR,1,10.35,11.320754716981131,,,1
IA-FMR,1,10.45,11.320754716981131,,,1
IA-FMR,1,10.55,11.320754716981131,,,1
IA-FMR,1,10.65,11.320754716981131,,,1
IA-FMR,1,10.75,11.320754716981131,,,1
IA-FMR,1,10.85,11.320754716981131,,,1
IA-FMR,1,10.95,11.320754716981131,,,1
IA-FMR,1,11.05,11.320754716981131,,,1
IA-FMR,1,11.15,11.320754716981131,,,1
IA-FMR,1,11.25,11.320754716981131,,,1
IA-FMR,1,11.35,11.320754716981131,,,1
IA-FMR,1,11.45,11.320754716981131,,,1
IA-FMR,1,11.55,11.320754716981131,,,1
IA-FMR,1,11.65,11.320754716981131,,,1
IA-FMR,1,11.75,11.320754716981131,,,1
IA-FMR,1,11.85,11.320754716981131,,,1
IA-FMR,1,11.95,11.320754716981131,,,1
IA-FMR,1,12.05,11.320754716981131,,,1
IA-FMR,1,12.15,11.320754716981131,,,1
IA-FMR,1,12.25,11.320754716981131,,,1
IA-FMR,1,12.35,11.320754716981131,,,1
IA-FMR,1,12.45,11.320754716981131,,,1
IA-FMR,1,12.55,11.320754716981131,,,1
IA-FMR,1,12.65,11.320754716981131,,,1
IA-FMR,1,12.75,11.320754716981131,,,1
IA-FMR,1,12.85,11.320754716981131,,,1
IA-FMR,1,12.95,11.320754716981131,,,1
IA-FMR,1,13.05,11.320754716981131,,,1
IA-FMR,1,13.15,11.320754716981131,,,1
IA-FMR,1,13.25,11.320754716981131,,,1
IA-FMR,1,13.35,11.320754716981131,,,1
IA-FMR,1,13.45,11.320754716981131,,,1
IA-FMR,1,13.55,11.320754716981131,,,1
IA-FMR,1,13.65,11.320754716981131,,,1
IA-FMR,1,13.75,11.320754716981131,,,1
IA-FMR,1,13.85,11.320754716981131,,,1
IA-FMR,1,13.95,11.320754716981131,,,1
IA-FMR,1,14.05,11.320754716981131,,,1
IA-FMR,1,14.15,11.320754716981131,,,1
IA-FMR,1,14.25,11.320754716981131,,,1
IA-FMR,1,14.35,11.320754716981131,,,1
IA-FMR,1,14.45,11.320754716981131,,,1
IA-FMR,1,14.55,11.320754716981131,,,1
IA-FMR,1,14.65,11.320754716981131,,,1
IA-FMR,1,14.75,11.320754716981131,,,1
IA-FMR,1,14.85,11.320754716981131,,,1
IA-FMR,1,14.95,11.320754716981131,,,1
IA-FMR,1,15.05,11.320754716981131,,,1
IA-FMR,1,15.15,11.320754716981131,,,1
IA-FMR,1,15.25,11.320754716981131,,,1
IA-FMR,1,15.35,11.320754716981131,,,1
IA-FMR,1,15.45,11.320754716981131,,,1
IA-FMR,1,15.55,11.320754716981131,,,1
IA-FMR,1,15.65,11.320754716981131,,,1
IA-FMR,1,15.75,11.320754716981131,,,1
IA-FMR,1,15.85,11.320754716981131,,,1
IA-FMR,1,15.95,11.320754716981131,,,1
IA-FMR,1,16.05,11.320754716981131,,,1
IA-FMR,1,16.150000000000002,11.320754716981131,,,1
IA-FMR,1,16.25,11.320754716981131,,,1
IA-FMR,1,16.35,11.320754716981131,,,1
IA-FMR,1,16.45,11.320754716981131,,,1
IA-FMR,1,16.55,11.320754716981131,,,1
IA-FMR,1,16.650000000000002,11.320754716981131,,,1
IA-FMR,1,16.75,11.320754716981131,,,1
IA-FMR,1,16.85,11.320754716981131,,,1
IA-FMR,1,16.95,11.320754716981131,,,1
IA-FMR,1,17.05,11.320754716981131,,,1
IA-FMR,1,17.150000000000002,11.320754716981131,,,1
IA-FMR,1,17.25,11.320754716981131,,,1
IA-FMR,1,17.35,11.320754716981131,,,1
IA-FMR,1,17.45,11.320754716981131,,,1
IA-FMR,1,17.55,11.320754716981131,,,1
IA-FMR,1,17.650000000000002,11.320754716981131,,,1
IA-FMR,1,17.75,11.320754716981131,,,1
IA-FMR,1,17.85,11.320754716981131,,,1
IA-FMR,1,17.95,11.320754716981131,,,1
IA-FMR,1,18.05,11.320754716981131,,,1
IA-FMR,1,18.15,11.320754716981131,,,1
IA-FMR,1,18.25,11.320754716981131,,,1
IA-FMR,1,18.35,11.320754716981131,,,1
IA-FMR,1,18.45,11.320754716981131,,,1
IA-FMR,1,18.55,11.320754716981131,,,1
IA-FMR,1,18.65,11.320754716981131,,,1
IA-FMR,1,18.75,11.320754716981131,,,1
IA-FMR,1,18.85,11.320754716981131,,,1
IA-FMR,1,18.95,11.320754716981131,,,1
IA-FMR,1,19.05,11.320754716981131,,,1
IA-FMR,1,19.15,11.320754716981131,,,1
IA-FMR,1,19.25,11.320754716981131,,,1
IA-FMR,1,19.35,11.320754716981131,,,1
IA-FMR,1,19.450000000000003,11.320754716981131,,,1
IA-FMR,1,19.55,11.320754716981131,,,1
IA-FMR,1,19.65,11.320754716981131,,,1
IA-FMR,1,19.75,11.320754716981131,,,1
IA-FMR,1,19.85,11.320754716981131,,,1
IA-FMR,1,19.950000000000003,11.320754716981131,,,1
IA-FMR,1,20.05,11.320754716981131,,,1
IA-FMR,1,20.15,11.320754716981131,,,1
IA-FMR,1,20.25,11.320754716981131,,,1
IA-FMR,1,20.35,11.320754716981131,,,1
IA-FMR,1,20.450000000000003,11.320754716981131,,,1
IA-FMR,1,20.55,11.320754716981131,,,1
IA-FMR,1,20.65,11.320754716981131,,,1
IA-FMR,1,20.75,11.320754716981131,,,1
IA-FMR,1,20.85,11.320754716981131,,,1
IA-FMR,1,20.950000000000003,11.320754716981131,,,1
IA-FMR,1,21.05,11.320754716981131,,,1
IA-FMR,1,21.15,11.320754716981131,,,1
IA-FMR,1,21.25,11.320754716981131,,,1
IA-FMR,1,21.35,11.320754716981131,,,1
IA-FMR,1,21.450000000000003,11.320754716981131,,,1
IA-FMR,1,21.55,11.320754716981131,,,1
IA-FMR,1,21.65,11.320754716981131,,,1
IA-FMR,1,21.75,11.320754716981131,,,1
IA-FMR,1,21.85,11.320754716981131,,,1
IA-FMR,1,21.950000000000003,11.320754716981131,,,1
IA-FMR,1,22.05,11.320754716981131,,,1
IA-FMR,1,22.15,11.320754716981131,,,1
IA-FMR,1,22.25,11.320754716981131,,,1
IA-FMR,1,22.35,11.320754716981131,,,1
IA-FMR,1,22.450000000000003,11.320754716981131,,,1
IA-FMR,1,22.55,11.320754716981131,,,1
IA-FMR,1,22.65,11.320754716981131,,,1
IA-FMR,1,22.75,11.320754716981131,,,1
IA-FMR,1,22.85,11.320754716981131,,,1
IA-FMR,1,22.950000000000003,11.320754716981131,,,1
IA-FMR,1,23.05,11.320754716981131,,,1
IA-FMR,1,23.15,11.320754716981131,,,1
IA-FMR,1,23.25,11.320754716981131,,,1
IA-FMR,1,23.35,11.320754716981131,,,1
IA-FMR,1,23.450000000000003,11.320754716981131,,,1
IA-FMR,1,23.55,11.320754716981131,,,1
IA-FMR,1,23.65,11.320754716981131,,,1
IA-FMR,1,23.75,11.320754716981131,,,1
IA-FMR,1,23.85,11.320754716981131,,,1
IA-FMR,1,23.950000000000003,11.320754716981131,,,1
IA-FMR,1,24.05,11.320754716981131,,,1
IA-FMR,1,24.15,11.320754716981131,,,1
IA-FMR,1,24.25,11.320754716981131,,,1
IA-FMR,1,24.35,11.320754716981131,,,1
IA-FMR,1,24.450000000000003,11.320754716981131,,,1
IA-FMR,1,24.55,11.320754716981131,,,1
IA-FMR,1,24.65,11.320754716981131,,,1
IA-FMR,1,24.75,11.320754716981131,,,1
IA-FMR,1,24.85,11.320754716981131,,,1
IA-FMR,1,24.950000000000003,11.320754716981131,,,1
IA-FMR,1,25.05,11.320754716981131,,,1
IA-FMR,1,25.15,11.320754716981131,,,1
IA-FMR,1,25.25,11.320754716981131,,,1
IA-FMR,1,25.35,11.320754716981131,,,1
IA-FMR,1,25.450000000000003,11.320754716981131,,,1
IA-FMR,1,25.55,11.320754716981131,,,1
IA-FMR,1,25.65,11.320754716981131,,,1
IA-FMR,1,25.75,11.320754716981131,,,1
IA-FMR,1,25.85,11.320754716981131,,,1
IA-FMR,1,25.950000000000003,11.320754716981131,,,1
IA-FMR,1,26.05,11.320754716981131,,,1
IA-FMR,1,26.15,11.320754716981131,,,1
IA-FMR,1,26.25,11.320754716981131,,,1
IA-FMR,1,26.35,11.320754716981131,,,1
IA-FMR,1,26.450000000000003,11.320754716981131,,,1
IA-FMR,1,26.55,11.320754716981131,,,1
IA-FMR,1,26.65,11.320754716981131,,,1
IA-FMR,1,26.75,11.320754716981131,,,1
IA-FMR,1,26.85,11.320754716981131,,,1
IA-FMR,1,26.950000000000003,11.320754716981131,,,1
IA-FMR,1,27.05,11.320754716981131,,,1
IA-FMR,1,27.15,11.320754716981131,,,1
IA-FMR,1,27.25,11.320754716981131,,,1
IA-FMR,1,27.35,11.320754716981131,,,1
IA-FMR,1,27.450000000000003,11.320754716981131,,,1
IA-FMR,1,27.55,11.320754716981131,,,1
IA-FMR,1,27.65,11.320754716981131,,,1
IA-FMR,1,27.75,11.320754716981131,,,1
IA-FMR,1,27.85,11.320754716981131,,,1
IA-FMR,1,27.950000000000003,11.320754716981131,,,1
IA-FMR,1,28.05,11.320754716981131,,,1
IA-FMR,1,28.15,11.320754716981131,,,1
IA-FMR,1,28.25,11.320754716981131,,,1
IA-FMR,1,28.35,11.320754716981131,,,1
IA-FMR,1,28.450000000000003,11.320754716981131,,,1
IA-FMR,1,28.55,11.320754716981131,,,1
IA-FMR,1,28.65,11.320754716981131,,,1
IA-FMR,1,28.75,11.320754716981131,,,1
IA-FMR,1,28.85,11.320754716981131,,,1
IA-FMR,1,28.950000000000003,11.320754716981131,,,1
IA-FMR,1,29.05,11.320754716981131,,,1
IA-FMR,1,29.15,11.320754716981131,,,1
IA-FMR,1,29.25,11.320754716981131,,,1
IA-FMR,1,29.35,11.320754716981131,,,1
IA-FMR,1,29.450000000000003,11.320754716981131,,,1
IA-FMR,1,29.55,11.320754716981131,,,1
IA-FMR,1,29.65,11.320754716981131,,,1
IA-FMR,1,29.75,11.320754716981131,,,1
IA-FMR,1,29.85,11.320754716981131,,,1
IA-FMR,1,29.950000000000003,11.320754716981131,,,1
IA-FMR,1,30.05,11.320754716981131,,,1
IA-FMR,1,30.15,11.320754716981131,,,1
IA-FMR,1,30.25,11.320754716981131,,,1
IA-FMR,1,30.35,11.320754716981131,,,1
IA-FMR,2,0.45,10.364945382323734,,,1
IA-FMR,2,0.55,10.396947108636173,,,1
IA-FMR,2,0.65,10.431597032288884,,,1
IA-FMR,2,0.75,10.469653355647454,,,1
IA-FMR,2,0.8500000000000001,10.47984565544102,,,1
IA-FMR,2,0.95,10.487521531867165,,,1
IA-FMR,2,1.05,10.475503745543405,,,1
IA-FMR,2,1.15,10.467879558520805,,,1
IA-FMR,2,1.25,10.465673762296824,,,1
IA-FMR,2,1.35,10.483982911119131,,,1
IA-FMR,2,1.4500000000000002,10.481592276205264,,,1
IA-FMR,2,1.55,10.4840163441894,,,1
IA-FMR,2,1.65,10.467710159754384,,,1
IA-FMR,2,1.75,10.481464693679785,,,1
IA-FMR,2,1.85,10.483480497582384,,,1
IA-FMR,2,1.95,10.491492355131555,,,1
IA-FMR,2,2.0500000000000003,10.48775264314262,,,1
IA-FMR,2,2.15,10.48551856747987,,,1
IA-FMR,2,2.25,10.481512638705285,,,1
IA-FMR,2,2.35,10.477724981690852,,,1
IA-FMR,2,2.45,10.46988003784062,,,1
IA-FMR,2,2.5500000000000003,10.473885966615205,,,1
IA-FMR,2,2.6500000000000004,10.473667694855052,,,1
IA-FMR,2,2.75,10.47950967431799,,,1
IA-FMR,2,2.85,10.473888451682685,,,1
IA-FMR,2,2.95,10.469882522908096,,,1
IA-FMR,2,3.0500000000000003,10.474119562958142,,,1
IA-FMR,2,3.1500000000000004,10.487198363689531,,,1
IA-FMR,2,3.25,10.48149960694891,,,1
IA-FMR,2,3.35,10.473436391338526,,,1
IA-FMR,2,3.45,10.45996992008056,,,1
IA-FMR,2,3.5500000000000003,10.471677569983065,,,1
IA-FMR,2,3.65,10.485252350694218,,,1
IA-FMR,2,3.75,10.48947655122896,,,1
IA-FMR,2,3.85,10.49147951561625,,,1
IA-FMR,2,3.95,10.479727946078144,,,1
IA-FMR,2,4.05,10.473862606980914,,,1
IA-FMR,2,4.15,10.467650881982346,,,1
IA-FMR,2,4.25,10.473890886419682,,,1
IA-FMR,2,4.3500000000000005,10.49155574008052,,,1
IA-FMR,2,4.45,10.483746714368031,,,1
IA-FMR,2,4.55,10.475683498757649,,,1
IA-FMR,2,4.65,10.467671641208476,,,1
IA-FMR,2,4.75,10.467825715392117,,,1
IA-FMR,2,4.8500000000000005,10.473873127099903,,,1
IA-FMR,2,4.95,10.473632264293837,,,1
IA-FMR,2,5.050000000000001,10.477663872099027,,,1
IA-FMR,2,5.15,10.481451529113462,,,1
IA-FMR,2,5.25,10.4738731270999,,,1
IA-FMR,2,5.3500000000000005,10.479702267047536,,,1
IA-FMR,2,5.45,10.469687445111072,,,1
IA-FMR,2,5.550000000000001,10.47191133199716,,,1
IA-FMR,2,5.65,10.479394104613844,,,1
IA-FMR,2,5.75,10.48178473952771,,,1
IA-FMR,2,5.8500000000000005,10.479368259912071,,,1
IA-FMR,2,5.95,10.47764084066141,,,1
IA-FMR,2,6.050000000000001,10.47358322248328,,,1
IA-FMR,2,6.15,10.492983003341342,,,1
IA-FMR,2,6.25,10.47549415537105,,,1
IA-FMR,2,6.3500000000000005,10.451085046018235,,,1
IA-FMR,2,6.45,10.40164079935078,,,1
IA-FMR,2,6.550000000000001,10.379323899371068,,,1
IA-FMR,2,6.65,10.37735849056604,,,1
IA-FMR,2,6.75,10.37735849056604,,,1
IA-FMR,2,6.8500000000000005,10.37735849056604,,,1
IA-FMR,2,6.95,10.37735849056604,,,1
IA-FMR,2,7.050000000000001,10.37735849056604,,,1
IA-FMR,2,7.15,10.37735849056604,,,1
IA-FMR,2,7.25,10.37735849056604,,,1
IA-FMR,2,7.35,10.37735849056604,,,1
IA-FMR,2,7.45,10.37735849056604,,,1
IA-FMR,2,7.550000000000001,10.37735849056604,,,1
IA-FMR,2,7.65,10.37735849056604,,,1
IA-FMR,2,7.75,10.37735849056604,,,1
IA-FMR,2,7.85,10.37735849056604,,,1
IA-FMR,2,7.95,10.37735849056604,,,1
IA-FMR,2,8.05,10.37735849056604,,,1
IA-FMR,2,8.15,10.37735849056604,,,1
IA-FMR,2,8.25,10.37735849056604,,,1
IA-FMR,2,8.35,10.37735849056604,,,1
IA-FMR,2,8.450000000000001,10.37735849056604,,,1
IA-FMR,2,8.55,10.37735849056604,,,1
IA-FMR,2,8.65,10.37735849056604,,,1
IA-FMR,2,8.75,10.37735849056604,,,1
IA-FMR,2,8.85,10.37735849056604,,,1
IA-FMR,2,8.950000000000001,10.37735849056604,,,1
IA-FMR,2,9.05,10.37735849056604,,,1
IA-FMR,2,9.15,10.37735849056604,,,1
IA-FMR,2,9.25,10.37735849056604,,,1
IA-FMR,2,9.35,10.37735849056604,,,1
IA-FMR,2,9.45,10.37735849056604,,,1
IA-FMR,2,9.55,10.37735849056604,,,1
IA-FMR,2,9.65,10.37735849056604,,,1
IA-FMR,2,9.75,10.37735849056604,,,1
IA-FMR,2,9.85,10.37735849056604,,,1
IA-FMR,2,9.95,10.37735849056604,,,1
IA-FMR,2,10.05,10.37735849056604,,,1
IA-FMR,2,10.15,10.37735849056604,,,1
IA-FMR,2,10.25,10.37735849056604,,,1
IA-FMR,2,10.35,10.37735849056604,,,1
IA-FMR,2,10.45,10.37735849056604,,,1
IA-FMR,2,10.55,10.37735849056604,,,1
IA-FMR,2,10.65,10.37735849056604,,,1
IA-FMR,2,10.75,10.37735849056604,,,1
IA-FMR,2,10.85,10.37735849056604,,,1
IA-FMR,2,10.95,10.37735849056604,,,1
IA-FMR,2,11.05,10.37735849056604,,,1
IA-FMR,2,11.15,10.37735849056604,,,1
IA-FMR,2,11.25,10.37735849056604,,,1
IA-FMR,2,11.35,10.37735849056604,,,1
IA-FMR,2,11.45,10.37735849056604,,,1
IA-FMR,2,11.55,10.37735849056604,,,1
IA-FMR,2,11.65,10.37735849056604,,,1
IA-FMR,2,11.75,10.37735849056604,,,1
IA-FMR,2,11.85,10.37735849056604,,,1
IA-FMR,2,11.95,10.37735849056604,,,1
IA-FMR,2,12.05,10.37735849056604,,,1
IA-FMR,2,12.15,10.37735849056604,,,1
IA-FMR,2,12.25,10.37735849056604,,,1
IA-FMR,2,12.35,10.37735849056604,,,1
IA-FMR,2,12.45,10.37735849056604,,,1
IA-FMR,2,12.55,10.37735849056604,,,1
IA-FMR,2,12.65,10.37735849056604,,,1
IA-FMR,2,12.75,10.37735849056604,,,1
IA-FMR,2,12.85,10.37735849056604,,,1
IA-FMR,2,12.95,10.37735849056604,,,1
IA-FMR,2,13.05,10.37735849056604,,,1
IA-FMR,2,13.15,10.37735849056604,,,1
IA-FMR,2,13.25,10.37735849056604,,,1
IA-FMR,2,13.35,10.37735849056604,,,1
IA-FMR,2,13.45,10.37735849056604,,,1
IA-FMR,2,13.55,10.37735849056604,,,1
IA-FMR,2,13.65,10.37735849056604,,,1
IA-FMR,2,13.75,10.37735849056604,,,1
IA-FMR,2,13.85,10.37735849056604,,,1
IA-FMR,2,13.95,10.37735849056604,,,1
IA-FMR,2,14.05,10.37735849056604,,,1
IA-FMR,2,14.15,10.37735849056604,,,1
IA-FMR,2,14.25,10.37735849056604,,,1
IA-FMR,2,14.35,10.37735849056604,,,1
IA-FMR,2,14.45,10.37735849056604,,,1
IA-FMR,2,14.55,10.37735849056604,,,1
IA-FMR,2,14.65,10.37735849056604,,,1
IA-FMR,2,14.75,10.37735849056604,,,1
IA-FMR,2,14.85,10.37735849056604,,,1
IA-FMR,2,14.95,10.37735849056604,,,1
IA-FMR,2,15.05,10.37735849056604,,,1
IA-FMR,2,15.15,10.37735849056604,,,1
IA-FMR,2,15.25,10.37735849056604,,,1
IA-FMR,2,15.35,10.37735849056604,,,1
IA-FMR,2,15.45,10.37735849056604,,,1
IA-FMR,2,15.55,10.37735849056604,,,1
IA-FMR,2,15.65,10.37735849056604,,,1
IA-FMR,2,15.75,10.37735849056604,,,1
IA-FMR,2,15.85,10.37735849056604,,,1
IA-FMR,2,15.95,10.37735849056604,,,1
IA-FMR,2,16.05,10.37735849056604,,,1
IA-FMR,2,16.150000000000002,10.37735849056604,,,1
IA-FMR,2,16.25,10.37735849056604,,,1
IA-FMR,2,16.35,10.37735849056604,,,1
IA-FMR,2,16.45,10.37735849056604,,,1
IA-FMR,2,16.55,10.37735849056604,,,1
IA-FMR,2,16.650000000000002,10.37735849056604,,,1
IA-FMR,2,16.75,10.37735849056604,,,1
IA-FMR,2,16.85,10.37735849056604,,,1
IA-FMR,2,16.95,10.37735849056604,,,1
IA-FMR,2,17.05,10.37735849056604,,,1
IA-FMR,2,17.150000000000002,10.37735849056604,,,1
IA-FMR,2,17.25,10.37735849056604,,,1
IA-FMR,2,17.35,10.37735849056604,,,1
IA-FMR,2,17.45,10.37735849056604,,,1
IA-FMR,2,17.55,10.37735849056604,,,1
IA-FMR,2,17.650000000000002,10.37735849056604,,,1
IA-FMR,2,17.75,10.37735849056604,,,1
IA-FMR,2,17.85,10.37735849056604,,,1
IA-FMR,2,17.95,10.37735849056604,,,1
IA-FMR,2,18.05,10.37735849056604,,,1
IA-FMR,2,18.15,10.37735849056604,,,1
IA-FMR,2,18.25,10.37735849056604,,,1
IA-FMR,2,18.35,10.37735849056604,,,1
IA-FMR,2,18.45,10.37735849056604,,,1
IA-FMR,2,18.55,10.37735849056604,,,1
IA-FMR,2,18.65,10.37735849056604,,,1
IA-FMR,2,18.75,10.37735849056604,,,1
IA-FMR,2,18.85,10.37735849056604,,,1
IA-FMR,2,18.95,10.37735849056604,,,1
IA-FMR,2,19.05,10.37735849056604,,,1
IA-FMR,2,19.15,10.37735849056604,,,1
IA-FMR,2,19.25,10.37735849056604,,,1
IA-FMR,2,19.35,10.37735849056604,,,1
IA-FMR,2,19.450000000000003,10.37735849056604,,,1
IA-FMR,2,19.55,10.37735849056604,,,1
IA-FMR,2,19.65,10.37735849056604,,,1
IA-FMR,2,19.75,10.37735849056604,,,1
IA-FMR,2,19.85,10.37735849056604,,,1
IA-FMR,2,19.950000000000003,10.37735849056604,,,1
IA-FMR,2,20.05,10.37735849056604,,,1
IA-FMR,2,20.15,10.37735849056604,,,1
IA-FMR,2,20.25,10.37735849056604,,,1
IA-FMR,2,20.35,10.37735849056604,,,1
IA-FMR,2,20.450000000000003,10.37735849056604,,,1
IA-FMR,2,20.55,10.37735849056604,,,1
IA-FMR,2,20.65,10.37735849056604,,,1
IA-FMR,2,20.75,10.37735849056604,,,1
IA-FMR,2,20.85,10.37735849056604,,,1
IA-FMR,2,20.950000000000003,10.37735849056604,,,1
IA-FMR,2,21.05,10.37735849056604,,,1
IA-FMR,2,21.15,10.37735849056604,,,1
IA-FMR,2,21.25,10.37735849056604,,,1
IA-FMR,2,21.35,10.37735849056604,,,1
IA-FMR,2,21.450000000000003,10.37735849056604,,,1
IA-FMR,2,21.55,10.37735849056604,,,1
IA-FMR,2,21.65,10.37735849056604,,,1
IA-FMR,2,21.75,10.37735849056604,,,1
IA-FMR,2,21.85,10.37735849056604,,,1
IA-FMR,2,21.950000000000003,10.37735849056604,,,1
IA-FMR,2,22.05,10.37735849056604,,,1
IA-FMR,2,22.15,10.37735849056604,,,1
IA-FMR,2,22.25,10.37735849056604,,,1
IA-FMR,2,22.35,10.37735849056604,,,1
IA-FMR,2,22.450000000000003,10.37735849056604,,,1
IA-FMR,2,22.55,10.37735849056604,,,1
IA-FMR,2,22.65,10.37735849056604,,,1
IA-FMR,2,22.75,10.37735849056604,,,1
IA-FMR,2,22.85,10.37735849056604,,,1
IA-FMR,2,22.950000000000003,10.37735849056604,,,1
IA-FMR,2,23.05,10.37735849056604,,,1
IA-FMR,2,23.15,10.37735849056604,,,1
IA-FMR,2,23.25,10.37735849056604,,,1
IA-FMR,2,23.35,10.37735849056604,,,1
IA-FMR,2,23.450000000000003,10.37735849056604,,,1
IA-FMR,2,23.55,10.37735849056604,,,1
IA-FMR,2,23.65,10.37735849056604,,,1
IA-FMR,2,23.75,10.37735849056604,,,1
IA-FMR,2,23.85,10.37735849056604,,,1
IA-FMR,2,23.950000000000003,10.37735849056604,,,1
IA-FMR,2,24.05,10.37735849056604,,,1
IA-FMR,2,24.15,10.37735849056604,,,1
IA-FMR,2,24.25,10.37735849056604,,,1
IA-FMR,2,24.35,10.37735849056604,,,1
IA-FMR,2,24.450000000000003,10.37735849056604,,,1
IA-FMR,2,24.55,10.37735849056604,,,1
IA-FMR,2,24.65,10.37735849056604,,,1
IA-FMR,2,24.75,10.37735849056604,,,1
IA-FMR,2,24.85,10.37735849056604,,,1
IA-FMR,2,24.950000000000003,10.37735849056604,,,1
IA-FMR,2,25.05,10.37735849056604,,,1
IA-FMR,2,25.15,10.37735849056604,,,1
IA-FMR,2,25.25,10.37735849056604,,,1
IA-FMR,2,25.35,10.37735849056604,,,1
IA-FMR,2,25.450000000000003,10.37735849056604,,,1
IA-FMR,2,25.55,10.37735849056604,,,1
IA-FMR,2,25.65,10.37735849056604,,,1
IA-FMR,2,25.75,10.37735849056604,,,1
IA-FMR,2,25.85,10.37735849056604,,,1
IA-FMR,2,25.950000000000003,10.37735849056604,,,1
IA-FMR,2,26.05,10.37735849056604,,,1
IA-FMR,2,26.15,10.37735849056604,,,1
IA-FMR,2,26.25,10.37735849056604,,,1
IA-FMR,2,26.35,10.37735849056604,,,1
IA-FMR,2,26.450000000000003,10.37735849056604,,,1
IA-FMR,2,26.55,10.37735849056604,,,1
IA-FMR,2,26.65,10.37735849056604,,,1
IA-FMR,2,26.75,10.37735849056604,,,1
IA-FMR,2,26.85,10.37735849056604,,,1
IA-FMR,2,26.950000000000003,10.37735849056604,,,1
IA-FMR,2,27.05,10.37735849056604,,,1
IA-FMR,2,27.15,10.37735849056604,,,1
IA-FMR,2,27.25,10.37735849056604,,,1
IA-FMR,2,27.35,10.37735849056604,,,1
IA-FMR,2,27.450000000000003,10.37735849056604,,,1
IA-FMR,2,27.55,10.37735849056604,,,1
IA-FMR,2,27.65,10.37735849056604,,,1
IA-FMR,2,27.75,10.37735849056604,,,1
IA-FMR,2,27.85,10.37735849056604,,,1
IA-FMR,2,27.950000000000003,10.37735849056604,,,1
IA-FMR,2,28.05,10.37735849056604,,,1
IA-FMR,2,28.15,10.37735849056604,,,1
IA-FMR,2,28.25,10.37735849056604,,,1
IA-FMR,2,28.35,10.37735849056604,,,1
IA-FMR,2,28.450000000000003,10.37735849056604,,,1
IA-FMR,2,28.55,10.37735849056604,,,1
IA-FMR,2,28.65,10.37735849056604,,,1
IA-FMR,2,28.75,10.37735849056604,,,1
IA-FMR,2,28.85,10.37735849056604,,,1
IA-FMR,2,28.950000000000003,10.37735849056604,,,1
IA-FMR,2,29.05,10.37735849056604,,,1
IA-FMR,2,29.15,10.37735849056604,,,1
IA-FMR,2,29.25,10.37735849056604,,,1
IA-FMR,2,29.35,10.37735849056604,,,1
IA-FMR,2,29.450000000000003,10.37735849056604,,,1
IA-FMR,2,29.55,10.37735849056604,,,1
IA-FMR,2,29.65,10.37735849056604,,,1
IA-FMR,2,29.75,10.37735849056604,,,1
IA-FMR,2,29.85,10.37735849056604,,,1
IA-FMR,2,29.950000000000003,10.37735849056604,,,1
IA-FMR,2,30.05,10.37735849056604,,,1
IA-FMR,2,30.15,10.37735849056604,,,1
IA-FMR,2,30.25,10.37735849056604,,,1
IA-FMR,2,30.35,10.37735849056604,,,1
IA-FMR,3,0.45,10.37735849056604,,,1
IA-FMR,3,0.55,10.40323222673354,,,1
IA-FMR,3,0.65,10.429606744891382,,,1
IA-FMR,3,0.75,10.467663068249951,,,1
IA-FMR,3,0.8500000000000001,10.47984565544102,,,1
IA-FMR,3,0.95,10.487521531867165,,,1
IA-FMR,3,1.05,10.475503745543405,,,1
IA-FMR,3,1.15,10.467879558520805,,,1
IA-FMR,3,1.25,10.465673762296824,,,1
IA-FMR,3,1.35,10.483982911119131,,,1
IA-FMR,3,1.4500000000000002,10.481592276205264,,,1
IA-FMR,3,1.55,10.4840163441894,,,1
IA-FMR,3,1.65,10.467710159754384,,,1
IA-FMR,3,1.75,10.481464693679785,,,1
IA-FMR,3,1.85,10.483480497582384,,,1
IA-FMR,3,1.95,10.491492355131555,,,1
IA-FMR,3,2.0500000000000003,10.48775264314262,,,1
IA-FMR,3,2.15,10.48551856747987,,,1
IA-FMR,3,2.25,10.481512638705285,,,1
IA-FMR,3,2.35,10.477724981690852,,,1
IA-FMR,3,2.45,10.46988003784062,,,1
IA-FMR,3,2.5500000000000003,10.473885966615205,,,1
IA-FMR,3,2.6500000000000004,10.473667694855052,,,1
IA-FMR,3,2.75,10.47950967431799,,,1
IA-FMR,3,2.85,10.473888451682685,,,1
IA-FMR,3,2.95,10.469882522908096,,,1
IA-FMR,3,3.0500000000000003,10.474119562958142,,,1
IA-FMR,3,3.1500000000000004,10.487198363689531,,,1
IA-FMR,3,3.25,10.48149960694891,,,1
IA-FMR,3,3.35,10.473436391338526,,,1
IA-FMR,3,3.45,10.45996992008056,,,1
IA-FMR,3,3.5500000000000003,10.471677569983065,,,1
IA-FMR,3,3.65,10.485252350694218,,,1
IA-FMR,3,3.75,10.48947655122896,,,1
IA-FMR,3,3.85,10.49147951561625,,,1
IA-FMR,3,3.95,10.479727946078144,,,1
IA-FMR,3,4.05,10.473862606980914,,,1
IA-FMR,3,4.15,10.467650881982346,,,1
IA-FMR,3,4.25,10.473890886419682,,,1
IA-FMR,3,4.3500000000000005,10.49155574008052,,,1
IA-FMR,3,4.45,10.483746714368031,,,1
IA-FMR,3,4.55,10.475683498757649,,,1
IA-FMR,3,4.65,10.467671641208476,,,1
IA-FMR,3,4.75,10.467825715392117,,,1
IA-FMR,3,4.8500000000000005,10.473873127099903,,,1
IA-FMR,3,4.95,10.473632264293837,,,1
IA-FMR,3,5.050000000000001,10.477663872099027,,,1
IA-FMR,3,5.15,10.481451529113462,,,1
IA-FMR,3,5.25,10.4738731270999,,,1
IA-FMR,3,5.3500000000000005,10.479702267047536,,,1
IA-FMR,3,5.45,10.469687445111072,,,1
IA-FMR,3,5.550000000000001,10.47191133199716,,,1
IA-FMR,3,5.65,10.479394104613844,,,1
IA-FMR,3,5.75,10.48178473952771,,,1
IA-FMR,3,5.8500000000000005,10.479368259912071,,,1
IA-FMR,3,5.95,10.47764084066141,,,1
IA-FMR,3,6.050000000000001,10.47358322248328,,,1
IA-FMR,3,6.15,10.492983003341342,,,1
IA-FMR,3,6.25,10.47549415537105,,,1
IA-FMR,3,6.3500000000000005,10.451085046018235,,,1
IA-FMR,3,6.45,10.40164079935078,,,1
IA-FMR,3,6.550000000000001,10.379323899371068,,,1
IA-FMR,3,6.65,10.37735849056604,,,1
IA-FMR,3,6.75,10.37735849056604,,,1
IA-FMR,3,6.8500000000000005,10.37735849056604,,,1
IA-FMR,3,6.95,10.37735849056604,,,1
IA-FMR,3,7.050000000000001,10.37735849056604,,,1
IA-FMR,3,7.15,10.37735849056604,,,1
IA-FMR,3,7.25,10.37735849056604,,,1
IA-FMR,3,7.35,10.37735849056604,,,1
IA-FMR,3,7.45,10.37735849056604,,,1
IA-FMR,3,7.550000000000001,10.37735849056604,,,1
IA-FMR,3,7.65,10.37735849056604,,,1
IA-FMR,3,7.75,10.37735849056604,,,1
IA-FMR,3,7.85,10.37735849056604,,,1
IA-FMR,3,7.95,10.37735849056604,,,1
IA-FMR,3,8.05,10.37735849056604,,,1
IA-FMR,3,8.15,10.37735849056604,,,1
IA-FMR,3,8.25,10.37735849056604,,,1
IA-FMR,3,8.35,10.37735849056604,,,1
IA-FMR,3,8.450000000000001,10.37735849056604,,,1
IA-FMR,3,8.55,10.37735849056604,,,1
IA-FMR,3,8.65,10.37735849056604,,,1
IA-FMR,3,8.75,10.37735849056604,,,1
IA-FMR,3,8.85,10.37735849056604,,,1
IA-FMR,3,8.950000000000001,10.37735849056604,,,1
IA-FMR,3,9.05,10.37735849056604,,,1
IA-FMR,3,9.15,10.37735849056604,,,1
IA-FMR,3,9.25,10.37735849056604,,,1
IA-FMR,3,9.35,10.37735849056604,,,1
IA-FMR,3,9.45,10.37735849056604,,,1
IA-FMR,3,9.55,10.37735849056604,,,1
IA-FMR,3,9.65,10.37735849056604,,,1
IA-FMR,3,9.75,10.37735849056604,,,1
IA-FMR,3,9.85,10.37735849056604,,,1
IA-FMR,3,9.95,10.37735849056604,,,1
IA-FMR,3,10.05,10.37735849056604,,,1
IA-FMR,3,10.15,10.37735849056604,,,1
IA-FMR,3,10.25,10.37735849056604,,,1
IA-FMR,3,10.35,10.37735849056604,,,1
IA-FMR,3,10.45,10.37735849056604,,,1
IA-FMR,3,10.55,10.37735849056604,,,1
IA-FMR,3,10.65,10.37735849056604,,,1
IA-FMR,3,10.75,10.37735849056604,,,1
IA-FMR,3,10.85,10.37735849056604,,,1
IA-FMR,3,10.95,10.37735849056604,,,1
IA-FMR,3,11.05,10.37735849056604,,,1
IA-FMR,3,11.15,10.37735849056604,,,1
IA-FMR,3,11.25,10.37735849056604,,,1
IA-FMR,3,11.35,10.37735849056604,,,1
IA-FMR,3,11.45,10.37735849056604,,,1
IA-FMR,3,11.55,10.37735849056604,,,1
IA-FMR,3,11.65,10.37735849056604,,,1
IA-FMR,3,11.75,10.37735849056604,,,1
IA-FMR,3,11.85,10.37735849056604,,,1
IA-FMR,3,11.95,10.37735849056604,,,1
IA-FMR,3,12.05,10.37735849056604,,,1
IA-FMR,3,12.15,10.37735849056604,,,1
IA-FMR,3,12.25,10.37735849056604,,,1
IA-FMR,3,12.35,10.37735849056604,,,1
IA-FMR,3,12.45,10.37735849056604,,,1
IA-FMR,3,12.55,10.37735849056604,,,1
IA-FMR,3,12.65,10.37735849056604,,,1
IA-FMR,3,12.75,10.37735849056604,,,1
IA-FMR,3,12.85,10.37735849056604,,,1
IA-FMR,3,12.95,10.37735849056604,,,1
IA-FMR,3,13.05,10.37735849056604,,,1
IA-FMR,3,13.15,10.37735849056604,,,1
IA-FMR,3,13.25,10.37735849056604,,,1
IA-FMR,3,13.35,10.37735849056604,,,1
IA-FMR,3,13.45,10.37735849056604,,,1
IA-FMR,3,13.55,10.37735849056604,,,1
IA-FMR,3,13.65,10.37735849056604,,,1
IA-FMR,3,13.75,10.37735849056604,,,1
IA-FMR,3,13.85,10.37735849056604,,,1
IA-FMR,3,13.95,10.37735849056604,,,1
IA-FMR,3,14.05,10.37735849056604,,,1
IA-FMR,3,14.15,10.37735849056604,,,1
IA-FMR,3,14.25,10.37735849056604,,,1
IA-FMR,3,14.35,10.37735849056604,,,1
IA-FMR,3,14.45,10.37735849056604,,,1
IA-FMR,3,14.55,10.37735849056604,,,1
IA-FMR,3,14.65,10.37735849056604,,,1
IA-FMR,3,14.75,10.37735849056604,,,1
IA-FMR,3,14.85,10.37735849056604,,,1
IA-FMR,3,14.95,10.37735849056604,,,1
IA-FMR,3,15.05,10.37735849056604,,,1
IA-FMR,3,15.15,10.37735849056604,,,1
IA-FMR,3,15.25,10.37735849056604,,,1
IA-FMR,3,15.35,10.37735849056604,,,1
IA-FMR,3,15.45,10.37735849056604,,,1
IA-FMR,3,15.55,10.37735849056604,,,1
IA-FMR,3,15.65,10.37735849056604,,,1
IA-FMR,3,15.75,10.37735849056604,,,1
IA-FMR,3,15.85,10.37735849056604,,,1
IA-FMR,3,15.95,10.37735849056604,,,1
IA-FMR,3,16.05,10.37735849056604,,,1
IA-FMR,3,16.150000000000002,10.37735849056604,,,1
IA-FMR,3,16.25,10.37735849056604,,,1
IA-FMR,3,16.35,10.37735849056604,,,1
IA-FMR,3,16.45,10.37735849056604,,,1
IA-FMR,3,16.55,10.37735849056604,,,1
IA-FMR,3,16.650000000000002,10.37735849056604,,,1
IA-FMR,3,16.75,10.37735849056604,,,1
IA-FMR,3,16.85,10.37735849056604,,,1
IA-FMR,3,16.95,10.37735849056604,,,1
IA-FMR,3,17.05,10.37735849056604,,,1
IA-FMR,3,17.150000000000002,10.37735849056604,,,1
IA-FMR,3,17.25,10.37735849056604,,,1
IA-FMR,3,17.35,10.37735849056604,,,1
IA-FMR,3,17.45,10.37735849056604,,,1
IA-FMR,3,17.55,10.37735849056604,,,1
IA-FMR,3,17.650000000000002,10.37735849056604,,,1
IA-FMR,3,17.75,10.37735849056604,,,1
IA-FMR,3,17.85,10.37735849056604,,,1
IA-FMR,3,17.95,10.37735849056604,,,1
IA-FMR,3,18.05,10.37735849056604,,,1
IA-FMR,3,18.15,10.37735849056604,,,1
IA-FMR,3,18.25,10.37735849056604,,,1
IA-FMR,3,18.35,10.37735849056604,,,1
IA-FMR,3,18.45,10.37735849056604,,,1
IA-FMR,3,18.55,10.37735849056604,,,1
IA-FMR,3,18.65,10.37735849056604,,,1
IA-FMR,3,18.75,10.37735849056604,,,1
IA-FMR,3,18.85,10.37735849056604,,,1
IA-FMR,3,18.95,10.37735849056604,,,1
IA-FMR,3,19.05,10.37735849056604,,,1
IA-FMR,3,19.15,10.37735849056604,,,1
IA-FMR,3,19.25,10.37735849056604,,,1
IA-FMR,3,19.35,10.37735849056604,,,1
IA-FMR,3,19.450000000000003,10.37735849056604,,,1
IA-FMR,3,19.55,10.37735849056604,,,1
IA-FMR,3,19.65,10.37735849056604,,,1
IA-FMR,3,19.75,10.37735849056604,,,1
IA-FMR,3,19.85,10.37735849056604,,,1
IA-FMR,3,19.950000000000003,10.37735849056604,,,1
IA-FMR,3,20.05,10.37735849056604,,,1
IA-FMR,3,20.15,10.37735849056604,,,1
IA-FMR,3,20.25,10.37735849056604,,,1
IA-FMR,3,20.35,10.37735849056604,,,1
IA-FMR,3,20.450000000000003,10.37735849056604,,,1
IA-FMR,3,20.55,10.37735849056604,,,1
IA-FMR,3,20.65,10.37735849056604,,,1
IA-FMR,3,20.75,10.37735849056604,,,1
IA-FMR,3,20.85,10.37735849056604,,,1
IA-FMR,3,20.950000000000003,10.37735849056604,,,1
IA-FMR,3,21.05,10.37735849056604,,,1
IA-FMR,3,21.15,10.37735849056604,,,1
IA-FMR,3,21.25,10.37735849056604,,,1
IA-FMR,3,21.35,10.37735849056604,,,1
IA-FMR,3,21.450000000000003,10.37735849056604,,,1
IA-FMR,3,21.55,10.37735849056604,,,1
IA-FMR,3,21.65,10.37735849056604,,,1
IA-FMR,3,21.75,10.37735849056604,,,1
IA-FMR,3,21.85,10.37735849056604,,,1
IA-FMR,3,21.950000000000003,10.37735849056604,,,1
IA-FMR,3,22.05,10.37735849056604,,,1
IA-FMR,3,22.15,10.37735849056604,,,1
IA-FMR,3,22.25,10.37735849056604,,,1
IA-FMR,3,22.35,10.37735849056604,,,1
IA-FMR,3,22.450000000000003,10.37735849056604,,,1
IA-FMR,3,22.55,10.37735849056604,,,1
IA-FMR,3,22.65,10.37735849056604,,,1
IA-FMR,3,22.75,10.37735849056604,,,1
IA-FMR,3,22.85,10.37735849056604,,,1
IA-FMR,3,22.950000000000003,10.37735849056604,,,1
IA-FMR,3,23.05,10.37735849056604,,,1
IA-FMR,3,23.15,10.37735849056604,,,1
IA-FMR,3,23.25,10.37735849056604,,,1
IA-FMR,3,23.35,10.37735849056604,,,1
IA-FMR,3,23.450000000000003,10.37735849056604,,,1
IA-FMR,3,23.55,10.37735849056604,,,1
IA-FMR,3,23.65,10.37735849056604,,,1
IA-FMR,3,23.75,10.37735849056604,,,1
IA-FMR,3,23.85,10.37735849056604,,,1
IA-FMR,3,23.950000000000003,10.37735849056604,,,1
IA-FMR,3,24.05,10.37735849056604,,,1
IA-FMR,3,24.15,10.37735849056604,,,1
IA-FMR,3,24.25,10.37735849056604,,,1
IA-FMR,3,24.35,10.37735849056604,,,1
IA-FMR,3,24.450000000000003,10.37735849056604,,,1
IA-FMR,3,24.55,10.37735849056604,,,1
IA-FMR,3,24.65,10.37735849056604,,,1
IA-FMR,3,24.75,10.37735849056604,,,1
IA-FMR,3,24.85,10.37735849056604,,,1
IA-FMR,3,24.950000000000003,10.37735849056604,,,1
IA-FMR,3,25.05,10.37735849056604,,,1
IA-FMR,3,25.15,10.37735849056604,,,1
IA-FMR,3,25.25,10.37735849056604,,,1
IA-FMR,3,25.35,10.37735849056604,,,1
IA-FMR,3,25.450000000000003,10.37735849056604,,,1
IA-FMR,3,25.55,10.37735849056604,,,1
IA-FMR,3,25.65,10.37735849056604,,,1
IA-FMR,3,25.75,10.37735849056604,,,1
IA-FMR,3,25.85,10.37735849056604,,,1
IA-FMR,3,25.950000000000003,10.37735849056604,,,1
IA-FMR,3,26.05,10.37735849056604,,,1
IA-FMR,3,26.15,10.37735849056604,,,1
IA-FMR,3,26.25,10.37735849056604,,,1
IA-FMR,3,26.35,10.37735849056604,,,1
IA-FMR,3,26.450000000000003,10.37735849056604,,,1
IA-FMR,3,26.55,10.37735849056604,,,1
IA-FMR,3,26.65,10.37735849056604,,,1
IA-FMR,3,26.75,10.37735849056604,,,1
IA-FMR,3,26.85,10.37735849056604,,,1
IA-FMR,3,26.950000000000003,10.37735849056604,,,1
IA-FMR,3,27.05,10.37735849056604,,,1
IA-FMR,3,27.15,10.37735849056604,,,1
IA-FMR,3,27.25,10.37735849056604,,,1
IA-FMR,3,27.35,10.37735849056604,,,1
IA-FMR,3,27.450000000000003,10.37735849056604,,,1
IA-FMR,3,27.55,10.37735849056604,,,1
IA-FMR,3,27.65,10.37735849056604,,,1
IA-FMR,3,27.75,10.37735849056604,,,1
IA-FMR,3,27.85,10.37735849056604,,,1
IA-FMR,3,27.950000000000003,10.37735849056604,,,1
IA-FMR,3,28.05,10.37735849056604,,,1
IA-FMR,3,28.15,10.37735849056604,,,1
IA-FMR,3,28.25,10.37735849056604,,,1
IA-FMR,3,28.35,10.37735849056604,,,1
IA-FMR,3,28.450000000000003,10.37735849056604,,,1
IA-FMR,3,28.55,10.37735849056604,,,1
IA-FMR,3,28.65,10.37735849056604,,,1
IA-FMR,3,28.75,10.37735849056604,,,1
IA-FMR,3,28.85,10.37735849056604,,,1
IA-FMR,3,28.950000000000003,10.37735849056604,,,1
IA-FMR,3,29.05,10.37735849056604,,,1
IA-FMR,3,29.15,10.37735849056604,,,1
IA-FMR,3,29.25,10.37735849056604,,,1
IA-FMR,3,29.35,10.37735849056604,,,1
IA-FMR,3,29.450000000000003,10.37735849056604,,,1
IA-FMR,3,29.55,10.37735849056604,,,1
IA-FMR,3,29.65,10.37735849056604,,,1
IA-FMR,3,29.75,10.37735849056604,,,1
IA-FMR,3,29.85,10.37735849056604,,,1
IA-FMR,3,29.950000000000003,10.37735849056604,,,1
IA-FMR,3,30.05,10.37735849056604,,,1
IA-FMR,3,30.15,10.37735849056604,,,1
IA-FMR,3,30.25,10.37735849056604,,,1
IA-FMR,3,30.35,10.37735849056604,,,1
IA-FMR,4,0.45,11.2990317775571,,,1
IA-FMR,4,0.55,11.264476722017603,,,1
IA-FMR,4,0.65,11.236353690763268,,,1
IA-FMR,4,0.75,11.176264759144471,,,1
IA-FMR,4,0.8500000000000001,11.157971862873184,,,1
IA-FMR,4,0.95,11.146496815286625,,,1
IA-FMR,4,1.05,11.162520530384969,,,1
IA-FMR,4,1.15,11.173918043866214,,,1
IA-FMR,4,1.25,11.176250609988124,,,1
IA-FMR,4,1.35,11.151778493820297,,,1
IA-FMR,4,1.4500000000000002,11.154401731050108,,,1
IA-FMR,4,1.55,11.151722498015012,,,1
IA-FMR,4,1.65,11.174191649795544,,,1
IA-FMR,4,1.75,11.15458034658578,,,1
IA-FMR,4,1.85,11.152564542683184,,,1
IA-FMR,4,1.95,11.140546756359427,,,1
IA-FMR,4,2.0500000000000003,11.146137308858137,,,1
IA-FMR,4,2.15,11.148499779673918,,,1
IA-FMR,4,2.25,11.154508672835798,,,1
IA-FMR,4,2.35,11.160170899084491,,,1
IA-FMR,4,2.45,11.171919055586883,,,1
IA-FMR,4,2.5500000000000003,11.165910162425003,,,1
IA-FMR,4,2.6500000000000004,11.16625682933819,,,1
IA-FMR,4,2.75,11.15651163722309,,,1
IA-FMR,4,2.85,11.16590618631704,,,1
IA-FMR,4,2.95,11.17191507947892,,,1
IA-FMR,4,3.0500000000000003,11.165533840373248,,,1
IA-FMR,4,3.1500000000000004,11.14698108304306,,,1
IA-FMR,4,3.25,11.1544760465568,,,1
IA-FMR,4,3.35,11.16657086997238,,,1
IA-FMR,4,3.45,11.185743900145084,,,1
IA-FMR,4,3.5500000000000003,11.168234114694876,,,1
IA-FMR,4,3.65,11.148918120337086,,,1
IA-FMR,4,3.75,11.142562560262022,,,1
IA-FMR,4,3.85,11.140559595874729,,,1
IA-FMR,4,3.95,11.158167934697198,,,1
IA-FMR,4,4.05,11.165932031018812,,,1
IA-FMR,4,4.15,11.174273490302602,,,1
IA-FMR,4,4.25,11.165902126324944,,,1
IA-FMR,4,4.3500000000000005,11.140458017430872,,,1
IA-FMR,4,4.45,11.152146202020017,,,1
IA-FMR,4,4.55,11.162225221532998,,,1
IA-FMR,4,4.65,11.174243007856754,,,1
IA-FMR,4,4.75,11.173986217550691,,,1
IA-FMR,4,4.8500000000000005,11.165923001940309,,,1
IA-FMR,4,4.95,11.166303311634096,,,1
IA-FMR,4,5.050000000000001,11.160255899926309,,,1
IA-FMR,4,5.15,11.154593673677615,,,1
IA-FMR,4,5.25,11.165923001940309,,,1
IA-FMR,4,5.3500000000000005,11.158206453243109,,,1
IA-FMR,4,5.45,11.17222720395416,,,1
IA-FMR,4,5.550000000000001,11.16785746130079,,,1
IA-FMR,4,5.65,11.156671094156662,,,1
IA-FMR,4,5.75,11.154047856926852,,,1
IA-FMR,4,5.8500000000000005,11.158725747947498,,,1
IA-FMR,4,5.95,11.160302956828536,,,1
IA-FMR,4,6.050000000000001,11.16638938409573,,,1
IA-FMR,4,6.15,11.13732750458953,,,1
IA-FMR,4,6.25,11.164498137706374,,,1
IA-FMR,4,6.3500000000000005,11.20317231096667,,,1
IA-FMR,4,6.45,11.280305335767904,,,1
IA-FMR,4,6.550000000000001,11.316823899371068,,,1
IA-FMR,4,6.65,11.320754716981131,,,1
IA-FMR,4,6.75,11.320754716981131,,,1
IA-FMR,4,6.8500000000000005,11.320754716981131,,,1
IA-FMR,4,6.95,11.320754716981131,,,1
IA-FMR,4,7.050000000000001,11.320754716981131,,,1
IA-FMR,4,7.15,11.320754716981131,,,1
IA-FMR,4,7.25,11.320754716981131,,,1
IA-FMR,4,7.35,11.320754716981131,,,1
IA-FMR,4,7.45,11.320754716981131,,,1
IA-FMR,4,7.550000000000001,11.320754716981131,,,1
IA-FMR,4,7.65,11.320754716981131,,,1
IA-FMR,4,7.75,11.320754716981131,,,1
IA-FMR,4,7.85,11.320754716981131,,,1
IA-FMR,4,7.95,11.320754716981131,,,1
IA-FMR,4,8.05,11.320754716981131,,,1
IA-FMR,4,8.15,11.320754716981131,,,1
IA-FMR,4,8.25,11.320754716981131,,,1
IA-FMR,4,8.35,11.320754716981131,,,1
IA-FMR,4,8.450000000000001,11.320754716981131,,,1
IA-FMR,4,8.55,11.320754716981131,,,1
IA-FMR,4,8.65,11.320754716981131,,,1
IA-FMR,4,8.75,11.320754716981131,,,1
IA-FMR,4,8.85,11.320754716981131,,,1
IA-FMR,4,8.950000000000001,11.320754716981131,,,1
IA-FMR,4,9.05,11.320754716981131,,,1
IA-FMR,4,9.15,11.320754716981131,,,1
IA-FMR,4,9.25,11.320754716981131,,,1
IA-FMR,4,9.35,11.320754716981131,,,1
IA-FMR,4,9.45,11.320754716981131,,,1
IA-FMR,4,9.55,11.320754716981131,,,1
IA-FMR,4,9.65,11.320754716981131,,,1
IA-FMR,4,9.75,11.320754716981131,,,1
IA-FMR,4,9.85,11.320754716981131,,,1
IA-FMR,4,9.95,11.320754716981131,,,1
IA-FMR,4,10.05,11.320754716981131,,,1
IA-FMR,4,10.15,11.320754716981131,,,1
IA-FMR,4,10.25,11.320754716981131,,,1
IA-FMR,4,10.35,11.320754716981131,,,1
IA-FMR,4,10.45,11.320754716981131,,,1
IA-FMR,4,10.55,11.320754716981131,,,1
IA-FMR,4,10.65,11.320754716981131,,,1
IA-FMR,4,10.75,11.320754716981131,,,1
IA-FMR,4,10.85,11.320754716981131,,,1
IA-FMR,4,10.95,11.320754716981131,,,1
IA-FMR,4,11.05,11.320754716981131,,,1
IA-FMR,4,11.15,11.320754716981131,,,1
IA-FMR,4,11.25,11.320754716981131,,,1
IA-FMR,4,11.35,11.320754716981131,,,1
IA-FMR,4,11.45,11.320754716981131,,,1
IA-FMR,4,11.55,11.320754716981131,,,1
IA-FMR,4,11.65,11.320754716981131,,,1
IA-FMR,4,11.75,11.320754716981131,,,1
IA-FMR,4,11.85,11.320754716981131,,,1
IA-FMR,4,11.95,11.320754716981131,,,1
IA-FMR,4,12.05,11.320754716981131,,,1
IA-FMR,4,12.15,11.320754716981131,,,1
IA-FMR,4,12.25,11.320754716981131,,,1
IA-FMR,4,12.35,11.320754716981131,,,1
IA-FMR,4,12.45,11.320754716981131,,,1
IA-FMR,4,12.55,11.320754716981131,,,1
IA-FMR,4,12.65,11.320754716981131,,,1
IA-FMR,4,12.75,11.320754716981131,,,1
IA-FMR,4,12.85,11.320754716981131,,,1
IA-FMR,4,12.95,11.320754716981131,,,1
IA-FMR,4,13.05,11.320754716981131,,,1
IA-FMR,4,13.15,11.320754716981131,,,1
IA-FMR,4,13.25,11.320754716981131,,,1
IA-FMR,4,13.35,11.320754716981131,,,1
IA-FMR,4,13.45,11.320754716981131,,,1
IA-FMR,4,13.55,11.320754716981131,,,1
IA-FMR,4,13.65,11.320754716981131,,,1
IA-FMR,4,13.75,11.320754716981131,,,1
IA-FMR,4,13.85,11.320754716981131,,,1
IA-FMR,4,13.95,11.320754716981131,,,1
IA-FMR,4,14.05,11.320754716981131,,,1
IA-FMR,4,14.15,11.320754716981131,,,1
IA-FMR,4,14.25,11.320754716981131,,,1
IA-FMR,4,14.35,11.320754716981131,,,1
IA-FMR,4,14.45,11.320754716981131,,,1
IA-FMR,4,14.55,11.320754716981131,,,1
IA-FMR,4,14.65,11.320754716981131,,,1
IA-FMR,4,14.75,11.320754716981131,,,1
IA-FMR,4,14.85,11.320754716981131,,,1
IA-FMR,4,14.95,11.320754716981131,,,1
IA-FMR,4,15.05,11.320754716981131,,,1
IA-FMR,4,15.15,11.320754716981131,,,1
IA-FMR,4,15.25,11.320754716981131,,,1
IA-FMR,4,15.35,11.320754716981131,,,1
IA-FMR,4,15.45,11.320754716981131,,,1
IA-FMR,4,15.55,11.320754716981131,,,1
IA-FMR,4,15.65,11.320754716981131,,,1
IA-FMR,4,15.75,11.320754716981131,,,1
IA-FMR,4,15.85,11.320754716981131,,,1
IA-FMR,4,15.95,11.320754716981131,,,1
IA-FMR,4,16.05,11.320754716981131,,,1
IA-FMR,4,16.150000000000002,11.320754716981131,,,1
IA-FMR,4,16.25,11.320754716981131,,,1
IA-FMR,4,16.35,11.320754716981131,,,1
IA-FMR,4,16.45,11.320754716981131,,,1
IA-FMR,4,16.55,11.320754716981131,,,1
IA-FMR,4,16.650000000000002,11.320754716981131,,,1
IA-FMR,4,16.75,11.320754716981131,,,1
IA-FMR,4,16.85,11.320754716981131,,,1
IA-FMR,4,16.95,11.320754716981131,,,1
IA-FMR,4,17.05,11.320754716981131,,,1
IA-FMR,4,17.150000000000002,11.320754716981131,,,1
IA-FMR,4,17.25,11.320754716981131,,,1
IA-FMR,4,17.35,11.320754716981131,,,1
IA-FMR,4,17.45,11.320754716981131,,,1
IA-FMR,4,17.55,11.320754716981131,,,1
IA-FMR,4,17.650000000000002,11.320754716981131,,,1
IA-FMR,4,17.75,11.320754716981131,,,1
IA-FMR,4,17.85,11.320754716981131,,,1
IA-FMR,4,17.95,11.320754716981131,,,1
IA-FMR,4,18.05,11.320754716981131,,,1
IA-FMR,4,18.15,11.320754716981131,,,1
IA-FMR,4,18.25,11.320754716981131,,,1
IA-FMR,4,18.35,11.320754716981131,,,1
IA-FMR,4,18.45,11.320754716981131,,,1
IA-FMR,4,18.55,11.320754716981131,,,1
IA-FMR,4,18.65,11.320754716981131,,,1
IA-FMR,4,18.75,11.320754716981131,,,1
IA-FMR,4,18.85,11.320754716981131,,,1
IA-FMR,4,18.95,11.320754716981131,,,1
IA-FMR,4,19.05,11.320754716981131,,,1
IA-FMR,4,19.15,11.320754716981131,,,1
IA-FMR,4,19.25,11.320754716981131,,,1
IA-FMR,4,19.35,11.320754716981131,,,1
IA-FMR,4,19.450000000000003,11.320754716981131,,,1
IA-FMR,4,19.55,11.320754716981131,,,1
IA-FMR,4,19.65,11.320754716981131,,,1
IA-FMR,4,19.75,11.320754716981131,,,1
IA-FMR,4,19.85,11.320754716981131,,,1
IA-FMR,4,19.950000000000003,11.320754716981131,,,1
IA-FMR,4,20.05,11.320754716981131,,,1
IA-FMR,4,20.15,11.320754716981131,,,1
IA-FMR,4,20.25,11.320754716981131,,,1
IA-FMR,4,20.35,11.320754716981131,,,1
IA-FMR,4,20.450000000000003,11.320754716981131,,,1
IA-FMR,4,20.55,11.320754716981131,,,1
IA-FMR,4,20.65,11.320754716981131,,,1
IA-FMR,4,20.75,11.320754716981131,,,1
IA-FMR,4,20.85,11.320754716981131,,,1
IA-FMR,4,20.950000000000003,11.320754716981131,,,1
IA-FMR,4,21.05,11.320754716981131,,,1
IA-FMR,4,21.15,11.320754716981131,,,1
IA-FMR,4,21.25,11.320754716981131,,,1
IA-FMR,4,21.35,11.320754716981131,,,1
IA-FMR,4,21.450000000000003,11.320754716981131,,,1
IA-FMR,4,21.55,11.320754716981131,,,1
IA-FMR,4,21.65,11.320754716981131,,,1
IA-FMR,4,21.75,11.320754716981131,,,1
IA-FMR,4,21.85,11.320754716981131,,,1
IA-FMR,4,21.950000000000003,11.320754716981131,,,1
IA-FMR,4,22.05,11.320754716981131,,,1
IA-FMR,4,22.15,11.320754716981131,,,1
IA-FMR,4,22.25,11.320754716981131,,,1
IA-FMR,4,22.35,11.320754716981131,,,1
IA-FMR,4,22.450000000000003,11.320754716981131,,,1
IA-FMR,4,22.55,11.320754716981131,,,1
IA-FMR,4,22.65,11.320754716981131,,,1
IA-FMR,4,22.75,11.320754716981131,,,1
IA-FMR,4,22.85,11.320754716981131,,,1
IA-FMR,4,22.950000000000003,11.320754716981131,,,1
IA-FMR,4,23.05,11.320754716981131,,,1
IA-FMR,4,23.15,11.320754716981131,,,1
IA-FMR,4,23.25,11.320754716981131,,,1
IA-FMR,4,23.35,11.320754716981131,,,1
IA-FMR,4,23.450000000000003,11.320754716981131,,,1
IA-FMR,4,23.55,11.320754716981131,,,1
IA-FMR,4,23.65,11.320754716981131,,,1
IA-FMR,4,23.75,11.320754716981131,,,1
IA-FMR,4,23.85,11.320754716981131,,,1
IA-FMR,4,23.950000000000003,11.320754716981131,,,1
IA-FMR,4,24.05,11.320754716981131,,,1
IA-FMR,4,24.15,11.320754716981131,,,1
IA-FMR,4,24.25,11.320754716981131,,,1
IA-FMR,4,24.35,11.320754716981131,,,1
IA-FMR,4,24.450000000000003,11.320754716981131,,,1
IA-FMR,4,24.55,11.320754716981131,,,1
IA-FMR,4,24.65,11.320754716981131,,,1
IA-FMR,4,24.75,11.320754716981131,,,1
IA-FMR,4,24.85,11.320754716981131,,,1
IA-FMR,4,24.950000000000003,11.320754716981131,,,1
IA-FMR,4,25.05,11.320754716981131,,,1
IA-FMR,4,25.15,11.320754716981131,,,1
IA-FMR,4,25.25,11.320754716981131,,,1
IA-FMR,4,25.35,11.320754716981131,,,1
IA-FMR,4,25.450000000000003,11.320754716981131,,,1
IA-FMR,4,25.55,11.320754716981131,,,1
IA-FMR,4,25.65,11.320754716981131,,,1
IA-FMR,4,25.75,11.320754716981131,,,1
IA-FMR,4,25.85,11.320754716981131,,,1
IA-FMR,4,25.950000000000003,11.320754716981131,,,1
IA-FMR,4,26.05,11.320754716981131,,,1
IA-FMR,4,26.15,11.320754716981131,,,1
IA-FMR,4,26.25,11.320754716981131,,,1
IA-FMR,4,26.35,11.320754716981131,,,1
IA-FMR,4,26.450000000000003,11.320754716981131,,,1
IA-FMR,4,26.55,11.320754716981131,,,1
IA-FMR,4,26.65,11.320754716981131,,,1
IA-FMR,4,26.75,11.320754716981131,,,1
IA-FMR,4,26.85,11.320754716981131,,,1
IA-FMR,4,26.950000000000003,11.320754716981131,,,1
IA-FMR,4,27.05,11.320754716981131,,,1
IA-FMR,4,27.15,11.320754716981131,,,1
IA-FMR,4,27.25,11.320754716981131,,,1
IA-FMR,4,27.35,11.320754716981131,,,1
IA-FMR,4,27.450000000000003,11.320754716981131,,,1
IA-FMR,4,27.55,11.320754716981131,,,1
IA-FMR,4,27.65,11.320754716981131,,,1
IA-FMR,4,27.75,11.320754716981131,,,1
IA-FMR,4,27.85,11.320754716981131,,,1
IA-FMR,4,27.950000000000003,11.320754716981131,,,1
IA-FMR,4,28.05,11.320754716981131,,,1
IA-FMR,4,28.15,11.320754716981131,,,1
IA-FMR,4,28.25,11.320754716981131,,,1
IA-FMR,4,28.35,11.320754716981131,,,1
IA-FMR,4,28.450000000000003,11.320754716981131,,,1
IA-FMR,4,28.55,11.320754716981131,,,1
IA-FMR,4,28.65,11.320754716981131,,,1
IA-FMR,4,28.75,11.320754716981131,,,1
IA-FMR,4,28.85,11.320754716981131,,,1
IA-FMR,4,28.950000000000003,11.320754716981131,,,1
IA-FMR,4,29.05,11.320754716981131,,,1
IA-FMR,4,29.15,11.320754716981131,,,1
IA-FMR,4,29.25,11.320754716981131,,,1
IA-FMR,4,29.35,11.320754716981131,,,1
IA-FMR,4,29.450000000000003,11.320754716981131,,,1
IA-FMR,4,29.55,11.320754716981131,,,1
IA-FMR,4,29.65,11.320754716981131,,,1
IA-FMR,4,29.75,11.320754716981131,,,1
IA-FMR,4,29.85,11.320754716981131,,,1
IA-FMR,4,29.950000000000003,11.320754716981131,,,1
IA-FMR,4,30.05,11.320754716981131,,,1
IA-FMR,4,30.15,11.320754716981131,,,1
IA-FMR,4,30.25,11.320754716981131,,,1
IA-FMR,4,30.35,11.320754716981131,,,1
IA-FMR,5,0.45,11.336271102284012,,,1
IA-FMR,5,0.55,11.331098973849718,,,1
IA-FMR,5,0.65,11.320754716981131,,,1
IA-FMR,5,0.75,11.320754716981131,,,1
IA-FMR,5,0.8500000000000001,11.320754716981131,,,1
IA-FMR,5,0.95,11.320754716981131,,,1
IA-FMR,5,1.05,11.320754716981131,,,1
IA-FMR,5,1.15,11.320754716981131,,,1
IA-FMR,5,1.25,11.320754716981131,,,1
IA-FMR,5,1.35,11.320754716981131,,,1
IA-FMR,5,1.4500000000000002,11.320754716981131,,,1
IA-FMR,5,1.55,11.320754716981131,,,1
IA-FMR,5,1.65,11.320754716981131,,,1
IA-FMR,5,1.75,11.320754716981131,,,1
IA-FMR,5,1.85,11.320754716981131,,,1
IA-FMR,5,1.95,11.320754716981131,,,1
IA-FMR,5,2.0500000000000003,11.320754716981131,,,1
IA-FMR,5,2.15,11.320754716981131,,,1
IA-FMR,5,2.25,11.320754716981131,,,1
IA-FMR,5,2.35,11.320754716981131,,,1
IA-FMR,5,2.45,11.320754716981131,,,1
IA-FMR,5,2.5500000000000003,11.320754716981131,,,1
IA-FMR,5,2.6500000000000004,11.320754716981131,,,1
IA-FMR,5,2.75,11.320754716981131,,,1
IA-FMR,5,2.85,11.320754716981131,,,1
IA-FMR,5,2.95,11.320754716981131,,,1
IA-FMR,5,3.0500000000000003,11.320754716981131,,,1
IA-FMR,5,3.1500000000000004,11.320754716981131,,,1
IA-FMR,5,3.25,11.320754716981131,,,1
IA-FMR,5,3.35,11.320754716981131,,,1
IA-FMR,5,3.45,11.320754716981131,,,1
IA-FMR,5,3.5500000000000003,11.320754716981131,,,1
IA-FMR,5,3.65,11.320754716981131,,,1
IA-FMR,5,3.75,11.320754716981131,,,1
IA-FMR,5,3.85,11.320754716981131,,,1
IA-FMR,5,3.95,11.320754716981131,,,1
IA-FMR,5,4.05,11.320754716981131,,,1
IA-FMR,5,4.15,11.320754716981131,,,1
IA-FMR,5,4.25,11.320754716981131,,,1
IA-FMR,5,4.3500000000000005,11.320754716981131,,,1
IA-FMR,5,4.45,11.320754716981131,,,1
IA-FMR,5,4.55,11.320754716981131,,,1
IA-FMR,5,4.65,11.320754716981131,,,1
IA-FMR,5,4.75,11.320754716981131,,,1
IA-FMR,5,4.8500000000000005,11.320754716981131,,,1
IA-FMR,5,4.95,11.320754716981131,,,1
IA-FMR,5,5.050000000000001,11.320754716981131,,,1
IA-FMR,5,5.15,11.320754716981131,,,1
IA-FMR,5,5.25,11.320754716981131,,,1
IA-FMR,5,5.3500000000000005,11.320754716981131,,,1
IA-FMR,5,5.45,11.320754716981131,,,1
IA-FMR,5,5.550000000000001,11.320754716981131,,,1
IA-FMR,5,5.65,11.320754716981131,,,1
IA-FMR,5,5.75,11.320754716981131,,,1
IA-FMR,5,5.8500000000000005,11.320754716981131,,,1
IA-FMR,5,5.95,11.320754716981131,,,1
IA-FMR,5,6.050000000000001,11.320754716981131,,,1
IA-FMR,5,6.15,11.320754716981131,,,1
IA-FMR,5,6.25,11.320754716981131,,,1
IA-FMR,5,6.3500000000000005,11.320754716981131,,,1
IA-FMR,5,6.45,11.320754716981131,,,1
IA-FMR,5,6.550000000000001,11.320754716981131,,,1
IA-FMR,5,6.65,11.320754716981131,,,1
IA-FMR,5,6.75,11.320754716981131,,,1
IA-FMR,5,6.8500000000000005,11.320754716981131,,,1
IA-FMR,5,6.95,11.320754716981131,,,1
IA-FMR,5,7.050000000000001,11.320754716981131,,,1
IA-FMR,5,7.15,11.320754716981131,,,1
IA-FMR,5,7.25,11.320754716981131,,,1
IA-FMR,5,7.35,11.320754716981131,,,1
IA-FMR,5,7.45,11.320754716981131,,,1
IA-FMR,5,7.550000000000001,11.320754716981131,,,1
IA-FMR,5,7.65,11.320754716981131,,,1
IA-FMR,5,7.75,11.320754716981131,,,1
IA-FMR,5,7.85,11.320754716981131,,,1
IA-FMR,5,7.95,11.320754716981131,,,1
IA-FMR,5,8.05,11.320754716981131,,,1
IA-FMR,5,8.15,11.320754716981131,,,1
IA-FMR,5,8.25,11.320754716981131,,,1
IA-FMR,5,8.35,11.320754716981131,,,1
IA-FMR,5,8.450000000000001,11.320754716981131,,,1
IA-FMR,5,8.55,11.320754716981131,,,1
IA-FMR,5,8.65,11.320754716981131,,,1
IA-FMR,5,8.75,11.320754716981131,,,1
IA-FMR,5,8.85,11.320754716981131,,,1
IA-FMR,5,8.950000000000001,11.320754716981131,,,1
IA-FMR,5,9.05,11.320754716981131,,,1
IA-FMR,5,9.15,11.320754716981131,,,1
IA-FMR,5,9.25,11.320754716981131,,,1
IA-FMR,5,9.35,11.320754716981131,,,1
IA-FMR,5,9.45,11.320754716981131,,,1
IA-FMR,5,9.55,11.320754716981131,,,1
IA-FMR,5,9.65,11.320754716981131,,,1
IA-FMR,5,9.75,11.320754716981131,,,1
IA-FMR,5,9.85,11.320754716981131,,,1
IA-FMR,5,9.95,11.320754716981131,,,1
IA-FMR,5,10.05,11.320754716981131,,,1
IA-FMR,5,10.15,11.320754716981131,,,1
IA-FMR,5,10.25,11.320754716981131,,,1
IA-FMR,5,10.35,11.320754716981131,,,1
IA-FMR,5,10.45,11.320754716981131,,,1
IA-FMR,5,10.55,11.320754716981131,,,1
IA-FMR,5,10.65,11.320754716981131,,,1
IA-FMR,5,10.75,11.320754716981131,,,1
IA-FMR,5,10.85,11.320754716981131,,,1
IA-FMR,5,10.95,11.320754716981131,,,1
IA-FMR,5,11.05,11.320754716981131,,,1
IA-FMR,5,11.15,11.320754716981131,,,1
IA-FMR,5,11.25,11.320754716981131,,,1
IA-FMR,5,11.35,11.320754716981131,,,1
IA-FMR,5,11.45,11.320754716981131,,,1
IA-FMR,5,11.55,11.320754716981131,,,1
IA-FMR,5,11.65,11.320754716981131,,,1
IA-FMR,5,11.75,11.320754716981131,,,1
IA-FMR,5,11.85,11.320754716981131,,,1
IA-FMR,5,11.95,11.320754716981131,,,1
IA-FMR,5,12.05,11.320754716981131,,,1
IA-FMR,5,12.15,11.320754716981131,,,1
IA-FMR,5,12.25,11.320754716981131,,,1
IA-FMR,5,12.35,11.320754716981131,,,1
IA-FMR,5,12.45,11.320754716981131,,,1
IA-FMR,5,12.55,11.320754716981131,,,1
IA-FMR,5,12.65,11.320754716981131,,,1
IA-FMR,5,12.75,11.320754716981131,,,1
IA-FMR,5,12.85,11.320754716981131,,,1
IA-FMR,5,12.95,11.320754716981131,,,1
IA-FMR,5,13.05,11.320754716981131,,,1
IA-FMR,5,13.15,11.320754716981131,,,1
IA-FMR,5,13.25,11.320754716981131,,,1
IA-FMR,5,13.35,11.320754716981131,,,1
IA-FMR,5,13.45,11.320754716981131,,,1
IA-FMR,5,13.55,11.320754716981131,,,1
IA-FMR,5,13.65,11.320754716981131,,,1
IA-FMR,5,13.75,11.320754716981131,,,1
IA-FMR,5,13.85,11.320754716981131,,,1
IA-FMR,5,13.95,11.320754716981131,,,1
IA-FMR,5,14.05,11.320754716981131,,,1
IA-FMR,5,14.15,11.320754716981131,,,1
IA-FMR,5,14.25,11.320754716981131,,,1
IA-FMR,5,14.35,11.320754716981131,,,1
IA-FMR,5,14.45,11.320754716981131,,,1
IA-FMR,5,14.55,11.320754716981131,,,1
IA-FMR,5,14.65,11.320754716981131,,,1
IA-FMR,5,14.75,11.320754716981131,,,1
IA-FMR,5,14.85,11.320754716981131,,,1
IA-FMR,5,14.95,11.320754716981131,,,1
IA-FMR,5,15.05,11.320754716981131,,,1
IA-FMR,5,15.15,11.320754716981131,,,1
IA-FMR,5,15.25,11.320754716981131,,,1
IA-FMR,5,15.35,11.320754716981131,,,1
IA-FMR,5,15.45,11.320754716981131,,,1
IA-FMR,5,15.55,11.320754716981131,,,1
IA-FMR,5,15.65,11.320754716981131,,,1
IA-FMR,5,15.75,11.320754716981131,,,1
IA-FMR,5,15.85,11.320754716981131,,,1
IA-FMR,5,15.95,11.320754716981131,,,1
IA-FMR,5,16.05,11.320754716981131,,,1
IA-FMR,5,16.150000000000002,11.320754716981131,,,1
IA-FMR,5,16.25,11.320754716981131,,,1
IA-FMR,5,16.35,11.320754716981131,,,1
IA-FMR,5,16.45,11.320754716981131,,,1
IA-FMR,5,16.55,11.320754716981131,,,1
IA-FMR,5,16.650000000000002,11.320754716981131,,,1
IA-FMR,5,16.75,11.320754716981131,,,1
IA-FMR,5,16.85,11.320754716981131,,,1
IA-FMR,5,16.95,11.320754716981131,,,1
IA-FMR,5,17.05,11.320754716981131,,,1
IA-FMR,5,17.150000000000002,11.320754716981131,,,1
IA-FMR,5,17.25,11.320754716981131,,,1
IA-FMR,5,17.35,11.320754716981131,,,1
IA-FMR,5,17.45,11.320754716981131,,,1
IA-FMR,5,17.55,11.320754716981131,,,1
IA-FMR,5,17.650000000000002,11.320754716981131,,,1
IA-FMR,5,17.75,11.320754716981131,,,1
IA-FMR,5,17.85,11.320754716981131,,,1
IA-FMR,5,17.95,11.320754716981131,,,1
IA-FMR,5,18.05,11.320754716981131,,,1
IA-FMR,5,18.15,11.320754716981131,,,1
IA-FMR,5,18.25,11.320754716981131,,,1
IA-FMR,5,18.35,11.320754716981131,,,1
IA-FMR,5,18.45,11.320754716981131,,,1
IA-FMR,5,18.55,11.320754716981131,,,1
IA-FMR,5,18.65,11.320754716981131,,,1
IA-FMR,5,18.75,11.320754716981131,,,1
IA-FMR,5,18.85,11.320754716981131,,,1
IA-FMR,5,18.95,11.320754716981131,,,1
IA-FMR,5,19.05,11.320754716981131,,,1
IA-FMR,5,19.15,11.320754716981131,,,1
IA-FMR,5,19.25,11.320754716981131,,,1
IA-FMR,5,19.35,11.320754716981131,,,1
IA-FMR,5,19.450000000000003,11.320754716981131,,,1
IA-FMR,5,19.55,11.320754716981131,,,1
IA-FMR,5,19.65,11.320754716981131,,,1
IA-FMR,5,19.75,11.320754716981131,,,1
IA-FMR,5,19.85,11.320754716981131,,,1
IA-FMR,5,19.950000000000003,11.320754716981131,,,1
IA-FMR,5,20.05,11.320754716981131,,,1
IA-FMR,5,20.15,11.320754716981131,,,1
IA-FMR,5,20.25,11.320754716981131,,,1
IA-FMR,5,20.35,11.320754716981131,,,1
IA-FMR,5,20.450000000000003,11.320754716981131,,,1
IA-FMR,5,20.55,11.320754716981131,,,1
IA-FMR,5,20.65,11.320754716981131,,,1
IA-FMR,5,20.75,11.320754716981131,,,1
IA-FMR,5,20.85,11.320754716981131,,,1
IA-FMR,5,20.950000000000003,11.320754716981131,,,1
IA-FMR,5,21.05,11.320754716981131,,,1
IA-FMR,5,21.15,11.320754716981131,,,1
IA-FMR,5,21.25,11.320754716981131,,,1
IA-FMR,5,21.35,11.320754716981131,,,1
IA-FMR,5,21.450000000000003,11.320754716981131,,,1
IA-FMR,5,21.55,11.320754716981131,,,1
IA-FMR,5,21.65,11.320754716981131,,,1
IA-FMR,5,21.75,11.320754716981131,,,1
IA-FMR,5,21.85,11.320754716981131,,,1
IA-FMR,5,21.950000000000003,11.320754716981131,,,1
IA-FMR,5,22.05,11.320754716981131,,,1
IA-FMR,5,22.15,11.320754716981131,,,1
IA-FMR,5,22.25,11.320754716981131,,,1
IA-FMR,5,22.35,11.320754716981131,,,1
IA-FMR,5,22.450000000000003,11.320754716981131,,,1
IA-FMR,5,22.55,11.320754716981131,,,1
IA-FMR,5,22.65,11.320754716981131,,,1
IA-FMR,5,22.75,11.320754716981131,,,1
IA-FMR,5,22.85,11.320754716981131,,,1
IA-FMR,5,22.950000000000003,11.320754716981131,,,1
IA-FMR,5,23.05,11.320754716981131,,,1
IA-FMR,5,23.15,11.320754716981131,,,1
IA-FMR,5,23.25,11.320754716981131,,,1
IA-FMR,5,23.35,11.320754716981131,,,1
IA-FMR,5,23.450000000000003,11.320754716981131,,,1
IA-FMR,5,23.55,11.320754716981131,,,1
IA-FMR,5,23.65,11.320754716981131,,,1
IA-FMR,5,23.75,11.320754716981131,,,1
IA-FMR,5,23.85,11.320754716981131,,,1
IA-FMR,5,23.950000000000003,11.320754716981131,,,1
IA-FMR,5,24.05,11.320754716981131,,,1
IA-FMR,5,24.15,11.320754716981131,,,1
IA-FMR,5,24.25,11.320754716981131,,,1
IA-FMR,5,24.35,11.320754716981131,,,1
IA-FMR,5,24.450000000000003,11.320754716981131,,,1
IA-FMR,5,24.55,11.320754716981131,,,1
IA-FMR,5,24.65,11.320754716981131,,,1
IA-FMR,5,24.75,11.320754716981131,,,1
IA-FMR,5,24.85,11.320754716981131,,,1
IA-FMR,5,24.950000000000003,11.320754716981131,,,1
IA-FMR,5,25.05,11.320754716981131,,,1
IA-FMR,5,25.15,11.320754716981131,,,1
IA-FMR,5,25.25,11.320754716981131,,,1
IA-FMR,5,25.35,11.320754716981131,,,1
IA-FMR,5,25.450000000000003,11.320754716981131,,,1
IA-FMR,5,25.55,11.320754716981131,,,1
IA-FMR,5,25.65,11.320754716981131,,,1
IA-FMR,5,25.75,11.320754716981131,,,1
IA-FMR,5,25.85,11.320754716981131,,,1
IA-FMR,5,25.950000000000003,11.320754716981131,,,1
IA-FMR,5,26.05,11.320754716981131,,,1
IA-FMR,5,26.15,11.320754716981131,,,1
IA-FMR,5,26.25,11.320754716981131,,,1
IA-FMR,5,26.35,11.320754716981131,,,1
IA-FMR,5,26.450000000000003,11.320754716981131,,,1
IA-FMR,5,26.55,11.320754716981131,,,1
IA-FMR,5,26.65,11.320754716981131,,,1
IA-FMR,5,26.75,11.320754716981131,,,1
IA-FMR,5,26.85,11.320754716981131,,,1
IA-FMR,5,26.950000000000003,11.320754716981131,,,1
IA-FMR,5,27.05,11.320754716981131,,,1
IA-FMR,5,27.15,11.320754716981131,,,1
IA-FMR,5,27.25,11.320754716981131,,,1
IA-FMR,5,27.35,11.320754716981131,,,1
IA-FMR,5,27.450000000000003,11.320754716981131,,,1
IA-FMR,5,27.55,11.320754716981131,,,1
IA-FMR,5,27.65,11.320754716981131,,,1
IA-FMR,5,27.75,11.320754716981131,,,1
IA-FMR,5,27.85,11.320754716981131,,,1
IA-FMR,5,27.950000000000003,11.320754716981131,,,1
IA-FMR,5,28.05,11.320754716981131,,,1
IA-FMR,5,28.15,11.320754716981131,,,1
IA-FMR,5,28.25,11.320754716981131,,,1
IA-FMR,5,28.35,11.320754716981131,,,1
IA-FMR,5,28.450000000000003,11.320754716981131,,,1
IA-FMR,5,28.55,11.320754716981131,,,1
IA-FMR,5,28.65,11.320754716981131,,,1
IA-FMR,5,28.75,11.320754716981131,,,1
IA-FMR,5,28.85,11.320754716981131,,,1
IA-FMR,5,28.950000000000003,11.320754716981131,,,1
IA-FMR,5,29.05,11.320754716981131,,,1
IA-FMR,5,29.15,11.320754716981131,,,1
IA-FMR,5,29.25,11.320754716981131,,,1
IA-FMR,5,29.35,11.320754716981131,,,1
IA-FMR,5,29.450000000000003,11.320754716981131,,,1
IA-FMR,5,29.55,11.320754716981131,,,1
IA-FMR,5,29.65,11.320754716981131,,,1
IA-FMR,5,29.75,11.320754716981131,,,1
IA-FMR,5,29.85,11.320754716981131,,,1
IA-FMR,5,29.950000000000003,11.320754716981131,,,1
IA-FMR,5,30.05,11.320754716981131,,,1
IA-FMR,5,30.15,11.320754716981131,,,1
IA-FMR,5,30.25,11.320754716981131,,,1
IA-FMR,5,30.35,11.320754716981131,,,1
IA-FMR,6,0.45,10.417701092353523,,,1
IA-FMR,6,0.55,10.420175857604365,,,1
IA-FMR,6,0.65,10.409511262458558,,,1
IA-FMR,6,0.75,10.431543870718784,,,1
IA-FMR,6,0.8500000000000001,10.437654179799006,,,1
IA-FMR,6,0.95,10.44145335095942,,,1
IA-FMR,6,1.05,10.437447422184832,,,1
IA-FMR,6,1.15,10.433674095726191,,,1
IA-FMR,6,1.25,10.43354732582826,,,1
IA-FMR,6,1.35,10.439710293173778,,,1
IA-FMR,6,1.4500000000000002,10.439477690857837,,,1
IA-FMR,6,1.55,10.439732855908796,,,1
IA-FMR,6,1.65,10.433569888563278,,,1
IA-FMR,6,1.75,10.439426657847642,,,1
IA-FMR,6,1.85,10.439426657847642,,,1
IA-FMR,6,1.95,10.443432586622228,,,1
IA-FMR,6,2.0500000000000003,10.441581746112451,,,1
IA-FMR,6,2.15,10.44145335095942,,,1
IA-FMR,6,2.25,10.439450386572126,,,1
IA-FMR,6,2.35,10.437575817337864,,,1
IA-FMR,6,2.45,10.433672604685704,,,1
IA-FMR,6,2.5500000000000003,10.435675569072998,,,1
IA-FMR,6,2.6500000000000004,10.435547173919966,,,1
IA-FMR,6,2.75,10.439450386572126,,,1
IA-FMR,6,2.85,10.435677060113484,,,1
IA-FMR,6,2.95,10.433674095726191,,,1
IA-FMR,6,3.0500000000000003,10.435818294781818,,,1
IA-FMR,6,3.1500000000000004,10.441292251380617,,,1
IA-FMR,6,3.25,10.439496044607496,,,1
IA-FMR,6,3.35,10.435464436802304,,,1
IA-FMR,6,3.45,10.429757877887562,,,1
IA-FMR,6,3.5500000000000003,10.43556001343527,,,1
IA-FMR,6,3.65,10.441301227081905,,,1
IA-FMR,6,3.75,10.44343258662223,,,1
IA-FMR,6,3.85,10.443432586622228,,,1
IA-FMR,6,3.95,10.437575817337866,,,1
IA-FMR,6,4.05,10.435677060113484,,,1
IA-FMR,6,4.15,10.43354732582826,,,1
IA-FMR,6,4.25,10.435678685368584,,,1
IA-FMR,6,4.3500000000000005,10.443457940601814,,,1
IA-FMR,6,4.45,10.439578781725158,,,1
IA-FMR,6,4.55,10.437562977822562,,,1
IA-FMR,6,4.65,10.433557049047977,,,1
IA-FMR,6,4.75,10.433659765170402,,,1
IA-FMR,6,4.8500000000000005,10.435675569072997,,,1
IA-FMR,6,4.95,10.435536122185274,,,1
IA-FMR,6,5.050000000000001,10.437551926087872,,,1
IA-FMR,6,5.15,10.439426495322133,,,1
IA-FMR,6,5.25,10.435675569072998,,,1
IA-FMR,6,5.3500000000000005,10.437562977822562,,,1
IA-FMR,6,5.45,10.433557049047977,,,1
IA-FMR,6,5.550000000000001,10.435702904815257,,,1
IA-FMR,6,5.65,10.439406499342704,,,1
IA-FMR,6,5.75,10.439639101658647,,,1
IA-FMR,6,5.8500000000000005,10.43737769025364,,,1
IA-FMR,6,5.95,10.43752790062326,,,1
IA-FMR,6,6.050000000000001,10.435499091534195,,,1
IA-FMR,6,6.15,10.445161190182334,,,1
IA-FMR,6,6.25,10.435479405035784,,,1
IA-FMR,6,6.3500000000000005,10.4212143411283,,,1
IA-FMR,6,6.45,10.393525562994522,,,1
IA-FMR,6,6.550000000000001,10.37932389937107,,,1
IA-FMR,6,6.65,10.37735849056604,,,1
IA-FMR,6,6.75,10.37735849056604,,,1
IA-FMR,6,6.8500000000000005,10.37735849056604,,,1
IA-FMR,6,6.95,10.37735849056604,,,1
IA-FMR,6,7.050000000000001,10.37735849056604,,,1
IA-FMR,6,7.15,10.37735849056604,,,1
IA-FMR,6,7.25,10.37735849056604,,,1
IA-FMR,6,7.35,10.37735849056604,,,1
IA-FMR,6,7.45,10.37735849056604,,,1
IA-FMR,6,7.550000000000001,10.37735849056604,,,1
IA-FMR,6,7.65,10.37735849056604,,,1
IA-FMR,6,7.75,10.37735849056604,,,1
IA-FMR,6,7.85,10.37735849056604,,,1
IA-FMR,6,7.95,10.37735849056604,,,1
IA-FMR,6,8.05,10.37735849056604,,,1
IA-FMR,6,8.15,10.37735849056604,,,1
IA-FMR,6,8.25,10.37735849056604,,,1
IA-FMR,6,8.35,10.37735849056604,,,1
IA-FMR,6,8.450000000000001,10.37735849056604,,,1
IA-FMR,6,8.55,10.37735849056604,,,1
IA-FMR,6,8.65,10.37735849056604,,,1
IA-FMR,6,8.75,10.37735849056604,,,1
IA-FMR,6,8.85,10.37735849056604,,,1
IA-FMR,6,8.950000000000001,10.37735849056604,,,1
IA-FMR,6,9.05,10.37735849056604,,,1
IA-FMR,6,9.15,10.37735849056604,,,1
IA-FMR,6,9.25,10.37735849056604,,,1
IA-FMR,6,9.35,10.37735849056604,,,1
IA-FMR,6,9.45,10.37735849056604,,,1
IA-FMR,6,9.55,10.37735849056604,,,1
IA-FMR,6,9.65,10.37735849056604,,,1
IA-FMR,6,9.75,10.37735849056604,,,1
IA-FMR,6,9.85,10.37735849056604,,,1
IA-FMR,6,9.95,10.37735849056604,,,1
IA-FMR,6,10.05,10.37735849056604,,,1
IA-FMR,6,10.15,10.37735849056604,,,1
IA-FMR,6,10.25,10.37735849056604,,,1
IA-FMR,6,10.35,10.37735849056604,,,1
IA-FMR,6,10.45,10.37735849056604,,,1
IA-FMR,6,10.55,10.37735849056604,,,1
IA-FMR,6,10.65,10.37735849056604,,,1
IA-FMR,6,10.75,10.37735849056604,,,1
IA-FMR,6,10.85,10.37735849056604,,,1
IA-FMR,6,10.95,10.37735849056604,,,1
IA-FMR,6,11.05,10.37735849056604,,,1
IA-FMR,6,11.15,10.37735849056604,,,1
IA-FMR,6,11.25,10.37735849056604,,,1
IA-FMR,6,11.35,10.37735849056604,,,1
IA-FMR,6,11.45,10.37735849056604,,,1
IA-FMR,6,11.55,10.37735849056604,,,1
IA-FMR,6,11.65,10.37735849056604,,,1
IA-FMR,6,11.75,10.37735849056604,,,1
IA-FMR,6,11.85,10.37735849056604,,,1
IA-FMR,6,11.95,10.37735849056604,,,1
IA-FMR,6,12.05,10.37735849056604,,,1
IA-FMR,6,12.15,10.37735849056604,,,1
IA-FMR,6,12.25,10.37735849056604,,,1
IA-FMR,6,12.35,10.37735849056604,,,1
IA-FMR,6,12.45,10.37735849056604,,,1
IA-FMR,6,12.55,10.37735849056604,,,1
IA-FMR,6,12.65,10.37735849056604,,,1
IA-FMR,6,12.75,10.37735849056604,,,1
IA-FMR,6,12.85,10.37735849056604,,,1
IA-FMR,6,12.95,10.37735849056604,,,1
IA-FMR,6,13.05,10.37735849056604,,,1
IA-FMR,6,13.15,10.37735849056604,,,1
IA-FMR,6,13.25,10.37735849056604,,,1
IA-FMR,6,13.35,10.37735849056604,,,1
IA-FMR,6,13.45,10.37735849056604,,,1
IA-FMR,6,13.55,10.37735849056604,,,1
IA-FMR,6,13.65,10.37735849056604,,,1
IA-FMR,6,13.75,10.37735849056604,,,1
IA-FMR,6,13.85,10.37735849056604,,,1
IA-FMR,6,13.95,10.37735849056604,,,1
IA-FMR,6,14.05,10.37735849056604,,,1
IA-FMR,6,14.15,10.37735849056604,,,1
IA-FMR,6,14.25,10.37735849056604,,,1
IA-FMR,6,14.35,10.37735849056604,,,1
IA-FMR,6,14.45,10.37735849056604,,,1
IA-FMR,6,14.55,10.37735849056604,,,1
IA-FMR,6,14.65,10.37735849056604,,,1
IA-FMR,6,14.75,10.37735849056604,,,1
IA-FMR,6,14.85,10.37735849056604,,,1
IA-FMR,6,14.95,10.37735849056604,,,1
IA-FMR,6,15.05,10.37735849056604,,,1
IA-FMR,6,15.15,10.37735849056604,,,1
IA-FMR,6,15.25,10.37735849056604,,,1
IA-FMR,6,15.35,10.37735849056604,,,1
IA-FMR,6,15.45,10.37735849056604,,,1
IA-FMR,6,15.55,10.37735849056604,,,1
IA-FMR,6,15.65,10.37735849056604,,,1
IA-FMR,6,15.75,10.37735849056604,,,1
IA-FMR,6,15.85,10.37735849056604,,,1
IA-FMR,6,15.95,10.37735849056604,,,1
IA-FMR,6,16.05,10.37735849056604,,,1
IA-FMR,6,16.150000000000002,10.37735849056604,,,1
IA-FMR,6,16.25,10.37735849056604,,,1
IA-FMR,6,16.35,10.37735849056604,,,1
IA-FMR,6,16.45,10.37735849056604,,,1
IA-FMR,6,16.55,10.37735849056604,,,1
IA-FMR,6,16.650000000000002,10.37735849056604,,,1
IA-FMR,6,16.75,10.37735849056604,,,1
IA-FMR,6,16.85,10.37735849056604,,,1
IA-FMR,6,16.95,10.37735849056604,,,1
IA-FMR,6,17.05,10.37735849056604,,,1
IA-FMR,6,17.150000000000002,10.37735849056604,,,1
IA-FMR,6,17.25,10.37735849056604,,,1
IA-FMR,6,17.35,10.37735849056604,,,1
IA-FMR,6,17.45,10.37735849056604,,,1
IA-FMR,6,17.55,10.37735849056604,,,1
IA-FMR,6,17.650000000000002,10.37735849056604,,,1
IA-FMR,6,17.75,10.37735849056604,,,1
IA-FMR,6,17.85,10.37735849056604,,,1
IA-FMR,6,17.95,10.37735849056604,,,1
IA-FMR,6,18.05,10.37735849056604,,,1
IA-FMR,6,18.15,10.37735849056604,,,1
IA-FMR,6,18.25,10.37735849056604,,,1
IA-FMR,6,18.35,10.37735849056604,,,1
IA-FMR,6,18.45,10.37735849056604,,,1
IA-FMR,6,18.55,10.37735849056604,,,1
IA-FMR,6,18.65,10.37735849056604,,,1
IA-FMR,6,18.75,10.37735849056604,,,1
IA-FMR,6,18.85,10.37735849056604,,,1
IA-FMR,6,18.95,10.37735849056604,,,1
IA-FMR,6,19.05,10.37735849056604,,,1
IA-FMR,6,19.15,10.37735849056604,,,1
IA-FMR,6,19.25,10.37735849056604,,,1
IA-FMR,6,19.35,10.37735849056604,,,1
IA-FMR,6,19.450000000000003,10.37735849056604,,,1
IA-FMR,6,19.55,10.37735849056604,,,1
IA-FMR,6,19.65,10.37735849056604,,,1
IA-FMR,6,19.75,10.37735849056604,,,1
IA-FMR,6,19.85,10.37735849056604,,,1
IA-FMR,6,19.950000000000003,10.37735849056604,,,1
IA-FMR,6,20.05,10.37735849056604,,,1
IA-FMR,6,20.15,10.37735849056604,,,1
IA-FMR,6,20.25,10.37735849056604,,,1
IA-FMR,6,20.35,10.37735849056604,,,1
IA-FMR,6,20.450000000000003,10.37735849056604,,,1
IA-FMR,6,20.55,10.37735849056604,,,1
IA-FMR,6,20.65,10.37735849056604,,,1
IA-FMR,6,20.75,10.37735849056604,,,1
IA-FMR,6,20.85,10.37735849056604,,,1
IA-FMR,6,20.950000000000003,10.37735849056604,,,1
IA-FMR,6,21.05,10.37735849056604,,,1
IA-FMR,6,21.15,10.37735849056604,,,1
IA-FMR,6,21.25,10.37735849056604,,,1
IA-FMR,6,21.35,10.37735849056604,,,1
IA-FMR,6,21.450000000000003,10.37735849056604,,,1
IA-FMR,6,21.55,10.37735849056604,,,1
IA-FMR,6,21.65,10.37735849056604,,,1
IA-FMR,6,21.75,10.37735849056604,,,1
IA-FMR,6,21.85,10.37735849056604,,,1
IA-FMR,6,21.950000000000003,10.37735849056604,,,1
IA-FMR,6,22.05,10.37735849056604,,,1
IA-FMR,6,22.15,10.37735849056604,,,1
IA-FMR,6,22.25,10.37735849056604,,,1
IA-FMR,6,22.35,10.37735849056604,,,1
IA-FMR,6,22.450000000000003,10.37735849056604,,,1
IA-FMR,6,22.55,10.37735849056604,,,1
IA-FMR,6,22.65,10.37735849056604,,,1
IA-FMR,6,22.75,10.37735849056604,,,1
IA-FMR,6,22.85,10.37735849056604,,,1
IA-FMR,6,22.950000000000003,10.37735849056604,,,1
IA-FMR,6,23.05,10.37735849056604,,,1
IA-FMR,6,23.15,10.37735849056604,,,1
IA-FMR,6,23.25,10.37735849056604,,,1
IA-FMR,6,23.35,10.37735849056604,,,1
IA-FMR,6,23.450000000000003,10.37735849056604,,,1
IA-FMR,6,23.55,10.37735849056604,,,1
IA-FMR,6,23.65,10.37735849056604,,,1
IA-FMR,6,23.75,10.37735849056604,,,1
IA-FMR,6,23.85,10.37735849056604,,,1
IA-FMR,6,23.950000000000003,10.37735849056604,,,1
IA-FMR,6,24.05,10.37735849056604,,,1
IA-FMR,6,24.15,10.37735849056604,,,1
IA-FMR,6,24.25,10.37735849056604,,,1
IA-FMR,6,24.35,10.37735849056604,,,1
IA-FMR,6,24.450000000000003,10.37735849056604,,,1
IA-FMR,6,24.55,10.37735849056604,,,1
IA-FMR,6,24.65,10.37735849056604,,,1
IA-FMR,6,24.75,10.37735849056604,,,1
IA-FMR,6,24.85,10.37735849056604,,,1
IA-FMR,6,24.950000000000003,10.37735849056604,,,1
IA-FMR,6,25.05,10.37735849056604,,,1
IA-FMR,6,25.15,10.37735849056604,,,1
IA-FMR,6,25.25,10.37735849056604,,,1
IA-FMR,6,25.35,10.37735849056604,,,1
IA-FMR,6,25.450000000000003,10.37735849056604,,,1
IA-FMR,6,25.55,10.37735849056604,,,1
IA-FMR,6,25.65,10.37735849056604,,,1
IA-FMR,6,25.75,10.37735849056604,,,1
IA-FMR,6,25.85,10.37735849056604,,,1
IA-FMR,6,25.950000000000003,10.37735849056604,,,1
IA-FMR,6,26.05,10.37735849056604,,,1
IA-FMR,6,26.15,10.37735849056604,,,1
IA-FMR,6,26.25,10.37735849056604,,,1
IA-FMR,6,26.35,10.37735849056604,,,1
IA-FMR,6,26.450000000000003,10.37735849056604,,,1
IA-FMR,6,26.55,10.37735849056604,,,1
IA-FMR,6,26.65,10.37735849056604,,,1
IA-FMR,6,26.75,10.37735849056604,,,1
IA-FMR,6,26.85,10.37735849056604,,,1
IA-FMR,6,26.950000000000003,10.37735849056604,,,1
IA-FMR,6,27.05,10.37735849056604,,,1
IA-FMR,6,27.15,10.37735849056604,,,1
IA-FMR,6,27.25,10.37735849056604,,,1
IA-FMR,6,27.35,10.37735849056604,,,1
IA-FMR,6,27.450000000000003,10.37735849056604,,,1
IA-FMR,6,27.55,10.37735849056604,,,1
IA-FMR,6,27.65,10.37735849056604,,,1
IA-FMR,6,27.75,10.37735849056604,,,1
IA-FMR,6,27.85,10.37735849056604,,,1
IA-FMR,6,27.950000000000003,10.37735849056604,,,1
IA-FMR,6,28.05,10.37735849056604,,,1
IA-FMR,6,28.15,10.37735849056604,,,1
IA-FMR,6,28.25,10.37735849056604,,,1
IA-FMR,6,28.35,10.37735849056604,,,1
IA-FMR,6,28.450000000000003,10.37735849056604,,,1
IA-FMR,6,28.55,10.37735849056604,,,1
IA-FMR,6,28.65,10.37735849056604,,,1
IA-FMR,6,28.75,10.37735849056604,,,1
IA-FMR,6,28.85,10.37735849056604,,,1
IA-FMR,6,28.950000000000003,10.37735849056604,,,1
IA-FMR,6,29.05,10.37735849056604,,,1
IA-FMR,6,29.15,10.37735849056604,,,1
IA-FMR,6,29.25,10.37735849056604,,,1
IA-FMR,6,29.35,10.37735849056604,,,1
IA-FMR,6,29.450000000000003,10.37735849056604,,,1
IA-FMR,6,29.55,10.37735849056604,,,1
IA-FMR,6,29.65,10.37735849056604,,,1
IA-FMR,6,29.75,10.37735849056604,,,1
IA-FMR,6,29.85,10.37735849056604,,,1
IA-FMR,6,29.950000000000003,10.37735849056604,,,1
IA-FMR,6,30.05,10.37735849056604,,,1
IA-FMR,6,30.15,10.37735849056604,,,1
IA-FMR,6,30.25,10.37735849056604,,,1
IA-FMR,6,30.35,10.37735849056604,,,1
IA-FMR,7,0.45,12.223808341608738,,,1
IA-FMR,7,0.55,12.237255875537905,,,1
IA-FMR,7,0.65,12.264150943396226,,,1
IA-FMR,7,0.75,12.264150943396226,,,1
IA-FMR,7,0.8500000000000001,12.264150943396226,,,1
IA-FMR,7,0.95,12.264150943396226,,,1
IA-FMR,7,1.05,12.264150943396226,,,1
IA-FMR,7,1.15,12.264150943396226,,,1
IA-FMR,7,1.25,12.264150943396226,,,1
IA-FMR,7,1.35,12.264150943396226,,,1
IA-FMR,7,1.4500000000000002,12.264150943396226,,,1
IA-FMR,7,1.55,12.264150943396226,,,1
IA-FMR,7,1.65,12.264150943396226,,,1
IA-FMR,7,1.75,12.264150943396226,,,1
IA-FMR,7,1.85,12.264150943396226,,,1
IA-FMR,7,1.95,12.264150943396226,,,1
IA-FMR,7,2.0500000000000003,12.264150943396226,,,1
IA-FMR,7,2.15,12.264150943396226,,,1
IA-FMR,7,2.25,12.264150943396226,,,1
IA-FMR,7,2.35,12.264150943396226,,,1
IA-FMR,7,2.45,12.264150943396226,,,1
IA-FMR,7,2.5500000000000003,12.264150943396226,,,1
IA-FMR,7,2.6500000000000004,12.264150943396226,,,1
IA-FMR,7,2.75,12.264150943396226,,,1
IA-FMR,7,2.85,12.264150943396226,,,1
IA-FMR,7,2.95,12.264150943396226,,,1
IA-FMR,7,3.0500000000000003,12.264150943396226,,,1
IA-FMR,7,3.1500000000000004,12.264150943396226,,,1
IA-FMR,7,3.25,12.264150943396226,,,1
IA-FMR,7,3.35,12.264150943396226,,,1
IA-FMR,7,3.45,12.264150943396226,,,1
IA-FMR,7,3.5500000000000003,12.264150943396226,,,1
IA-FMR,7,3.65,12.264150943396226,,,1
IA-FMR,7,3.75,12.264150943396226,,,1
IA-FMR,7,3.85,12.264150943396226,,,1
IA-FMR,7,3.95,12.264150943396226,,,1
IA-FMR,7,4.05,12.264150943396226,,,1
IA-FMR,7,4.15,12.264150943396226,,,1
IA-FMR,7,4.25,12.264150943396226,,,1
IA-FMR,7,4.3500000000000005,12.264150943396226,,,1
IA-FMR,7,4.45,12.264150943396226,,,1
IA-FMR,7,4.55,12.264150943396226,,,1
IA-FMR,7,4.65,12.264150943396226,,,1
IA-FMR,7,4.75,12.264150943396226,,,1
IA-FMR,7,4.8500000000000005,12.264150943396226,,,1
IA-FMR,7,4.95,12.264150943396226,,,1
IA-FMR,7,5.050000000000001,12.264150943396226,,,1
IA-FMR,7,5.15,12.264150943396226,,,1
IA-FMR,7,5.25,12.264150943396226,,,1
IA-FMR,7,5.3500000000000005,12.264150943396226,,,1
IA-FMR,7,5.45,12.264150943396226,,,1
IA-FMR,7,5.550000000000001,12.264150943396226,,,1
IA-FMR,7,5.65,12.264150943396226,,,1
IA-FMR,7,5.75,12.264150943396226,,,1
IA-FMR,7,5.8500000000000005,12.264150943396226,,,1
IA-FMR,7,5.95,12.264150943396226,,,1
IA-FMR,7,6.050000000000001,12.264150943396226,,,1
IA-FMR,7,6.15,12.264150943396226,,,1
IA-FMR,7,6.25,12.264150943396226,,,1
IA-FMR,7,6.3500000000000005,12.264150943396226,,,1
IA-FMR,7,6.45,12.264150943396226,,,1
IA-FMR,7,6.550000000000001,12.264150943396226,,,1
IA-FMR,7,6.65,12.264150943396226,,,1
IA-FMR,7,6.75,12.264150943396226,,,1
IA-FMR,7,6.8500000000000005,12.264150943396226,,,1
IA-FMR,7,6.95,12.264150943396226,,,1
IA-FMR,7,7.050000000000001,12.264150943396226,,,1
IA-FMR,7,7.15,12.264150943396226,,,1
IA-FMR,7,7.25,12.264150943396226,,,1
IA-FMR,7,7.35,12.264150943396226,,,1
IA-FMR,7,7.45,12.264150943396226,,,1
IA-FMR,7,7.550000000000001,12.264150943396226,,,1
IA-FMR,7,7.65,12.264150943396226,,,1
IA-FMR,7,7.75,12.264150943396226,,,1
IA-FMR,7,7.85,12.264150943396226,,,1
IA-FMR,7,7.95,12.264150943396226,,,1
IA-FMR,7,8.05,12.264150943396226,,,1
IA-FMR,7,8.15,12.264150943396226,,,1
IA-FMR,7,8.25,12.264150943396226,,,1
IA-FMR,7,8.35,12.264150943396226,,,1
IA-FMR,7,8.450000000000001,12.264150943396226,,,1
IA-FMR,7,8.55,12.264150943396226,,,1
IA-FMR,7,8.65,12.264150943396226,,,1
IA-FMR,7,8.75,12.264150943396226,,,1
IA-FMR,7,8.85,12.264150943396226,,,1
IA-FMR,7,8.950000000000001,12.264150943396226,,,1
IA-FMR,7,9.05,12.264150943396226,,,1
IA-FMR,7,9.15,12.264150943396226,,,1
IA-FMR,7,9.25,12.264150943396226,,,1
IA-FMR,7,9.35,12.264150943396226,,,1
IA-FMR,7,9.45,12.264150943396226,,,1
IA-FMR,7,9.55,12.264150943396226,,,1
IA-FMR,7,9.65,12.264150943396226,,,1
IA-FMR,7,9.75,12.264150943396226,,,1
IA-FMR,7,9.85,12.264150943396226,,,1
IA-FMR,7,9.95,12.264150943396226,,,1
IA-FMR,7,10.05,12.264150943396226,,,1
IA-FMR,7,10.15,12.264150943396226,,,1
IA-FMR,7,10.25,12.264150943396226,,,1
IA-FMR,7,10.35,12.264150943396226,,,1
IA-FMR,7,10.45,12.264150943396226,,,1
IA-FMR,7,10.55,12.264150943396226,,,1
IA-FMR,7,10.65,12.264150943396226,,,1
IA-FMR,7,10.75,12.264150943396226,,,1
IA-FMR,7,10.85,12.264150943396226,,,1
IA-FMR,7,10.95,12.264150943396226,,,1
IA-FMR,7,11.05,12.264150943396226,,,1
IA-FMR,7,11.15,12.264150943396226,,,1
IA-FMR,7,11.25,12.264150943396226,,,1
IA-FMR,7,11.35,12.264150943396226,,,1
IA-FMR,7,11.45,12.264150943396226,,,1
IA-FMR,7,11.55,12.264150943396226,,,1
IA-FMR,7,11.65,12.264150943396226,,,1
IA-FMR,7,11.75,12.264150943396226,,,1
IA-FMR,7,11.85,12.264150943396226,,,1
IA-FMR,7,11.95,12.264150943396226,,,1
IA-FMR,7,12.05,12.264150943396226,,,1
IA-FMR,7,12.15,12.264150943396226,,,1
IA-FMR,7,12.25,12.264150943396226,,,1
IA-FMR,7,12.35,12.264150943396226,,,1
IA-FMR,7,12.45,12.264150943396226,,,1
IA-FMR,7,12.55,12.264150943396226,,,1
IA-FMR,7,12.65,12.264150943396226,,,1
IA-FMR,7,12.75,12.264150943396226,,,1
IA-FMR,7,12.85,12.264150943396226,,,1
IA-FMR,7,12.95,12.264150943396226,,,1
IA-FMR,7,13.05,12.264150943396226,,,1
IA-FMR,7,13.15,12.264150943396226,,,1
IA-FMR,7,13.25,12.264150943396226,,,1
IA-FMR,7,13.35,12.264150943396226,,,1
IA-FMR,7,13.45,12.264150943396226,,,1
IA-FMR,7,13.55,12.264150943396226,,,1
IA-FMR,7,13.65,12.264150943396226,,,1
IA-FMR,7,13.75,12.264150943396226,,,1
IA-FMR,7,13.85,12.264150943396226,,,1
IA-FMR,7,13.95,12.264150943396226,,,1
IA-FMR,7,14.05,12.264150943396226,,,1
IA-FMR,7,14.15,12.264150943396226,,,1
IA-FMR,7,14.25,12.264150943396226,,,1
IA-FMR,7,14.35,12.264150943396226,,,1
IA-FMR,7,14.45,12.264150943396226,,,1
IA-FMR,7,14.55,12.264150943396226,,,1
IA-FMR,7,14.65,12.264150943396226,,,1
IA-FMR,7,14.75,12.264150943396226,,,1
IA-FMR,7,14.85,12.264150943396226,,,1
IA-FMR,7,14.95,12.264150943396226,,,1
IA-FMR,7,15.05,12.264150943396226,,,1
IA-FMR,7,15.15,12.264150943396226,,,1
IA-FMR,7,15.25,12.264150943396226,,,1
IA-FMR,7,15.35,12.264150943396226,,,1
IA-FMR,7,15.45,12.264150943396226,,,1
IA-FMR,7,15.55,12.264150943396226,,,1
IA-FMR,7,15.65,12.264150943396226,,,1
IA-FMR,7,15.75,12.264150943396226,,,1
IA-FMR,7,15.85,12.264150943396226,,,1
IA-FMR,7,15.95,12.264150943396226,,,1
IA-FMR,7,16.05,12.264150943396226,,,1
IA-FMR,7,16.150000000000002,12.264150943396226,,,1
IA-FMR,7,16.25,12.264150943396226,,,1
IA-FMR,7,16.35,12.264150943396226,,,1
IA-FMR,7,16.45,12.264150943396226,,,1
IA-FMR,7,16.55,12.264150943396226,,,1
IA-FMR,7,16.650000000000002,12.264150943396226,,,1
IA-FMR,7,16.75,12.264150943396226,,,1
IA-FMR,7,16.85,12.264150943396226,,,1
IA-FMR,7,16.95,12.264150943396226,,,1
IA-FMR,7,17.05,12.264150943396226,,,1
IA-FMR,7,17.150000000000002,12.264150943396226,,,1
IA-FMR,7,17.25,12.264150943396226,,,1
IA-FMR,7,17.35,12.264150943396226,,,1
IA-FMR,7,17.45,12.264150943396226,,,1
IA-FMR,7,17.55,12.264150943396226,,,1
IA-FMR,7,17.650000000000002,12.264150943396226,,,1
IA-FMR,7,17.75,12.264150943396226,,,1
IA-FMR,7,17.85,12.264150943396226,,,1
IA-FMR,7,17.95,12.264150943396226,,,1
IA-FMR,7,18.05,12.264150943396226,,,1
IA-FMR,7,18.15,12.264150943396226,,,1
IA-FMR,7,18.25,12.264150943396226,,,1
IA-FMR,7,18.35,12.264150943396226,,,1
IA-FMR,7,18.45,12.264150943396226,,,1
IA-FMR,7,18.55,12.264150943396226,,,1
IA-FMR,7,18.65,12.264150943396226,,,1
IA-FMR,7,18.75,12.264150943396226,,,1
IA-FMR,7,18.85,12.264150943396226,,,1
IA-FMR,7,18.95,12.264150943396226,,,1
IA-FMR,7,19.05,12.264150943396226,,,1
IA-FMR,7,19.15,12.264150943396226,,,1
IA-FMR,7,19.25,12.264150943396226,,,1
IA-FMR,7,19.35,12.264150943396226,,,1
IA-FMR,7,19.450000000000003,12.264150943396226,,,1
IA-FMR,7,19.55,12.264150943396226,,,1
IA-FMR,7,19.65,12.264150943396226,,,1
IA-FMR,7,19.75,12.264150943396226,,,1
IA-FMR,7,19.85,12.264150943396226,,,1
IA-FMR,7,19.950000000000003,12.264150943396226,,,1
IA-FMR,7,20.05,12.264150943396226,,,1
IA-FMR,7,20.15,12.264150943396226,,,1
IA-FMR,7,20.25,12.264150943396226,,,1
IA-FMR,7,20.35,12.264150943396226,,,1
IA-FMR,7,20.450000000000003,12.264150943396226,,,1
IA-FMR,7,20.55,12.264150943396226,,,1
IA-FMR,7,20.65,12.264150943396226,,,1
IA-FMR,7,20.75,12.264150943396226,,,1
IA-FMR,7,20.85,12.264150943396226,,,1
IA-FMR,7,20.950000000000003,12.264150943396226,,,1
IA-FMR,7,21.05,12.264150943396226,,,1
IA-FMR,7,21.15,12.264150943396226,,,1
IA-FMR,7,21.25,12.264150943396226,,,1
IA-FMR,7,21.35,12.264150943396226,,,1
IA-FMR,7,21.450000000000003,12.264150943396226,,,1
IA-FMR,7,21.55,12.264150943396226,,,1
IA-FMR,7,21.65,12.264150943396226,,,1
IA-FMR,7,21.75,12.264150943396226,,,1
IA-FMR,7,21.85,12.264150943396226,,,1
IA-FMR,7,21.950000000000003,12.264150943396226,,,1
IA-FMR,7,22.05,12.264150943396226,,,1
IA-FMR,7,22.15,12.264150943396226,,,1
IA-FMR,7,22.25,12.264150943396226,,,1
IA-FMR,7,22.35,12.264150943396226,,,1
IA-FMR,7,22.450000000000003,12.264150943396226,,,1
IA-FMR,7,22.55,12.264150943396226,,,1
IA-FMR,7,22.65,12.264150943396226,,,1
IA-FMR,7,22.75,12.264150943396226,,,1
IA-FMR,7,22.85,12.264150943396226,,,1
IA-FMR,7,22.950000000000003,12.264150943396226,,,1
IA-FMR,7,23.05,12.264150943396226,,,1
IA-FMR,7,23.15,12.264150943396226,,,1
IA-FMR,7,23.25,12.264150943396226,,,1
IA-FMR,7,23.35,12.264150943396226,,,1
IA-FMR,7,23.450000000000003,12.264150943396226,,,1
IA-FMR,7,23.55,12.264150943396226,,,1
IA-FMR,7,23.65,12.264150943396226,,,1
IA-FMR,7,23.75,12.264150943396226,,,1
IA-FMR,7,23.85,12.264150943396226,,,1
IA-FMR,7,23.950000000000003,12.264150943396226,,,1
IA-FMR,7,24.05,12.264150943396226,,,1
IA-FMR,7,24.15,12.264150943396226,,,1
IA-FMR,7,24.25,12.264150943396226,,,1
IA-FMR,7,24.35,12.264150943396226,,,1
IA-FMR,7,24.450000000000003,12.264150943396226,,,1
IA-FMR,7,24.55,12.264150943396226,,,1
IA-FMR,7,24.65,12.264150943396226,,,1
IA-FMR,7,24.75,12.264150943396226,,,1
IA-FMR,7,24.85,12.264150943396226,,,1
IA-FMR,7,24.950000000000003,12.264150943396226,,,1
IA-FMR,7,25.05,12.264150943396226,,,1
IA-FMR,7,25.15,12.264150943396226,,,1
IA-FMR,7,25.25,12.264150943396226,,,1
IA-FMR,7,25.35,12.264150943396226,,,1
IA-FMR,7,25.450000000000003,12.264150943396226,,,1
IA-FMR,7,25.55,12.264150943396226,,,1
IA-FMR,7,25.65,12.264150943396226,,,1
IA-FMR,7,25.75,12.264150943396226,,,1
IA-FMR,7,25.85,12.264150943396226,,,1
IA-FMR,7,25.950000000000003,12.264150943396226,,,1
IA-FMR,7,26.05,12.264150943396226,,,1
IA-FMR,7,26.15,12.264150943396226,,,1
IA-FMR,7,26.25,12.264150943396226,,,1
IA-FMR,7,26.35,12.264150943396226,,,1
IA-FMR,7,26.450000000000003,12.264150943396226,,,1
IA-FMR,7,26.55,12.264150943396226,,,1
IA-FMR,7,26.65,12.264150943396226,,,1
IA-FMR,7,26.75,12.264150943396226,,,1
IA-FMR,7,26.85,12.264150943396226,,,1
IA-FMR,7,26.950000000000003,12.264150943396226,,,1
IA-FMR,7,27.05,12.264150943396226,,,1
IA-FMR,7,27.15,12.264150943396226,,,1
IA-FMR,7,27.25,12.264150943396226,,,1
IA-FMR,7,27.35,12.264150943396226,,,1
IA-FMR,7,27.450000000000003,12.264150943396226,,,1
IA-FMR,7,27.55,12.264150943396226,,,1
IA-FMR,7,27.65,12.264150943396226,,,1
IA-FMR,7,27.75,12.264150943396226,,,1
IA-FMR,7,27.85,12.264150943396226,,,1
IA-FMR,7,27.950000000000003,12.264150943396226,,,1
IA-FMR,7,28.05,12.264150943396226,,,1
IA-FMR,7,28.15,12.264150943396226,,,1
IA-FMR,7,28.25,12.264150943396226,,,1
IA-FMR,7,28.35,12.264150943396226,,,1
IA-FMR,7,28.450000000000003,12.264150943396226,,,1
IA-FMR,7,28.55,12.264150943396226,,,1
IA-FMR,7,28.65,12.264150943396226,,,1
IA-FMR,7,28.75,12.264150943396226,,,1
IA-FMR,7,28.85,12.264150943396226,,,1
IA-FMR,7,28.950000000000003,12.264150943396226,,,1
IA-FMR,7,29.05,12.264150943396226,,,1
IA-FMR,7,29.15,12.264150943396226,,,1
IA-FMR,7,29.25,12.264150943396226,,,1
IA-FMR,7,29.35,12.264150943396226,,,1
IA-FMR,7,29.450000000000003,12.264150943396226,,,1
IA-FMR,7,29.55,12.264150943396226,,,1
IA-FMR,7,29.65,12.264150943396226,,,1
IA-FMR,7,29.75,12.264150943396226,,,1
IA-FMR,7,29.85,12.264150943396226,,,1
IA-FMR,7,29.950000000000003,12.264150943396226,,,1
IA-FMR,7,30.05,12.264150943396226,,,1
IA-FMR,7,30.15,12.264150943396226,,,1
IA-FMR,7,30.25,12.264150943396226,,,1
IA-FMR,7,30.35,12.264150943396226,,,1
IA-FMR,8,0.45,12.242428003972194,,,1
IA-FMR,8,0.55,12.249668983780206,,,1
IA-FMR,8,0.65,12.264150943396226,,,1
IA-FMR,8,0.75,12.264150943396226,,,1
IA-FMR,8,0.8500000000000001,12.264150943396226,,,1
IA-FMR,8,0.95,12.264150943396226,,,1
IA-FMR,8,1.05,12.264150943396226,,,1
IA-FMR,8,1.15,12.264150943396226,,,1
IA-FMR,8,1.25,12.264150943396226,,,1
IA-FMR,8,1.35,12.264150943396226,,,1
IA-FMR,8,1.4500000000000002,12.264150943396226,,,1
IA-FMR,8,1.55,12.264150943396226,,,1
IA-FMR,8,1.65,12.264150943396226,,,1
IA-FMR,8,1.75,12.264150943396226,,,1
IA-FMR,8,1.85,12.264150943396226,,,1
IA-FMR,8,1.95,12.264150943396226,,,1
IA-FMR,8,2.0500000000000003,12.264150943396226,,,1
IA-FMR,8,2.15,12.264150943396226,,,1
IA-FMR,8,2.25,12.264150943396226,,,1
IA-FMR,8,2.35,12.264150943396226,,,1
IA-FMR,8,2.45,12.264150943396226,,,1
IA-FMR,8,2.5500000000000003,12.264150943396226,,,1
IA-FMR,8,2.6500000000000004,12.264150943396226,,,1
IA-FMR,8,2.75,12.264150943396226,,,1
IA-FMR,8,2.85,12.264150943396226,,,1
IA-FMR,8,2.95,12.264150943396226,,,1
IA-FMR,8,3.0500000000000003,12.264150943396226,,,1
IA-FMR,8,3.1500000000000004,12.264150943396226,,,1
IA-FMR,8,3.25,12.264150943396226,,,1
IA-FMR,8,3.35,12.264150943396226,,,1
IA-FMR,8,3.45,12.264150943396226,,,1
IA-FMR,8,3.5500000000000003,12.264150943396226,,,1
IA-FMR,8,3.65,12.264150943396226,,,1
IA-FMR,8,3.75,12.264150943396226,,,1
IA-FMR,8,3.85,12.264150943396226,,,1
IA-FMR,8,3.95,12.264150943396226,,,1
IA-FMR,8,4.05,12.264150943396226,,,1
IA-FMR,8,4.15,12.264150943396226,,,1
IA-FMR,8,4.25,12.264150943396226,,,1
IA-FMR,8,4.3500000000000005,12.264150943396226,,,1
IA-FMR,8,4.45,12.264150943396226,,,1
IA-FMR,8,4.55,12.264150943396226,,,1
IA-FMR,8,4.65,12.264150943396226,,,1
IA-FMR,8,4.75,12.264150943396226,,,1
IA-FMR,8,4.8500000000000005,12.264150943396226,,,1
IA-FMR,8,4.95,12.264150943396226,,,1
IA-FMR,8,5.050000000000001,12.264150943396226,,,1
IA-FMR,8,5.15,12.264150943396226,,,1
IA-FMR,8,5.25,12.264150943396226,,,1
IA-FMR,8,5.3500000000000005,12.264150943396226,,,1
IA-FMR,8,5.45,12.264150943396226,,,1
IA-FMR,8,5.550000000000001,12.264150943396226,,,1
IA-FMR,8,5.65,12.264150943396226,,,1
IA-FMR,8,5.75,12.264150943396226,,,1
IA-FMR,8,5.8500000000000005,12.264150943396226,,,1
IA-FMR,8,5.95,12.264150943396226,,,1
IA-FMR,8,6.050000000000001,12.264150943396226,,,1
IA-FMR,8,6.15,12.264150943396226,,,1
IA-FMR,8,6.25,12.264150943396226,,,1
IA-FMR,8,6.3500000000000005,12.264150943396226,,,1
IA-FMR,8,6.45,12.264150943396226,,,1
IA-FMR,8,6.550000000000001,12.264150943396226,,,1
IA-FMR,8,6.65,12.264150943396226,,,1
IA-FMR,8,6.75,12.264150943396226,,,1
IA-FMR,8,6.8500000000000005,12.264150943396226,,,1
IA-FMR,8,6.95,12.264150943396226,,,1
IA-FMR,8,7.050000000000001,12.264150943396226,,,1
IA-FMR,8,7.15,12.264150943396226,,,1
IA-FMR,8,7.25,12.264150943396226,,,1
IA-FMR,8,7.35,12.264150943396226,,,1
IA-FMR,8,7.45,12.264150943396226,,,1
IA-FMR,8,7.550000000000001,12.264150943396226,,,1
IA-FMR,8,7.65,12.264150943396226,,,1
IA-FMR,8,7.75,12.264150943396226,,,1
IA-FMR,8,7.85,12.264150943396226,,,1
IA-FMR,8,7.95,12.264150943396226,,,1
IA-FMR,8,8.05,12.264150943396226,,,1
IA-FMR,8,8.15,12.264150943396226,,,1
IA-FMR,8,8.25,12.264150943396226,,,1
IA-FMR,8,8.35,12.264150943396226,,,1
IA-FMR,8,8.450000000000001,12.264150943396226,,,1
IA-FMR,8,8.55,12.264150943396226,,,1
IA-FMR,8,8.65,12.264150943396226,,,1
IA-FMR,8,8.75,12.264150943396226,,,1
IA-FMR,8,8.85,12.264150943396226,,,1
IA-FMR,8,8.950000000000001,12.264150943396226,,,1
IA-FMR,8,9.05,12.264150943396226,,,1
IA-FMR,8,9.15,12.264150943396226,,,1
IA-FMR,8,9.25,12.264150943396226,,,1
IA-FMR,8,9.35,12.264150943396226,,,1
IA-FMR,8,9.45,12.264150943396226,,,1
IA-FMR,8,9.55,12.264150943396226,,,1
IA-FMR,8,9.65,12.264150943396226,,,1
IA-FMR,8,9.75,12.264150943396226,,,1
IA-FMR,8,9.85,12.264150943396226,,,1
IA-FMR,8,9.95,12.264150943396226,,,1
IA-FMR,8,10.05,12.264150943396226,,,1
IA-FMR,8,10.15,12.264150943396226,,,1
IA-FMR,8,10.25,12.264150943396226,,,1
IA-FMR,8,10.35,12.264150943396226,,,1
IA-FMR,8,10.45,12.264150943396226,,,1
IA-FMR,8,10.55,12.264150943396226,,,1
IA-FMR,8,10.65,12.264150943396226,,,1
IA-FMR,8,10.75,12.264150943396226,,,1
IA-FMR,8,10.85,12.264150943396226,,,1
IA-FMR,8,10.95,12.264150943396226,,,1
IA-FMR,8,11.05,12.264150943396226,,,1
IA-FMR,8,11.15,12.264150943396226,,,1
IA-FMR,8,11.25,12.264150943396226,,,1
IA-FMR,8,11.35,12.264150943396226,,,1
IA-FMR,8,11.45,12.264150943396226,,,1
IA-FMR,8,11.55,12.264150943396226,,,1
IA-FMR,8,11.65,12.264150943396226,,,1
IA-FMR,8,11.75,12.264150943396226,,,1
IA-FMR,8,11.85,12.264150943396226,,,1
IA-FMR,8,11.95,12.264150943396226,,,1
IA-FMR,8,12.05,12.264150943396226,,,1
IA-FMR,8,12.15,12.264150943396226,,,1
IA-FMR,8,12.25,12.264150943396226,,,1
IA-FMR,8,12.35,12.264150943396226,,,1
IA-FMR,8,12.45,12.264150943396226,,,1
IA-FMR,8,12.55,12.264150943396226,,,1
IA-FMR,8,12.65,12.264150943396226,,,1
IA-FMR,8,12.75,12.264150943396226,,,1
IA-FMR,8,12.85,12.264150943396226,,,1
IA-FMR,8,12.95,12.264150943396226,,,1
IA-FMR,8,13.05,12.264150943396226,,,1
IA-FMR,8,13.15,12.264150943396226,,,1
IA-FMR,8,13.25,12.264150943396226,,,1
IA-FMR,8,13.35,12.264150943396226,,,1
IA-FMR,8,13.45,12.264150943396226,,,1
IA-FMR,8,13.55,12.264150943396226,,,1
IA-FMR,8,13.65,12.264150943396226,,,1
IA-FMR,8,13.75,12.264150943396226,,,1
IA-FMR,8,13.85,12.264150943396226,,,1
IA-FMR,8,13.95,12.264150943396226,,,1
IA-FMR,8,14.05,12.264150943396226,,,1
IA-FMR,8,14.15,12.264150943396226,,,1
IA-FMR,8,14.25,12.264150943396226,,,1
IA-FMR,8,14.35,12.264150943396226,,,1
IA-FMR,8,14.45,12.264150943396226,,,1
IA-FMR,8,14.55,12.264150943396226,,,1
IA-FMR,8,14.65,12.264150943396226,,,1
IA-FMR,8,14.75,12.264150943396226,,,1
IA-FMR,8,14.85,12.264150943396226,,,1
IA-FMR,8,14.95,12.264150943396226,,,1
IA-FMR,8,15.05,12.264150943396226,,,1
IA-FMR,8,15.15,12.264150943396226,,,1
IA-FMR,8,15.25,12.264150943396226,,,1
IA-FMR,8,15.35,12.264150943396226,,,1
IA-FMR,8,15.45,12.264150943396226,,,1
IA-FMR,8,15.55,12.264150943396226,,,1
IA-FMR,8,15.65,12.264150943396226,,,1
IA-FMR,8,15.75,12.264150943396226,,,1
IA-FMR,8,15.85,12.264150943396226,,,1
IA-FMR,8,15.95,12.264150943396226,,,1
IA-FMR,8,16.05,12.264150943396226,,,1
IA-FMR,8,16.150000000000002,12.264150943396226,,,1
IA-FMR,8,16.25,12.264150943396226,,,1
IA-FMR,8,16.35,12.264150943396226,,,1
IA-FMR,8,16.45,12.264150943396226,,,1
IA-FMR,8,16.55,12.264150943396226,,,1
IA-FMR,8,16.650000000000002,12.264150943396226,,,1
IA-FMR,8,16.75,12.264150943396226,,,1
IA-FMR,8,16.85,12.264150943396226,,,1
IA-FMR,8,16.95,12.264150943396226,,,1
IA-FMR,8,17.05,12.264150943396226,,,1
IA-FMR,8,17.150000000000002,12.264150943396226,,,1
IA-FMR,8,17.25,12.264150943396226,,,1
IA-FMR,8,17.35,12.264150943396226,,,1
IA-FMR,8,17.45,12.264150943396226,,,1
IA-FMR,8,17.55,12.264150943396226,,,1
IA-FMR,8,17.650000000000002,12.264150943396226,,,1
IA-FMR,8,17.75,12.264150943396226,,,1
IA-FMR,8,17.85,12.264150943396226,,,1
IA-FMR,8,17.95,12.264150943396226,,,1
IA-FMR,8,18.05,12.264150943396226,,,1
IA-FMR,8,18.15,12.264150943396226,,,1
IA-FMR,8,18.25,12.264150943396226,,,1
IA-FMR,8,18.35,12.264150943396226,,,1
IA-FMR,8,18.45,12.264150943396226,,,1
IA-FMR,8,18.55,12.264150943396226,,,1
IA-FMR,8,18.65,12.264150943396226,,,1
IA-FMR,8,18.75,12.264150943396226,,,1
IA-FMR,8,18.85,12.264150943396226,,,1
IA-FMR,8,18.95,12.264150943396226,,,1
IA-FMR,8,19.05,12.264150943396226,,,1
IA-FMR,8,19.15,12.264150943396226,,,1
IA-FMR,8,19.25,12.264150943396226,,,1
IA-FMR,8,19.35,12.264150943396226,,,1
IA-FMR,8,19.450000000000003,12.264150943396226,,,1
IA-FMR,8,19.55,12.264150943396226,,,1
IA-FMR,8,19.65,12.264150943396226,,,1
IA-FMR,8,19.75,12.264150943396226,,,1
IA-FMR,8,19.85,12.264150943396226,,,1
IA-FMR,8,19.950000000000003,12.264150943396226,,,1
IA-FMR,8,20.05,12.264150943396226,,,1
IA-FMR,8,20.15,12.264150943396226,,,1
IA-FMR,8,20.25,12.264150943396226,,,1
IA-FMR,8,20.35,12.264150943396226,,,1
IA-FMR,8,20.450000000000003,12.264150943396226,,,1
IA-FMR,8,20.55,12.264150943396226,,,1
IA-FMR,8,20.65,12.264150943396226,,,1
IA-FMR,8,20.75,12.264150943396226,,,1
IA-FMR,8,20.85,12.264150943396226,,,1
IA-FMR,8,20.950000000000003,12.264150943396226,,,1
IA-FMR,8,21.05,12.264150943396226,,,1
IA-FMR,8,21.15,12.264150943396226,,,1
IA-FMR,8,21.25,12.264150943396226,,,1
IA-FMR,8,21.35,12.264150943396226,,,1
IA-FMR,8,21.450000000000003,12.264150943396226,,,1
IA-FMR,8,21.55,12.264150943396226,,,1
IA-FMR,8,21.65,12.264150943396226,,,1
IA-FMR,8,21.75,12.264150943396226,,,1
IA-FMR,8,21.85,12.264150943396226,,,1
IA-FMR,8,21.950000000000003,12.264150943396226,,,1
IA-FMR,8,22.05,12.264150943396226,,,1
IA-FMR,8,22.15,12.264150943396226,,,1
IA-FMR,8,22.25,12.264150943396226,,,1
IA-FMR,8,22.35,12.264150943396226,,,1
IA-FMR,8,22.450000000000003,12.264150943396226,,,1
IA-FMR,8,22.55,12.264150943396226,,,1
IA-FMR,8,22.65,12.264150943396226,,,1
IA-FMR,8,22.75,12.264150943396226,,,1
IA-FMR,8,22.85,12.264150943396226,,,1
IA-FMR,8,22.950000000000003,12.264150943396226,,,1
IA-FMR,8,23.05,12.264150943396226,,,1
IA-FMR,8,23.15,12.264150943396226,,,1
IA-FMR,8,23.25,12.264150943396226,,,1
IA-FMR,8,23.35,12.264150943396226,,,1
IA-FMR,8,23.450000000000003,12.264150943396226,,,1
IA-FMR,8,23.55,12.264150943396226,,,1
IA-FMR,8,23.65,12.264150943396226,,,1
IA-FMR,8,23.75,12.264150943396226,,,1
IA-FMR,8,23.85,12.264150943396226,,,1
IA-FMR,8,23.950000000000003,12.264150943396226,,,1
IA-FMR,8,24.05,12.264150943396226,,,1
IA-FMR,8,24.15,12.264150943396226,,,1
IA-FMR,8,24.25,12.264150943396226,,,1
IA-FMR,8,24.35,12.264150943396226,,,1
IA-FMR,8,24.450000000000003,12.264150943396226,,,1
IA-FMR,8,24.55,12.264150943396226,,,1
IA-FMR,8,24.65,12.264150943396226,,,1
IA-FMR,8,24.75,12.264150943396226,,,1
IA-FMR,8,24.85,12.264150943396226,,,1
IA-FMR,8,24.950000000000003,12.264150943396226,,,1
IA-FMR,8,25.05,12.264150943396226,,,1
IA-FMR,8,25.15,12.264150943396226,,,1
IA-FMR,8,25.25,12.264150943396226,,,1
IA-FMR,8,25.35,12.264150943396226,,,1
IA-FMR,8,25.450000000000003,12.264150943396226,,,1
IA-FMR,8,25.55,12.264150943396226,,,1
IA-FMR,8,25.65,12.264150943396226,,,1
IA-FMR,8,25.75,12.264150943396226,,,1
IA-FMR,8,25.85,12.264150943396226,,,1
IA-FMR,8,25.950000000000003,12.264150943396226,,,1
IA-FMR,8,26.05,12.264150943396226,,,1
IA-FMR,8,26.15,12.264150943396226,,,1
IA-FMR,8,26.25,12.264150943396226,,,1
IA-FMR,8,26.35,12.264150943396226,,,1
IA-FMR,8,26.450000000000003,12.264150943396226,,,1
IA-FMR,8,26.55,12.264150943396226,,,1
IA-FMR,8,26.65,12.264150943396226,,,1
IA-FMR,8,26.75,12.264150943396226,,,1
IA-FMR,8,26.85,12.264150943396226,,,1
IA-FMR,8,26.950000000000003,12.264150943396226,,,1
IA-FMR,8,27.05,12.264150943396226,,,1
IA-FMR,8,27.15,12.264150943396226,,,1
IA-FMR,8,27.25,12.264150943396226,,,1
IA-FMR,8,27.35,12.264150943396226,,,1
IA-FMR,8,27.450000000000003,12.264150943396226,,,1
IA-FMR,8,27.55,12.264150943396226,,,1
IA-FMR,8,27.65,12.264150943396226,,,1
IA-FMR,8,27.75,12.264150943396226,,,1
IA-FMR,8,27.85,12.264150943396226,,,1
IA-FMR,8,27.950000000000003,12.264150943396226,,,1
IA-FMR,8,28.05,12.264150943396226,,,1
IA-FMR,8,28.15,12.264150943396226,,,1
IA-FMR,8,28.25,12.264150943396226,,,1
IA-FMR,8,28.35,12.264150943396226,,,1
IA-FMR,8,28.450000000000003,12.264150943396226,,,1
IA-FMR,8,28.55,12.264150943396226,,,1
IA-FMR,8,28.65,12.264150943396226,,,1
IA-FMR,8,28.75,12.264150943396226,,,1
IA-FMR,8,28.85,12.264150943396226,,,1
IA-FMR,8,28.950000000000003,12.264150943396226,,,1
IA-FMR,8,29.05,12.264150943396226,,,1
IA-FMR,8,29.15,12.264150943396226,,,1
IA-FMR,8,29.25,12.264150943396226,,,1
IA-FMR,8,29.35,12.264150943396226,,,1
IA-FMR,8,29.450000000000003,12.264150943396226,,,1
IA-FMR,8,29.55,12.264150943396226,,,1
IA-FMR,8,29.65,12.264150943396226,,,1
IA-FMR,8,29.75,12.264150943396226,,,1
IA-FMR,8,29.85,12.264150943396226,,,1
IA-FMR,8,29.950000000000003,12.264150943396226,,,1
IA-FMR,8,30.05,12.264150943396226,,,1
IA-FMR,8,30.15,12.264150943396226,,,1
IA-FMR,8,30.25,12.264150943396226,,,1
IA-FMR,8,30.35,12.264150943396226,,,1
IA-FMR,9,0.45,10.39908142999007,,,1
IA-FMR,9,0.55,10.407762749362062,,,1
IA-FMR,9,0.65,10.409511262458558,,,1
IA-FMR,9,0.75,10.431543870718784,,,1
IA-FMR,9,0.8500000000000001,10.437654179799006,,,1
IA-FMR,9,0.95,10.44145335095942,,,1
IA-FMR,9,1.05,10.437447422184832,,,1
IA-FMR,9,1.15,10.433674095726191,,,1
IA-FMR,9,1.25,10.43354732582826,,,1
IA-FMR,9,1.35,10.439710293173778,,,1
IA-FMR,9,1.4500000000000002,10.439477690857837,,,1
IA-FMR,9,1.55,10.439732855908796,,,1
IA-FMR,9,1.65,10.433569888563278,,,1
IA-FMR,9,1.75,10.439426657847642,,,1
IA-FMR,9,1.85,10.439426657847642,,,1
IA-FMR,9,1.95,10.443432586622228,,,1
IA-FMR,9,2.0500000000000003,10.441581746112451,,,1
IA-FMR,9,2.15,10.44145335095942,,,1
IA-FMR,9,2.25,10.439450386572126,,,1
IA-FMR,9,2.35,10.437575817337864,,,1
IA-FMR,9,2.45,10.433672604685704,,,1
IA-FMR,9,2.5500000000000003,10.435675569072998,,,1
IA-FMR,9,2.6500000000000004,10.435547173919966,,,1
IA-FMR,9,2.75,10.439450386572126,,,1
IA-FMR,9,2.85,10.435677060113484,,,1
IA-FMR,9,2.95,10.433674095726191,,,1
IA-FMR,9,3.0500000000000003,10.435818294781818,,,1
IA-FMR,9,3.1500000000000004,10.441292251380617,,,1
IA-FMR,9,3.25,10.439496044607496,,,1
IA-FMR,9,3.35,10.435464436802304,,,1
IA-FMR,9,3.45,10.429757877887562,,,1
IA-FMR,9,3.5500000000000003,10.43556001343527,,,1
IA-FMR,9,3.65,10.441301227081905,,,1
IA-FMR,9,3.75,10.44343258662223,,,1
IA-FMR,9,3.85,10.443432586622228,,,1
IA-FMR,9,3.95,10.437575817337866,,,1
IA-FMR,9,4.05,10.435677060113484,,,1
IA-FMR,9,4.15,10.43354732582826,,,1
IA-FMR,9,4.25,10.435678685368584,,,1
IA-FMR,9,4.3500000000000005,10.443457940601814,,,1
IA-FMR,9,4.45,10.439578781725158,,,1
IA-FMR,9,4.55,10.437562977822562,,,1
IA-FMR,9,4.65,10.433557049047977,,,1
IA-FMR,9,4.75,10.433659765170402,,,1
IA-FMR,9,4.8500000000000005,10.435675569072997,,,1
IA-FMR,9,4.95,10.435536122185274,,,1
IA-FMR,9,5.050000000000001,10.437551926087872,,,1
IA-FMR,9,5.15,10.439426495322133,,,1
IA-FMR,9,5.25,10.435675569072998,,,1
IA-FMR,9,5.3500000000000005,10.437562977822562,,,1
IA-FMR,9,5.45,10.433557049047977,,,1
IA-FMR,9,5.550000000000001,10.435702904815257,,,1
IA-FMR,9,5.65,10.439406499342704,,,1
IA-FMR,9,5.75,10.439639101658647,,,1
IA-FMR,9,5.8500000000000005,10.43737769025364,,,1
IA-FMR,9,5.95,10.43752790062326,,,1
IA-FMR,9,6.050000000000001,10.435499091534195,,,1
IA-FMR,9,6.15,10.445161190182334,,,1
IA-FMR,9,6.25,10.435479405035784,,,1
IA-FMR,9,6.3500000000000005,10.4212143411283,,,1
IA-FMR,9,6.45,10.393525562994522,,,1
IA-FMR,9,6.550000000000001,10.37932389937107,,,1
IA-FMR,9,6.65,10.37735849056604,,,1
IA-FMR,9,6.75,10.37735849056604,,,1
IA-FMR,9,6.8500000000000005,10.37735849056604,,,1
IA-FMR,9,6.95,10.37735849056604,,,1
IA-FMR,9,7.050000000000001,10.37735849056604,,,1
IA-FMR,9,7.15,10.37735849056604,,,1
IA-FMR,9,7.25,10.37735849056604,,,1
IA-FMR,9,7.35,10.37735849056604,,,1
IA-FMR,9,7.45,10.37735849056604,,,1
IA-FMR,9,7.550000000000001,10.37735849056604,,,1
IA-FMR,9,7.65,10.37735849056604,,,1
IA-FMR,9,7.75,10.37735849056604,,,1
IA-FMR,9,7.85,10.37735849056604,,,1
IA-FMR,9,7.95,10.37735849056604,,,1
IA-FMR,9,8.05,10.37735849056604,,,1
IA-FMR,9,8.15,10.37735849056604,,,1
IA-FMR,9,8.25,10.37735849056604,,,1
IA-FMR,9,8.35,10.37735849056604,,,1
IA-FMR,9,8.450000000000001,10.37735849056604,,,1
IA-FMR,9,8.55,10.37735849056604,,,1
IA-FMR,9,8.65,10.37735849056604,,,1
IA-FMR,9,8.75,10.37735849056604,,,1
IA-FMR,9,8.85,10.37735849056604,,,1
IA-FMR,9,8.950000000000001,10.37735849056604,,,1
IA-FMR,9,9.05,10.37735849056604,,,1
IA-FMR,9,9.15,10.37735849056604,,,1
IA-FMR,9,9.25,10.37735849056604,,,1
IA-FMR,9,9.35,10.37735849056604,,,1
IA-FMR,9,9.45,10.37735849056604,,,1
IA-FMR,9,9.55,10.37735849056604,,,1
IA-FMR,9,9.65,10.37735849056604,,,1
IA-FMR,9,9.75,10.37735849056604,,,1
IA-FMR,9,9.85,10.37735849056604,,,1
IA-FMR,9,9.95,10.37735849056604,,,1
IA-FMR,9,10.05,10.37735849056604,,,1
IA-FMR,9,10.15,10.37735849056604,,,1
IA-FMR,9,10.25,10.37735849056604,,,1
IA-FMR,9,10.35,10.37735849056604,,,1
IA-FMR,9,10.45,10.37735849056604,,,1
IA-FMR,9,10.55,10.37735849056604,,,1
IA-FMR,9,10.65,10.37735849056604,,,1
IA-FMR,9,10.75,10.37735849056604,,,1
IA-FMR,9,10.85,10.37735849056604,,,1
IA-FMR,9,10.95,10.37735849056604,,,1
IA-FMR,9,11.05,10.37735849056604,,,1
IA-FMR,9,11.15,10.37735849056604,,,1
IA-FMR,9,11.25,10.37735849056604,,,1
IA-FMR,9,11.35,10.37735849056604,,,1
IA-FMR,9,11.45,10.37735849056604,,,1
IA-FMR,9,11.55,10.37735849056604,,,1
IA-FMR,9,11.65,10.37735849056604,,,1
IA-FMR,9,11.75,10.37735849056604,,,1
IA-FMR,9,11.85,10.37735849056604,,,1
IA-FMR,9,11.95,10.37735849056604,,,1
IA-FMR,9,12.05,10.37735849056604,,,1
IA-FMR,9,12.15,10.37735849056604,,,1
IA-FMR,9,12.25,10.37735849056604,,,1
IA-FMR,9,12.35,10.37735849056604,,,1
IA-FMR,9,12.45,10.37735849056604,,,1
IA-FMR,9,12.55,10.37735849056604,,,1
IA-FMR,9,12.65,10.37735849056604,,,1
IA-FMR,9,12.75,10.37735849056604,,,1
IA-FMR,9,12.85,10.37735849056604,,,1
IA-FMR,9,12.95,10.37735849056604,,,1
IA-FMR,9,13.05,10.37735849056604,,,1
IA-FMR,9,13.15,10.37735849056604,,,1
IA-FMR,9,13.25,10.37735849056604,,,1
IA-FMR,9,13.35,10.37735849056604,,,1
IA-FMR,9,13.45,10.37735849056604,,,1
IA-FMR,9,13.55,10.37735849056604,,,1
IA-FMR,9,13.65,10.37735849056604,,,1
IA-FMR,9,13.75,10.37735849056604,,,1
IA-FMR,9,13.85,10.37735849056604,,,1
IA-FMR,9,13.95,10.37735849056604,,,1
IA-FMR,9,14.05,10.37735849056604,,,1
IA-FMR,9,14.15,10.37735849056604,,,1
IA-FMR,9,14.25,10.37735849056604,,,1
IA-FMR,9,14.35,10.37735849056604,,,1
IA-FMR,9,14.45,10.37735849056604,,,1
IA-FMR,9,14.55,10.37735849056604,,,1
IA-FMR,9,14.65,10.37735849056604,,,1
IA-FMR,9,14.75,10.37735849056604,,,1
IA-FMR,9,14.85,10.37735849056604,,,1
IA-FMR,9,14.95,10.37735849056604,,,1
IA-FMR,9,15.05,10.37735849056604,,,1
IA-FMR,9,15.15,10.37735849056604,,,1
IA-FMR,9,15.25,10.37735849056604,,,1
IA-FMR,9,15.35,10.37735849056604,,,1
IA-FMR,9,15.45,10.37735849056604,,,1
IA-FMR,9,15.55,10.37735849056604,,,1
IA-FMR,9,15.65,10.37735849056604,,,1
IA-FMR,9,15.75,10.37735849056604,,,1
IA-FMR,9,15.85,10.37735849056604,,,1
IA-FMR,9,15.95,10.37735849056604,,,1
IA-FMR,9,16.05,10.37735849056604,,,1
IA-FMR,9,16.150000000000002,10.37735849056604,,,1
IA-FMR,9,16.25,10.37735849056604,,,1
IA-FMR,9,16.35,10.37735849056604,,,1
IA-FMR,9,16.45,10.37735849056604,,,1
IA-FMR,9,16.55,10.37735849056604,,,1
IA-FMR,9,16.650000000000002,10.37735849056604,,,1
IA-FMR,9,16.75,10.37735849056604,,,1
IA-FMR,9,16.85,10.37735849056604,,,1
IA-FMR,9,16.95,10.37735849056604,,,1
IA-FMR,9,17.05,10.37735849056604,,,1
IA-FMR,9,17.150000000000002,10.37735849056604,,,1
IA-FMR,9,17.25,10.37735849056604,,,1
IA-FMR,9,17.35,10.37735849056604,,,1
IA-FMR,9,17.45,10.37735849056604,,,1
IA-FMR,9,17.55,10.37735849056604,,,1
IA-FMR,9,17.650000000000002,10.37735849056604,,,1
IA-FMR,9,17.75,10.37735849056604,,,1
IA-FMR,9,17.85,10.37735849056604,,,1
IA-FMR,9,17.95,10.37735849056604,,,1
IA-FMR,9,18.05,10.37735849056604,,,1
IA-FMR,9,18.15,10.37735849056604,,,1
IA-FMR,9,18.25,10.37735849056604,,,1
IA-FMR,9,18.35,10.37735849056604,,,1
IA-FMR,9,18.45,10.37735849056604,,,1
IA-FMR,9,18.55,10.37735849056604,,,1
IA-FMR,9,18.65,10.37735849056604,,,1
IA-FMR,9,18.75,10.37735849056604,,,1
IA-FMR,9,18.85,10.37735849056604,,,1
IA-FMR,9,18.95,10.37735849056604,,,1
IA-FMR,9,19.05,10.37735849056604,,,1
IA-FMR,9,19.15,10.37735849056604,,,1
IA-FMR,9,19.25,10.37735849056604,,,1
IA-FMR,9,19.35,10.37735849056604,,,1
IA-FMR,9,19.450000000000003,10.37735849056604,,,1
IA-FMR,9,19.55,10.37735849056604,,,1
IA-FMR,9,19.65,10.37735849056604,,,1
IA-FMR,9,19.75,10.37735849056604,,,1
IA-FMR,9,19.85,10.37735849056604,,,1
IA-FMR,9,19.950000000000003,10.37735849056604,,,1
IA-FMR,9,20.05,10.37735849056604,,,1
IA-FMR,9,20.15,10.37735849056604,,,1
IA-FMR,9,20.25,10.37735849056604,,,1
IA-FMR,9,20.35,10.37735849056604,,,1
IA-FMR,9,20.450000000000003,10.37735849056604,,,1
IA-FMR,9,20.55,10.37735849056604,,,1
IA-FMR,9,20.65,10.37735849056604,,,1
IA-FMR,9,20.75,10.37735849056604,,,1
IA-FMR,9,20.85,10.37735849056604,,,1
IA-FMR,9,20.950000000000003,10.37735849056604,,,1
IA-FMR,9,21.05,10.37735849056604,,,1
IA-FMR,9,21.15,10.37735849056604,,,1
IA-FMR,9,21.25,10.37735849056604,,,1
IA-FMR,9,21.35,10.37735849056604,,,1
IA-FMR,9,21.450000000000003,10.37735849056604,,,1
IA-FMR,9,21.55,10.37735849056604,,,1
IA-FMR,9,21.65,10.37735849056604,,,1
IA-FMR,9,21.75,10.37735849056604,,,1
IA-FMR,9,21.85,10.37735849056604,,,1
IA-FMR,9,21.950000000000003,10.37735849056604,,,1
IA-FMR,9,22.05,10.37735849056604,,,1
IA-FMR,9,22.15,10.37735849056604,,,1
IA-FMR,9,22.25,10.37735849056604,,,1
IA-FMR,9,22.35,10.37735849056604,,,1
IA-FMR,9,22.450000000000003,10.37735849056604,,,1
IA-FMR,9,22.55,10.37735849056604,,,1
IA-FMR,9,22.65,10.37735849056604,,,1
IA-FMR,9,22.75,10.37735849056604,,,1
IA-FMR,9,22.85,10.37735849056604,,,1
IA-FMR,9,22.950000000000003,10.37735849056604,,,1
IA-FMR,9,23.05,10.37735849056604,,,1
IA-FMR,9,23.15,10.37735849056604,,,1
IA-FMR,9,23.25,10.37735849056604,,,1
IA-FMR,9,23.35,10.37735849056604,,,1
IA-FMR,9,23.450000000000003,10.37735849056604,,,1
IA-FMR,9,23.55,10.37735849056604,,,1
IA-FMR,9,23.65,10.37735849056604,,,1
IA-FMR,9,23.75,10.37735849056604,,,1
IA-FMR,9,23.85,10.37735849056604,,,1
IA-FMR,9,23.950000000000003,10.37735849056604,,,1
IA-FMR,9,24.05,10.37735849056604,,,1
IA-FMR,9,24.15,10.37735849056604,,,1
IA-FMR,9,24.25,10.37735849056604,,,1
IA-FMR,9,24.35,10.37735849056604,,,1
IA-FMR,9,24.450000000000003,10.37735849056604,,,1
IA-FMR,9,24.55,10.37735849056604,,,1
IA-FMR,9,24.65,10.37735849056604,,,1
IA-FMR,9,24.75,10.37735849056604,,,1
IA-FMR,9,24.85,10.37735849056604,,,1
IA-FMR,9,24.950000000000003,10.37735849056604,,,1
IA-FMR,9,25.05,10.37735849056604,,,1
IA-FMR,9,25.15,10.37735849056604,,,1
IA-FMR,9,25.25,10.37735849056604,,,1
IA-FMR,9,25.35,10.37735849056604,,,1
IA-FMR,9,25.450000000000003,10.37735849056604,,,1
IA-FMR,9,25.55,10.37735849056604,,,1
IA-FMR,9,25.65,10.37735849056604,,,1
IA-FMR,9,25.75,10.37735849056604,,,1
IA-FMR,9,25.85,10.37735849056604,,,1
IA-FMR,9,25.950000000000003,10.37735849056604,,,1
IA-FMR,9,26.05,10.37735849056604,,,1
IA-FMR,9,26.15,10.37735849056604,,,1
IA-FMR,9,26.25,10.37735849056604,,,1
IA-FMR,9,26.35,10.37735849056604,,,1
IA-FMR,9,26.450000000000003,10.37735849056604,,,1
IA-FMR,9,26.55,10.37735849056604,,,1
IA-FMR,9,26.65,10.37735849056604,,,1
IA-FMR,9,26.75,10.37735849056604,,,1
IA-FMR,9,26.85,10.37735849056604,,,1
IA-FMR,9,26.950000000000003,10.37735849056604,,,1
IA-FMR,9,27.05,10.37735849056604,,,1
IA-FMR,9,27.15,10.37735849056604,,,1
IA-FMR,9,27.25,10.37735849056604,,,1
IA-FMR,9,27.35,10.37735849056604,,,1
IA-FMR,9,27.450000000000003,10.37735849056604,,,1
IA-FMR,9,27.55,10.37735849056604,,,1
IA-FMR,9,27.65,10.37735849056604,,,1
IA-FMR,9,27.75,10.37735849056604,,,1
IA-FMR,9,27.85,10.37735849056604,,,1
IA-FMR,9,27.950000000000003,10.37735849056604,,,1
IA-FMR,9,28.05,10.37735849056604,,,1
IA-FMR,9,28.15,10.37735849056604,,,1
IA-FMR,9,28.25,10.37735849056604,,,1
IA-FMR,9,28.35,10.37735849056604,,,1
IA-FMR,9,28.450000000000003,10.37735849056604,,,1
IA-FMR,9,28.55,10.37735849056604,,,1
IA-FMR,9,28.65,10.37735849056604,,,1
IA-FMR,9,28.75,10.37735849056604,,,1
IA-FMR,9,28.85,10.37735849056604,,,1
IA-FMR,9,28.950000000000003,10.37735849056604,,,1
IA-FMR,9,29.05,10.37735849056604,,,1
IA-FMR,9,29.15,10.37735849056604,,,1
IA-FMR,9,29.25,10.37735849056604,,,1
IA-FMR,9,29.35,10.37735849056604,,,1
IA-FMR,9,29.450000000000003,10.37735849056604,,,1
IA-FMR,9,29.55,10.37735849056604,,,1
IA-FMR,9,29.65,10.37735849056604,,,1
IA-FMR,9,29.75,10.37735849056604,,,1
IA-FMR,9,29.85,10.37735849056604,,,1
IA-FMR,9,29.950000000000003,10.37735849056604,,,1
IA-FMR,9,30.05,10.37735849056604,,,1
IA-FMR,9,30.15,10.37735849056604,,,1
IA-FMR,9,30.25,10.37735849056604,,,1
IA-FMR,9,30.35,10.37735849056604,,,1
