mode,time_bin_s,effective_ues,top1_share_pct,effective_ues_smooth,top1_share_pct_smooth
IA-FMR,0.45,8.96333952235537,12.220705064548163,8.961733557030954,12.242428003972194
IA-FMR,0.55,8.96012759170654,12.264150943396226,8.96235979265427,12.249668983780206
IA-FMR,0.65,8.9636122639009,12.264150943396226,8.962446714600949,12.264150943396226
IA-FMR,0.75,8.963600288195405,12.264150943396226,8.96400088999148,12.264150943396226
IA-FMR,0.8500000000000001,8.964790117878135,12.264150943396226,8.96439350798389,12.264150943396226
IA-FMR,0.9500000000000001,8.964790117878135,12.264150943396226,8.964658961749064,12.264150943396226
IA-FMR,1.05,8.964396649490926,12.264150943396226,8.964298406798852,12.264150943396226
IA-FMR,1.1500000000000001,8.963708453027492,12.264150943396226,8.964045067346264,12.264150943396226
IA-FMR,1.25,8.964030099520379,12.264150943396226,8.963993488432614,12.264150943396226
IA-FMR,1.35,8.96424191274997,12.264150943396228,8.964528063706533,12.264150943396226
IA-FMR,1.4500000000000002,8.965312178849256,12.264150943396228,8.964467653539794,12.264150943396226
IA-FMR,1.55,8.963848869020158,12.264150943396226,8.964526963551984,12.264150943396226
IA-FMR,1.6500000000000001,8.964419842786542,12.264150943396226,8.964039193608953,12.264150943396226
IA-FMR,1.75,8.963848869020158,12.264150943396226,8.964470092125929,12.264150943396226
IA-FMR,1.85,8.965141564571084,12.264150943396226,8.964513588342891,12.264150943396226
IA-FMR,1.9500000000000002,8.964550331437431,12.264150943396226,8.964785165561656,12.264150943396226
IA-FMR,2.0500000000000003,8.96466360067645,12.264150943396226,8.964668016664005,12.264150943396226
IA-FMR,2.15,8.964790117878135,12.264150943396226,8.964616789348502,12.264150943396226
IA-FMR,2.25,8.964396649490926,12.264150943396226,8.964483702605825,12.264150943396226
IA-FMR,2.35,8.964264340448416,12.264150943396226,8.964360277575295,12.264150943396226
IA-FMR,2.45,8.964419842786542,12.264150943396226,8.964088252463583,12.264150943396226
IA-FMR,2.5500000000000003,8.963580574155792,12.264150943396226,8.964221339206262,12.264150943396226
IA-FMR,2.6500000000000004,8.96466360067645,12.264150943396226,8.964213608107723,12.264150943396226
IA-FMR,2.75,8.964396649490926,12.264150943396226,8.964441530205264,12.264150943396226
IA-FMR,2.85,8.964264340448416,12.264150943396226,8.96423036315324,12.264150943396226
IA-FMR,2.95,8.964030099520379,12.264150943396226,8.964093802782312,12.264150943396226
IA-FMR,3.0500000000000003,8.96398696837814,12.264150943396226,8.964234981846639,12.264150943396226
IA-FMR,3.1500000000000004,8.964687877641401,12.264150943396226,8.964636187318115,12.264150943396226
IA-FMR,3.25,8.965233715934804,12.264150943396226,8.964458878764377,12.264150943396226
IA-FMR,3.35,8.963455042716925,12.264150943396226,8.964186158280922,12.264150943396226
IA-FMR,3.45,8.963869716191038,12.264150943396226,8.963770575762036,12.264150943396226
IA-FMR,3.5500000000000003,8.96398696837814,12.264150943396226,8.96417342841521,12.264150943396226
IA-FMR,3.6500000000000004,8.96466360067645,12.264150943396226,8.964597377875224,12.264150943396226
IA-FMR,3.75,8.965141564571084,12.264150943396226,8.964741669344692,12.264150943396226
IA-FMR,3.85,8.964419842786542,12.264150943396226,8.964783841745254,12.264150943396226
IA-FMR,3.95,8.964790117878135,12.264150943396226,8.964398976347606,12.264150943396226
IA-FMR,4.05,8.96398696837814,12.264150943396226,8.964222626510201,12.264150943396226
IA-FMR,4.15,8.963890793274327,12.264150943396226,8.964039891467479,12.264150943396226
IA-FMR,4.25,8.96424191274997,12.264150943396228,8.96422767915391,12.264150943396226
IA-FMR,4.3500000000000005,8.964550331437431,12.264150943396226,8.964773547913358,12.264150943396226
IA-FMR,4.45,8.965528399552676,12.264150943396226,8.964498640631568,12.264150943396226
IA-FMR,4.55,8.963417190904595,12.264150943396226,8.964271768882769,12.264150943396226
IA-FMR,4.65,8.963869716191038,12.264150943396226,8.964025674991255,12.264150943396226
IA-FMR,4.75,8.964790117878135,12.264150943396226,8.964031948067413,12.264150943396226
IA-FMR,4.8500000000000005,8.963436010133064,12.264150943396226,8.964215323599246,12.264150943396226
IA-FMR,4.95,8.964419842786542,12.264150943396226,8.964207163351531,12.264150943396226
IA-FMR,5.050000000000001,8.964765637134986,12.264150943396226,8.964351732037523,12.264150943396226
IA-FMR,5.15,8.963869716191038,12.264150943396226,8.964475157068053,12.264150943396226
IA-FMR,5.25,8.964790117878135,12.264150943396226,8.964222750342413,12.264150943396226
IA-FMR,5.3500000000000005,8.96400841695807,12.264150943396226,8.96439839477571,12.264150943396226
IA-FMR,5.45,8.964396649490926,12.264150943396226,8.964084645156385,12.264150943396226
IA-FMR,5.550000000000001,8.963848869020158,12.264150943396226,8.964185144752642,12.264150943396226
IA-FMR,5.65,8.964309915746847,12.264150943396226,8.964424930999956,12.264150943396226
IA-FMR,5.75,8.965116008232862,12.264150943396226,8.964485341166695,12.264150943396226
IA-FMR,5.8500000000000005,8.964030099520379,12.264150943396226,8.964377692043795,12.264150943396226
IA-FMR,5.95,8.96398696837814,12.264150943396226,8.964346095471443,12.264150943396226
IA-FMR,6.050000000000001,8.965021218515812,12.264150943396226,8.964202825029787,12.264150943396226
IA-FMR,6.15,8.963600288195405,12.264150943396226,8.964813093217076,12.264150943396226
IA-FMR,6.25,8.965817772940017,12.264150943396226,8.964190637688901,12.264150943396226
IA-FMR,6.3500000000000005,8.96315385193128,12.264150943396226,8.963151047697714,12.264150943396226
IA-FMR,6.45,8.96048151822185,12.264150943396228,8.96125432061989,12.264150943396226
IA-FMR,6.550000000000001,8.96012759170654,12.264150943396226,8.960245567211643,12.264150943396226
IA-FMR,6.65,8.96012759170654,12.264150943396226,8.96012759170654,12.264150943396226
IA-FMR,6.75,8.96012759170654,12.264150943396226,8.96012759170654,12.264150943396226
IA-FMR,6.8500000000000005,8.96012759170654,12.264150943396226,8.96012759170654,12.264150943396226
IA-FMR,6.95,8.96012759170654,12.264150943396226,8.96012759170654,12.264150943396226
IA-FMR,7.050000000000001,8.96012759170654,12.264150943396226,8.96012759170654,12.264150943396226
IA-FMR,7.15,8.96012759170654,12.264150943396226,8.96012759170654,12.264150943396226
IA-FMR,7.25,8.96012759170654,12.264150943396226,8.96012759170654,12.264150943396226
IA-FMR,7.3500000000000005,8.96012759170654,12.264150943396226,8.96012759170654,12.264150943396226
IA-FMR,7.45,8.96012759170654,12.264150943396226,8.96012759170654,12.264150943396226
IA-FMR,7.550000000000001,8.96012759170654,12.264150943396226,8.96012759170654,12.264150943396226
IA-FMR,7.65,8.96012759170654,12.264150943396226,8.96012759170654,12.264150943396226
IA-FMR,7.75,8.96012759170654,12.264150943396226,8.96012759170654,12.264150943396226
IA-FMR,7.8500000000000005,8.96012759170654,12.264150943396226,8.96012759170654,12.264150943396226
IA-FMR,7.95,8.96012759170654,12.264150943396226,8.96012759170654,12.264150943396226
IA-FMR,8.05,8.96012759170654,12.264150943396226,8.96012759170654,12.264150943396226
IA-FMR,8.15,8.96012759170654,12.264150943396226,8.96012759170654,12.264150943396226
IA-FMR,8.25,8.96012759170654,12.264150943396226,8.96012759170654,12.264150943396226
IA-FMR,8.35,8.96012759170654,12.264150943396226,8.96012759170654,12.264150943396226
IA-FMR,8.450000000000001,8.96012759170654,12.264150943396226,8.96012759170654,12.264150943396226
IA-FMR,8.55,8.96012759170654,12.264150943396226,8.96012759170654,12.264150943396226
IA-FMR,8.65,8.96012759170654,12.264150943396226,8.96012759170654,12.264150943396226
IA-FMR,8.75,8.96012759170654,12.264150943396226,8.96012759170654,12.264150943396226
IA-FMR,8.85,8.96012759170654,12.264150943396226,8.96012759170654,12.264150943396226
IA-FMR,8.950000000000001,8.96012759170654,12.264150943396226,8.96012759170654,12.264150943396226
IA-FMR,9.05,8.96012759170654,12.264150943396226,8.96012759170654,12.264150943396226
IA-FMR,9.15,8.96012759170654,12.264150943396226,8.96012759170654,12.264150943396226
IA-FMR,9.25,8.96012759170654,12.264150943396226,8.96012759170654,12.264150943396226
IA-FMR,9.35,8.96012759170654,12.264150943396226,8.96012759170654,12.264150943396226
IA-FMR,9.450000000000001,8.96012759170654,12.264150943396226,8.96012759170654,12.264150943396226
IA-FMR,9.55,8.96012759170654,12.264150943396226,8.96012759170654,12.264150943396226
IA-FMR,9.65,8.96012759170654,12.264150943396226,8.96012759170654,12.264150943396226
IA-FMR,9.75,8.96012759170654,12.264150943396226,8.96012759170654,12.264150943396226
IA-FMR,9.850000000000001,8.96012759170654,12.264150943396226,8.96012759170654,12.264150943396226
IA-FMR,9.950000000000001,8.96012759170654,12.264150943396226,8.96012759170654,12.264150943396226
IA-FMR,10.05,8.96012759170654,12.264150943396226,8.96012759170654,12.264150943396226
IA-FMR,10.15,8.96012759170654,12.264150943396226,8.96012759170654,12.264150943396226
IA-FMR,10.25,8.96012759170654,12.264150943396226,8.96012759170654,12.264150943396226
IA-FMR,10.350000000000001,8.96012759170654,12.264150943396226,8.96012759170654,12.264150943396226
IA-FMR,10.450000000000001,8.96012759170654,12.264150943396226,8.96012759170654,12.264150943396226
IA-FMR,10.55,8.96012759170654,12.264150943396226,8.96012759170654,12.264150943396226
IA-FMR,10.65,8.96012759170654,12.264150943396226,8.96012759170654,12.264150943396226
IA-FMR,10.75,8.96012759170654,12.264150943396226,8.96012759170654,12.264150943396226
IA-FMR,10.850000000000001,8.96012759170654,12.264150943396226,8.96012759170654,12.264150943396226
IA-FMR,10.950000000000001,8.96012759170654,12.264150943396226,8.96012759170654,12.264150943396226
IA-FMR,11.05,8.96012759170654,12.264150943396226,8.96012759170654,12.264150943396226
IA-FMR,11.15,8.96012759170654,12.264150943396226,8.96012759170654,12.264150943396226
IA-FMR,11.25,8.96012759170654,12.264150943396226,8.96012759170654,12.264150943396226
IA-FMR,11.350000000000001,8.96012759170654,12.264150943396226,8.96012759170654,12.264150943396226
IA-FMR,11.450000000000001,8.96012759170654,12.264150943396226,8.96012759170654,12.264150943396226
IA-FMR,11.55,8.96012759170654,12.264150943396226,8.96012759170654,12.264150943396226
IA-FMR,11.65,8.96012759170654,12.264150943396226,8.96012759170654,12.264150943396226
IA-FMR,11.75,8.96012759170654,12.264150943396226,8.96012759170654,12.264150943396226
IA-FMR,11.850000000000001,8.96012759170654,12.264150943396226,8.96012759170654,12.264150943396226
IA-FMR,11.950000000000001,8.96012759170654,12.264150943396226,8.96012759170654,12.264150943396226
IA-FMR,12.05,8.96012759170654,12.264150943396226,8.96012759170654,12.264150943396226
IA-FMR,12.15,8.96012759170654,12.264150943396226,8.96012759170654,12.264150943396226
IA-FMR,12.25,8.96012759170654,12.264150943396226,8.96012759170654,12.264150943396226
IA-FMR,12.350000000000001,8.96012759170654,12.264150943396226,8.96012759170654,12.264150943396226
IA-FMR,12.450000000000001,8.96012759170654,12.264150943396226,8.96012759170654,12.264150943396226
IA-FMR,12.55,8.96012759170654,12.264150943396226,8.96012759170654,12.264150943396226
IA-FMR,12.65,8.96012759170654,12.264150943396226,8.96012759170654,12.264150943396226
IA-FMR,12.75,8.96012759170654,12.264150943396226,8.96012759170654,12.264150943396226
IA-FMR,12.850000000000001,8.96012759170654,12.264150943396226,8.96012759170654,12.264150943396226
IA-FMR,12.950000000000001,8.96012759170654,12.264150943396226,8.96012759170654,12.264150943396226
IA-FMR,13.05,8.96012759170654,12.264150943396226,8.96012759170654,12.264150943396226
IA-FMR,13.15,8.96012759170654,12.264150943396226,8.96012759170654,12.264150943396226
IA-FMR,13.25,8.96012759170654,12.264150943396226,8.96012759170654,12.264150943396226
IA-FMR,13.350000000000001,8.96012759170654,12.264150943396226,8.96012759170654,12.264150943396226
IA-FMR,13.450000000000001,8.96012759170654,12.264150943396226,8.96012759170654,12.264150943396226
IA-FMR,13.55,8.96012759170654,12.264150943396226,8.96012759170654,12.264150943396226
IA-FMR,13.65,8.96012759170654,12.264150943396226,8.96012759170654,12.264150943396226
IA-FMR,13.75,8.96012759170654,12.264150943396226,8.96012759170654,12.264150943396226
IA-FMR,13.850000000000001,8.96012759170654,12.264150943396226,8.96012759170654,12.264150943396226
IA-FMR,13.950000000000001,8.96012759170654,12.264150943396226,8.96012759170654,12.264150943396226
IA-FMR,14.05,8.96012759170654,12.264150943396226,8.96012759170654,12.264150943396226
IA-FMR,14.15,8.96012759170654,12.264150943396226,8.96012759170654,12.264150943396226
IA-FMR,14.25,8.96012759170654,12.264150943396226,8.96012759170654,12.264150943396226
IA-FMR,14.350000000000001,8.96012759170654,12.264150943396226,8.96012759170654,12.264150943396226
IA-FMR,14.450000000000001,8.96012759170654,12.264150943396226,8.96012759170654,12.264150943396226
IA-FMR,14.55,8.96012759170654,12.264150943396226,8.96012759170654,12.264150943396226
IA-FMR,14.65,8.96012759170654,12.264150943396226,8.96012759170654,12.264150943396226
IA-FMR,14.75,8.96012759170654,12.264150943396226,8.96012759170654,12.264150943396226
IA-FMR,14.850000000000001,8.96012759170654,12.264150943396226,8.96012759170654,12.264150943396226
IA-FMR,14.950000000000001,8.96012759170654,12.264150943396226,8.96012759170654,12.264150943396226
IA-FMR,15.05,8.96012759170654,12.264150943396226,8.96012759170654,12.264150943396226
IA-FMR,15.15,8.96012759170654,12.264150943396226,8.96012759170654,12.264150943396226
IA-FMR,15.25,8.96012759170654,12.264150943396226,8.96012759170654,12.264150943396226
IA-FMR,15.350000000000001,8.96012759170654,12.264150943396226,8.96012759170654,12.264150943396226
IA-FMR,15.450000000000001,8.96012759170654,12.264150943396226,8.96012759170654,12.264150943396226
IA-FMR,15.55,8.96012759170654,12.264150943396226,8.96012759170654,12.264150943396226
IA-FMR,15.65,8.96012759170654,12.264150943396226,8.96012759170654,12.264150943396226
IA-FMR,15.75,8.96012759170654,12.264150943396226,8.96012759170654,12.264150943396226
IA-FMR,15.850000000000001,8.96012759170654,12.264150943396226,8.96012759170654,12.264150943396226
IA-FMR,15.950000000000001,8.96012759170654,12.264150943396226,8.96012759170654,12.264150943396226
IA-FMR,16.05,8.96012759170654,12.264150943396226,8.96012759170654,12.264150943396226
IA-FMR,16.150000000000002,8.96012759170654,12.264150943396226,8.96012759170654,12.264150943396226
IA-FMR,16.25,8.96012759170654,12.264150943396226,8.96012759170654,12.264150943396226
IA-FMR,16.35,8.96012759170654,12.264150943396226,8.96012759170654,12.264150943396226
IA-FMR,16.45,8.96012759170654,12.264150943396226,8.96012759170654,12.264150943396226
IA-FMR,16.55,8.96012759170654,12.264150943396226,8.96012759170654,12.264150943396226
IA-FMR,16.650000000000002,8.96012759170654,12.264150943396226,8.96012759170654,12.264150943396226
IA-FMR,16.75,8.96012759170654,12.264150943396226,8.96012759170654,12.264150943396226
IA-FMR,16.85,8.96012759170654,12.264150943396226,8.96012759170654,12.264150943396226
IA-FMR,16.95,8.96012759170654,12.264150943396226,8.96012759170654,12.264150943396226
IA-FMR,17.05,8.96012759170654,12.264150943396226,8.96012759170654,12.264150943396226
IA-FMR,17.150000000000002,8.96012759170654,12.264150943396226,8.96012759170654,12.264150943396226
IA-FMR,17.25,8.96012759170654,12.264150943396226,8.96012759170654,12.264150943396226
IA-FMR,17.35,8.96012759170654,12.264150943396226,8.96012759170654,12.264150943396226
IA-FMR,17.45,8.96012759170654,12.264150943396226,8.96012759170654,12.264150943396226
IA-FMR,17.55,8.96012759170654,12.264150943396226,8.96012759170654,12.264150943396226
IA-FMR,17.650000000000002,8.96012759170654,12.264150943396226,8.96012759170654,12.264150943396226
IA-FMR,17.75,8.96012759170654,12.264150943396226,8.96012759170654,12.264150943396226
IA-FMR,17.85,8.96012759170654,12.264150943396226,8.96012759170654,12.264150943396226
IA-FMR,17.95,8.96012759170654,12.264150943396226,8.96012759170654,12.264150943396226
IA-FMR,18.05,8.96012759170654,12.264150943396226,8.96012759170654,12.264150943396226
IA-FMR,18.150000000000002,8.96012759170654,12.264150943396226,8.96012759170654,12.264150943396226
IA-FMR,18.25,8.96012759170654,12.264150943396226,8.96012759170654,12.264150943396226
IA-FMR,18.35,8.96012759170654,12.264150943396226,8.96012759170654,12.264150943396226
IA-FMR,18.45,8.96012759170654,12.264150943396226,8.96012759170654,12.264150943396226
IA-FMR,18.55,8.96012759170654,12.264150943396226,8.96012759170654,12.264150943396226
IA-FMR,18.650000000000002,8.96012759170654,12.264150943396226,8.96012759170654,12.264150943396226
IA-FMR,18.75,8.96012759170654,12.264150943396226,8.96012759170654,12.264150943396226
IA-FMR,18.85,8.96012759170654,12.264150943396226,8.96012759170654,12.264150943396226
IA-FMR,18.95,8.96012759170654,12.264150943396226,8.96012759170654,12.264150943396226
IA-FMR,19.05,8.96012759170654,12.264150943396226,8.96012759170654,12.264150943396226
IA-FMR,19.150000000000002,8.96012759170654,12.264150943396226,8.96012759170654,12.264150943396226
IA-FMR,19.25,8.96012759170654,12.264150943396226,8.96012759170654,12.264150943396226
IA-FMR,19.35,8.96012759170654,12.264150943396226,8.96012759170654,12.264150943396226
IA-FMR,19.450000000000003,8.96012759170654,12.264150943396226,8.96012759170654,12.264150943396226
IA-FMR,19.55,8.96012759170654,12.264150943396226,8.96012759170654,12.264150943396226
IA-FMR,19.650000000000002,8.96012759170654,12.264150943396226,8.96012759170654,12.264150943396226
IA-FMR,19.75,8.96012759170654,12.264150943396226,8.96012759170654,12.264150943396226
IA-FMR,19.85,8.96012759170654,12.264150943396226,8.96012759170654,12.264150943396226
IA-FMR,19.950000000000003,8.96012759170654,12.264150943396226,8.96012759170654,12.264150943396226
IA-FMR,20.05,8.96012759170654,12.264150943396226,8.96012759170654,12.264150943396226
IA-FMR,20.150000000000002,8.96012759170654,12.264150943396226,8.96012759170654,12.264150943396226
IA-FMR,20.25,8.96012759170654,12.264150943396226,8.96012759170654,12.264150943396226
IA-FMR,20.35,8.96012759170654,12.264150943396226,8.96012759170654,12.264150943396226
IA-FMR,20.450000000000003,8.96012759170654,12.264150943396226,8.96012759170654,12.264150943396226
IA-FMR,20.55,8.96012759170654,12.264150943396226,8.96012759170654,12.264150943396226
IA-FMR,20.650000000000002,8.96012759170654,12.264150943396226,8.96012759170654,12.264150943396226
IA-FMR,20.75,8.96012759170654,12.264150943396226,8.96012759170654,12.264150943396226
IA-FMR,20.85,8.96012759170654,12.264150943396226,8.96012759170654,12.264150943396226
IA-FMR,20.950000000000003,8.96012759170654,12.264150943396226,8.96012759170654,12.264150943396226
IA-FMR,21.05,8.96012759170654,12.264150943396226,8.96012759170654,12.264150943396226
IA-FMR,21.150000000000002,8.96012759170654,12.264150943396226,8.96012759170654,12.264150943396226
IA-FMR,21.25,8.96012759170654,12.264150943396226,8.96012759170654,12.264150943396226
IA-FMR,21.35,8.96012759170654,12.264150943396226,8.96012759170654,12.264150943396226
IA-FMR,21.450000000000003,8.96012759170654,12.264150943396226,8.96012759170654,12.264150943396226
IA-FMR,21.55,8.96012759170654,12.264150943396226,8.96012759170654,12.264150943396226
IA-FMR,21.650000000000002,8.96012759170654,12.264150943396226,8.96012759170654,12.264150943396226
IA-FMR,21.75,8.96012759170654,12.264150943396226,8.96012759170654,12.264150943396226
IA-FMR,21.85,8.96012759170654,12.264150943396226,8.96012759170654,12.264150943396226
IA-FMR,21.950000000000003,8.96012759170654,12.264150943396226,8.96012759170654,12.264150943396226
IA-FMR,22.05,8.96012759170654,12.264150943396226,8.96012759170654,12.264150943396226
IA-FMR,22.150000000000002,8.96012759170654,12.264150943396226,8.96012759170654,12.264150943396226
IA-FMR,22.25,8.96012759170654,12.264150943396226,8.96012759170654,12.264150943396226
IA-FMR,22.35,8.96012759170654,12.264150943396226,8.96012759170654,12.264150943396226
IA-FMR,22.450000000000003,8.96012759170654,12.264150943396226,8.96012759170654,12.264150943396226
IA-FMR,22.55,8.96012759170654,12.264150943396226,8.96012759170654,12.264150943396226
IA-FMR,22.650000000000002,8.96012759170654,12.264150943396226,8.96012759170654,12.264150943396226
IA-FMR,22.75,8.96012759170654,12.264150943396226,8.96012759170654,12.264150943396226
IA-FMR,22.85,8.96012759170654,12.264150943396226,8.96012759170654,12.264150943396226
IA-FMR,22.950000000000003,8.96012759170654,12.264150943396226,8.96012759170654,12.264150943396226
IA-FMR,23.05,8.96012759170654,12.264150943396226,8.96012759170654,12.264150943396226
IA-FMR,23.150000000000002,8.96012759170654,12.264150943396226,8.96012759170654,12.264150943396226
IA-FMR,23.25,8.96012759170654,12.264150943396226,8.96012759170654,12.264150943396226
IA-FMR,23.35,8.96012759170654,12.264150943396226,8.96012759170654,12.264150943396226
IA-FMR,23.450000000000003,8.96012759170654,12.264150943396226,8.96012759170654,12.264150943396226
IA-FMR,23.55,8.96012759170654,12.264150943396226,8.96012759170654,12.264150943396226
IA-FMR,23.650000000000002,8.96012759170654,12.264150943396226,8.96012759170654,12.264150943396226
IA-FMR,23.75,8.96012759170654,12.264150943396226,8.96012759170654,12.264150943396226
IA-FMR,23.85,8.96012759170654,12.264150943396226,8.96012759170654,12.264150943396226
IA-FMR,23.950000000000003,8.96012759170654,12.264150943396226,8.96012759170654,12.264150943396226
IA-FMR,24.05,8.96012759170654,12.264150943396226,8.96012759170654,12.264150943396226
IA-FMR,24.150000000000002,8.96012759170654,12.264150943396226,8.96012759170654,12.264150943396226
IA-FMR,24.25,8.96012759170654,12.264150943396226,8.96012759170654,12.264150943396226
IA-FMR,24.35,8.96012759170654,12.264150943396226,8.96012759170654,12.264150943396226
IA-FMR,24.450000000000003,8.96012759170654,12.264150943396226,8.96012759170654,12.264150943396226
IA-FMR,24.55,8.96012759170654,12.264150943396226,8.96012759170654,12.264150943396226
IA-FMR,24.650000000000002,8.96012759170654,12.264150943396226,8.96012759170654,12.264150943396226
IA-FMR,24.75,8.96012759170654,12.264150943396226,8.96012759170654,12.264150943396226
IA-FMR,24.85,8.96012759170654,12.264150943396226,8.96012759170654,12.264150943396226
IA-FMR,24.950000000000003,8.96012759170654,12.264150943396226,8.96012759170654,12.264150943396226
IA-FMR,25.05,8.96012759170654,12.264150943396226,8.96012759170654,12.264150943396226
IA-FMR,25.150000000000002,8.96012759170654,12.264150943396226,8.96012759170654,12.264150943396226
IA-FMR,25.25,8.96012759170654,12.264150943396226,8.96012759170654,12.264150943396226
IA-FMR,25.35,8.96012759170654,12.264150943396226,8.96012759170654,12.264150943396226
IA-FMR,25.450000000000003,8.96012759170654,12.264150943396226,8.96012759170654,12.264150943396226
IA-FMR,25.55,8.96012759170654,12.264150943396226,8.96012759170654,12.264150943396226
IA-FMR,25.650000000000002,8.96012759170654,12.264150943396226,8.96012759170654,12.264150943396226
IA-FMR,25.75,8.96012759170654,12.264150943396226,8.96012759170654,12.264150943396226
IA-FMR,25.85,8.96012759170654,12.264150943396226,8.96012759170654,12.264150943396226
IA-FMR,25.950000000000003,8.96012759170654,12.264150943396226,8.96012759170654,12.264150943396226
IA-FMR,26.05,8.96012759170654,12.264150943396226,8.96012759170654,12.264150943396226
IA-FMR,26.150000000000002,8.96012759170654,12.264150943396226,8.96012759170654,12.264150943396226
IA-FMR,26.25,8.96012759170654,12.264150943396226,8.96012759170654,12.264150943396226
IA-FMR,26.35,8.96012759170654,12.264150943396226,8.96012759170654,12.264150943396226
IA-FMR,26.450000000000003,8.96012759170654,12.264150943396226,8.96012759170654,12.264150943396226
IA-FMR,26.55,8.96012759170654,12.264150943396226,8.96012759170654,12.264150943396226
IA-FMR,26.650000000000002,8.96012759170654,12.264150943396226,8.96012759170654,12.264150943396226
IA-FMR,26.75,8.96012759170654,12.264150943396226,8.96012759170654,12.264150943396226
IA-FMR,26.85,8.96012759170654,12.264150943396226,8.96012759170654,12.264150943396226
IA-FMR,26.950000000000003,8.96012759170654,12.264150943396226,8.96012759170654,12.264150943396226
IA-FMR,27.05,8.96012759170654,12.264150943396226,8.96012759170654,12.264150943396226
IA-FMR,27.150000000000002,8.96012759170654,12.264150943396226,8.96012759170654,12.264150943396226
IA-FMR,27.25,8.96012759170654,12.264150943396226,8.96012759170654,12.264150943396226
IA-FMR,27.35,8.96012759170654,12.264150943396226,8.96012759170654,12.264150943396226
IA-FMR,27.450000000000003,8.96012759170654,12.264150943396226,8.96012759170654,12.264150943396226
IA-FMR,27.55,8.96012759170654,12.264150943396226,8.96012759170654,12.264150943396226
IA-FMR,27.650000000000002,8.96012759170654,12.264150943396226,8.96012759170654,12.264150943396226
IA-FMR,27.75,8.96012759170654,12.264150943396226,8.96012759170654,12.264150943396226
IA-FMR,27.85,8.96012759170654,12.264150943396226,8.96012759170654,12.264150943396226
IA-FMR,27.950000000000003,8.96012759170654,12.264150943396226,8.96012759170654,12.264150943396226
IA-FMR,28.05,8.96012759170654,12.264150943396226,8.96012759170654,12.264150943396226
IA-FMR,28.150000000000002,8.96012759170654,12.264150943396226,8.96012759170654,12.264150943396226
IA-FMR,28.25,8.96012759170654,12.264150943396226,8.96012759170654,12.264150943396226
IA-FMR,28.35,8.96012759170654,12.264150943396226,8.96012759170654,12.264150943396226
IA-FMR,28.450000000000003,8.96012759170654,12.264150943396226,8.96012759170654,12.264150943396226
IA-FMR,28.55,8.96012759170654,12.264150943396226,8.96012759170654,12.264150943396226
IA-FMR,28.650000000000002,8.96012759170654,12.264150943396226,8.96012759170654,12.264150943396226
IA-FMR,28.75,8.96012759170654,12.264150943396226,8.96012759170654,12.264150943396226
IA-FMR,28.85,8.96012759170654,12.264150943396226,8.96012759170654,12.264150943396226
IA-FMR,28.950000000000003,8.96012759170654,12.264150943396226,8.96012759170654,12.264150943396226
IA-FMR,29.05,8.96012759170654,12.264150943396226,8.96012759170654,12.264150943396226
IA-FMR,29.150000000000002,8.96012759170654,12.264150943396226,8.96012759170654,12.264150943396226
IA-FMR,29.25,8.96012759170654,12.264150943396226,8.96012759170654,12.264150943396226
IA-FMR,29.35,8.96012759170654,12.264150943396226,8.96012759170654,12.264150943396226
IA-FMR,29.450000000000003,8.96012759170654,12.264150943396226,8.96012759170654,12.264150943396226
IA-FMR,29.55,8.96012759170654,12.264150943396226,8.96012759170654,12.264150943396226
IA-FMR,29.650000000000002,8.96012759170654,12.264150943396226,8.96012759170654,12.264150943396226
IA-FMR,29.75,8.96012759170654,12.264150943396226,8.96012759170654,12.264150943396226
IA-FMR,29.85,8.96012759170654,12.264150943396226,8.96012759170654,12.264150943396226
IA-FMR,29.950000000000003,8.96012759170654,12.264150943396226,8.96012759170654,12.264150943396226
IA-FMR,30.05,8.96012759170654,12.264150943396226,8.96012759170654,12.264150943396226
IA-FMR,30.150000000000002,8.96012759170654,12.264150943396226,8.96012759170654,12.264150943396226
IA-FMR,30.25,8.96012759170654,12.264150943396226,8.96012759170654,12.264150943396226
IA-FMR,30.35,8.96012759170654,12.264150943396226,8.96012759170654,12.264150943396226
MR,0.45,6.11145382645626,20.05707943554781,6.010394848168165,19.96819635554375
MR,0.55,5.90933586988007,19.87931327553969,5.986317157723408,19.9407307050861
MR,0.65,5.938161776833895,19.885799404170804,5.923831218447254,19.40298055222939
MR,0.75,5.923996008627796,18.44382897697767,5.922041145594544,19.323140849748174
MR,0.8500000000000001,5.903965651321938,19.639794168096056,5.899777398171583,19.56745169485346
MR,0.9500000000000001,5.871370534565014,20.618731939486658,5.791016164994088,21.53383934044312
MR,1.05,5.597712309095312,24.342991913746634,5.81333465953682,21.34275270447068
MR,1.1500000000000001,5.970921134950133,19.066534260178752,5.772374942479736,21.85256665551711
MR,1.25,5.748491383393763,22.14817379262593,5.892649752723698,19.954543295229595
MR,1.35,5.958536739827196,18.648921832884096,5.902215913990445,19.211677876966952
MR,1.4500000000000002,5.999619618750377,16.837938005390836,5.978880980484374,17.76413374290733
MR,1.55,5.97848658287555,17.80554139044705,5.924907509444531,18.769198780991232
MR,1.6500000000000001,5.796616326707668,21.664116947135817,5.917695002100118,18.92079027270303
MR,1.75,5.977982096717135,17.292712480526223,5.909617848909986,18.80321987211376
MR,1.85,5.954255123305157,17.452830188679247,5.9423125249882425,18.39339292926795
MR,1.9500000000000002,5.894700354942435,20.434636118598384,5.772978640419846,21.515514143197944
MR,2.0500000000000003,5.469980443011944,26.6590761223162,5.7029204339750805,23.50484966411673
MR,2.15,5.744080503970863,23.4208367514356,5.7226552839072085,22.923119011631357
MR,2.25,5.953904904738817,18.689444161142273,5.895585176958687,20.108149468928364
MR,2.35,5.988770122166384,18.214167494207217,5.923581449299642,18.98068210547522
MR,2.45,5.828069320993727,20.03843466107617,5.901691306149476,19.596105480332557
MR,2.5500000000000003,5.888234475288316,20.535714285714285,5.883949405936949,20.106226862710972
MR,2.6500000000000004,5.935544421528804,19.744531641342462,5.91368522817498,19.97334669838427
MR,2.75,5.917276787707822,19.639794168096056,5.940065749619982,19.221938281881513
MR,2.85,5.9673760396233195,18.28148903620602,5.945907865698465,18.86740943344717
MR,2.95,5.953070769764253,18.680945096039437,5.944813922774114,19.12469931337856
MR,3.0500000000000003,5.913994958934771,20.41166380789022,5.928083353140323,19.365101440573138
MR,3.1500000000000004,5.917184330721945,19.002695417789756,5.885919765689725,20.124969370252387
MR,3.25,5.826580007412459,20.960548885077188,5.866701628833618,20.44989994282447
MR,3.35,5.85634054836645,21.38645552560647,5.488064013731315,25.244675653384814
MR,3.45,4.7812714854150355,33.38702254947078,5.2327832646979955,28.495128493182822
MR,3.5500000000000003,5.060737760312502,30.711907404471223,5.063184206727953,30.854027019534183
MR,3.6500000000000004,5.3475433744563174,28.46315110466054,5.215403330862417,29.47602476131797
MR,3.75,5.237928857818431,29.253015774822146,5.502131210802847,25.923919957132146
MR,3.85,5.920921400133789,20.05559299191375,5.412817051463217,26.46415540302797
MR,3.95,5.079600896437434,30.083857442348013,5.473113484841715,25.935707092061147
MR,4.05,5.418818157953922,27.667670841921677,5.143841755861005,29.957926653517415
MR,4.15,4.93310621319166,32.12225167628255,4.954054945599595,31.65691337608904
MR,4.25,4.510240465653204,35.180817610062896,4.842758827808473,32.92743818978811
MR,4.3500000000000005,5.084929804580554,31.47924528301887,4.835309143930026,33.07802577082375
MR,4.45,4.910757161556321,32.57401441938948,4.891703765150063,32.68743461050703
MR,4.55,4.679424329313315,34.009044129112745,4.894741703593225,32.187364729305074
MR,4.65,5.094043619910042,29.979035639413,4.841343244827652,32.15019527197915
MR,4.75,4.7505617852596,32.46250604741171,4.995790593850503,30.954706940984817
MR,4.8500000000000005,5.142766376381867,30.422579136129734,4.914301663538732,31.716940555604666
MR,4.95,4.84957682897473,32.265736483272555,5.005804981179146,31.372221428724306
MR,5.050000000000001,5.0250717381808405,31.428348666770624,4.913718961927333,32.16032346531494
MR,5.15,4.866508318626428,32.78688524590164,4.930992668577875,31.998298309873807
MR,5.25,4.901397948926356,31.779661016949156,5.015457302900049,31.314428710980167
MR,5.3500000000000005,5.27846564114736,29.3767398700897,4.885205271999872,32.47351727681169
MR,5.45,4.475752225925903,36.264150943396224,4.850058076095643,33.09707518899521
MR,5.550000000000001,4.795956361213668,33.6503347534997,4.690863925288114,34.32411231218845
MR,5.65,4.800883188724771,33.05785123966942,4.87278253018729,32.95034771200875
MR,5.75,5.021508040623427,32.142857142857146,4.950729358908181,32.15770792957757
MR,5.8500000000000005,5.029796847376347,31.272415406206143,5.169011853740844,30.458035389424754
MR,5.95,5.455730673222757,27.958833619210978,5.116017184839986,30.7475232600447
MR,6.050000000000001,4.862524033920857,33.011320754716984,5.347081030443015,28.206895865960675
MR,6.15,5.7229883841854345,23.65053322395406,5.049438423970743,30.75395132622368
MR,6.25,4.562802853805938,35.6,5.129101948020096,29.889705250434872
MR,6.3500000000000005,5.101514606068914,30.418582527350562,4.714070866132007,29.95359268921977
MR,6.45,4.477895138521169,23.842195540308747,4.429899085829015,27.906431493389665
MR,6.550000000000001,3.7102875128969615,29.458516412509695,3.9578989906559854,30.315853788473593
MR,6.65,3.6855143205498253,37.64684941260235,3.686104242889505,35.08268483478577
MR,6.75,3.6625108952217285,38.14268867924528,3.671834133926005,37.94203156520707
MR,6.8500000000000005,3.6674771860064617,38.03655660377358,3.6641663254833063,38.10731132075472
MR,6.95,3.6625108952217285,38.14268867924528,3.804022440192584,35.739201965929446
MR,7.050000000000001,4.082079239349561,31.038360614769463,4.172953099901362,31.294908706777694
MR,7.15,4.774269165132798,24.70367682631834,4.572724351274421,26.66833637973367
MR,7.25,4.861824649340904,24.26297169811321,4.831980975159905,24.40004636348976
MR,7.3500000000000005,4.859849111006013,24.233490566037737,4.861166136562606,24.25314465408805
MR,7.45,4.861824649340904,24.26297169811321,4.866420405258103,24.202910758232743
MR,7.550000000000001,4.877587455427392,24.112270010547288,4.8607022826472,24.253714721683554
MR,7.65,4.842694743173305,24.385902456390177,4.860043769868903,24.243887677658396
MR,7.75,4.859849111006013,24.233490566037737,4.854789501173407,24.294121573513706
MR,7.8500000000000005,4.861824649340904,24.26297169811321,4.860507623784311,24.243317610062892
MR,7.95,4.859849111006013,24.233490566037737,4.8674550422918275,24.202910758232743
MR,8.05,4.880691366528567,24.112270010547288,4.866311133633342,24.202910758232743
MR,8.15,4.858392923365445,24.262971698113205,4.860593011022439,24.253714721683554
MR,8.25,4.842694743173305,24.385902456390177,4.853645592514922,24.294121573513703
MR,8.35,4.859849111006013,24.233490566037737,4.854789501173407,24.294121573513706
MR,8.450000000000001,4.861824649340904,24.26297169811321,4.866420405258103,24.202910758232743
MR,8.55,4.877587455427392,24.112270010547288,4.867560066455855,24.202910758232743
MR,8.65,4.86326809459927,24.233490566037737,4.859934279179972,24.243887677658396
MR,8.75,4.8389472875132515,24.385902456390173,4.854680010484476,24.294121573513703
MR,8.85,4.861824649340904,24.26297169811321,4.853540349286723,24.294121573513706
MR,8.950000000000001,4.859849111006013,24.233490566037737,4.8674550422918275,24.202910758232743
MR,9.05,4.880691366528567,24.112270010547288,4.866311133633342,24.202910758232743
MR,9.15,4.858392923365445,24.262971698113205,4.860593011022439,24.253714721683554
MR,9.25,4.842694743173305,24.385902456390177,4.853645592514922,24.294121573513706
MR,9.35,4.859849111006013,24.233490566037737,4.854789501173407,24.294121573513706
MR,9.450000000000001,4.861824649340904,24.26297169811321,4.866420405258103,24.202910758232743
MR,9.55,4.877587455427392,24.112270010547288,4.867560066455855,24.202910758232743
MR,9.65,4.86326809459927,24.233490566037737,4.859934279179972,24.243887677658396
MR,9.75,4.8389472875132515,24.385902456390173,4.854680010484476,24.294121573513706
MR,9.850000000000001,4.861824649340904,24.26297169811321,4.853540349286723,24.294121573513706
MR,9.950000000000001,4.859849111006013,24.233490566037737,4.8674550422918275,24.202910758232743
MR,10.05,4.880691366528567,24.112270010547288,4.866311133633342,24.202910758232743
MR,10.15,4.858392923365445,24.262971698113205,4.860593011022439,24.253714721683554
MR,10.25,4.842694743173305,24.385902456390177,4.853645592514922,24.294121573513703
MR,10.350000000000001,4.859849111006013,24.233490566037737,4.854789501173407,24.294121573513706
MR,10.450000000000001,4.861824649340904,24.26297169811321,4.866420405258103,24.202910758232743
MR,10.55,4.877587455427392,24.112270010547288,4.867560066455855,24.202910758232743
MR,10.65,4.86326809459927,24.233490566037737,4.859934279179972,24.243887677658396
MR,10.75,4.8389472875132515,24.385902456390173,4.854680010484476,24.294121573513703
MR,10.850000000000001,4.861824649340904,24.26297169811321,4.853540349286723,24.294121573513706
MR,10.950000000000001,4.859849111006013,24.233490566037737,4.8674550422918275,24.202910758232743
MR,11.05,4.880691366528567,24.112270010547288,4.866311133633342,24.202910758232743
MR,11.15,4.858392923365445,24.262971698113205,4.860593011022439,24.253714721683554
MR,11.25,4.842694743173305,24.385902456390177,4.853645592514922,24.294121573513706
MR,11.350000000000001,4.859849111006013,24.233490566037737,4.854789501173407,24.294121573513706
MR,11.450000000000001,4.861824649340904,24.26297169811321,4.866420405258103,24.202910758232743
MR,11.55,4.877587455427392,24.112270010547288,4.867560066455855,24.202910758232743
MR,11.65,4.86326809459927,24.233490566037737,4.859934279179972,24.243887677658396
MR,11.75,4.8389472875132515,24.385902456390173,4.854680010484476,24.294121573513706
MR,11.850000000000001,4.861824649340904,24.26297169811321,4.853540349286723,24.294121573513706
MR,11.950000000000001,4.859849111006013,24.233490566037737,4.8674550422918275,24.202910758232743
MR,12.05,4.880691366528567,24.112270010547288,4.866311133633342,24.202910758232743
MR,12.15,4.858392923365445,24.262971698113205,4.860593011022439,24.253714721683554
MR,12.25,4.842694743173305,24.385902456390177,4.853645592514922,24.294121573513703
MR,12.350000000000001,4.859849111006013,24.233490566037737,4.582879375377427,24.6439643408093
MR,12.450000000000001,4.046094271952964,25.3125,4.301506631804831,25.005896226415093
MR,12.55,3.9985765124555157,25.471698113207548,4.014415765621332,25.418632075471695
MR,12.65,3.9985765124555157,25.471698113207548,3.9985765124555157,25.471698113207548
MR,12.75,3.9985765124555157,25.471698113207548,3.9985765124555157,25.471698113207548
MR,12.850000000000001,3.9985765124555157,25.471698113207548,3.9985765124555157,25.471698113207548
MR,12.950000000000001,3.9985765124555157,25.471698113207548,3.9985765124555157,25.471698113207548
MR,13.05,3.9985765124555157,25.471698113207548,3.9985765124555157,25.471698113207548
MR,13.15,3.9985765124555157,25.471698113207548,3.9985765124555157,25.471698113207548
MR,13.25,3.9985765124555157,25.471698113207548,3.9985765124555157,25.471698113207548
MR,13.350000000000001,3.9985765124555157,25.471698113207548,3.9985765124555157,25.471698113207548
MR,13.450000000000001,3.9985765124555157,25.471698113207548,3.9985765124555157,25.471698113207548
MR,13.55,3.9985765124555157,25.471698113207548,3.9985765124555157,25.471698113207548
MR,13.65,3.9985765124555157,25.471698113207548,3.9985765124555157,25.471698113207548
MR,13.75,3.9985765124555157,25.471698113207548,3.9985765124555157,25.471698113207548
MR,13.850000000000001,3.9985765124555157,25.471698113207548,3.9985765124555157,25.471698113207548
MR,13.950000000000001,3.9985765124555157,25.471698113207548,3.9985765124555157,25.471698113207548
MR,14.05,3.9985765124555157,25.471698113207548,3.9985765124555157,25.471698113207548
MR,14.15,3.9985765124555157,25.471698113207548,3.9985765124555157,25.471698113207548
MR,14.25,3.9985765124555157,25.471698113207548,3.9985765124555157,25.471698113207548
MR,14.350000000000001,3.9985765124555157,25.471698113207548,3.9985765124555157,25.471698113207548
MR,14.450000000000001,3.9985765124555157,25.471698113207548,3.9985765124555157,25.471698113207548
MR,14.55,3.9985765124555157,25.471698113207548,3.9985765124555157,25.471698113207548
MR,14.65,3.9985765124555157,25.471698113207548,3.9985765124555157,25.471698113207548
MR,14.75,3.9985765124555157,25.471698113207548,3.9985765124555157,25.471698113207548
MR,14.850000000000001,3.9985765124555157,25.471698113207548,3.9985765124555157,25.471698113207548
MR,14.950000000000001,3.9985765124555157,25.471698113207548,3.9985765124555157,25.471698113207548
MR,15.05,3.9985765124555157,25.471698113207548,3.9985765124555157,25.471698113207548
MR,15.15,3.9985765124555157,25.471698113207548,3.9985765124555157,25.471698113207548
MR,15.25,3.9985765124555157,25.471698113207548,3.9985765124555157,25.471698113207548
MR,15.350000000000001,3.9985765124555157,25.471698113207548,3.9985765124555157,25.471698113207548
MR,15.450000000000001,3.9985765124555157,25.471698113207548,3.9985765124555157,25.471698113207548
MR,15.55,3.9985765124555157,25.471698113207548,3.9985765124555157,25.471698113207548
MR,15.65,3.9985765124555157,25.471698113207548,3.9985765124555157,25.471698113207548
MR,15.75,3.9985765124555157,25.471698113207548,3.9985765124555157,25.471698113207548
MR,15.850000000000001,3.9985765124555157,25.471698113207548,3.9985765124555157,25.471698113207548
MR,15.950000000000001,3.9985765124555157,25.471698113207548,3.9985765124555157,25.471698113207548
MR,16.05,3.9985765124555157,25.471698113207548,3.9985765124555157,25.471698113207548
MR,16.150000000000002,3.9985765124555157,25.471698113207548,3.9985765124555157,25.471698113207548
MR,16.25,3.9985765124555157,25.471698113207548,3.9985765124555157,25.471698113207548
MR,16.35,3.9985765124555157,25.471698113207548,3.9985765124555157,25.471698113207548
MR,16.45,3.9985765124555157,25.471698113207548,3.9985765124555157,25.471698113207548
MR,16.55,3.9985765124555157,25.471698113207548,3.9985765124555157,25.471698113207548
MR,16.650000000000002,3.9985765124555157,25.471698113207548,3.9985765124555157,25.471698113207548
MR,16.75,3.9985765124555157,25.471698113207548,3.9985765124555157,25.471698113207548
MR,16.85,3.9985765124555157,25.471698113207548,3.9985765124555157,25.471698113207548
MR,16.95,3.9985765124555157,25.471698113207548,3.9985765124555157,25.471698113207548
MR,17.05,3.9985765124555157,25.471698113207548,3.9985765124555157,25.471698113207548
MR,17.150000000000002,3.9985765124555157,25.471698113207548,3.9985765124555157,25.471698113207548
MR,17.25,3.9985765124555157,25.471698113207548,3.9985765124555157,25.471698113207548
MR,17.35,3.9985765124555157,25.471698113207548,3.9985765124555157,25.471698113207548
MR,17.45,3.9985765124555157,25.471698113207548,3.9985765124555157,25.471698113207548
MR,17.55,3.9985765124555157,25.471698113207548,3.9985765124555157,25.471698113207548
MR,17.650000000000002,3.9985765124555157,25.471698113207548,3.9985765124555157,25.471698113207548
MR,17.75,3.9985765124555157,25.471698113207548,3.9985765124555157,25.471698113207548
MR,17.85,3.9985765124555157,25.471698113207548,3.9985765124555157,25.471698113207548
MR,17.95,3.9985765124555157,25.471698113207548,3.9985765124555157,25.471698113207548
MR,18.05,3.9985765124555157,25.471698113207548,3.9985765124555157,25.471698113207548
MR,18.150000000000002,3.9985765124555157,25.471698113207548,3.9985765124555157,25.471698113207548
MR,18.25,3.9985765124555157,25.471698113207548,3.9985765124555157,25.471698113207548
MR,18.35,3.9985765124555157,25.471698113207548,3.9985765124555157,25.471698113207548
MR,18.45,3.9985765124555157,25.471698113207548,3.9985765124555157,25.471698113207548
MR,18.55,3.9985765124555157,25.471698113207548,3.9985765124555157,25.471698113207548
MR,18.650000000000002,3.9985765124555157,25.471698113207548,3.9985765124555157,25.471698113207548
MR,18.75,3.9985765124555157,25.471698113207548,3.9985765124555157,25.471698113207548
MR,18.85,3.9985765124555157,25.471698113207548,3.9985765124555157,25.471698113207548
MR,18.95,3.9985765124555157,25.471698113207548,3.9985765124555157,25.471698113207548
MR,19.05,3.9985765124555157,25.471698113207548,3.9985765124555157,25.471698113207548
MR,19.150000000000002,3.9985765124555157,25.471698113207548,3.9985765124555157,25.471698113207548
MR,19.25,3.9985765124555157,25.471698113207548,3.9985765124555157,25.471698113207548
MR,19.35,3.9985765124555157,25.471698113207548,3.9985765124555157,25.471698113207548
MR,19.450000000000003,3.9985765124555157,25.471698113207548,3.9985765124555157,25.471698113207548
MR,19.55,3.9985765124555157,25.471698113207548,3.9985765124555157,25.471698113207548
MR,19.650000000000002,3.9985765124555157,25.471698113207548,3.9985765124555157,25.471698113207548
MR,19.75,3.9985765124555157,25.471698113207548,3.9985765124555157,25.471698113207548
MR,19.85,3.9985765124555157,25.471698113207548,3.9985765124555157,25.471698113207548
MR,19.950000000000003,3.9985765124555157,25.471698113207548,3.9985765124555157,25.471698113207548
MR,20.05,3.9985765124555157,25.471698113207548,3.9985765124555157,25.471698113207548
MR,20.150000000000002,3.9985765124555157,25.471698113207548,3.9985765124555157,25.471698113207548
MR,20.25,3.9985765124555157,25.471698113207548,3.9985765124555157,25.471698113207548
MR,20.35,3.9985765124555157,25.471698113207548,3.9985765124555157,25.471698113207548
MR,20.450000000000003,3.9985765124555157,25.471698113207548,3.9985765124555157,25.471698113207548
MR,20.55,3.9985765124555157,25.471698113207548,3.9985765124555157,25.471698113207548
MR,20.650000000000002,3.9985765124555157,25.471698113207548,3.9985765124555157,25.471698113207548
MR,20.75,3.9985765124555157,25.471698113207548,3.9985765124555157,25.471698113207548
MR,20.85,3.9985765124555157,25.471698113207548,3.9985765124555157,25.471698113207548
MR,20.950000000000003,3.9985765124555157,25.471698113207548,3.9985765124555157,25.471698113207548
MR,21.05,3.9985765124555157,25.471698113207548,3.9985765124555157,25.471698113207548
MR,21.150000000000002,3.9985765124555157,25.471698113207548,3.9985765124555157,25.471698113207548
MR,21.25,3.9985765124555157,25.471698113207548,3.9985765124555157,25.471698113207548
MR,21.35,3.9985765124555157,25.471698113207548,3.9985765124555157,25.471698113207548
MR,21.450000000000003,3.9985765124555157,25.471698113207548,3.9985765124555157,25.471698113207548
MR,21.55,3.9985765124555157,25.471698113207548,3.9985765124555157,25.471698113207548
MR,21.650000000000002,3.9985765124555157,25.471698113207548,3.9985765124555157,25.471698113207548
MR,21.75,3.9985765124555157,25.471698113207548,3.9985765124555157,25.471698113207548
MR,21.85,3.9985765124555157,25.471698113207548,3.9985765124555157,25.471698113207548
MR,21.950000000000003,3.9985765124555157,25.471698113207548,3.9985765124555157,25.471698113207548
MR,22.05,3.9985765124555157,25.471698113207548,3.9985765124555157,25.471698113207548
MR,22.150000000000002,3.9985765124555157,25.471698113207548,3.9985765124555157,25.471698113207548
MR,22.25,3.9985765124555157,25.471698113207548,3.9985765124555157,25.471698113207548
MR,22.35,3.9985765124555157,25.471698113207548,3.9985765124555157,25.471698113207548
MR,22.450000000000003,3.9985765124555157,25.471698113207548,3.9985765124555157,25.471698113207548
MR,22.55,3.9985765124555157,25.471698113207548,3.9985765124555157,25.471698113207548
MR,22.650000000000002,3.9985765124555157,25.471698113207548,3.9985765124555157,25.471698113207548
MR,22.75,3.9985765124555157,25.471698113207548,3.9985765124555157,25.471698113207548
MR,22.85,3.9985765124555157,25.471698113207548,3.9985765124555157,25.471698113207548
MR,22.950000000000003,3.9985765124555157,25.471698113207548,3.9985765124555157,25.471698113207548
MR,23.05,3.9985765124555157,25.471698113207548,3.9985765124555157,25.471698113207548
MR,23.150000000000002,3.9985765124555157,25.471698113207548,3.9985765124555157,25.471698113207548
MR,23.25,3.9985765124555157,25.471698113207548,3.9985765124555157,25.471698113207548
MR,23.35,3.9985765124555157,25.471698113207548,3.9985765124555157,25.471698113207548
MR,23.450000000000003,3.9985765124555157,25.471698113207548,3.9985765124555157,25.471698113207548
MR,23.55,3.9985765124555157,25.471698113207548,3.9985765124555157,25.471698113207548
MR,23.650000000000002,3.9985765124555157,25.471698113207548,3.9985765124555157,25.471698113207548
MR,23.75,3.9985765124555157,25.471698113207548,3.9985765124555157,25.471698113207548
MR,23.85,3.9985765124555157,25.471698113207548,3.9985765124555157,25.471698113207548
MR,23.950000000000003,3.9985765124555157,25.471698113207548,3.9985765124555157,25.471698113207548
MR,24.05,3.9985765124555157,25.471698113207548,3.9985765124555157,25.471698113207548
MR,24.150000000000002,3.9985765124555157,25.471698113207548,3.9985765124555157,25.471698113207548
MR,24.25,3.9985765124555157,25.471698113207548,4.007294124314771,25.426774483378257
MR,24.35,4.024729348033279,25.33692722371968,4.00729412431477,25.426774483378257
MR,24.450000000000003,3.9985765124555157,25.471698113207548,4.00729412431477,25.426774483378257
MR,24.55,3.9985765124555157,25.471698113207548,3.9985765124555157,25.471698113207548
MR,24.650000000000002,3.9985765124555157,25.471698113207548,3.9985765124555157,25.471698113207548
MR,24.75,3.9985765124555157,25.471698113207548,3.9985765124555157,25.471698113207548
MR,24.85,3.9985765124555157,25.471698113207548,3.9985765124555157,25.471698113207548
MR,24.950000000000003,3.9985765124555157,25.471698113207548,3.9985765124555157,25.471698113207548
MR,25.05,3.9985765124555157,25.471698113207548,3.9985765124555157,25.471698113207548
MR,25.150000000000002,3.9985765124555157,25.471698113207548,3.9985765124555157,25.471698113207548
MR,25.25,3.9985765124555157,25.471698113207548,3.9985765124555157,25.471698113207548
MR,25.35,3.9985765124555157,25.471698113207548,3.9985765124555157,25.471698113207548
MR,25.450000000000003,3.9985765124555157,25.471698113207548,3.9985765124555157,25.471698113207548
MR,25.55,3.9985765124555157,25.471698113207548,3.9985765124555157,25.471698113207548
MR,25.650000000000002,3.9985765124555157,25.471698113207548,3.9985765124555157,25.471698113207548
MR,25.75,3.9985765124555157,25.471698113207548,3.9985765124555157,25.471698113207548
MR,25.85,3.9985765124555157,25.471698113207548,3.9985765124555157,25.471698113207548
MR,25.950000000000003,3.9985765124555157,25.471698113207548,3.9985765124555157,25.471698113207548
MR,26.05,3.9985765124555157,25.471698113207548,3.9985765124555157,25.471698113207548
MR,26.150000000000002,3.9985765124555157,25.471698113207548,3.9985765124555157,25.471698113207548
MR,26.25,3.9985765124555157,25.471698113207548,3.9985765124555157,25.471698113207548
MR,26.35,3.9985765124555157,25.471698113207548,3.9985765124555157,25.471698113207548
MR,26.450000000000003,3.9985765124555157,25.471698113207548,3.9985765124555157,25.471698113207548
MR,26.55,3.9985765124555157,25.471698113207548,3.9985765124555157,25.471698113207548
MR,26.650000000000002,3.9985765124555157,25.471698113207548,3.9985765124555157,25.471698113207548
MR,26.75,3.9985765124555157,25.471698113207548,3.9985765124555157,25.471698113207548
MR,26.85,3.9985765124555157,25.471698113207548,3.9985765124555157,25.471698113207548
MR,26.950000000000003,3.9985765124555157,25.471698113207548,3.9985765124555157,25.471698113207548
MR,27.05,3.9985765124555157,25.471698113207548,3.9985765124555157,25.471698113207548
MR,27.150000000000002,3.9985765124555157,25.471698113207548,3.9985765124555157,25.471698113207548
MR,27.25,3.9985765124555157,25.471698113207548,3.9985765124555157,25.471698113207548
MR,27.35,3.9985765124555157,25.471698113207548,3.9985765124555157,25.471698113207548
MR,27.450000000000003,3.9985765124555157,25.471698113207548,3.9985765124555157,25.471698113207548
MR,27.55,3.9985765124555157,25.471698113207548,3.9985765124555157,25.471698113207548
MR,27.650000000000002,3.9985765124555157,25.471698113207548,3.9985765124555157,25.471698113207548
MR,27.75,3.9985765124555157,25.471698113207548,3.9985765124555157,25.471698113207548
MR,27.85,3.9985765124555157,25.471698113207548,3.9985765124555157,25.471698113207548
MR,27.950000000000003,3.9985765124555157,25.471698113207548,3.9985765124555157,25.471698113207548
MR,28.05,3.9985765124555157,25.471698113207548,3.9985765124555157,25.471698113207548
MR,28.150000000000002,3.9985765124555157,25.471698113207548,3.9985765124555157,25.471698113207548
MR,28.25,3.9985765124555157,25.471698113207548,3.9985765124555157,25.471698113207548
MR,28.35,3.9985765124555157,25.471698113207548,3.9985765124555157,25.471698113207548
MR,28.450000000000003,3.9985765124555157,25.471698113207548,3.9985765124555157,25.471698113207548
MR,28.55,3.9985765124555157,25.471698113207548,3.9985765124555157,25.471698113207548
MR,28.650000000000002,3.9985765124555157,25.471698113207548,3.9985765124555157,25.471698113207548
MR,28.75,3.9985765124555157,25.471698113207548,3.9985765124555157,25.471698113207548
MR,28.85,3.9985765124555157,25.471698113207548,3.9985765124555157,25.471698113207548
MR,28.950000000000003,3.9985765124555157,25.471698113207548,3.9985765124555157,25.471698113207548
MR,29.05,3.9985765124555157,25.471698113207548,3.9985765124555157,25.471698113207548
MR,29.150000000000002,3.9985765124555157,25.471698113207548,3.9985765124555157,25.471698113207548
MR,29.25,3.9985765124555157,25.471698113207548,3.9985765124555157,25.471698113207548
MR,29.35,3.9985765124555157,25.471698113207548,3.9985765124555157,25.471698113207548
MR,29.450000000000003,3.9985765124555157,25.471698113207548,3.9985765124555157,25.471698113207548
MR,29.55,3.9985765124555157,25.471698113207548,3.9985765124555157,25.471698113207548
MR,29.650000000000002,3.9985765124555157,25.471698113207548,3.9985765124555157,25.471698113207548
MR,29.75,3.9985765124555157,25.471698113207548,3.9985765124555157,25.471698113207548
MR,29.85,3.9985765124555157,25.471698113207548,3.9985765124555157,25.471698113207548
MR,29.950000000000003,3.9985765124555157,25.471698113207548,3.9985765124555157,25.471698113207548
MR,30.05,3.9985765124555157,25.471698113207548,3.9985765124555157,25.471698113207548
MR,30.150000000000002,3.9985765124555157,25.471698113207548,3.9985765124555157,25.471698113207548
MR,30.25,3.9985765124555157,25.471698113207548,3.9985765124555157,25.471698113207548
MR,30.35,3.9985765124555157,25.471698113207548,3.9985765124555157,25.471698113207548
PF,0.45,8.968310479709007,12.28930817610063,8.870911230230455,12.38771735109138
PF,0.55,8.773511980751904,12.486126526082131,8.874589005830904,12.800314075156374
PF,0.65,8.8819445570318,13.625507523286362,8.835223028286789,13.308857770053132
PF,0.75,8.850212547076664,13.814939260790904,8.872691620085407,13.392098613560348
PF,0.8500000000000001,8.885917756147759,12.735849056603774,8.876572091559309,12.910046533329849
PF,0.9500000000000001,8.893585971453502,12.179351282594869,8.846739885615607,13.660093668804071
PF,1.05,8.760715929245565,16.065080667213564,8.822701959183723,13.721792578126575
PF,1.1500000000000001,8.813803976852098,12.920945784571291,8.810061020388035,14.225330715489179
PF,1.25,8.855663155066443,13.689965694682677,8.82294711551073,13.155368613869683
PF,1.35,8.799374214613648,12.85519436235508,8.752444606589034,13.770818551507347
PF,1.4500000000000002,8.60229645008701,14.767295597484278,8.710958032642884,14.610584131838964
PF,1.55,8.731203433227993,16.20926243567753,8.747117262981353,14.275803860709525
PF,1.6500000000000001,8.907851905629057,11.850853548966757,8.766333121556235,14.351125813389968
PF,1.75,8.659944025811656,14.993261455525609,8.779756874840784,13.76414443272524
PF,1.85,8.77147469308164,14.448318293683347,8.698327483478879,15.04542080834124
PF,1.9500000000000002,8.663563731543338,15.694682675814756,8.75122919367179,14.696286076515776
PF,2.0500000000000003,8.818649156390393,13.945857260049221,8.736068092660172,14.248139063561545
PF,2.15,8.725991390046786,13.10387725482065,8.742544094479928,14.16346138155881
PF,2.25,8.682991737002606,15.440649629806547,8.716840785722004,13.871236424854771
PF,2.35,8.741539230116619,13.069182389937106,8.777478677393463,13.710607637030146
PF,2.45,8.907905065061165,12.62199089134678,8.798149449604294,13.317701489617754
PF,2.5500000000000003,8.745004053635096,14.261931187569369,8.769399293240967,14.72837833897385
PF,2.6500000000000004,8.655288761026645,17.301212938005392,8.574569673914601,15.4867853928392
PF,2.75,8.323416207082058,14.897212052942836,8.61138398467959,15.179110376331522
PF,2.85,8.855446985930064,13.338906138046333,8.56848754653634,15.561585169183674
PF,2.95,8.526599446596906,18.448637316561847,8.77344326275854,14.501168232957108
PF,3.0500000000000003,8.93828335574865,11.71596124426313,8.804795161039548,14.147754430773304
PF,3.1500000000000004,8.949502680773088,12.27866473149492,8.893178602170837,12.203659392338642
PF,3.25,8.79174976999077,12.616352201257861,8.862101610236921,12.493864811514683
PF,3.35,8.845052379946907,12.58657750179126,8.804443611025048,13.271259586550968
PF,3.45,8.776528683137466,14.610849056603776,8.850693380782412,13.108935537434467
PF,3.5500000000000003,8.930499079262864,12.129380053908356,8.795486230434621,13.863216186329398
PF,3.6500000000000004,8.679430928903535,14.849419448476056,8.790215208807325,13.69750119129464
PF,3.75,8.760715618255576,14.113704071499503,8.761251808423639,14.038920777997246
PF,3.85,8.843608878111809,13.153638814016173,8.777739424800755,13.575159892656169
PF,3.95,8.72889377803488,13.45813679245283,8.809582046186165,13.450220293604323
PF,4.05,8.856243482411807,13.738885274343959,8.849970419854447,12.962798909956524
PF,4.15,8.964773999116654,11.691374663072777,8.799155300453398,13.445306771591746
PF,4.25,8.57644841983173,14.90566037735849,8.763370871257514,12.986637831964734
PF,4.3500000000000005,8.74889019482416,12.362878455462923,8.75294517355568,13.424895602743172
PF,4.45,8.933496906011152,13.0061479754081,8.864673375926477,13.044832033391716
PF,4.55,8.911633026944118,13.765469669304121,8.886940766721226,13.810737291966175
PF,4.65,8.815692367208408,14.660594231186295,8.840094041889161,13.5810715439625
PF,4.75,8.792956731514957,12.317150731397074,8.798977086272526,13.627015616458609
PF,4.8500000000000005,8.78828216009421,13.903301886792455,8.81597947816608,13.449068789194932
PF,4.95,8.866699542889071,14.12675374939526,8.853381308787315,13.409204634926061
PF,5.050000000000001,8.905162223378664,12.197558268590456,8.89322044578878,13.307973319072099
PF,5.15,8.907799571098604,13.599607939230578,8.91454046790678,12.78870223376328
PF,5.25,8.930659609243076,12.568940493468798,8.893694551738536,12.978852908098192
PF,5.3500000000000005,8.84262447487393,12.768010291595196,8.858763905818533,13.481464377690797
PF,5.45,8.803007633338593,15.107442348008385,8.778109059546074,14.61499705702934
PF,5.550000000000001,8.688695070425696,15.969538531484428,8.766491841004237,14.49083026370802
PF,5.65,8.807772819248417,12.39550991163124,8.71488096308393,13.737180912050285
PF,5.75,8.648174999577677,12.846494293035175,8.602057488104782,13.97250968395427
PF,5.8500000000000005,8.350224645488248,16.675524847196385,8.597029744439046,14.19077786854679
PF,5.95,8.792689588251218,13.050314465408805,8.574129869493156,14.869304928101103
PF,6.050000000000001,8.579475374739998,14.882075471698114,8.688132932589127,13.58408000918986
PF,6.15,8.692233834776168,12.819850090462651,8.620496280349636,14.382021261869292
PF,6.25,8.589779631532743,15.444138223447107,8.51516968954705,16.153982288779286
PF,6.3500000000000005,8.263495602332245,20.197958552428087,8.562792345942006,15.938439320836176
PF,6.45,8.835101803961031,12.173221186633326,8.651484114456254,15.384536328114814
PF,6.550000000000001,8.855854937075488,13.782429245283021,8.739013584406637,13.380230828976286
PF,6.65,8.526084012183393,14.185042055012504,8.734442494463567,14.079947311195092
PF,6.75,8.82138853413182,14.272370633289743,8.73672548747473,13.696572752213653
PF,6.8500000000000005,8.862703916108984,12.632305568338703,8.850845064312068,13.462661781771653
PF,6.95,8.868442742695397,13.483309143686501,8.796128385486028,13.229218626135333
PF,7.050000000000001,8.657238497653703,13.572041166380789,8.706461127690936,14.610290129158054
PF,7.15,8.593702142723707,16.77552007740687,8.730645632297602,14.044681070594615
PF,7.25,8.940996256515398,11.78648196799618,8.757416133805497,13.888591876769572
PF,7.3500000000000005,8.737550002177388,13.103773584905662,8.818514487769066,13.089757587369244
PF,7.45,8.776997204614414,14.379017209205887,8.569912690117757,14.700359389038637
PF,7.550000000000001,8.19519086356147,16.618287373004353,8.564078759647044,15.251335886887029
PF,7.65,8.720048210765249,14.756703078450844,8.599862422940285,14.68968115757049
PF,7.75,8.884348194494137,12.694053021256268,8.718828317920718,14.889245743927532
PF,7.8500000000000005,8.552088548502768,17.21698113207547,8.645212732713343,14.437750128578886
PF,7.95,8.499201455143124,13.402216232404912,8.581212672526421,14.516876188528286
PF,8.05,8.692348013933369,12.931431201104465,8.686785078849026,13.290461094188663
PF,8.15,8.868805767470585,13.537735849056604,8.709996931650494,14.003873293449919
PF,8.25,8.56883701354753,15.54245283018868,8.74222289563568,14.338727012180563
PF,8.35,8.789025905888922,13.935992357296396,8.691208122975013,15.27444443210158
PF,8.450000000000001,8.71576144948859,16.344888108819656,8.778724442052688,14.222694363739535
PF,8.55,8.831385970780554,12.387202625102542,8.817261686509644,13.640256659735073
PF,8.65,8.904637639259784,12.18867924528302,8.902436004735092,12.41530419520385
PF,8.75,8.971284404164935,12.670030715225977,8.773473419905669,13.726867099816559
PF,8.85,8.444498216292287,16.32189133894067,8.476884733404837,15.246618354144873
PF,8.950000000000001,8.014871579757289,16.747933008267967,8.330042515057693,16.424477353416773
PF,9.05,8.530757749123502,16.203607713041674,8.41663855102401,15.550583454971838
PF,9.15,8.704286324191237,13.70020964360587,8.619765916803273,14.783190691209562
PF,9.25,8.624253677095076,14.445754716981133,8.743511198464104,13.988744263617832
PF,9.35,8.901993594105999,13.820268430266486,8.681416946646856,14.782894208711175
PF,9.450000000000001,8.518003568739491,16.082659478885898,8.466724560309617,16.837502336432507
PF,9.55,7.980176518083359,20.609579100145137,8.409030623997431,16.35761939745169
PF,9.65,8.728911785169444,12.380619613324017,8.52457546477445,15.40367771802502
PF,9.75,8.86463809107055,13.2208344406059,8.78087007478514,12.653314873322552
PF,9.850000000000001,8.749060348115425,12.358490566037736,8.747746173028753,14.113955091185248
PF,9.950000000000001,8.62954007990029,16.762540266912104,8.7429644479608,13.956224114127934
PF,10.05,8.850292915866687,12.74764150943396,8.761643550542944,14.239242982052462
PF,10.15,8.805097655861859,13.20754716981132,8.787538210413828,14.17100064505725
PF,10.25,8.707224059512935,16.557813255926465,8.693033573395342,14.70906020850527
PF,10.350000000000001,8.566779004811234,14.361820199778025,8.714486173902847,14.34908006947846
PF,10.450000000000001,8.869455457384365,12.127606752730884,8.776372020283278,13.4419683133101
PF,10.55,8.892881598654236,13.836477987421386,8.859660132459766,12.85432972774806
PF,10.65,8.816643341340695,12.598904443091904,8.790132764086062,13.741039426523301
PF,10.75,8.660873352263255,14.787735849056604,8.799700537408937,13.723023179143844
PF,10.850000000000001,8.921584918622859,13.782429245283021,8.722924250246882,13.939576497128797
PF,10.950000000000001,8.586314479854531,13.248564397046762,8.769420628717803,13.734799617823617
PF,11.05,8.800362487676018,14.173405211141061,8.741512761120445,13.148173026321851
PF,11.15,8.837861315830784,12.022549470777728,8.8565556496412,13.235129548060982
PF,11.25,8.931443145416793,13.509433962264152,8.852397458425228,12.592484421014584
PF,11.350000000000001,8.787887914028104,12.245469830001868,8.874219171098874,12.87039546989625
PF,11.450000000000001,8.903326453851724,12.856282617422721,8.885872622583227,12.61457581785018
PF,11.55,8.966403499869848,12.74197500612595,8.823822671277924,12.83801092152394
PF,11.65,8.601738060112195,12.915775141023147,8.837012730598284,12.491676397940799
PF,11.75,8.94289663181281,11.817279046673287,8.726087527099963,13.232916290124086
PF,11.850000000000001,8.633627889374887,14.965694682675815,8.75971038123742,12.971486526135237
PF,11.950000000000001,8.70260662252457,12.131485849056604,8.684375052044723,14.344953068420052
PF,12.05,8.716890644234715,15.93767867352773,8.741350200339205,13.419281255955786
PF,12.15,8.804553334258332,12.18867924528302,8.720692345445237,14.366059517002915
PF,12.25,8.640633057842663,14.971820632197991,8.756604785661427,13.400521786759304
PF,12.350000000000001,8.824627964883286,13.041065482796894,8.76256795281083,13.569530217108563
PF,12.450000000000001,8.822442835706543,12.69570453633079,8.786261202247795,13.70385959672096
PF,12.55,8.711712806153555,15.374808771035188,8.725393094503263,14.56224389785209
PF,12.65,8.64202364164969,15.616218386190287,8.58711206388255,16.187784733750213
PF,12.75,8.407599743844404,17.572327044025158,8.561044630549892,15.344415965853143
PF,12.850000000000001,8.633510506155583,12.844702467343977,8.582818430908281,15.511766394877304
PF,12.950000000000001,8.707345042724857,16.11826967326277,8.708347951191355,14.253380650642503
PF,13.05,8.784188304693625,13.797169811320757,8.736784071637848,14.510597228613797
PF,13.15,8.718818867495061,13.616352201257861,8.775897396955932,13.695492662473796
PF,13.25,8.824685018679109,13.672955974842768,8.715868322249781,14.692755648730492
PF,13.350000000000001,8.604101080575175,16.788958770090844,8.665635718725827,14.514302920806989
PF,13.450000000000001,8.5681210569232,13.080994017487345,8.710781397708567,13.880321598146418
PF,13.55,8.960122055627329,11.771012006861064,8.564299300659103,13.99309935952016
PF,13.65,8.164654789426782,17.127292054212067,8.45309119788275,14.88297310649389
PF,13.75,8.23449674859414,15.750615258408532,8.30165403018246,16.82694108819772
PF,13.850000000000001,8.505810552526455,17.60291595197256,8.512435308614227,15.661041353476916
PF,13.950000000000001,8.796998624722088,13.629592850049654,8.737570177012207,14.517169454411091
PF,14.05,8.909901353788078,12.318999561211058,8.77193382322089,13.709243898234527
PF,14.15,8.608901491152503,15.179139283442867,8.676942311117612,14.895099993688952
PF,14.25,8.512024088412256,17.187161136412925,8.479008831012173,16.453337037226564
PF,14.350000000000001,8.316100913471761,16.9937106918239,8.527565464845987,16.354404099624983
PF,14.450000000000001,8.754571392653942,14.882340470638116,8.486216066563848,16.167292721882504
PF,14.55,8.387975893565843,16.625827003185492,8.457747455853372,15.780097108271796
PF,14.65,8.23069508134033,15.832123850991774,8.511325523638238,14.90736726585783
PF,14.75,8.915305596008542,12.264150943396226,8.57731005214121,14.282520414595888
PF,14.850000000000001,8.585929479074757,14.75128644939966,8.785539247606906,13.399046030216878
PF,14.950000000000001,8.855382667737416,13.181700697854742,8.693767743471474,14.744665453940735
PF,15.05,8.639991083602247,16.301009214567795,8.648174816575533,15.159608446575183
PF,15.15,8.449150698386937,15.996115427302996,8.59609711768873,16.083032399205646
PF,15.25,8.699149571077006,15.951972555746142,8.665408279864891,15.65948951316434
PF,15.350000000000001,8.847924570130731,15.030380556443875,8.72439682160663,16.12060267960492
PF,15.450000000000001,8.626116323612152,17.37945492662474,8.736043992164754,15.100972414691634
PF,15.55,8.734091082751382,12.89308176100629,8.687218643665085,14.25911664456139
PF,15.65,8.701448524631724,12.504813246053137,8.765735846256016,13.211533898865438
PF,15.75,8.861667931384941,14.236706689536879,8.728238687524565,14.126104129473404
PF,15.850000000000001,8.621599606557032,15.63679245283019,8.706046667159201,14.379800239312011
PF,15.950000000000001,8.634872463535629,13.265901575568959,8.675096141160838,14.316621279906636
PF,16.05,8.768816353389854,14.047169811320757,8.507245552050245,15.16904715591742
PF,16.150000000000002,8.11804783922525,18.194070080862534,8.615083089291897,14.730308475591498
PF,16.25,8.958385075260587,11.949685534591195,8.626708338073582,14.454465869560211
PF,16.35,8.80369209973491,13.2196419932269,8.814562032682643,12.831114455852406
PF,16.45,8.681608923052428,13.32401583973911,8.758350676249423,13.737074324076424
PF,16.55,8.78975100596093,14.667565139263253,8.781378050615332,13.900485336544042
PF,16.650000000000002,8.87277422283264,13.709875030629748,8.763924789950435,13.693709330501788
PF,16.75,8.629249141057736,12.703687821612352,8.76793160444297,13.868128726619297
PF,16.85,8.801771449438533,15.19082332761578,8.75462628946969,14.287432539848558
PF,16.95,8.832858277912798,14.967786470317531,8.697080592810503,15.146382014736465
PF,17.05,8.456612051080178,15.28053624627607,8.70468097175501,14.900384301757617
PF,17.150000000000002,8.824572586272057,14.452830188679243,8.735432957178677,13.938698342372627
PF,17.25,8.925114234183797,12.082728592162555,8.658800920539756,14.177810939171557
PF,17.35,8.226715941163418,15.997874036672865,8.669320509274838,14.051284857040594
PF,17.45,8.8561313524773,14.073251942286353,8.550426928100253,15.181664273041351
PF,17.55,8.568433490660041,15.473866840164824,8.626036750637658,14.84259873637969
PF,17.650000000000002,8.453545408775634,14.980677426687883,8.559927494071516,14.614779478316258
PF,17.75,8.657803582778875,13.389794168096056,8.600475535975837,13.989318623837837
PF,17.85,8.690077616373,13.59748427672956,8.69678511498002,14.1683945733811
PF,17.95,8.742474145788185,15.517905275317673,8.691202852822995,14.301760023832506
PF,18.05,8.641056796307804,13.789890519450267,8.724818647639601,14.618244222916283
PF,18.150000000000002,8.790925000822817,14.546936873980897,8.676521368159376,14.311759752011326
PF,18.25,8.597582307347505,14.598451862602808,8.78374356550416,13.615184268497552
PF,18.35,8.96272338834216,11.700164068908942,8.795411737605269,13.477363009083001
PF,18.45,8.825929517126141,14.133473095737244,8.863714606794204,13.431824166374346
PF,18.55,8.80249091491431,14.461835334476843,8.862723176239982,13.41831768459051
PF,18.650000000000002,8.959749096679495,11.659644623557428,8.811350180797211,12.987383605857689
PF,18.75,8.671810530797828,12.840670859538783,8.759724823197596,13.367243525811949
PF,18.85,8.647614842115466,15.601415094339623,8.691311845378115,13.67603383072307
PF,18.95,8.754510163221052,12.586015538290788,8.647454391051125,14.181328675640557
PF,19.05,8.54023816781686,14.356555394291245,8.673787356462642,14.153409791589596
PF,19.150000000000002,8.726613738350016,15.517658442186743,8.687463155473985,14.976230548911923
PF,19.25,8.79553756025508,15.054477810257772,8.76871384141277,14.435995103016099
PF,19.35,8.783990225633216,12.735849056603774,8.61839685958033,14.600239299253735
PF,19.450000000000003,8.275662792852694,16.010391030899644,8.479748748563752,15.399690092060894
PF,19.55,8.379593227205348,17.452830188679247,8.447543933708038,15.805569863890641
PF,19.650000000000002,8.687375781066077,13.953488372093023,8.648078766909643,14.520411383878745
PF,19.75,8.877267292457503,12.154915590863952,8.785349698618276,13.842813300620286
PF,19.85,8.791406022331248,15.420035938903865,8.860190282604547,13.564816128371248
PF,19.950000000000003,8.91189753302489,13.119496855345911,8.86248881684248,14.038587848932684
PF,20.05,8.884162895171302,13.576230752548254,8.881487064722462,13.143858888165985
PF,20.150000000000002,8.84840076597119,12.735849056603774,8.830417139814017,13.491654976587819
PF,20.25,8.758687758299558,14.162885120611419,8.776435567420354,13.76490518477622
PF,20.35,8.722218177990312,14.395981377113454,8.646990041049746,15.125492186872656
PF,20.450000000000003,8.460064186859363,16.81761006289308,8.618550436504782,14.715631840247903
PF,20.55,8.673368944664666,12.933304080737166,8.596937643326902,15.15938838622561
PF,20.650000000000002,8.657379798456672,15.727251015046573,8.750777186982683,13.829431131740057
PF,20.75,8.921582817826708,12.827738299436414,8.81394427047997,14.123260010777209
PF,20.85,8.862870195156528,13.814790717848624,8.838044968374364,13.474426319192142
PF,20.950000000000003,8.729681892139858,13.780749940291381,8.64300455613754,14.582161351455477
PF,21.05,8.336461581116234,16.150943396226417,8.593207176255538,14.796413502109713
PF,21.150000000000002,8.71347805551052,14.457547169811322,8.638499328746976,15.081957547169816
PF,21.25,8.865558349614172,14.6373820754717,8.728178941501413,14.24666450186857
PF,21.35,8.60550041937955,13.64506426032267,8.734787369757848,13.615240970652124
PF,21.450000000000003,8.733303340279821,12.56327657616199,8.7574645936083,13.219781698994586
PF,21.55,8.93359002116553,13.451004260499086,8.840326354124267,13.326170132136506
PF,21.650000000000002,8.854085700927449,13.964229559748432,8.83616662887282,13.858848069324338
PF,21.75,8.720824164525482,14.161310387725482,8.774105909937774,14.4713694016552
PF,21.85,8.747407864360392,15.288568257491676,8.721643122848265,15.380567514862747
PF,21.950000000000003,8.69669733965892,16.69182389937107,8.678632322764505,14.984030090023436
PF,22.05,8.591791764274202,12.971698113207546,8.708922121632533,14.78741462095084
PF,22.150000000000002,8.838277260964475,14.698721850273888,8.711516592611632,13.576735426184351
PF,22.25,8.704480752596224,13.059786315071605,8.790753289476047,13.470372126147359
PF,22.35,8.829501854867443,12.652608213096562,8.768151299700646,13.484752146613802
PF,22.450000000000003,8.77047129163827,14.741861911673231,8.842786846044065,13.158014515202188
PF,22.55,8.928387391626485,12.079573420836754,8.833326854765213,13.196834188700073
PF,22.650000000000002,8.801121881030888,12.76906723359022,8.803849639618539,13.433606741673017
PF,22.75,8.682039646198241,15.452179570592062,8.811701734420211,13.390310779591163
PF,22.85,8.951943676031506,11.949685534591195,8.773521992353544,14.495396140736998
PF,22.950000000000003,8.686582654830884,16.08432331702772,8.747219223187178,14.376116158086814
PF,23.05,8.603131338699143,15.094339622641511,8.717737179655602,14.576932664762309
PF,23.150000000000002,8.863497545436777,12.552135054617676,8.745168054737563,13.939785840203852
PF,23.25,8.76887528007677,14.172882843352347,8.80979379337512,13.473387705796386
PF,23.35,8.797008554611809,13.695145219419121,8.773833754138527,13.957944526003653
PF,23.450000000000003,8.755617427727,14.005805515239475,8.73377611329373,14.575424491824306
PF,23.55,8.648702357542382,16.0253227408143,8.689304142770077,14.101844502086292
PF,23.650000000000002,8.66359264304085,12.274405250205087,8.691416644815535,14.118777254868101
PF,23.75,8.761954933863374,14.056603773584905,8.727306628237121,13.930536119287753
PF,23.85,8.75637230780714,15.460599334073253,8.586913451311988,14.30801977979606
PF,23.950000000000003,8.242413112265448,13.406856231730005,8.623388983515893,14.17798408372263
PF,24.05,8.871381530475093,13.66649668536461,8.600479985817797,13.461907296613655
PF,24.150000000000002,8.687645314712855,13.31236897274633,8.81311483432773,13.777103720316768
PF,24.25,8.880317657795242,14.352445502839348,8.745122836867841,13.95400092829056
PF,24.35,8.667405538095425,14.19718830928598,8.780639979115598,14.632654908831332
PF,24.450000000000003,8.794196741456126,15.348330914368653,8.70344041873158,14.110787556958485
PF,24.55,8.648718976643188,12.786843447220807,8.745339955334169,14.595023179928846
PF,24.650000000000002,8.793104147903188,15.649895178197065,8.527584073893726,15.070679598981492
PF,24.75,8.1409290971348,16.775300171526588,8.576074169949468,15.671218612153808
PF,24.85,8.794189264810418,14.58846048673776,8.517970774749587,14.565424549017663
PF,24.950000000000003,8.618793962303545,12.332512988788626,8.793197362623737,12.9708625770972
PF,25.05,8.966608860757248,11.9916142557652,8.758921226022181,13.391792597680007
PF,25.150000000000002,8.69136085500575,15.85125054848618,8.810472504317682,13.467474215609366
PF,25.25,8.773447797190052,12.55955784257671,8.749874423630123,14.332978468136169
PF,25.35,8.78481461869457,14.588127013345606,8.665976222331429,14.160339396418555
PF,25.450000000000003,8.439666251109665,15.333333333333336,8.631607656567931,14.717645855703845
PF,25.55,8.67034209989956,14.23147722043258,8.53850326012425,14.814092493559945
PF,25.650000000000002,8.50550142936352,14.877466926913902,8.699506752020985,14.271368969704346
PF,25.75,8.922676726799873,13.705162761766534,8.760554542257319,14.182322412641222
PF,25.85,8.853485470608565,13.964337549243211,8.797434587703004,14.758756268190234
PF,25.950000000000003,8.616141565700572,16.606768493560946,8.624035805093186,14.799146661593412
PF,26.05,8.40248037897042,13.82633394197606,8.601921990555121,14.664283621069991
PF,26.150000000000002,8.787144026994374,13.559748427672954,8.640526511320855,13.673226482721313
PF,26.25,8.731955127997773,13.633597078514912,8.824118904034403,13.330695881517554
PF,26.35,8.95325755711106,12.79874213836478,8.797079593669174,13.34694326097248
PF,26.450000000000003,8.706026095898688,13.608490566037734,8.6379149497535,14.725459366136397
PF,26.55,8.254461196250745,17.769145394006657,8.62190806621511,15.031795737162795
PF,26.650000000000002,8.905236906495896,13.717751251443975,8.640681909562703,14.67301929348069
PF,26.75,8.762347625941475,12.532161234991424,8.776408727946704,13.733038076029997
PF,26.85,8.661641651402741,14.949201741654575,8.7507416309448,13.757001896805194
PF,26.950000000000003,8.828235615490186,13.78964271376957,8.758719218741746,14.436738143604607
PF,27.05,8.786280389332312,14.571369975389665,8.830530133935307,13.718012424878888
PF,27.150000000000002,8.87707439698342,12.793024585477413,8.789261673256592,14.346759934177202
PF,27.25,8.70443023345404,15.675885241664513,8.726581475618794,14.936338753862666
PF,27.35,8.598239796418918,16.340106434446056,8.48645992102719,15.586433381579061
PF,27.450000000000003,8.156709733208611,14.743308468626593,8.544390816269262,14.810489297946475
PF,27.55,8.878222919180253,13.34805299076676,8.664862672331235,13.461873597664777
PF,27.650000000000002,8.95965536460484,12.294259333600966,8.766893624683355,14.49650435557077
PF,27.75,8.46280259026497,17.847200742344572,8.76312446149944,14.069000429154974
PF,27.85,8.866915429628511,12.065541211519365,8.683137573521256,14.639515823034477
PF,27.950000000000003,8.719694700670285,14.005805515239478,8.775736021774271,13.148458527861536
PF,28.05,8.74059793502402,13.374028856825749,8.759400337840422,13.821357661535247
PF,28.150000000000002,8.81790837782696,14.084238612540501,8.747227199606174,13.805080516004002
PF,28.25,8.683175285967543,13.956974078645743,8.783851604334933,13.610266502507512
PF,28.35,8.850471149210291,12.789586816336278,8.813328349749293,12.913723353134174
PF,28.450000000000003,8.906338614070048,11.994609164420485,8.851743660018295,12.698428879611058
PF,28.55,8.798421216774546,13.311090658076393,8.830447555383705,13.686426727223145
PF,28.650000000000002,8.78658283530652,15.75358035917254,8.783175808368112,14.209808822321671
PF,28.75,8.764523373023264,13.564755449716067,8.845636122166344,13.614974143271622
PF,28.85,8.985802158169248,11.526586620926244,8.899881657886253,12.414835074231867
PF,28.950000000000003,8.949319442466244,12.153163152053274,8.94129609103082,11.916238430073639
PF,29.05,8.888766672456967,12.068965517241379,8.832126387473815,12.882053482283922
PF,29.150000000000002,8.658293047498239,14.424031777557103,8.771509347642896,13.313078358704145
PF,29.25,8.767468322973484,13.446237781313938,8.760190325356868,13.477654537297434
PF,29.35,8.85480960559888,12.562694053021255,8.710440196256444,13.352526418067788
PF,29.450000000000003,8.50904266019697,14.048647419868152,8.546837910167662,15.155873044732843
PF,29.55,8.276661464707137,18.856277661309107,8.356278071553922,17.20796410352384
PF,29.650000000000002,8.283130089757655,18.71896722939424,8.47210210592638,17.18562025303723
PF,29.75,8.856514763314346,13.981615868408321,8.59445515376545,15.19301285357497
PF,29.85,8.643720608224351,12.878455462922334,8.660260174600998,13.968467785931592
PF,29.950000000000003,8.480545152264297,15.045332026464104,8.466791415493445,15.206997133122
PF,30.05,8.276108485991685,17.697203909979542,8.560839983772036,15.326223623563934
PF,30.150000000000002,8.925866313060126,13.236134934248142,8.608577442706395,14.726463994154708
PF,30.25,8.623757529067374,13.246053138236427,8.76272444520883,13.101931639197362
PF,30.35,8.73854949349899,12.823606845107506,8.681153511283181,13.034829991671973
RR,0.45,8.999996730626508,11.118598382749326,8.999996906682725,11.120772106773323
RR,0.55,8.999997082738942,11.122945830797322,8.999997083392143,11.120347022964188
RR,0.65,8.99999743681098,11.119496855345913,8.999997711247511,11.118365098118778
RR,0.75,8.999998614192608,11.112652608213097,8.999997419768127,11.116570382386143
RR,0.8500000000000001,8.999996208300788,11.117561683599419,8.99999703846744,11.115045701616177
RR,0.9500000000000001,8.999996292908918,11.11492281303602,8.999996490955816,11.116051025813126
RR,1.05,8.999996971657744,11.115668580803938,8.999997292919756,11.114414667351019
RR,1.1500000000000001,8.999998614192606,11.112652608213097,8.999997915002588,11.113736313618618
RR,1.25,8.99999815915741,11.112887751838823,8.99999844862218,11.116389169111457
RR,1.35,8.99999857251652,11.123627147282455,8.99999861491905,11.119163863895032
RR,1.4500000000000002,8.999999113083218,11.120976692563818,8.99999813874208,11.121067407531868
RR,1.55,8.999996730626508,11.118598382749326,8.99999861456991,11.116895395474751
RR,1.6500000000000001,9.0,11.11111111111111,8.999997062466498,11.115662197793164
RR,1.75,8.99999445677299,11.117277099519054,8.999996821540899,11.117781236936054
RR,1.85,8.999996007849708,11.124955500177999,8.999996461279268,11.118235010974734
RR,1.9500000000000002,8.99999891921511,11.11247243322715,8.999997205720641,11.119356099776178
RR,2.0500000000000003,8.9999966900971,11.120640365923386,8.99999783499545,11.115698580159682
RR,2.15,8.999997895674138,11.113982941328509,8.999997282663353,11.116336699901574
RR,2.25,8.999997262218816,11.11438679245283,8.999997531567978,11.113859093650383
RR,2.35,8.99999743681098,11.113207547169813,8.999996898015866,11.114648846960167
RR,2.45,8.999995995017802,11.116352201257861,8.999997196995396,11.114149166755501
RR,2.5500000000000003,8.99999815915741,11.112887751838823,8.999996961600575,11.115946111948668
RR,2.6500000000000004,8.999996730626508,11.118598382749326,8.999997321434504,11.116087763033718
RR,2.75,8.999997074519593,11.116777154513004,8.999996962628346,11.119440456019882
RR,2.85,8.999997082738942,11.122945830797322,8.9999974174638,11.121764092045538
RR,2.95,8.99999809513287,11.125569290826286,8.999997930688139,11.120389243278902
RR,3.0500000000000003,8.999998614192608,11.112652608213097,8.999997893661074,11.117963493281108
RR,3.1500000000000004,8.999996971657744,11.115668580803938,8.999997556196432,11.117089006604786
RR,3.25,8.999997082738942,11.122945830797322,8.999997542304401,11.120747186294572
RR,3.35,8.99999857251652,11.123627147282455,8.999997461960659,11.121723786943031
RR,3.45,8.999996730626513,11.118598382749322,8.999996586638675,11.119834209850277
RR,3.5500000000000003,8.999994456772992,11.117277099519052,8.999996427510794,11.120481591031554
RR,3.6500000000000004,8.999998095132874,11.125569290826284,8.999996507854538,11.119504990383092
RR,3.75,8.999996971657744,11.115668580803938,8.999997741982675,11.118041874489682
RR,3.85,8.99999815915741,11.112887751838823,8.999997901110557,11.117394493308405
RR,3.95,8.99999857251652,11.123627147282455,8.999998540753408,11.119553294741849
RR,4.05,8.99999889058629,11.12214498510427,8.999999154367602,11.118961081165947
RR,4.15,9.0,11.11111111111111,8.999998195103766,11.11765305279558
RR,4.25,8.999995694725007,11.119703062171357,8.999997555460917,11.115494251362136
RR,4.3500000000000005,8.999996971657744,11.115668580803938,8.99999631976389,11.116764818670438
RR,4.45,8.999996292908918,11.11492281303602,8.999997119899843,11.118720228222083
RR,4.55,8.99999809513287,11.125569290826286,8.999998129347262,11.117201071657805
RR,4.65,9.0,11.11111111111111,8.999999365044289,11.115930504349501
RR,4.75,9.0,11.11111111111111,8.99999936504429,11.115930504349501
RR,4.8500000000000005,8.99999809513287,11.125569290826286,8.99999857510683,11.117274373617901
RR,4.95,8.999997630187618,11.115142718916305,8.999997599946694,11.119163054751866
RR,5.050000000000001,8.999997074519593,11.116777154513004,8.999997759074576,11.11851567357059
RR,5.15,8.99999857251652,11.123627147282455,8.999997539564617,11.118690960866466
RR,5.25,8.999996971657744,11.115668580803938,8.999997035507024,11.120480237730222
RR,5.3500000000000005,8.99999556234681,11.12214498510427,8.999997035507024,11.120480237730222
RR,5.45,8.99999857251652,11.123627147282455,8.99999734351249,11.119918357905078
RR,5.550000000000001,8.999997895674138,11.113982941328509,8.999998360794422,11.116754232274687
RR,5.65,8.999998614192608,11.112652608213097,8.99999822300805,11.113174433793475
RR,5.75,8.999998159157409,11.112887751838823,8.999997821149039,11.1153935753251
RR,5.8500000000000005,8.999996690097104,11.120640365923382,8.99999717978387,11.11805616122853
RR,5.95,8.9999966900971,11.120640365923386,8.999997793398068,11.117463947652626
RR,6.050000000000001,9.0,11.11111111111111,8.999997048956697,11.116342858851183
RR,6.15,8.99999445677299,11.117277099519054,8.999998152257662,11.113166440580423
RR,6.25,9.0,11.11111111111111,8.999997177097526,11.115055121714391
RR,6.3500000000000005,8.999997074519593,11.116777154513004,8.999998283323473,11.116444640228854
RR,6.45,8.99999777545083,11.12144565506245,8.99999758188152,11.117401916967987
RR,6.550000000000001,8.999997895674136,11.113982941328509,8.999998261402729,11.118801762984925
RR,6.65,8.99999911308322,11.120976692563818,8.99999809032539,11.116448808781719
RR,6.75,8.999997262218816,11.11438679245283,8.999997937371006,11.118286780120854
RR,6.8500000000000005,8.99999743681098,11.119496855345913,8.999997937371006,11.118286780120854
RR,6.95,8.99999911308322,11.120976692563818,8.999997614267706,11.118465453648582
RR,7.050000000000001,8.999996292908918,11.11492281303602,8.999996493821175,11.11902987874131
RR,7.15,8.999994075471387,11.121190130624093,8.99999531024237,11.11941930958813
RR,7.25,8.999995562346808,11.122144985104272,8.9999956563139,11.123853330194656
RR,7.3500000000000005,8.999997331123502,11.128224874855604,8.999996367257033,11.122643847853098
RR,7.45,8.999996208300788,11.117561683599419,8.999996582575026,11.121116080684814
RR,7.550000000000001,8.999996208300788,11.117561683599419,8.999996382409362,11.117907249982721
RR,7.65,8.999996730626513,11.118598382749322,8.99999727650453,11.119435017151005
RR,7.75,8.99999889058629,11.12214498510427,8.999998540404269,11.117284826321567
RR,7.8500000000000005,9.0,11.11111111111111,8.999998620748011,11.116308225673107
RR,7.95,8.999996971657744,11.115668580803938,8.999998215407095,11.114314152059885
RR,8.05,8.999997674563538,11.116162764264606,8.999997631347044,11.117371454645491
RR,8.15,8.99999824781985,11.120283018867925,8.999997376894726,11.11800248891065
RR,8.25,8.999996208300788,11.117561683599419,8.999997362102752,11.117662473794548
RR,8.35,8.999997630187618,11.115142718916305,8.999997033569073,11.115697064989519
RR,8.450000000000001,8.999997262218812,11.11438679245283,8.999997061771785,11.114817441468384
RR,8.55,8.999996292908918,11.11492281303602,8.999996372491513,11.117151530197708
RR,8.65,8.99999556234681,11.12214498510427,8.999997285085243,11.116059636417134
RR,8.75,9.0,11.11111111111111,8.99999773084481,11.116132938377229
RR,8.85,8.999997630187616,11.115142718916305,8.999998626002489,11.115512282965113
RR,8.950000000000001,8.99999824781985,11.120283018867925,8.999997295285725,11.120127079320744
RR,9.05,8.99999600784971,11.124955500177999,8.999997230826848,11.121578458130612
RR,9.15,8.999997436810984,11.119496855345911,8.999997814886898,11.118521155545006
RR,9.25,9.0,11.11111111111111,8.999998510647954,11.115111207498977
RR,9.35,8.999998095132876,11.114725656039905,8.999998510647954,11.115111207498975
RR,9.450000000000001,8.999997436810984,11.119496855345911,8.999998510647954,11.115111207498977
RR,9.55,9.0,11.11111111111111,8.999999145603661,11.113906359189377
RR,9.65,9.0,11.11111111111111,8.999998520782269,11.114789069108832
RR,9.75,8.999995562346808,11.122144985104272,8.999996545939398,11.118148742279823
RR,9.850000000000001,8.999994075471387,11.121190130624093,8.999995456148234,11.120644499492565
RR,9.950000000000001,8.999996730626508,11.118598382749326,8.999995832064998,11.120142959765602
RR,10.05,8.999996690097104,11.120640365923382,8.999995720980165,11.121150861716899
RR,10.15,8.999993742216882,11.124213836477987,8.999996810771329,11.118655104504159
RR,10.25,9.0,11.11111111111111,8.999997059675954,11.116177498252972
RR,10.350000000000001,8.99999743681098,11.113207547169813,8.99999766638593,11.1154878811284
RR,10.450000000000001,8.999995562346808,11.122144985104272,8.99999692486954,11.11893272911218
RR,10.55,8.99999777545083,11.12144565506245,8.999996515366142,11.120384107922048
RR,10.65,8.999996208300788,11.117561683599419,8.999997359628162,11.121525543162718
RR,10.75,8.99999809513287,11.125569290826286,8.999997091697134,11.119599851743216
RR,10.850000000000001,8.999996971657744,11.115668580803938,8.999997720641161,11.12226905415217
RR,10.950000000000001,8.99999809513287,11.125569290826286,8.999997265805709,11.119945418126518
RR,11.05,8.999996730626508,11.118598382749326,8.999996572454782,11.120922018774978
RR,11.15,8.999994891604963,11.118598382749328,8.999995876693726,11.120717421892218
RR,11.25,8.999996007849708,11.124955500177999,8.99999499164202,11.121581337850472
RR,11.350000000000001,8.999994075471387,11.121190130624093,8.999993534693019,11.124461057711324
RR,11.450000000000001,8.99999052075796,11.127237542331882,8.999994865409782,11.119846261355695
RR,11.55,9.0,11.11111111111111,8.999994909476497,11.122045320158527
RR,11.65,8.999994207671525,11.12778730703259,8.999996738507077,11.121284639440566
RR,11.75,8.999996007849708,11.124955500177999,8.99999582591335,11.122376533221141
RR,11.850000000000001,8.999997262218816,11.11438679245283,8.999996425972745,11.121432597602942
RR,11.950000000000001,8.999996007849708,11.124955500177999,8.999995339317694,11.119791469415683
RR,12.05,8.999992747884557,11.120032115616219,8.999994988011684,11.120849766464545
RR,12.15,8.999996208300788,11.117561683599419,8.999995528790986,11.117578839377314
RR,12.25,8.999997630187616,11.115142718916305,8.999997091766462,11.117400419287213
RR,12.350000000000001,8.99999743681098,11.119496855345913,8.999997443072472,11.11634212223835
RR,12.450000000000001,8.999997262218816,11.11438679245283,8.999997378613594,11.117793501048219
RR,12.55,8.999997436810984,11.119496855345911,8.999996753792203,11.11867621096767
RR,12.65,8.99999556234681,11.12214498510427,8.999997666385932,11.117584317187097
RR,12.75,9.0,11.11111111111111,8.999997417481303,11.117965487379587
RR,12.850000000000001,8.9999966900971,11.120640365923386,8.99999746160737,11.117151513068618
RR,12.950000000000001,8.999995694725007,11.119703062171357,8.999996126613302,11.118898543117533
RR,13.05,8.999995995017802,11.116352201257861,8.999996254754134,11.11761080598074
RR,13.15,8.999997074519593,11.116777154513004,8.999995272473983,11.11772049046236
RR,13.25,8.999992747884557,11.12003211561622,8.99999575307171,11.118768708491713
RR,13.350000000000001,8.99999743681098,11.119496855345913,8.9999950254335,11.119375784570488
RR,13.450000000000001,8.999994891604963,11.118598382749328,8.999996112088551,11.121016912757746
RR,13.55,8.999996007849708,11.124955500177999,8.999996076859391,11.123926252594309
RR,13.65,8.999997331123504,11.128224874855603,8.999996448940975,11.1260452917372
RR,13.75,8.999996007849708,11.124955500177999,8.99999644466367,11.123177525430487
RR,13.850000000000001,8.999995995017802,11.116352201257861,8.999996361868817,11.121417844077726
RR,13.950000000000001,8.999997082738942,11.122945830797322,8.999995606657874,11.12117062284439
RR,14.05,8.999993742216882,11.124213836477987,8.999996306696232,11.124242986033865
RR,14.15,8.99999809513287,11.125569290826286,8.999996015216846,11.122448270301229
RR,14.25,8.999996208300788,11.117561683599419,8.999996621926822,11.121758653176661
RR,14.350000000000001,8.999995562346808,11.122144985104272,8.999996401254089,11.119150690379934
RR,14.450000000000001,8.999997433114668,11.117745402436114,8.999996775528325,11.122705087465329
RR,14.55,8.999997331123504,11.128224874855603,8.999997400349718,11.121822377545877
RR,14.65,8.99999743681098,11.119496855345913,8.999996920984096,11.121357977153126
RR,14.75,8.999995995017802,11.116352201257861,8.999997810609594,11.115653389238295
RR,14.850000000000001,9.0,11.11111111111111,8.999997689845799,11.11474682229399
RR,14.950000000000001,8.999997074519593,11.116777154513004,8.999999024839864,11.112999792245075
RR,15.05,9.0,11.11111111111111,8.999996938912158,11.117367367367367
RR,15.15,8.999993742216882,11.124213836477987,8.999996650172555,11.11762887706284
RR,15.25,8.999996208300788,11.117561683599419,8.999996650172555,11.11762887706284
RR,15.350000000000001,9.0,11.11111111111111,8.999997301008598,11.116125285627296
RR,15.450000000000001,8.999995694725005,11.119703062171357,8.99999686210999,11.116470852010599
RR,15.55,8.999994891604963,11.118598382749328,8.999996400174192,11.116984684377925
RR,15.65,8.999998614192608,11.112652608213097,8.999997093749466,11.117565548674959
RR,15.75,8.99999777545083,11.12144565506245,8.999998796547812,11.115069791462219
RR,15.850000000000001,9.0,11.11111111111111,8.999997779265879,11.11823391709261
RR,15.950000000000001,8.999995562346808,11.122144985104272,8.999998058846472,11.115302901476161
RR,16.05,8.999998614192608,11.112652608213097,8.999996211104135,11.117358230945475
RR,16.150000000000002,8.99999445677299,11.117277099519054,8.999997214494039,11.117852285004867
RR,16.25,8.99999857251652,11.123627147282455,8.999996345713074,11.12195324899317
RR,16.35,8.999996007849708,11.124955500177999,8.999997731519612,11.120411751891183
RR,16.45,8.999998614192608,11.112652608213097,8.999998207347438,11.11623973983407
RR,16.55,9.0,11.11111111111111,8.999999538064202,11.11162494347844
RR,16.650000000000002,9.0,11.11111111111111,8.99999852078227,11.11478906910883
RR,16.75,8.99999556234681,11.12214498510427,8.999997417481303,11.117965487379587
RR,16.85,8.9999966900971,11.120640365923386,8.999995714682958,11.12046124459233
RR,16.95,8.999994891604963,11.118598382749328,8.999996824096117,11.12046124459233
RR,17.05,8.99999889058629,11.12214498510427,8.999997313782888,11.117877039897474
RR,17.150000000000002,8.999998159157409,11.112887751838823,8.999998162184893,11.116080094704301
RR,17.25,8.99999743681098,11.113207547169813,8.999997677593123,11.11519738478485
RR,17.35,8.99999743681098,11.119496855345913,8.999997677593123,11.11519738478485
RR,17.45,8.99999815915741,11.112887751838823,8.999997559569112,11.118443479327352
RR,17.55,8.999997082738942,11.122945830797322,8.999997938137623,11.1198202433062
RR,17.650000000000002,8.99999857251652,11.123627147282455,8.999998075923992,11.123400041787411
RR,17.75,8.99999857251652,11.123627147282455,8.999999048344344,11.119455135225342
RR,17.85,9.0,11.11111111111111,8.99999866854373,11.117494553609895
RR,17.95,8.999997433114668,11.117745402436114,8.999998254746059,11.11902712946761
RR,18.05,8.999997331123504,11.128224874855603,8.99999777891823,11.123199141524722
RR,18.150000000000002,8.99999857251652,11.123627147282455,8.99999793310472,11.12194498782219
RR,18.25,8.999997895674136,11.113982941328509,8.999998452925649,11.119918357905078
RR,18.35,8.99999889058629,11.12214498510427,8.999998928753476,11.115746345847962
RR,18.45,9.0,11.11111111111111,8.999998774566986,11.1170004995505
RR,18.55,8.999997433114668,11.117745402436114,8.999998171951203,11.11726744811485
RR,18.650000000000002,8.999997082738942,11.122945830797322,8.999997317554863,11.120062696193116
RR,18.75,8.99999743681098,11.119496855345913,8.999996738091642,11.120715249438197
RR,18.85,8.999995694725005,11.119703062171357,8.999995862769659,11.118825672345443
RR,18.95,8.99999445677299,11.117277099519054,8.999995282074332,11.118894407953922
RR,19.05,8.999995694725005,11.119703062171357,8.999996015724044,11.116987701006307
RR,19.150000000000002,8.999997895674138,11.113982941328509,8.999997387638555,11.119104383594106
RR,19.25,8.99999857251652,11.123627147282455,8.999997732939056,11.118736157120097
RR,19.35,8.999996730626508,11.118598382749326,8.999997461960655,11.121723786943035
RR,19.450000000000003,8.999997082738942,11.122945830797322,8.999997324174286,11.118143988461824
RR,19.55,8.99999815915741,11.112887751838823,8.999997952029652,11.116162063616414
RR,19.650000000000002,8.999998614192606,11.112652608213097,8.999997915002586,11.113736313618618
RR,19.75,8.999996971657744,11.115668580803938,8.999997893661073,11.117963493281104
RR,19.85,8.99999809513287,11.125569290826286,8.99999835559687,11.117449660913778
RR,19.950000000000003,9.0,11.11111111111111,8.999998751430093,11.116522717925406
RR,20.05,8.99999815915741,11.112887751838823,8.999998751430093,11.116522717925406
RR,20.150000000000002,8.99999809513287,11.125569290826286,8.999998275602266,11.120694729982523
RR,20.25,8.99999857251652,11.123627147282455,8.999997785915498,11.123278934677375
RR,20.35,8.999996690097104,11.120640365923382,8.99999795893541,11.118973373806313
RR,20.450000000000003,8.999998614192608,11.112652608213097,8.999997579134794,11.117012792190865
RR,20.55,8.999997433114668,11.117745402436114,8.999998098375707,11.116893676505711
RR,20.650000000000002,8.99999824781985,11.120283018867925,8.999998190506936,11.120057802136103
RR,20.75,8.99999889058629,11.12214498510427,8.99999868587375,11.118300145733116
RR,20.85,8.99999891921511,11.11247243322715,8.99999890012923,11.118920801145231
RR,20.950000000000003,8.99999889058629,11.12214498510427,8.999997934939733,11.116989873196426
RR,21.05,8.999995995017802,11.116352201257861,8.999997660245654,11.12135549239614
RR,21.150000000000002,8.99999809513287,11.125569290826286,8.999997288533834,11.121122382382199
RR,21.25,8.99999777545083,11.12144565506245,8.999997848382412,11.121059236717782
RR,21.35,8.999997674563538,11.116162764264606,8.999997802218553,11.118735600692128
RR,21.450000000000003,8.999997956641291,11.118598382749326,8.999997959674893,11.118348055293952
RR,21.55,8.99999824781985,11.120283018867925,8.99999837455875,11.117117944948134
RR,21.650000000000002,8.99999891921511,11.11247243322715,8.99999757646059,11.118300145733116
RR,21.75,8.99999556234681,11.12214498510427,8.999996681302909,11.118920801145231
RR,21.85,8.999995562346808,11.122144985104272,8.999996340122584,11.119424303845683
RR,21.950000000000003,8.999997895674138,11.113982941328509,8.999995844497443,11.119106019018957
RR,22.05,8.999994075471387,11.121190130624093,8.999996688759465,11.120247454259632
RR,22.150000000000002,8.99999809513287,11.125569290826286,8.999996928265622,11.119804009887824
RR,22.25,8.999998614192608,11.112652608213097,8.999998268152783,11.121263729955224
RR,22.35,8.99999809513287,11.125569290826286,8.999998903108493,11.116444336716832
RR,22.450000000000003,9.0,11.11111111111111,8.999998509415846,11.11814193479117
RR,22.55,8.999997433114666,11.117745402436114,8.999999144371555,11.113322541552778
RR,22.650000000000002,9.0,11.11111111111111,8.99999816921142,11.115211222686744
RR,22.75,8.999997074519593,11.116777154513004,8.999998283323473,11.116444640228854
RR,22.85,8.99999777545083,11.12144565506245,8.999997727406706,11.117296850008815
RR,22.950000000000003,8.999998332249694,11.113667740450989,8.999998146650073,11.11626037865481
RR,23.05,8.999998332249694,11.113667740450989,8.999997408948731,11.11649348866875
RR,23.150000000000002,8.999995562346808,11.122144985104272,8.9999979648655,11.115641278888793
RR,23.25,9.0,11.11111111111111,8.999997819340315,11.115746345847962
RR,23.35,8.999997895674138,11.113982941328509,8.999998663602335,11.116887781088636
RR,23.450000000000003,8.99999809513287,11.125569290826286,8.999998663602335,11.116887781088636
RR,23.55,9.0,11.11111111111111,8.99999936504429,11.115930504349501
RR,23.650000000000002,9.0,11.11111111111111,8.999998152257662,11.113166440580427
RR,23.75,8.99999445677299,11.117277099519054,8.999996673039933,11.116844398578145
RR,23.85,8.999995562346808,11.122144985104272,8.999994970241588,11.119340155790885
RR,23.950000000000003,8.999994891604963,11.118598382749328,8.999995582286898,11.118555393629874
RR,24.05,8.999996292908918,11.11492281303602,8.99999644789043,11.115469649208057
RR,24.150000000000002,8.99999815915741,11.112887751838823,8.999997515733066,11.117793285233711
RR,24.25,8.99999809513287,11.125569290826286,8.999998009913703,11.119967565909185
RR,24.35,8.99999777545083,11.12144565506245,8.999998147700074,11.123547364390397
RR,24.450000000000003,8.99999857251652,11.123627147282455,8.999997679354815,11.121904389422765
RR,24.55,8.9999966900971,11.120640365923386,8.99999731757024,11.12163595970974
RR,24.650000000000002,8.999996690097104,11.120640365923382,8.999997091956113,11.118421224391758
RR,24.75,8.999997895674136,11.113982941328509,8.999997185809661,11.116763962685276
RR,24.85,8.999996971657744,11.115668580803938,8.999997313950491,11.115476225548484
RR,24.950000000000003,8.999997074519593,11.116777154513004,8.999998015392444,11.114518948809353
RR,25.05,9.0,11.11111111111111,8.999998170443524,11.113698604264641
RR,25.150000000000002,8.99999743681098,11.113207547169813,8.999996728231846,11.114783591299046
RR,25.25,8.999992747884557,11.120032115616219,8.999995755811492,11.118728497861118
RR,25.35,8.999997082738942,11.122945830797322,8.99999590876588,11.118986962580683
RR,25.450000000000003,8.999997895674138,11.113982941328509,8.999996991143627,11.11776032446123
RR,25.55,8.999995995017803,11.116352201257861,8.999997050970252,11.114907311679735
RR,25.650000000000002,8.999997262218816,11.11438679245283,8.99999705097025,11.114907311679735
RR,25.75,8.999997895674136,11.113982941328509,8.99999705097025,11.120148401826484
RR,25.85,8.999995995017802,11.132075471698114,8.999996032787822,11.124615240019736
RR,25.950000000000003,8.999994207671525,11.12778730703259,8.99999612061558,11.124250176856508
RR,26.05,8.99999815915741,11.112887751838823,8.999996124892881,11.121876853016468
RR,26.150000000000002,8.999996007849708,11.124955500177999,8.9999972012727,11.117016933062212
RR,26.25,8.99999743681098,11.113207547169813,8.999997073370507,11.119869567470088
RR,26.35,8.99999777545083,11.12144565506245,8.999997491493541,11.116346664895032
RR,26.450000000000003,8.999997262218816,11.11438679245283,8.999997256098718,11.118143610088202
RR,26.55,8.999996730626508,11.118598382749326,8.999997143218769,11.11749401018269
RR,26.650000000000002,8.999997436810984,11.119496855345911,8.999997354370544,11.11735939314125
RR,26.75,8.999997895674138,11.113982941328509,8.999998074357137,11.118541593926231
RR,26.85,8.99999889058629,11.12214498510427,8.999998016159749,11.116838239628535
RR,26.950000000000003,8.999997262218816,11.11438679245283,8.999996300229888,11.118854631057772
RR,27.05,8.999992747884557,11.120032115616219,8.999994903501921,11.116695829624328
RR,27.150000000000002,8.999994700402391,11.115668580803938,8.999994840935514,11.11749261697772
RR,27.25,8.999997074519593,11.116777154513004,8.999996556865375,11.115476225548484
RR,27.35,8.999997895674138,11.113982941328509,8.9999976884422,11.118776462222598
RR,27.450000000000003,8.99999809513287,11.125569290826286,8.999997228510672,11.119751764775385
RR,27.55,8.999995694725005,11.119703062171357,8.999996163420088,11.120313644600527
RR,27.650000000000002,8.999994700402391,11.115668580803938,8.999995319158069,11.119172209359855
RR,27.75,8.999995562346808,11.122144985104272,8.999996278421905,11.120480237730222
RR,27.85,8.99999857251652,11.123627147282457,8.999997190558103,11.121756329244215
RR,27.950000000000003,8.99999743681098,11.119496855345913,8.999998085715783,11.121135673832098
RR,28.05,8.99999824781985,11.120283018867925,8.999997977483561,11.120020964360586
RR,28.150000000000002,8.99999824781985,11.120283018867925,8.99999819692419,11.122045109520712
RR,28.25,8.99999809513287,11.125569290826286,8.99999878098424,11.118987806935108
RR,28.35,9.0,11.11111111111111,8.999997662245944,11.118426261562242
RR,28.450000000000003,8.999994891604963,11.118598382749328,8.99999720741049,11.11610262553659
RR,28.55,8.999996730626508,11.118598382749326,8.999995504612144,11.118598382749326
RR,28.650000000000002,8.999994891604963,11.118598382749328,8.999995276634332,11.121661357510414
RR,28.75,8.999994207671525,11.12778730703259,8.999995512029157,11.119864412317243
RR,28.85,8.99999743681098,11.113207547169813,8.999997214827502,11.117368655104505
RR,28.950000000000003,9.0,11.11111111111111,8.999998233009933,11.112901816911252
RR,29.05,8.999997262218816,11.11438679245283,8.999997239663935,11.114258334360997
RR,29.150000000000002,8.99999445677299,11.117277099519054,8.999995908947172,11.118873130716628
RR,29.25,8.999996007849708,11.124955500177999,8.999995342323167,11.121459194933776
RR,29.35,8.999995562346808,11.122144985104272,8.999995104137799,11.123771440586752
RR,29.450000000000003,8.999993742216882,11.124213836477987,8.999994348926856,11.123524219353415
RR,29.55,8.999993742216882,11.124213836477987,8.999995214530392,11.120438474931598
RR,29.650000000000002,8.99999815915741,11.112887751838823,8.999995597659753,11.118566657022045
RR,29.75,8.999994891604963,11.118598382749328,8.999997683587459,11.114199081899756
RR,29.85,9.0,11.11111111111111,8.999997507264192,11.114950737592247
RR,29.950000000000003,8.999997630187616,11.115142718916305,8.999999210062539,11.112454980379509
RR,30.05,9.0,11.11111111111111,8.999998575106828,11.117274373617901
RR,30.150000000000002,8.99999809513287,11.125569290826286,8.999998034327525,11.120545300705132
RR,30.25,8.999996007849708,11.124955500177999,8.999996770427789,11.122695491534566
RR,30.35,8.999996208300788,11.117561683599419,8.999996108075248,11.121258591888708
