mode,time_bin_s,ue,alloc_rbg,total_alloc_rbg,share_pct,share_pct_smooth
IA-FMR,0.45,1,1830,16112,11.357994041708043,11.339374379344587
IA-FMR,0.45,2,1668,16112,10.35253227408143,10.364945382323734
IA-FMR,0.45,3,1672,16112,10.377358490566039,10.377358490566039
IA-FMR,0.45,4,1817,16112,11.277308838133068,11.2990317775571
IA-FMR,0.45,5,1829,16112,11.351787487586892,11.336271102284012
IA-FMR,0.45,6,1685,16112,10.458043694141013,10.417701092353525
IA-FMR,0.45,7,1963,16112,12.183465739821251,12.223808341608738
IA-FMR,0.45,8,1969,16112,12.220705064548163,12.242428003972194
IA-FMR,0.45,9,1679,16112,10.420804369414101,10.39908142999007
IA-FMR,0.55,1,1932,17066,11.320754716981131,11.28938150247843
IA-FMR,0.55,2,1771,17066,10.377358490566039,10.396947108636171
IA-FMR,0.55,3,1771,17066,10.377358490566039,10.403232226733541
IA-FMR,0.55,4,1932,17066,11.320754716981131,11.264476722017605
IA-FMR,0.55,5,1932,17066,11.320754716981131,11.331098973849718
IA-FMR,0.55,6,1771,17066,10.377358490566039,10.420175857604365
IA-FMR,0.55,7,2093,17066,12.264150943396226,12.237255875537903
IA-FMR,0.55,8,2093,17066,12.264150943396226,12.249668983780206
IA-FMR,0.55,9,1771,17066,10.377358490566039,10.407762749362062
IA-FMR,0.65,1,1874,16748,11.189395748746119,11.234363403365768
IA-FMR,0.65,2,1752,16748,10.460950561261047,10.431597032288883
IA-FMR,0.65,3,1751,16748,10.454979699068545,10.429606744891382
IA-FMR,0.65,4,1875,16748,11.195366610938619,11.236353690763268
IA-FMR,0.65,5,1896,16748,11.320754716981131,11.320754716981131
IA-FMR,0.65,6,1746,16748,10.425125388106043,10.409511262458558
IA-FMR,0.65,7,2054,16748,12.264150943396226,12.264150943396226
IA-FMR,0.65,8,2054,16748,12.264150943396226,12.264150943396226
IA-FMR,0.65,9,1746,16748,10.425125388106043,10.409511262458558
IA-FMR,0.75,1,1839,16430,11.192939744370054,11.174274471746974
IA-FMR,0.75,2,1718,16430,10.456482045039563,10.469653355647454
IA-FMR,0.75,3,1718,16430,10.456482045039563,10.467663068249953
IA-FMR,0.75,4,1839,16430,11.192939744370054,11.176264759144473
IA-FMR,0.75,5,1860,16430,11.320754716981131,11.320754716981131
IA-FMR,0.75,6,1713,16430,10.426049908703591,10.431543870718784
IA-FMR,0.75,7,2015,16430,12.264150943396226,12.264150943396226
IA-FMR,0.75,8,2015,16430,12.264150943396226,12.264150943396226
IA-FMR,0.75,9,1713,16430,10.426049908703591,10.431543870718784
IA-FMR,0.8500000000000001,1,1854,16642,11.140487922124745,11.157971862873183
IA-FMR,0.8500000000000001,2,1746,16642,10.49152746064175,10.47984565544102
IA-FMR,0.8500000000000001,3,1746,16642,10.49152746064175,10.47984565544102
IA-FMR,0.8500000000000001,4,1854,16642,11.140487922124745,11.157971862873183
IA-FMR,0.8500000000000001,5,1884,16642,11.320754716981131,11.320754716981131
IA-FMR,0.8500000000000001,6,1738,16642,10.443456315346713,10.437654179799006
IA-FMR,0.8500000000000001,7,2041,16642,12.264150943396226,12.264150943396226
IA-FMR,0.8500000000000001,8,2041,16642,12.264150943396226,12.264150943396226
IA-FMR,0.8500000000000001,9,1738,16642,10.443456315346713,10.437654179799006
IA-FMR,0.9500000000000001,1,1854,16642,11.140487922124745,11.146496815286625
IA-FMR,0.9500000000000001,2,1746,16642,10.49152746064175,10.487521531867163
IA-FMR,0.9500000000000001,3,1746,16642,10.49152746064175,10.487521531867163
IA-FMR,0.9500000000000001,4,1854,16642,11.140487922124745,11.146496815286625
IA-FMR,0.9500000000000001,5,1884,16642,11.320754716981131,11.320754716981131
IA-FMR,0.9500000000000001,6,1738,16642,10.443456315346713,10.44145335095942
IA-FMR,0.9500000000000001,7,2041,16642,12.264150943396226,12.264150943396226
IA-FMR,0.9500000000000001,8,2041,16642,12.264150943396226,12.264150943396226
IA-FMR,0.9500000000000001,9,1738,16642,10.443456315346713,10.44145335095942
IA-FMR,1.05,1,1857,16642,11.158514601610383,11.162520530384969
IA-FMR,1.05,2,1744,16642,10.47950967431799,10.475503745543405
IA-FMR,1.05,3,1744,16642,10.47950967431799,10.475503745543405
IA-FMR,1.05,4,1857,16642,11.158514601610383,11.162520530384969
IA-FMR,1.05,5,1884,16642,11.320754716981131,11.320754716981131
IA-FMR,1.05,6,1737,16642,10.437447422184833,10.437447422184833
IA-FMR,1.05,7,2041,16642,12.264150943396226,12.264150943396226
IA-FMR,1.05,8,2041,16642,12.264150943396226,12.264150943396226
IA-FMR,1.05,9,1737,16642,10.437447422184833,10.437447422184833
IA-FMR,1.1500000000000001,1,1862,16642,11.188559067419781,11.173918043866214
IA-FMR,1.1500000000000001,2,1740,16642,10.455474101670472,10.467879558520805
IA-FMR,1.1500000000000001,3,1740,16642,10.455474101670472,10.467879558520805
IA-FMR,1.1500000000000001,4,1862,16642,11.188559067419781,11.173918043866214
IA-FMR,1.1500000000000001,5,1884,16642,11.320754716981131,11.320754716981131
IA-FMR,1.1500000000000001,6,1736,16642,10.431438529022953,10.433674095726191
IA-FMR,1.1500000000000001,7,2041,16642,12.264150943396226,12.264150943396226
IA-FMR,1.1500000000000001,8,2041,16642,12.264150943396226,12.264150943396226
IA-FMR,1.1500000000000001,9,1736,16642,10.431438529022953,10.433674095726191
IA-FMR,1.25,1,1836,16430,11.174680462568473,11.176250609988124
IA-FMR,1.25,2,1720,16430,10.46865489957395,10.465673762296824
IA-FMR,1.25,3,1720,16430,10.46865489957395,10.465673762296824
IA-FMR,1.25,4,1836,16430,11.174680462568473,11.176250609988124
IA-FMR,1.25,5,1860,16430,11.320754716981131,11.320754716981131
IA-FMR,1.25,6,1714,16430,10.432136335970785,10.43354732582826
IA-FMR,1.25,7,2015,16430,12.264150943396226,12.264150943396226
IA-FMR,1.25,8,2015,16430,12.264150943396226,12.264150943396226
IA-FMR,1.25,9,1714,16430,10.432136335970785,10.43354732582826
IA-FMR,1.35,1,1870,16748,11.165512299976116,11.151778493820297
IA-FMR,1.35,2,1754,16748,10.472892285646047,10.483982911119131
IA-FMR,1.35,3,1754,16748,10.472892285646047,10.483982911119131
IA-FMR,1.35,4,1870,16748,11.165512299976116,11.151778493820297
IA-FMR,1.35,5,1896,16748,11.320754716981131,11.320754716981131
IA-FMR,1.35,6,1748,16748,10.437067112491043,10.439710293173778
IA-FMR,1.35,7,2054,16748,12.264150943396226,12.264150943396226
IA-FMR,1.35,8,2054,16748,12.264150943396226,12.264150943396226
IA-FMR,1.35,9,1748,16748,10.437067112491043,10.439710293173778
IA-FMR,1.4500000000000002,1,1838,16536,11.115142718916303,11.154401731050108
IA-FMR,1.4500000000000002,2,1738,16536,10.510401548137397,10.481592276205264
IA-FMR,1.4500000000000002,3,1738,16536,10.510401548137397,10.481592276205264
IA-FMR,1.4500000000000002,4,1838,16536,11.115142718916303,11.154401731050108
IA-FMR,1.4500000000000002,5,1872,16536,11.320754716981131,11.320754716981131
IA-FMR,1.4500000000000002,6,1728,16536,10.449927431059507,10.439477690857835
IA-FMR,1.4500000000000002,7,2028,16536,12.264150943396226,12.264150943396226
IA-FMR,1.4500000000000002,8,2028,16536,12.264150943396226,12.264150943396226
IA-FMR,1.4500000000000002,9,1728,16536,10.449927431059507,10.439477690857835
IA-FMR,1.55,1,1861,16642,11.182550174257901,11.151722498015012
IA-FMR,1.55,2,1741,16642,10.461482994832352,10.4840163441894
IA-FMR,1.55,3,1741,16642,10.461482994832352,10.4840163441894
IA-FMR,1.55,4,1861,16642,11.182550174257901,11.151722498015012
IA-FMR,1.55,5,1884,16642,11.320754716981131,11.320754716981131
IA-FMR,1.55,6,1736,16642,10.431438529022953,10.439732855908796
IA-FMR,1.55,7,2041,16642,12.264150943396226,12.264150943396226
IA-FMR,1.55,8,2041,16642,12.264150943396226,12.264150943396226
IA-FMR,1.55,9,1736,16642,10.431438529022953,10.439732855908796
IA-FMR,1.6500000000000001,1,1845,16536,11.157474600870827,11.174191649795544
IA-FMR,1.6500000000000001,2,1733,16536,10.480164489598453,10.467710159754384
IA-FMR,1.6500000000000001,3,1733,16536,10.480164489598453,10.467710159754384
IA-FMR,1.6500000000000001,4,1845,16536,11.157474600870827,11.174191649795544
IA-FMR,1.6500000000000001,5,1872,16536,11.320754716981131,11.320754716981131
IA-FMR,1.6500000000000001,6,1726,16536,10.437832607643928,10.433569888563278
IA-FMR,1.6500000000000001,7,2028,16536,12.264150943396226,12.264150943396226
IA-FMR,1.6500000000000001,8,2028,16536,12.264150943396226,12.264150943396226
IA-FMR,1.6500000000000001,9,1726,16536,10.437832607643928,10.433569888563278
IA-FMR,1.75,1,1861,16642,11.182550174257901,11.15458034658578
IA-FMR,1.75,2,1741,16642,10.461482994832352,10.481464693679785
IA-FMR,1.75,3,1741,16642,10.461482994832352,10.481464693679785
IA-FMR,1.75,4,1861,16642,11.182550174257901,11.15458034658578
IA-FMR,1.75,5,1884,16642,11.320754716981131,11.320754716981131
IA-FMR,1.75,6,1736,16642,10.431438529022953,10.439426657847642
IA-FMR,1.75,7,2041,16642,12.264150943396226,12.264150943396226
IA-FMR,1.75,8,2041,16642,12.264150943396226,12.264150943396226
IA-FMR,1.75,9,1736,16642,10.431438529022953,10.439426657847642
IA-FMR,1.85,1,1863,16748,11.123716264628612,11.152564542683185
IA-FMR,1.85,2,1759,16748,10.502746596608551,10.483480497582383
IA-FMR,1.85,3,1759,16748,10.502746596608551,10.483480497582383
IA-FMR,1.85,4,1863,16748,11.123716264628612,11.152564542683185
IA-FMR,1.85,5,1896,16748,11.320754716981131,11.320754716981131
IA-FMR,1.85,6,1750,16748,10.449008836876045,10.439426657847642
IA-FMR,1.85,7,2054,16748,12.264150943396226,12.264150943396226
IA-FMR,1.85,8,2054,16748,12.264150943396226,12.264150943396226
IA-FMR,1.85,9,1750,16748,10.449008836876045,10.439426657847642
IA-FMR,1.9500000000000002,1,1844,16536,11.151427189163039,11.140546756359427
IA-FMR,1.9500000000000002,2,1734,16536,10.486211901306241,10.491492355131555
IA-FMR,1.9500000000000002,3,1734,16536,10.486211901306241,10.491492355131555
IA-FMR,1.9500000000000002,4,1844,16536,11.151427189163039,11.140546756359427
IA-FMR,1.9500000000000002,5,1872,16536,11.320754716981131,11.320754716981131
IA-FMR,1.9500000000000002,6,1726,16536,10.437832607643928,10.443432586622228
IA-FMR,1.9500000000000002,7,2028,16536,12.264150943396226,12.264150943396226
IA-FMR,1.9500000000000002,8,2028,16536,12.264150943396226,12.264150943396226
IA-FMR,1.9500000000000002,9,1726,16536,10.437832607643928,10.443432586622228
IA-FMR,2.0500000000000003,1,1855,16642,11.146496815286625,11.146137308858137
IA-FMR,2.0500000000000003,2,1745,16642,10.48551856747987,10.48775264314262
IA-FMR,2.0500000000000003,3,1745,16642,10.48551856747987,10.48775264314262
IA-FMR,2.0500000000000003,4,1855,16642,11.146496815286625,11.146137308858137
IA-FMR,2.0500000000000003,5,1884,16642,11.320754716981131,11.320754716981131
IA-FMR,2.0500000000000003,6,1738,16642,10.443456315346713,10.441581746112453
IA-FMR,2.0500000000000003,7,2041,16642,12.264150943396226,12.264150943396226
IA-FMR,2.0500000000000003,8,2041,16642,12.264150943396226,12.264150943396226
IA-FMR,2.0500000000000003,9,1738,16642,10.443456315346713,10.441581746112453
IA-FMR,2.15,1,1854,16642,11.140487922124745,11.148499779673918
IA-FMR,2.15,2,1746,16642,10.49152746064175,10.48551856747987
IA-FMR,2.15,3,1746,16642,10.49152746064175,10.48551856747987
IA-FMR,2.15,4,1854,16642,11.140487922124745,11.148499779673918
IA-FMR,2.15,5,1884,16642,11.320754716981131,11.320754716981131
IA-FMR,2.15,6,1738,16642,10.443456315346713,10.44145335095942
IA-FMR,2.15,7,2041,16642,12.264150943396226,12.264150943396226
IA-FMR,2.15,8,2041,16642,12.264150943396226,12.264150943396226
IA-FMR,2.15,9,1738,16642,10.443456315346713,10.44145335095942
IA-FMR,2.25,1,1857,16642,11.158514601610383,11.154508672835798
IA-FMR,2.25,2,1744,16642,10.47950967431799,10.481512638705283
IA-FMR,2.25,3,1744,16642,10.47950967431799,10.481512638705283
IA-FMR,2.25,4,1857,16642,11.158514601610383,11.154508672835798
IA-FMR,2.25,5,1884,16642,11.320754716981131,11.320754716981131
IA-FMR,2.25,6,1737,16642,10.437447422184833,10.439450386572126
IA-FMR,2.25,7,2041,16642,12.264150943396226,12.264150943396226
IA-FMR,2.25,8,2041,16642,12.264150943396226,12.264150943396226
IA-FMR,2.25,9,1737,16642,10.437447422184833,10.439450386572126
IA-FMR,2.35,1,1858,16642,11.164523494772263,11.160170899084491
IA-FMR,2.35,2,1743,16642,10.473500781156112,10.477724981690852
IA-FMR,2.35,3,1743,16642,10.473500781156112,10.477724981690852
IA-FMR,2.35,4,1858,16642,11.164523494772263,11.160170899084491
IA-FMR,2.35,5,1884,16642,11.320754716981131,11.320754716981131
IA-FMR,2.35,6,1737,16642,10.437447422184833,10.437575817337864
IA-FMR,2.35,7,2041,16642,12.264150943396226,12.264150943396226
IA-FMR,2.35,8,2041,16642,12.264150943396226,12.264150943396226
IA-FMR,2.35,9,1737,16642,10.437447422184833,10.437575817337864
IA-FMR,2.45,1,1845,16536,11.157474600870827,11.171919055586883
IA-FMR,2.45,2,1733,16536,10.480164489598453,10.46988003784062
IA-FMR,2.45,3,1733,16536,10.480164489598453,10.46988003784062
IA-FMR,2.45,4,1845,16536,11.157474600870827,11.171919055586883
IA-FMR,2.45,5,1872,16536,11.320754716981131,11.320754716981131
IA-FMR,2.45,6,1726,16536,10.437832607643928,10.433672604685704
IA-FMR,2.45,7,2028,16536,12.264150943396226,12.264150943396226
IA-FMR,2.45,8,2028,16536,12.264150943396226,12.264150943396226
IA-FMR,2.45,9,1726,16536,10.437832607643928,10.433672604685704
IA-FMR,2.5500000000000003,1,1851,16536,11.193759071117562,11.165910162425005
IA-FMR,2.5500000000000003,2,1729,16536,10.455974842767295,10.473885966615205
IA-FMR,2.5500000000000003,3,1729,16536,10.455974842767295,10.473885966615205
IA-FMR,2.5500000000000003,4,1851,16536,11.193759071117562,11.165910162425005
IA-FMR,2.5500000000000003,5,1872,16536,11.320754716981131,11.320754716981131
IA-FMR,2.5500000000000003,6,1724,16536,10.42573778422835,10.435675569072998
IA-FMR,2.5500000000000003,7,2028,16536,12.264150943396226,12.264150943396226
IA-FMR,2.5500000000000003,8,2028,16536,12.264150943396226,12.264150943396226
IA-FMR,2.5500000000000003,9,1724,16536,10.42573778422835,10.435675569072998
IA-FMR,2.6500000000000004,1,1855,16642,11.146496815286625,11.16625682933819
IA-FMR,2.6500000000000004,2,1745,16642,10.48551856747987,10.473667694855052
IA-FMR,2.6500000000000004,3,1745,16642,10.48551856747987,10.473667694855052
IA-FMR,2.6500000000000004,4,1855,16642,11.146496815286625,11.16625682933819
IA-FMR,2.6500000000000004,5,1884,16642,11.320754716981131,11.320754716981131
IA-FMR,2.6500000000000004,6,1738,16642,10.443456315346713,10.435547173919966
IA-FMR,2.6500000000000004,7,2041,16642,12.264150943396226,12.264150943396226
IA-FMR,2.6500000000000004,8,2041,16642,12.264150943396226,12.264150943396226
IA-FMR,2.6500000000000004,9,1738,16642,10.443456315346713,10.435547173919966
IA-FMR,2.75,1,1857,16642,11.158514601610383,11.15651163722309
IA-FMR,2.75,2,1744,16642,10.47950967431799,10.47950967431799
IA-FMR,2.75,3,1744,16642,10.47950967431799,10.47950967431799
IA-FMR,2.75,4,1857,16642,11.158514601610383,11.15651163722309
IA-FMR,2.75,5,1884,16642,11.320754716981131,11.320754716981131
IA-FMR,2.75,6,1737,16642,10.437447422184833,10.439450386572126
IA-FMR,2.75,7,2041,16642,12.264150943396226,12.264150943396226
IA-FMR,2.75,8,2041,16642,12.264150943396226,12.264150943396226
IA-FMR,2.75,9,1737,16642,10.437447422184833,10.439450386572126
IA-FMR,2.85,1,1858,16642,11.164523494772263,11.16590618631704
IA-FMR,2.85,2,1743,16642,10.473500781156112,10.473888451682685
IA-FMR,2.85,3,1743,16642,10.473500781156112,10.473888451682685
IA-FMR,2.85,4,1858,16642,11.164523494772263,11.16590618631704
IA-FMR,2.85,5,1884,16642,11.320754716981131,11.320754716981131
IA-FMR,2.85,6,1737,16642,10.437447422184833,10.435677060113484
IA-FMR,2.85,7,2041,16642,12.264150943396226,12.264150943396226
IA-FMR,2.85,8,2041,16642,12.264150943396226,12.264150943396226
IA-FMR,2.85,9,1737,16642,10.437447422184833,10.435677060113484
IA-FMR,2.95,1,1836,16430,11.174680462568473,11.17191507947892
IA-FMR,2.95,2,1720,16430,10.46865489957395,10.469882522908097
IA-FMR,2.95,3,1720,16430,10.46865489957395,10.469882522908097
IA-FMR,2.95,4,1836,16430,11.174680462568473,11.17191507947892
IA-FMR,2.95,5,1860,16430,11.320754716981131,11.320754716981131
IA-FMR,2.95,6,1714,16430,10.432136335970785,10.433674095726191
IA-FMR,2.95,7,2015,16430,12.264150943396226,12.264150943396226
IA-FMR,2.95,8,2015,16430,12.264150943396226,12.264150943396226
IA-FMR,2.95,9,1714,16430,10.432136335970785,10.433674095726191
IA-FMR,3.0500000000000003,1,1860,16642,11.176541281096021,11.165533840373248
IA-FMR,3.0500000000000003,2,1742,16642,10.467491887994232,10.474119562958142
IA-FMR,3.0500000000000003,3,1742,16642,10.467491887994232,10.474119562958142
IA-FMR,3.0500000000000003,4,1860,16642,11.176541281096021,11.165533840373248
IA-FMR,3.0500000000000003,5,1884,16642,11.320754716981131,11.320754716981131
IA-FMR,3.0500000000000003,6,1736,16642,10.431438529022953,10.435818294781818
IA-FMR,3.0500000000000003,7,2041,16642,12.264150943396226,12.264150943396226
IA-FMR,3.0500000000000003,8,2041,16642,12.264150943396226,12.264150943396226
IA-FMR,3.0500000000000003,9,1736,16642,10.431438529022953,10.435818294781818
IA-FMR,3.1500000000000004,1,1843,16536,11.145379777455249,11.146981083043059
IA-FMR,3.1500000000000004,2,1734,16536,10.486211901306241,10.487198363689533
IA-FMR,3.1500000000000004,3,1734,16536,10.486211901306241,10.487198363689533
IA-FMR,3.1500000000000004,4,1843,16536,11.145379777455249,11.146981083043059
IA-FMR,3.1500000000000004,5,1872,16536,11.320754716981131,11.320754716981131
IA-FMR,3.1500000000000004,6,1727,16536,10.443880019351717,10.441292251380617
IA-FMR,3.1500000000000004,7,2028,16536,12.264150943396226,12.264150943396226
IA-FMR,3.1500000000000004,8,2028,16536,12.264150943396226,12.264150943396226
IA-FMR,3.1500000000000004,9,1727,16536,10.443880019351717,10.441292251380617
IA-FMR,3.25,1,1874,16854,11.119022190577905,11.1544760465568
IA-FMR,3.25,2,1771,16854,10.507891301768126,10.48149960694891
IA-FMR,3.25,3,1771,16854,10.507891301768126,10.48149960694891
IA-FMR,3.25,4,1874,16854,11.119022190577905,11.1544760465568
IA-FMR,3.25,5,1908,16854,11.320754716981131,11.320754716981131
IA-FMR,3.25,6,1761,16854,10.448558205767178,10.439496044607495
IA-FMR,3.25,7,2067,16854,12.264150943396226,12.264150943396226
IA-FMR,3.25,8,2067,16854,12.264150943396226,12.264150943396226
IA-FMR,3.25,9,1761,16854,10.448558205767178,10.439496044607495
IA-FMR,3.35,1,1840,16430,11.199026171637248,11.16657086997238
IA-FMR,3.35,2,1717,16430,10.450395617772367,10.473436391338526
IA-FMR,3.35,3,1717,16430,10.450395617772367,10.473436391338526
IA-FMR,3.35,4,1840,16430,11.199026171637248,11.16657086997238
IA-FMR,3.35,5,1860,16430,11.320754716981131,11.320754716981131
IA-FMR,3.35,6,1713,16430,10.426049908703591,10.435464436802304
IA-FMR,3.35,7,2015,16430,12.264150943396226,12.264150943396226
IA-FMR,3.35,8,2015,16430,12.264150943396226,12.264150943396226
IA-FMR,3.35,9,1713,16430,10.426049908703591,10.435464436802304
IA-FMR,3.45,1,1849,16536,11.181664247701983,11.185743900145084
IA-FMR,3.45,2,1730,16536,10.462022254475084,10.45996992008056
IA-FMR,3.45,3,1730,16536,10.462022254475084,10.45996992008056
IA-FMR,3.45,4,1849,16536,11.181664247701983,11.185743900145084
IA-FMR,3.45,5,1872,16536,11.320754716981131,11.320754716981131
IA-FMR,3.45,6,1725,16536,10.43178519593614,10.429757877887562
IA-FMR,3.45,7,2028,16536,12.264150943396226,12.264150943396226
IA-FMR,3.45,8,2028,16536,12.264150943396226,12.264150943396226
IA-FMR,3.45,9,1725,16536,10.43178519593614,10.429757877887562
IA-FMR,3.5500000000000003,1,1860,16642,11.176541281096021,11.168234114694876
IA-FMR,3.5500000000000003,2,1742,16642,10.467491887994232,10.471677569983063
IA-FMR,3.5500000000000003,3,1742,16642,10.467491887994232,10.471677569983063
IA-FMR,3.5500000000000003,4,1860,16642,11.176541281096021,11.168234114694876
IA-FMR,3.5500000000000003,5,1884,16642,11.320754716981131,11.320754716981131
IA-FMR,3.5500000000000003,6,1736,16642,10.431438529022953,10.43556001343527
IA-FMR,3.5500000000000003,7,2041,16642,12.264150943396226,12.264150943396226
IA-FMR,3.5500000000000003,8,2041,16642,12.264150943396226,12.264150943396226
IA-FMR,3.5500000000000003,9,1736,16642,10.431438529022953,10.43556001343527
IA-FMR,3.6500000000000004,1,1855,16642,11.146496815286625,11.148918120337086
IA-FMR,3.6500000000000004,2,1745,16642,10.48551856747987,10.485252350694218
IA-FMR,3.6500000000000004,3,1745,16642,10.48551856747987,10.485252350694218
IA-FMR,3.6500000000000004,4,1855,16642,11.146496815286625,11.148918120337086
IA-FMR,3.6500000000000004,5,1884,16642,11.320754716981131,11.320754716981131
IA-FMR,3.6500000000000004,6,1738,16642,10.443456315346713,10.441301227081905
IA-FMR,3.6500000000000004,7,2041,16642,12.264150943396226,12.264150943396226
IA-FMR,3.6500000000000004,8,2041,16642,12.264150943396226,12.264150943396226
IA-FMR,3.6500000000000004,9,1738,16642,10.443456315346713,10.441301227081905
IA-FMR,3.75,1,1863,16748,11.123716264628612,11.142562560262022
IA-FMR,3.75,2,1759,16748,10.502746596608551,10.48947655122896
IA-FMR,3.75,3,1759,16748,10.502746596608551,10.48947655122896
IA-FMR,3.75,4,1863,16748,11.123716264628612,11.142562560262022
IA-FMR,3.75,5,1896,16748,11.320754716981131,11.320754716981131
IA-FMR,3.75,6,1750,16748,10.449008836876045,10.44343258662223
IA-FMR,3.75,7,2054,16748,12.264150943396226,12.264150943396226
IA-FMR,3.75,8,2054,16748,12.264150943396226,12.264150943396226
IA-FMR,3.75,9,1750,16748,10.449008836876045,10.44343258662223
IA-FMR,3.85,1,1845,16536,11.157474600870827,11.140559595874729
IA-FMR,3.85,2,1733,16536,10.480164489598453,10.49147951561625
IA-FMR,3.85,3,1733,16536,10.480164489598453,10.49147951561625
IA-FMR,3.85,4,1845,16536,11.157474600870827,11.140559595874729
IA-FMR,3.85,5,1872,16536,11.320754716981131,11.320754716981131
IA-FMR,3.85,6,1726,16536,10.437832607643928,10.443432586622228
IA-FMR,3.85,7,2028,16536,12.264150943396226,12.264150943396226
IA-FMR,3.85,8,2028,16536,12.264150943396226,12.264150943396226
IA-FMR,3.85,9,1726,16536,10.437832607643928,10.443432586622228
IA-FMR,3.95,1,1854,16642,11.140487922124745,11.158167934697198
IA-FMR,3.95,2,1746,16642,10.49152746064175,10.479727946078144
IA-FMR,3.95,3,1746,16642,10.49152746064175,10.479727946078144
IA-FMR,3.95,4,1854,16642,11.140487922124745,11.158167934697198
IA-FMR,3.95,5,1884,16642,11.320754716981131,11.320754716981131
IA-FMR,3.95,6,1738,16642,10.443456315346713,10.437575817337866
IA-FMR,3.95,7,2041,16642,12.264150943396226,12.264150943396226
IA-FMR,3.95,8,2041,16642,12.264150943396226,12.264150943396226
IA-FMR,3.95,9,1738,16642,10.443456315346713,10.437575817337866
IA-FMR,4.05,1,1860,16642,11.176541281096021,11.165932031018812
IA-FMR,4.05,2,1742,16642,10.467491887994232,10.473862606980914
IA-FMR,4.05,3,1742,16642,10.467491887994232,10.473862606980914
IA-FMR,4.05,4,1860,16642,11.176541281096021,11.165932031018812
IA-FMR,4.05,5,1884,16642,11.320754716981131,11.320754716981131
IA-FMR,4.05,6,1736,16642,10.431438529022953,10.435677060113484
IA-FMR,4.05,7,2041,16642,12.264150943396226,12.264150943396226
IA-FMR,4.05,8,2041,16642,12.264150943396226,12.264150943396226
IA-FMR,4.05,9,1736,16642,10.431438529022953,10.435677060113484
IA-FMR,4.15,1,1837,16430,11.180766889835667,11.174273490302602
IA-FMR,4.15,2,1719,16430,10.462568472306756,10.467650881982346
IA-FMR,4.15,3,1719,16430,10.462568472306756,10.467650881982346
IA-FMR,4.15,4,1837,16430,11.180766889835667,11.174273490302602
IA-FMR,4.15,5,1860,16430,11.320754716981131,11.320754716981131
IA-FMR,4.15,6,1714,16430,10.432136335970785,10.43354732582826
IA-FMR,4.15,7,2015,16430,12.264150943396226,12.264150943396226
IA-FMR,4.15,8,2015,16430,12.264150943396226,12.264150943396226
IA-FMR,4.15,9,1714,16430,10.432136335970785,10.43354732582826
IA-FMR,4.25,1,1870,16748,11.165512299976116,11.165902126324943
IA-FMR,4.25,2,1754,16748,10.472892285646047,10.473890886419682
IA-FMR,4.25,3,1754,16748,10.472892285646047,10.473890886419682
IA-FMR,4.25,4,1870,16748,11.165512299976116,11.165902126324943
IA-FMR,4.25,5,1896,16748,11.320754716981131,11.320754716981131
IA-FMR,4.25,6,1748,16748,10.437067112491043,10.435678685368584
IA-FMR,4.25,7,2054,16748,12.264150943396226,12.264150943396226
IA-FMR,4.25,8,2054,16748,12.264150943396226,12.264150943396226
IA-FMR,4.25,9,1748,16748,10.437067112491043,10.435678685368584
IA-FMR,4.3500000000000005,1,1844,16536,11.151427189163039,11.140458017430873
IA-FMR,4.3500000000000005,2,1734,16536,10.486211901306241,10.49155574008052
IA-FMR,4.3500000000000005,3,1734,16536,10.486211901306241,10.49155574008052
IA-FMR,4.3500000000000005,4,1844,16536,11.151427189163039,11.140458017430873
IA-FMR,4.3500000000000005,5,1872,16536,11.320754716981131,11.320754716981131
IA-FMR,4.3500000000000005,6,1726,16536,10.437832607643928,10.443457940601814
IA-FMR,4.3500000000000005,7,2028,16536,12.264150943396226,12.264150943396226
IA-FMR,4.3500000000000005,8,2028,16536,12.264150943396226,12.264150943396226
IA-FMR,4.3500000000000005,9,1726,16536,10.437832607643928,10.443457940601814
IA-FMR,4.45,1,1848,16642,11.104434563153466,11.152146202020015
IA-FMR,4.45,2,1750,16642,10.515563033289268,10.483746714368033
IA-FMR,4.45,3,1750,16642,10.515563033289268,10.483746714368033
IA-FMR,4.45,4,1848,16642,11.104434563153466,11.152146202020015
IA-FMR,4.45,5,1884,16642,11.320754716981131,11.320754716981131
IA-FMR,4.45,6,1740,16642,10.455474101670472,10.439578781725158
IA-FMR,4.45,7,2041,16642,12.264150943396226,12.264150943396226
IA-FMR,4.45,8,2041,16642,12.264150943396226,12.264150943396226
IA-FMR,4.45,9,1740,16642,10.455474101670472,10.439578781725158
IA-FMR,4.55,1,1864,16642,11.20057685374354,11.162225221532998
IA-FMR,4.55,2,1739,16642,10.449465208508594,10.475683498757649
IA-FMR,4.55,3,1739,16642,10.449465208508594,10.475683498757649
IA-FMR,4.55,4,1864,16642,11.20057685374354,11.162225221532998
IA-FMR,4.55,5,1884,16642,11.320754716981131,11.320754716981131
IA-FMR,4.55,6,1735,16642,10.425429635861075,10.437562977822562
IA-FMR,4.55,7,2041,16642,12.264150943396226,12.264150943396226
IA-FMR,4.55,8,2041,16642,12.264150943396226,12.264150943396226
IA-FMR,4.55,9,1735,16642,10.425429635861075,10.437562977822562
IA-FMR,4.65,1,1849,16536,11.181664247701983,11.174243007856754
IA-FMR,4.65,2,1730,16536,10.462022254475084,10.467671641208476
IA-FMR,4.65,3,1730,16536,10.462022254475084,10.467671641208476
IA-FMR,4.65,4,1849,16536,11.181664247701983,11.174243007856754
IA-FMR,4.65,5,1872,16536,11.320754716981131,11.320754716981131
IA-FMR,4.65,6,1725,16536,10.43178519593614,10.433557049047977
IA-FMR,4.65,7,2028,16536,12.264150943396226,12.264150943396226
IA-FMR,4.65,8,2028,16536,12.264150943396226,12.264150943396226
IA-FMR,4.65,9,1725,16536,10.43178519593614,10.433557049047977
IA-FMR,4.75,1,1854,16642,11.140487922124745,11.173986217550691
IA-FMR,4.75,2,1746,16642,10.49152746064175,10.467825715392115
IA-FMR,4.75,3,1746,16642,10.49152746064175,10.467825715392115
IA-FMR,4.75,4,1854,16642,11.140487922124745,11.173986217550691
IA-FMR,4.75,5,1884,16642,11.320754716981131,11.320754716981131
IA-FMR,4.75,6,1738,16642,10.443456315346713,10.433659765170402
IA-FMR,4.75,7,2041,16642,12.264150943396226,12.264150943396226
IA-FMR,4.75,8,2041,16642,12.264150943396226,12.264150943396226
IA-FMR,4.75,9,1738,16642,10.443456315346713,10.433659765170402
IA-FMR,4.8500000000000005,1,1852,16536,11.19980648282535,11.165923001940309
IA-FMR,4.8500000000000005,2,1728,16536,10.449927431059507,10.473873127099903
IA-FMR,4.8500000000000005,3,1728,16536,10.449927431059507,10.473873127099903
IA-FMR,4.8500000000000005,4,1852,16536,11.19980648282535,11.165923001940309
IA-FMR,4.8500000000000005,5,1872,16536,11.320754716981131,11.320754716981131
IA-FMR,4.8500000000000005,6,1724,16536,10.42573778422835,10.435675569072997
IA-FMR,4.8500000000000005,7,2028,16536,12.264150943396226,12.264150943396226
IA-FMR,4.8500000000000005,8,2028,16536,12.264150943396226,12.264150943396226
IA-FMR,4.8500000000000005,9,1724,16536,10.42573778422835,10.435675569072997
IA-FMR,4.95,1,1845,16536,11.157474600870827,11.166303311634096
IA-FMR,4.95,2,1733,16536,10.480164489598453,10.473632264293835
IA-FMR,4.95,3,1733,16536,10.480164489598453,10.473632264293835
IA-FMR,4.95,4,1845,16536,11.157474600870827,11.166303311634096
IA-FMR,4.95,5,1872,16536,11.320754716981131,11.320754716981131
IA-FMR,4.95,6,1726,16536,10.437832607643928,10.435536122185274
IA-FMR,4.95,7,2028,16536,12.264150943396226,12.264150943396226
IA-FMR,4.95,8,2028,16536,12.264150943396226,12.264150943396226
IA-FMR,4.95,9,1726,16536,10.437832607643928,10.435536122185274
IA-FMR,5.050000000000001,1,1866,16748,11.141628851206114,11.160255899926307
IA-FMR,5.050000000000001,2,1757,16748,10.49080487222355,10.477663872099027
IA-FMR,5.050000000000001,3,1757,16748,10.49080487222355,10.477663872099027
IA-FMR,5.050000000000001,4,1866,16748,11.141628851206114,11.160255899926307
IA-FMR,5.050000000000001,5,1896,16748,11.320754716981131,11.320754716981131
IA-FMR,5.050000000000001,6,1749,16748,10.443037974683545,10.437551926087872
IA-FMR,5.050000000000001,7,2054,16748,12.264150943396226,12.264150943396226
IA-FMR,5.050000000000001,8,2054,16748,12.264150943396226,12.264150943396226
IA-FMR,5.050000000000001,9,1749,16748,10.443037974683545,10.437551926087872
IA-FMR,5.15,1,1849,16536,11.181664247701983,11.154593673677615
IA-FMR,5.15,2,1730,16536,10.462022254475084,10.481451529113462
IA-FMR,5.15,3,1730,16536,10.462022254475084,10.481451529113462
IA-FMR,5.15,4,1849,16536,11.181664247701983,11.154593673677615
IA-FMR,5.15,5,1872,16536,11.320754716981131,11.320754716981131
IA-FMR,5.15,6,1725,16536,10.43178519593614,10.439426495322133
IA-FMR,5.15,7,2028,16536,12.264150943396226,12.264150943396226
IA-FMR,5.15,8,2028,16536,12.264150943396226,12.264150943396226
IA-FMR,5.15,9,1725,16536,10.43178519593614,10.439426495322133
IA-FMR,5.25,1,1854,16642,11.140487922124745,11.165923001940307
IA-FMR,5.25,2,1746,16642,10.49152746064175,10.473873127099901
IA-FMR,5.25,3,1746,16642,10.49152746064175,10.473873127099901
IA-FMR,5.25,4,1854,16642,11.140487922124745,11.165923001940307
IA-FMR,5.25,5,1884,16642,11.320754716981131,11.320754716981131
IA-FMR,5.25,6,1738,16642,10.443456315346713,10.435675569072998
IA-FMR,5.25,7,2041,16642,12.264150943396226,12.264150943396226
IA-FMR,5.25,8,2041,16642,12.264150943396226,12.264150943396226
IA-FMR,5.25,9,1738,16642,10.443456315346713,10.435675569072998
IA-FMR,5.3500000000000005,1,1848,16536,11.175616835994195,11.158206453243109
IA-FMR,5.3500000000000005,2,1731,16536,10.468069666182874,10.479702267047537
IA-FMR,5.3500000000000005,3,1731,16536,10.468069666182874,10.479702267047537
IA-FMR,5.3500000000000005,4,1848,16536,11.175616835994195,11.158206453243109
IA-FMR,5.3500000000000005,5,1872,16536,11.320754716981131,11.320754716981131
IA-FMR,5.3500000000000005,6,1725,16536,10.43178519593614,10.437562977822562
IA-FMR,5.3500000000000005,7,2028,16536,12.264150943396226,12.264150943396226
IA-FMR,5.3500000000000005,8,2028,16536,12.264150943396226,12.264150943396226
IA-FMR,5.3500000000000005,9,1725,16536,10.43178519593614,10.437562977822562
IA-FMR,5.45,1,1857,16642,11.158514601610383,11.17222720395416
IA-FMR,5.45,2,1744,16642,10.47950967431799,10.469687445111072
IA-FMR,5.45,3,1744,16642,10.47950967431799,10.469687445111072
IA-FMR,5.45,4,1857,16642,11.158514601610383,11.17222720395416
IA-FMR,5.45,5,1884,16642,11.320754716981131,11.320754716981131
IA-FMR,5.45,6,1737,16642,10.437447422184833,10.433557049047977
IA-FMR,5.45,7,2041,16642,12.264150943396226,12.264150943396226
IA-FMR,5.45,8,2041,16642,12.264150943396226,12.264150943396226
IA-FMR,5.45,9,1737,16642,10.437447422184833,10.433557049047977
IA-FMR,5.550000000000001,1,1861,16642,11.182550174257901,11.16785746130079
IA-FMR,5.550000000000001,2,1741,16642,10.461482994832352,10.47191133199716
IA-FMR,5.550000000000001,3,1741,16642,10.461482994832352,10.47191133199716
IA-FMR,5.550000000000001,4,1861,16642,11.182550174257901,11.16785746130079
IA-FMR,5.550000000000001,5,1884,16642,11.320754716981131,11.320754716981131
IA-FMR,5.550000000000001,6,1736,16642,10.431438529022953,10.435702904815255
IA-FMR,5.550000000000001,7,2041,16642,12.264150943396226,12.264150943396226
IA-FMR,5.550000000000001,8,2041,16642,12.264150943396226,12.264150943396226
IA-FMR,5.550000000000001,9,1736,16642,10.431438529022953,10.435702904815255
IA-FMR,5.65,1,1834,16430,11.162507608034083,11.156671094156662
IA-FMR,5.65,2,1721,16430,10.474741326841144,10.479394104613844
IA-FMR,5.65,3,1721,16430,10.474741326841144,10.479394104613844
IA-FMR,5.65,4,1834,16430,11.162507608034083,11.156671094156662
IA-FMR,5.65,5,1860,16430,11.320754716981131,11.320754716981131
IA-FMR,5.65,6,1715,16430,10.43822276323798,10.439406499342704
IA-FMR,5.65,7,2015,16430,12.264150943396226,12.264150943396226
IA-FMR,5.65,8,2015,16430,12.264150943396226,12.264150943396226
IA-FMR,5.65,9,1715,16430,10.43822276323798,10.439406499342704
IA-FMR,5.75,1,1875,16854,11.124955500177999,11.154047856926852
IA-FMR,5.75,2,1770,16854,10.501957992168032,10.48178473952771
IA-FMR,5.75,3,1770,16854,10.501957992168032,10.48178473952771
IA-FMR,5.75,4,1875,16854,11.124955500177999,11.154047856926852
IA-FMR,5.75,5,1908,16854,11.320754716981131,11.320754716981131
IA-FMR,5.75,6,1761,16854,10.448558205767178,10.439639101658647
IA-FMR,5.75,7,2067,16854,12.264150943396226,12.264150943396226
IA-FMR,5.75,8,2067,16854,12.264150943396226,12.264150943396226
IA-FMR,5.75,9,1761,16854,10.448558205767178,10.439639101658647
IA-FMR,5.8500000000000005,1,1836,16430,11.174680462568473,11.158725747947498
IA-FMR,5.8500000000000005,2,1720,16430,10.46865489957395,10.479368259912071
IA-FMR,5.8500000000000005,3,1720,16430,10.46865489957395,10.479368259912071
IA-FMR,5.8500000000000005,4,1836,16430,11.174680462568473,11.158725747947498
IA-FMR,5.8500000000000005,5,1860,16430,11.320754716981131,11.320754716981131
IA-FMR,5.8500000000000005,6,1714,16430,10.432136335970785,10.437377690253639
IA-FMR,5.8500000000000005,7,2015,16430,12.264150943396226,12.264150943396226
IA-FMR,5.8500000000000005,8,2015,16430,12.264150943396226,12.264150943396226
IA-FMR,5.8500000000000005,9,1714,16430,10.432136335970785,10.437377690253639
IA-FMR,5.95,1,1860,16642,11.176541281096021,11.160302956828536
IA-FMR,5.95,2,1742,16642,10.467491887994232,10.47764084066141
IA-FMR,5.95,3,1742,16642,10.467491887994232,10.47764084066141
IA-FMR,5.95,4,1860,16642,11.176541281096021,11.160302956828536
IA-FMR,5.95,5,1884,16642,11.320754716981131,11.320754716981131
IA-FMR,5.95,6,1736,16642,10.431438529022953,10.43752790062326
IA-FMR,5.95,7,2041,16642,12.264150943396226,12.264150943396226
IA-FMR,5.95,8,2041,16642,12.264150943396226,12.264150943396226
IA-FMR,5.95,9,1736,16642,10.431438529022953,10.43752790062326
IA-FMR,6.050000000000001,1,1864,16748,11.129687126821112,11.16638938409573
IA-FMR,6.050000000000001,2,1758,16748,10.49677573441605,10.473583222483281
IA-FMR,6.050000000000001,3,1758,16748,10.49677573441605,10.473583222483281
IA-FMR,6.050000000000001,4,1864,16748,11.129687126821112,11.16638938409573
IA-FMR,6.050000000000001,5,1896,16748,11.320754716981131,11.320754716981131
IA-FMR,6.050000000000001,6,1750,16748,10.449008836876045,10.435499091534197
IA-FMR,6.050000000000001,7,2054,16748,12.264150943396226,12.264150943396226
IA-FMR,6.050000000000001,8,2054,16748,12.264150943396226,12.264150943396226
IA-FMR,6.050000000000001,9,1750,16748,10.449008836876045,10.435499091534197
IA-FMR,6.15,1,1839,16430,11.192939744370054,11.13732750458953
IA-FMR,6.15,2,1718,16430,10.456482045039563,10.492983003341342
IA-FMR,6.15,3,1718,16430,10.456482045039563,10.492983003341342
IA-FMR,6.15,4,1839,16430,11.192939744370054,11.13732750458953
IA-FMR,6.15,5,1860,16430,11.320754716981131,11.320754716981131
IA-FMR,6.15,6,1713,16430,10.426049908703591,10.445161190182334
IA-FMR,6.15,7,2015,16430,12.264150943396226,12.264150943396226
IA-FMR,6.15,8,2015,16430,12.264150943396226,12.264150943396226
IA-FMR,6.15,9,1713,16430,10.426049908703591,10.445161190182334
IA-FMR,6.25,1,1869,16854,11.089355642577429,11.164498137706374
IA-FMR,6.25,2,1774,16854,10.52569123056841,10.47549415537105
IA-FMR,6.25,3,1774,16854,10.52569123056841,10.47549415537105
IA-FMR,6.25,4,1869,16854,11.089355642577429,11.164498137706374
IA-FMR,6.25,5,1908,16854,11.320754716981131,11.320754716981131
IA-FMR,6.25,6,1763,16854,10.460424824967367,10.435479405035785
IA-FMR,6.25,7,2067,16854,12.264150943396226,12.264150943396226
IA-FMR,6.25,8,2067,16854,12.264150943396226,12.264150943396226
IA-FMR,6.25,9,1763,16854,10.460424824967367,10.435479405035785
IA-FMR,6.3500000000000005,1,1842,16430,11.211199026171638,11.20317231096667
IA-FMR,6.3500000000000005,2,1716,16430,10.444309190505173,10.451085046018237
IA-FMR,6.3500000000000005,3,1716,16430,10.444309190505173,10.451085046018237
IA-FMR,6.3500000000000005,4,1842,16430,11.211199026171638,11.20317231096667
IA-FMR,6.3500000000000005,5,1860,16430,11.320754716981131,11.320754716981131
IA-FMR,6.3500000000000005,6,1712,16430,10.419963481436398,10.4212143411283
IA-FMR,6.3500000000000005,7,2015,16430,12.264150943396226,12.264150943396226
IA-FMR,6.3500000000000005,8,2015,16430,12.264150943396226,12.264150943396226
IA-FMR,6.3500000000000005,9,1712,16430,10.419963481436398,10.4212143411283
IA-FMR,6.45,1,1918,16960,11.308962264150944,11.280305335767904
IA-FMR,6.45,2,1761,16960,10.383254716981131,10.40164079935078
IA-FMR,6.45,3,1761,16960,10.383254716981131,10.40164079935078
IA-FMR,6.45,4,1918,16960,11.308962264150944,11.280305335767904
IA-FMR,6.45,5,1920,16960,11.320754716981131,11.320754716981131
IA-FMR,6.45,6,1761,16960,10.383254716981131,10.393525562994522
IA-FMR,6.45,7,2080,16960,12.264150943396226,12.264150943396226
IA-FMR,6.45,8,2080,16960,12.264150943396226,12.264150943396226
IA-FMR,6.45,9,1761,16960,10.383254716981131,10.393525562994522
IA-FMR,6.550000000000001,1,1932,17066,11.320754716981131,11.316823899371068
IA-FMR,6.550000000000001,2,1771,17066,10.377358490566039,10.379323899371068
IA-FMR,6.550000000000001,3,1771,17066,10.377358490566039,10.379323899371068
IA-FMR,6.550000000000001,4,1932,17066,11.320754716981131,11.316823899371068
IA-FMR,6.550000000000001,5,1932,17066,11.320754716981131,11.320754716981131
IA-FMR,6.550000000000001,6,1771,17066,10.377358490566039,10.37932389937107
IA-FMR,6.550000000000001,7,2093,17066,12.264150943396226,12.264150943396226
IA-FMR,6.550000000000001,8,2093,17066,12.264150943396226,12.264150943396226
IA-FMR,6.550000000000001,9,1771,17066,10.377358490566039,10.37932389937107
IA-FMR,6.65,1,1908,16854,11.320754716981131,11.320754716981131
IA-FMR,6.65,2,1749,16854,10.377358490566039,10.377358490566039
IA-FMR,6.65,3,1749,16854,10.377358490566039,10.377358490566039
IA-FMR,6.65,4,1908,16854,11.320754716981131,11.320754716981131
IA-FMR,6.65,5,1908,16854,11.320754716981131,11.320754716981131
IA-FMR,6.65,6,1749,16854,10.377358490566039,10.377358490566039
IA-FMR,6.65,7,2067,16854,12.264150943396226,12.264150943396226
IA-FMR,6.65,8,2067,16854,12.264150943396226,12.264150943396226
IA-FMR,6.65,9,1749,16854,10.377358490566039,10.377358490566039
IA-FMR,6.75,1,1920,16960,11.320754716981131,11.320754716981131
IA-FMR,6.75,2,1760,16960,10.377358490566039,10.377358490566039
IA-FMR,6.75,3,1760,16960,10.377358490566039,10.377358490566039
IA-FMR,6.75,4,1920,16960,11.320754716981131,11.320754716981131
IA-FMR,6.75,5,1920,16960,11.320754716981131,11.320754716981131
IA-FMR,6.75,6,1760,16960,10.377358490566039,10.377358490566039
IA-FMR,6.75,7,2080,16960,12.264150943396226,12.264150943396226
IA-FMR,6.75,8,2080,16960,12.264150943396226,12.264150943396226
IA-FMR,6.75,9,1760,16960,10.377358490566039,10.377358490566039
IA-FMR,6.8500000000000005,1,1920,16960,11.320754716981131,11.320754716981131
IA-FMR,6.8500000000000005,2,1760,16960,10.377358490566039,10.377358490566039
IA-FMR,6.8500000000000005,3,1760,16960,10.377358490566039,10.377358490566039
IA-FMR,6.8500000000000005,4,1920,16960,11.320754716981131,11.320754716981131
IA-FMR,6.8500000000000005,5,1920,16960,11.320754716981131,11.320754716981131
IA-FMR,6.8500000000000005,6,1760,16960,10.377358490566039,10.377358490566039
IA-FMR,6.8500000000000005,7,2080,16960,12.264150943396226,12.264150943396226
IA-FMR,6.8500000000000005,8,2080,16960,12.264150943396226,12.264150943396226
IA-FMR,6.8500000000000005,9,1760,16960,10.377358490566039,10.377358490566039
IA-FMR,6.95,1,1920,16960,11.320754716981131,11.320754716981131
IA-FMR,6.95,2,1760,16960,10.377358490566039,10.377358490566039
IA-FMR,6.95,3,1760,16960,10.377358490566039,10.377358490566039
IA-FMR,6.95,4,1920,16960,11.320754716981131,11.320754716981131
IA-FMR,6.95,5,1920,16960,11.320754716981131,11.320754716981131
IA-FMR,6.95,6,1760,16960,10.377358490566039,10.377358490566039
IA-FMR,6.95,7,2080,16960,12.264150943396226,12.264150943396226
IA-FMR,6.95,8,2080,16960,12.264150943396226,12.264150943396226
IA-FMR,6.95,9,1760,16960,10.377358490566039,10.377358490566039
IA-FMR,7.050000000000001,1,1932,17066,11.320754716981131,11.320754716981131
IA-FMR,7.050000000000001,2,1771,17066,10.377358490566039,10.377358490566039
IA-FMR,7.050000000000001,3,1771,17066,10.377358490566039,10.377358490566039
IA-FMR,7.050000000000001,4,1932,17066,11.320754716981131,11.320754716981131
IA-FMR,7.050000000000001,5,1932,17066,11.320754716981131,11.320754716981131
IA-FMR,7.050000000000001,6,1771,17066,10.377358490566039,10.377358490566039
IA-FMR,7.050000000000001,7,2093,17066,12.264150943396226,12.264150943396226
IA-FMR,7.050000000000001,8,2093,17066,12.264150943396226,12.264150943396226
IA-FMR,7.050000000000001,9,1771,17066,10.377358490566039,10.377358490566039
IA-FMR,7.15,1,1908,16854,11.320754716981131,11.320754716981131
IA-FMR,7.15,2,1749,16854,10.377358490566039,10.377358490566039
IA-FMR,7.15,3,1749,16854,10.377358490566039,10.377358490566039
IA-FMR,7.15,4,1908,16854,11.320754716981131,11.320754716981131
IA-FMR,7.15,5,1908,16854,11.320754716981131,11.320754716981131
IA-FMR,7.15,6,1749,16854,10.377358490566039,10.377358490566039
IA-FMR,7.15,7,2067,16854,12.264150943396226,12.264150943396226
IA-FMR,7.15,8,2067,16854,12.264150943396226,12.264150943396226
IA-FMR,7.15,9,1749,16854,10.377358490566039,10.377358490566039
IA-FMR,7.25,1,1920,16960,11.320754716981131,11.320754716981131
IA-FMR,7.25,2,1760,16960,10.377358490566039,10.377358490566039
IA-FMR,7.25,3,1760,16960,10.377358490566039,10.377358490566039
IA-FMR,7.25,4,1920,16960,11.320754716981131,11.320754716981131
IA-FMR,7.25,5,1920,16960,11.320754716981131,11.320754716981131
IA-FMR,7.25,6,1760,16960,10.377358490566039,10.377358490566039
IA-FMR,7.25,7,2080,16960,12.264150943396226,12.264150943396226
IA-FMR,7.25,8,2080,16960,12.264150943396226,12.264150943396226
IA-FMR,7.25,9,1760,16960,10.377358490566039,10.377358490566039
IA-FMR,7.3500000000000005,1,1920,16960,11.320754716981131,11.320754716981131
IA-FMR,7.3500000000000005,2,1760,16960,10.377358490566039,10.377358490566039
IA-FMR,7.3500000000000005,3,1760,16960,10.377358490566039,10.377358490566039
IA-FMR,7.3500000000000005,4,1920,16960,11.320754716981131,11.320754716981131
IA-FMR,7.3500000000000005,5,1920,16960,11.320754716981131,11.320754716981131
IA-FMR,7.3500000000000005,6,1760,16960,10.377358490566039,10.377358490566039
IA-FMR,7.3500000000000005,7,2080,16960,12.264150943396226,12.264150943396226
IA-FMR,7.3500000000000005,8,2080,16960,12.264150943396226,12.264150943396226
IA-FMR,7.3500000000000005,9,1760,16960,10.377358490566039,10.377358490566039
IA-FMR,7.45,1,1920,16960,11.320754716981131,11.320754716981131
IA-FMR,7.45,2,1760,16960,10.377358490566039,10.377358490566039
IA-FMR,7.45,3,1760,16960,10.377358490566039,10.377358490566039
IA-FMR,7.45,4,1920,16960,11.320754716981131,11.320754716981131
IA-FMR,7.45,5,1920,16960,11.320754716981131,11.320754716981131
IA-FMR,7.45,6,1760,16960,10.377358490566039,10.377358490566039
IA-FMR,7.45,7,2080,16960,12.264150943396226,12.264150943396226
IA-FMR,7.45,8,2080,16960,12.264150943396226,12.264150943396226
IA-FMR,7.45,9,1760,16960,10.377358490566039,10.377358490566039
IA-FMR,7.550000000000001,1,1932,17066,11.320754716981131,11.320754716981131
IA-FMR,7.550000000000001,2,1771,17066,10.377358490566039,10.377358490566039
IA-FMR,7.550000000000001,3,1771,17066,10.377358490566039,10.377358490566039
IA-FMR,7.550000000000001,4,1932,17066,11.320754716981131,11.320754716981131
IA-FMR,7.550000000000001,5,1932,17066,11.320754716981131,11.320754716981131
IA-FMR,7.550000000000001,6,1771,17066,10.377358490566039,10.377358490566039
IA-FMR,7.550000000000001,7,2093,17066,12.264150943396226,12.264150943396226
IA-FMR,7.550000000000001,8,2093,17066,12.264150943396226,12.264150943396226
IA-FMR,7.550000000000001,9,1771,17066,10.377358490566039,10.377358490566039
IA-FMR,7.65,1,1908,16854,11.320754716981131,11.320754716981131
IA-FMR,7.65,2,1749,16854,10.377358490566039,10.377358490566039
IA-FMR,7.65,3,1749,16854,10.377358490566039,10.377358490566039
IA-FMR,7.65,4,1908,16854,11.320754716981131,11.320754716981131
IA-FMR,7.65,5,1908,16854,11.320754716981131,11.320754716981131
IA-FMR,7.65,6,1749,16854,10.377358490566039,10.377358490566039
IA-FMR,7.65,7,2067,16854,12.264150943396226,12.264150943396226
IA-FMR,7.65,8,2067,16854,12.264150943396226,12.264150943396226
IA-FMR,7.65,9,1749,16854,10.377358490566039,10.377358490566039
IA-FMR,7.75,1,1920,16960,11.320754716981131,11.320754716981131
IA-FMR,7.75,2,1760,16960,10.377358490566039,10.377358490566039
IA-FMR,7.75,3,1760,16960,10.377358490566039,10.377358490566039
IA-FMR,7.75,4,1920,16960,11.320754716981131,11.320754716981131
IA-FMR,7.75,5,1920,16960,11.320754716981131,11.320754716981131
IA-FMR,7.75,6,1760,16960,10.377358490566039,10.377358490566039
IA-FMR,7.75,7,2080,16960,12.264150943396226,12.264150943396226
IA-FMR,7.75,8,2080,16960,12.264150943396226,12.264150943396226
IA-FMR,7.75,9,1760,16960,10.377358490566039,10.377358490566039
IA-FMR,7.8500000000000005,1,1920,16960,11.320754716981131,11.320754716981131
IA-FMR,7.8500000000000005,2,1760,16960,10.377358490566039,10.377358490566039
IA-FMR,7.8500000000000005,3,1760,16960,10.377358490566039,10.377358490566039
IA-FMR,7.8500000000000005,4,1920,16960,11.320754716981131,11.320754716981131
IA-FMR,7.8500000000000005,5,1920,16960,11.320754716981131,11.320754716981131
IA-FMR,7.8500000000000005,6,1760,16960,10.377358490566039,10.377358490566039
IA-FMR,7.8500000000000005,7,2080,16960,12.264150943396226,12.264150943396226
IA-FMR,7.8500000000000005,8,2080,16960,12.264150943396226,12.264150943396226
IA-FMR,7.8500000000000005,9,1760,16960,10.377358490566039,10.377358490566039
IA-FMR,7.95,1,1920,16960,11.320754716981131,11.320754716981131
IA-FMR,7.95,2,1760,16960,10.377358490566039,10.377358490566039
IA-FMR,7.95,3,1760,16960,10.377358490566039,10.377358490566039
IA-FMR,7.95,4,1920,16960,11.320754716981131,11.320754716981131
IA-FMR,7.95,5,1920,16960,11.320754716981131,11.320754716981131
IA-FMR,7.95,6,1760,16960,10.377358490566039,10.377358490566039
IA-FMR,7.95,7,2080,16960,12.264150943396226,12.264150943396226
IA-FMR,7.95,8,2080,16960,12.264150943396226,12.264150943396226
IA-FMR,7.95,9,1760,16960,10.377358490566039,10.377358490566039
IA-FMR,8.05,1,1932,17066,11.320754716981131,11.320754716981131
IA-FMR,8.05,2,1771,17066,10.377358490566039,10.377358490566039
IA-FMR,8.05,3,1771,17066,10.377358490566039,10.377358490566039
IA-FMR,8.05,4,1932,17066,11.320754716981131,11.320754716981131
IA-FMR,8.05,5,1932,17066,11.320754716981131,11.320754716981131
IA-FMR,8.05,6,1771,17066,10.377358490566039,10.377358490566039
IA-FMR,8.05,7,2093,17066,12.264150943396226,12.264150943396226
IA-FMR,8.05,8,2093,17066,12.264150943396226,12.264150943396226
IA-FMR,8.05,9,1771,17066,10.377358490566039,10.377358490566039
IA-FMR,8.15,1,1920,16960,11.320754716981131,11.320754716981131
IA-FMR,8.15,2,1760,16960,10.377358490566039,10.377358490566039
IA-FMR,8.15,3,1760,16960,10.377358490566039,10.377358490566039
IA-FMR,8.15,4,1920,16960,11.320754716981131,11.320754716981131
IA-FMR,8.15,5,1920,16960,11.320754716981131,11.320754716981131
IA-FMR,8.15,6,1760,16960,10.377358490566039,10.377358490566039
IA-FMR,8.15,7,2080,16960,12.264150943396226,12.264150943396226
IA-FMR,8.15,8,2080,16960,12.264150943396226,12.264150943396226
IA-FMR,8.15,9,1760,16960,10.377358490566039,10.377358490566039
IA-FMR,8.25,1,1908,16854,11.320754716981131,11.320754716981131
IA-FMR,8.25,2,1749,16854,10.377358490566039,10.377358490566039
IA-FMR,8.25,3,1749,16854,10.377358490566039,10.377358490566039
IA-FMR,8.25,4,1908,16854,11.320754716981131,11.320754716981131
IA-FMR,8.25,5,1908,16854,11.320754716981131,11.320754716981131
IA-FMR,8.25,6,1749,16854,10.377358490566039,10.377358490566039
IA-FMR,8.25,7,2067,16854,12.264150943396226,12.264150943396226
IA-FMR,8.25,8,2067,16854,12.264150943396226,12.264150943396226
IA-FMR,8.25,9,1749,16854,10.377358490566039,10.377358490566039
IA-FMR,8.35,1,1920,16960,11.320754716981131,11.320754716981131
IA-FMR,8.35,2,1760,16960,10.377358490566039,10.377358490566039
IA-FMR,8.35,3,1760,16960,10.377358490566039,10.377358490566039
IA-FMR,8.35,4,1920,16960,11.320754716981131,11.320754716981131
IA-FMR,8.35,5,1920,16960,11.320754716981131,11.320754716981131
IA-FMR,8.35,6,1760,16960,10.377358490566039,10.377358490566039
IA-FMR,8.35,7,2080,16960,12.264150943396226,12.264150943396226
IA-FMR,8.35,8,2080,16960,12.264150943396226,12.264150943396226
IA-FMR,8.35,9,1760,16960,10.377358490566039,10.377358490566039
IA-FMR,8.450000000000001,1,1920,16960,11.320754716981131,11.320754716981131
IA-FMR,8.450000000000001,2,1760,16960,10.377358490566039,10.377358490566039
IA-FMR,8.450000000000001,3,1760,16960,10.377358490566039,10.377358490566039
IA-FMR,8.450000000000001,4,1920,16960,11.320754716981131,11.320754716981131
IA-FMR,8.450000000000001,5,1920,16960,11.320754716981131,11.320754716981131
IA-FMR,8.450000000000001,6,1760,16960,10.377358490566039,10.377358490566039
IA-FMR,8.450000000000001,7,2080,16960,12.264150943396226,12.264150943396226
IA-FMR,8.450000000000001,8,2080,16960,12.264150943396226,12.264150943396226
IA-FMR,8.450000000000001,9,1760,16960,10.377358490566039,10.377358490566039
IA-FMR,8.55,1,1932,17066,11.320754716981131,11.320754716981131
IA-FMR,8.55,2,1771,17066,10.377358490566039,10.377358490566039
IA-FMR,8.55,3,1771,17066,10.377358490566039,10.377358490566039
IA-FMR,8.55,4,1932,17066,11.320754716981131,11.320754716981131
IA-FMR,8.55,5,1932,17066,11.320754716981131,11.320754716981131
IA-FMR,8.55,6,1771,17066,10.377358490566039,10.377358490566039
IA-FMR,8.55,7,2093,17066,12.264150943396226,12.264150943396226
IA-FMR,8.55,8,2093,17066,12.264150943396226,12.264150943396226
IA-FMR,8.55,9,1771,17066,10.377358490566039,10.377358490566039
IA-FMR,8.65,1,1920,16960,11.320754716981131,11.320754716981131
IA-FMR,8.65,2,1760,16960,10.377358490566039,10.377358490566039
IA-FMR,8.65,3,1760,16960,10.377358490566039,10.377358490566039
IA-FMR,8.65,4,1920,16960,11.320754716981131,11.320754716981131
IA-FMR,8.65,5,1920,16960,11.320754716981131,11.320754716981131
IA-FMR,8.65,6,1760,16960,10.377358490566039,10.377358490566039
IA-FMR,8.65,7,2080,16960,12.264150943396226,12.264150943396226
IA-FMR,8.65,8,2080,16960,12.264150943396226,12.264150943396226
IA-FMR,8.65,9,1760,16960,10.377358490566039,10.377358490566039
IA-FMR,8.75,1,1908,16854,11.320754716981131,11.320754716981131
IA-FMR,8.75,2,1749,16854,10.377358490566039,10.377358490566039
IA-FMR,8.75,3,1749,16854,10.377358490566039,10.377358490566039
IA-FMR,8.75,4,1908,16854,11.320754716981131,11.320754716981131
IA-FMR,8.75,5,1908,16854,11.320754716981131,11.320754716981131
IA-FMR,8.75,6,1749,16854,10.377358490566039,10.377358490566039
IA-FMR,8.75,7,2067,16854,12.264150943396226,12.264150943396226
IA-FMR,8.75,8,2067,16854,12.264150943396226,12.264150943396226
IA-FMR,8.75,9,1749,16854,10.377358490566039,10.377358490566039
IA-FMR,8.85,1,1920,16960,11.320754716981131,11.320754716981131
IA-FMR,8.85,2,1760,16960,10.377358490566039,10.377358490566039
IA-FMR,8.85,3,1760,16960,10.377358490566039,10.377358490566039
IA-FMR,8.85,4,1920,16960,11.320754716981131,11.320754716981131
IA-FMR,8.85,5,1920,16960,11.320754716981131,11.320754716981131
IA-FMR,8.85,6,1760,16960,10.377358490566039,10.377358490566039
IA-FMR,8.85,7,2080,16960,12.264150943396226,12.264150943396226
IA-FMR,8.85,8,2080,16960,12.264150943396226,12.264150943396226
IA-FMR,8.85,9,1760,16960,10.377358490566039,10.377358490566039
IA-FMR,8.950000000000001,1,1920,16960,11.320754716981131,11.320754716981131
IA-FMR,8.950000000000001,2,1760,16960,10.377358490566039,10.377358490566039
IA-FMR,8.950000000000001,3,1760,16960,10.377358490566039,10.377358490566039
IA-FMR,8.950000000000001,4,1920,16960,11.320754716981131,11.320754716981131
IA-FMR,8.950000000000001,5,1920,16960,11.320754716981131,11.320754716981131
IA-FMR,8.950000000000001,6,1760,16960,10.377358490566039,10.377358490566039
IA-FMR,8.950000000000001,7,2080,16960,12.264150943396226,12.264150943396226
IA-FMR,8.950000000000001,8,2080,16960,12.264150943396226,12.264150943396226
IA-FMR,8.950000000000001,9,1760,16960,10.377358490566039,10.377358490566039
IA-FMR,9.05,1,1932,17066,11.320754716981131,11.320754716981131
IA-FMR,9.05,2,1771,17066,10.377358490566039,10.377358490566039
IA-FMR,9.05,3,1771,17066,10.377358490566039,10.377358490566039
IA-FMR,9.05,4,1932,17066,11.320754716981131,11.320754716981131
IA-FMR,9.05,5,1932,17066,11.320754716981131,11.320754716981131
IA-FMR,9.05,6,1771,17066,10.377358490566039,10.377358490566039
IA-FMR,9.05,7,2093,17066,12.264150943396226,12.264150943396226
IA-FMR,9.05,8,2093,17066,12.264150943396226,12.264150943396226
IA-FMR,9.05,9,1771,17066,10.377358490566039,10.377358490566039
IA-FMR,9.15,1,1920,16960,11.320754716981131,11.320754716981131
IA-FMR,9.15,2,1760,16960,10.377358490566039,10.377358490566039
IA-FMR,9.15,3,1760,16960,10.377358490566039,10.377358490566039
IA-FMR,9.15,4,1920,16960,11.320754716981131,11.320754716981131
IA-FMR,9.15,5,1920,16960,11.320754716981131,11.320754716981131
IA-FMR,9.15,6,1760,16960,10.377358490566039,10.377358490566039
IA-FMR,9.15,7,2080,16960,12.264150943396226,12.264150943396226
IA-FMR,9.15,8,2080,16960,12.264150943396226,12.264150943396226
IA-FMR,9.15,9,1760,16960,10.377358490566039,10.377358490566039
IA-FMR,9.25,1,1908,16854,11.320754716981131,11.320754716981131
IA-FMR,9.25,2,1749,16854,10.377358490566039,10.377358490566039
IA-FMR,9.25,3,1749,16854,10.377358490566039,10.377358490566039
IA-FMR,9.25,4,1908,16854,11.320754716981131,11.320754716981131
IA-FMR,9.25,5,1908,16854,11.320754716981131,11.320754716981131
IA-FMR,9.25,6,1749,16854,10.377358490566039,10.377358490566039
IA-FMR,9.25,7,2067,16854,12.264150943396226,12.264150943396226
IA-FMR,9.25,8,2067,16854,12.264150943396226,12.264150943396226
IA-FMR,9.25,9,1749,16854,10.377358490566039,10.377358490566039
IA-FMR,9.35,1,1920,16960,11.320754716981131,11.320754716981131
IA-FMR,9.35,2,1760,16960,10.377358490566039,10.377358490566039
IA-FMR,9.35,3,1760,16960,10.377358490566039,10.377358490566039
IA-FMR,9.35,4,1920,16960,11.320754716981131,11.320754716981131
IA-FMR,9.35,5,1920,16960,11.320754716981131,11.320754716981131
IA-FMR,9.35,6,1760,16960,10.377358490566039,10.377358490566039
IA-FMR,9.35,7,2080,16960,12.264150943396226,12.264150943396226
IA-FMR,9.35,8,2080,16960,12.264150943396226,12.264150943396226
IA-FMR,9.35,9,1760,16960,10.377358490566039,10.377358490566039
IA-FMR,9.450000000000001,1,1920,16960,11.320754716981131,11.320754716981131
IA-FMR,9.450000000000001,2,1760,16960,10.377358490566039,10.377358490566039
IA-FMR,9.450000000000001,3,1760,16960,10.377358490566039,10.377358490566039
IA-FMR,9.450000000000001,4,1920,16960,11.320754716981131,11.320754716981131
IA-FMR,9.450000000000001,5,1920,16960,11.320754716981131,11.320754716981131
IA-FMR,9.450000000000001,6,1760,16960,10.377358490566039,10.377358490566039
IA-FMR,9.450000000000001,7,2080,16960,12.264150943396226,12.264150943396226
IA-FMR,9.450000000000001,8,2080,16960,12.264150943396226,12.264150943396226
IA-FMR,9.450000000000001,9,1760,16960,10.377358490566039,10.377358490566039
IA-FMR,9.55,1,1932,17066,11.320754716981131,11.320754716981131
IA-FMR,9.55,2,1771,17066,10.377358490566039,10.377358490566039
IA-FMR,9.55,3,1771,17066,10.377358490566039,10.377358490566039
IA-FMR,9.55,4,1932,17066,11.320754716981131,11.320754716981131
IA-FMR,9.55,5,1932,17066,11.320754716981131,11.320754716981131
IA-FMR,9.55,6,1771,17066,10.377358490566039,10.377358490566039
IA-FMR,9.55,7,2093,17066,12.264150943396226,12.264150943396226
IA-FMR,9.55,8,2093,17066,12.264150943396226,12.264150943396226
IA-FMR,9.55,9,1771,17066,10.377358490566039,10.377358490566039
IA-FMR,9.65,1,1920,16960,11.320754716981131,11.320754716981131
IA-FMR,9.65,2,1760,16960,10.377358490566039,10.377358490566039
IA-FMR,9.65,3,1760,16960,10.377358490566039,10.377358490566039
IA-FMR,9.65,4,1920,16960,11.320754716981131,11.320754716981131
IA-FMR,9.65,5,1920,16960,11.320754716981131,11.320754716981131
IA-FMR,9.65,6,1760,16960,10.377358490566039,10.377358490566039
IA-FMR,9.65,7,2080,16960,12.264150943396226,12.264150943396226
IA-FMR,9.65,8,2080,16960,12.264150943396226,12.264150943396226
IA-FMR,9.65,9,1760,16960,10.377358490566039,10.377358490566039
IA-FMR,9.75,1,1908,16854,11.320754716981131,11.320754716981131
IA-FMR,9.75,2,1749,16854,10.377358490566039,10.377358490566039
IA-FMR,9.75,3,1749,16854,10.377358490566039,10.377358490566039
IA-FMR,9.75,4,1908,16854,11.320754716981131,11.320754716981131
IA-FMR,9.75,5,1908,16854,11.320754716981131,11.320754716981131
IA-FMR,9.75,6,1749,16854,10.377358490566039,10.377358490566039
IA-FMR,9.75,7,2067,16854,12.264150943396226,12.264150943396226
IA-FMR,9.75,8,2067,16854,12.264150943396226,12.264150943396226
IA-FMR,9.75,9,1749,16854,10.377358490566039,10.377358490566039
IA-FMR,9.850000000000001,1,1920,16960,11.320754716981131,11.320754716981131
IA-FMR,9.850000000000001,2,1760,16960,10.377358490566039,10.377358490566039
IA-FMR,9.850000000000001,3,1760,16960,10.377358490566039,10.377358490566039
IA-FMR,9.850000000000001,4,1920,16960,11.320754716981131,11.320754716981131
IA-FMR,9.850000000000001,5,1920,16960,11.320754716981131,11.320754716981131
IA-FMR,9.850000000000001,6,1760,16960,10.377358490566039,10.377358490566039
IA-FMR,9.850000000000001,7,2080,16960,12.264150943396226,12.264150943396226
IA-FMR,9.850000000000001,8,2080,16960,12.264150943396226,12.264150943396226
IA-FMR,9.850000000000001,9,1760,16960,10.377358490566039,10.377358490566039
IA-FMR,9.950000000000001,1,1920,16960,11.320754716981131,11.320754716981131
IA-FMR,9.950000000000001,2,1760,16960,10.377358490566039,10.377358490566039
IA-FMR,9.950000000000001,3,1760,16960,10.377358490566039,10.377358490566039
IA-FMR,9.950000000000001,4,1920,16960,11.320754716981131,11.320754716981131
IA-FMR,9.950000000000001,5,1920,16960,11.320754716981131,11.320754716981131
IA-FMR,9.950000000000001,6,1760,16960,10.377358490566039,10.377358490566039
IA-FMR,9.950000000000001,7,2080,16960,12.264150943396226,12.264150943396226
IA-FMR,9.950000000000001,8,2080,16960,12.264150943396226,12.264150943396226
IA-FMR,9.950000000000001,9,1760,16960,10.377358490566039,10.377358490566039
IA-FMR,10.05,1,1932,17066,11.320754716981131,11.320754716981131
IA-FMR,10.05,2,1771,17066,10.377358490566039,10.377358490566039
IA-FMR,10.05,3,1771,17066,10.377358490566039,10.377358490566039
IA-FMR,10.05,4,1932,17066,11.320754716981131,11.320754716981131
IA-FMR,10.05,5,1932,17066,11.320754716981131,11.320754716981131
IA-FMR,10.05,6,1771,17066,10.377358490566039,10.377358490566039
IA-FMR,10.05,7,2093,17066,12.264150943396226,12.264150943396226
IA-FMR,10.05,8,2093,17066,12.264150943396226,12.264150943396226
IA-FMR,10.05,9,1771,17066,10.377358490566039,10.377358490566039
IA-FMR,10.15,1,1920,16960,11.320754716981131,11.320754716981131
IA-FMR,10.15,2,1760,16960,10.377358490566039,10.377358490566039
IA-FMR,10.15,3,1760,16960,10.377358490566039,10.377358490566039
IA-FMR,10.15,4,1920,16960,11.320754716981131,11.320754716981131
IA-FMR,10.15,5,1920,16960,11.320754716981131,11.320754716981131
IA-FMR,10.15,6,1760,16960,10.377358490566039,10.377358490566039
IA-FMR,10.15,7,2080,16960,12.264150943396226,12.264150943396226
IA-FMR,10.15,8,2080,16960,12.264150943396226,12.264150943396226
IA-FMR,10.15,9,1760,16960,10.377358490566039,10.377358490566039
IA-FMR,10.25,1,1908,16854,11.320754716981131,11.320754716981131
IA-FMR,10.25,2,1749,16854,10.377358490566039,10.377358490566039
IA-FMR,10.25,3,1749,16854,10.377358490566039,10.377358490566039
IA-FMR,10.25,4,1908,16854,11.320754716981131,11.320754716981131
IA-FMR,10.25,5,1908,16854,11.320754716981131,11.320754716981131
IA-FMR,10.25,6,1749,16854,10.377358490566039,10.377358490566039
IA-FMR,10.25,7,2067,16854,12.264150943396226,12.264150943396226
IA-FMR,10.25,8,2067,16854,12.264150943396226,12.264150943396226
IA-FMR,10.25,9,1749,16854,10.377358490566039,10.377358490566039
IA-FMR,10.350000000000001,1,1920,16960,11.320754716981131,11.320754716981131
IA-FMR,10.350000000000001,2,1760,16960,10.377358490566039,10.377358490566039
IA-FMR,10.350000000000001,3,1760,16960,10.377358490566039,10.377358490566039
IA-FMR,10.350000000000001,4,1920,16960,11.320754716981131,11.320754716981131
IA-FMR,10.350000000000001,5,1920,16960,11.320754716981131,11.320754716981131
IA-FMR,10.350000000000001,6,1760,16960,10.377358490566039,10.377358490566039
IA-FMR,10.350000000000001,7,2080,16960,12.264150943396226,12.264150943396226
IA-FMR,10.350000000000001,8,2080,16960,12.264150943396226,12.264150943396226
IA-FMR,10.350000000000001,9,1760,16960,10.377358490566039,10.377358490566039
IA-FMR,10.450000000000001,1,1920,16960,11.320754716981131,11.320754716981131
IA-FMR,10.450000000000001,2,1760,16960,10.377358490566039,10.377358490566039
IA-FMR,10.450000000000001,3,1760,16960,10.377358490566039,10.377358490566039
IA-FMR,10.450000000000001,4,1920,16960,11.320754716981131,11.320754716981131
IA-FMR,10.450000000000001,5,1920,16960,11.320754716981131,11.320754716981131
IA-FMR,10.450000000000001,6,1760,16960,10.377358490566039,10.377358490566039
IA-FMR,10.450000000000001,7,2080,16960,12.264150943396226,12.264150943396226
IA-FMR,10.450000000000001,8,2080,16960,12.264150943396226,12.264150943396226
IA-FMR,10.450000000000001,9,1760,16960,10.377358490566039,10.377358490566039
IA-FMR,10.55,1,1932,17066,11.320754716981131,11.320754716981131
IA-FMR,10.55,2,1771,17066,10.377358490566039,10.377358490566039
IA-FMR,10.55,3,1771,17066,10.377358490566039,10.377358490566039
IA-FMR,10.55,4,1932,17066,11.320754716981131,11.320754716981131
IA-FMR,10.55,5,1932,17066,11.320754716981131,11.320754716981131
IA-FMR,10.55,6,1771,17066,10.377358490566039,10.377358490566039
IA-FMR,10.55,7,2093,17066,12.264150943396226,12.264150943396226
IA-FMR,10.55,8,2093,17066,12.264150943396226,12.264150943396226
IA-FMR,10.55,9,1771,17066,10.377358490566039,10.377358490566039
IA-FMR,10.65,1,1920,16960,11.320754716981131,11.320754716981131
IA-FMR,10.65,2,1760,16960,10.377358490566039,10.377358490566039
IA-FMR,10.65,3,1760,16960,10.377358490566039,10.377358490566039
IA-FMR,10.65,4,1920,16960,11.320754716981131,11.320754716981131
IA-FMR,10.65,5,1920,16960,11.320754716981131,11.320754716981131
IA-FMR,10.65,6,1760,16960,10.377358490566039,10.377358490566039
IA-FMR,10.65,7,2080,16960,12.264150943396226,12.264150943396226
IA-FMR,10.65,8,2080,16960,12.264150943396226,12.264150943396226
IA-FMR,10.65,9,1760,16960,10.377358490566039,10.377358490566039
IA-FMR,10.75,1,1908,16854,11.320754716981131,11.320754716981131
IA-FMR,10.75,2,1749,16854,10.377358490566039,10.377358490566039
IA-FMR,10.75,3,1749,16854,10.377358490566039,10.377358490566039
IA-FMR,10.75,4,1908,16854,11.320754716981131,11.320754716981131
IA-FMR,10.75,5,1908,16854,11.320754716981131,11.320754716981131
IA-FMR,10.75,6,1749,16854,10.377358490566039,10.377358490566039
IA-FMR,10.75,7,2067,16854,12.264150943396226,12.264150943396226
IA-FMR,10.75,8,2067,16854,12.264150943396226,12.264150943396226
IA-FMR,10.75,9,1749,16854,10.377358490566039,10.377358490566039
IA-FMR,10.850000000000001,1,1920,16960,11.320754716981131,11.320754716981131
IA-FMR,10.850000000000001,2,1760,16960,10.377358490566039,10.377358490566039
IA-FMR,10.850000000000001,3,1760,16960,10.377358490566039,10.377358490566039
IA-FMR,10.850000000000001,4,1920,16960,11.320754716981131,11.320754716981131
IA-FMR,10.850000000000001,5,1920,16960,11.320754716981131,11.320754716981131
IA-FMR,10.850000000000001,6,1760,16960,10.377358490566039,10.377358490566039
IA-FMR,10.850000000000001,7,2080,16960,12.264150943396226,12.264150943396226
IA-FMR,10.850000000000001,8,2080,16960,12.264150943396226,12.264150943396226
IA-FMR,10.850000000000001,9,1760,16960,10.377358490566039,10.377358490566039
IA-FMR,10.950000000000001,1,1920,16960,11.320754716981131,11.320754716981131
IA-FMR,10.950000000000001,2,1760,16960,10.377358490566039,10.377358490566039
IA-FMR,10.950000000000001,3,1760,16960,10.377358490566039,10.377358490566039
IA-FMR,10.950000000000001,4,1920,16960,11.320754716981131,11.320754716981131
IA-FMR,10.950000000000001,5,1920,16960,11.320754716981131,11.320754716981131
IA-FMR,10.950000000000001,6,1760,16960,10.377358490566039,10.377358490566039
IA-FMR,10.950000000000001,7,2080,16960,12.264150943396226,12.264150943396226
IA-FMR,10.950000000000001,8,2080,16960,12.264150943396226,12.264150943396226
IA-FMR,10.950000000000001,9,1760,16960,10.377358490566039,10.377358490566039
IA-FMR,11.05,1,1932,17066,11.320754716981131,11.320754716981131
IA-FMR,11.05,2,1771,17066,10.377358490566039,10.377358490566039
IA-FMR,11.05,3,1771,17066,10.377358490566039,10.377358490566039
IA-FMR,11.05,4,1932,17066,11.320754716981131,11.320754716981131
IA-FMR,11.05,5,1932,17066,11.320754716981131,11.320754716981131
IA-FMR,11.05,6,1771,17066,10.377358490566039,10.377358490566039
IA-FMR,11.05,7,2093,17066,12.264150943396226,12.264150943396226
IA-FMR,11.05,8,2093,17066,12.264150943396226,12.264150943396226
IA-FMR,11.05,9,1771,17066,10.377358490566039,10.377358490566039
IA-FMR,11.15,1,1920,16960,11.320754716981131,11.320754716981131
IA-FMR,11.15,2,1760,16960,10.377358490566039,10.377358490566039
IA-FMR,11.15,3,1760,16960,10.377358490566039,10.377358490566039
IA-FMR,11.15,4,1920,16960,11.320754716981131,11.320754716981131
IA-FMR,11.15,5,1920,16960,11.320754716981131,11.320754716981131
IA-FMR,11.15,6,1760,16960,10.377358490566039,10.377358490566039
IA-FMR,11.15,7,2080,16960,12.264150943396226,12.264150943396226
IA-FMR,11.15,8,2080,16960,12.264150943396226,12.264150943396226
IA-FMR,11.15,9,1760,16960,10.377358490566039,10.377358490566039
IA-FMR,11.25,1,1908,16854,11.320754716981131,11.320754716981131
IA-FMR,11.25,2,1749,16854,10.377358490566039,10.377358490566039
IA-FMR,11.25,3,1749,16854,10.377358490566039,10.377358490566039
IA-FMR,11.25,4,1908,16854,11.320754716981131,11.320754716981131
IA-FMR,11.25,5,1908,16854,11.320754716981131,11.320754716981131
IA-FMR,11.25,6,1749,16854,10.377358490566039,10.377358490566039
IA-FMR,11.25,7,2067,16854,12.264150943396226,12.264150943396226
IA-FMR,11.25,8,2067,16854,12.264150943396226,12.264150943396226
IA-FMR,11.25,9,1749,16854,10.377358490566039,10.377358490566039
IA-FMR,11.350000000000001,1,1920,16960,11.320754716981131,11.320754716981131
IA-FMR,11.350000000000001,2,1760,16960,10.377358490566039,10.377358490566039
IA-FMR,11.350000000000001,3,1760,16960,10.377358490566039,10.377358490566039
IA-FMR,11.350000000000001,4,1920,16960,11.320754716981131,11.320754716981131
IA-FMR,11.350000000000001,5,1920,16960,11.320754716981131,11.320754716981131
IA-FMR,11.350000000000001,6,1760,16960,10.377358490566039,10.377358490566039
IA-FMR,11.350000000000001,7,2080,16960,12.264150943396226,12.264150943396226
IA-FMR,11.350000000000001,8,2080,16960,12.264150943396226,12.264150943396226
IA-FMR,11.350000000000001,9,1760,16960,10.377358490566039,10.377358490566039
IA-FMR,11.450000000000001,1,1920,16960,11.320754716981131,11.320754716981131
IA-FMR,11.450000000000001,2,1760,16960,10.377358490566039,10.377358490566039
IA-FMR,11.450000000000001,3,1760,16960,10.377358490566039,10.377358490566039
IA-FMR,11.450000000000001,4,1920,16960,11.320754716981131,11.320754716981131
IA-FMR,11.450000000000001,5,1920,16960,11.320754716981131,11.320754716981131
IA-FMR,11.450000000000001,6,1760,16960,10.377358490566039,10.377358490566039
IA-FMR,11.450000000000001,7,2080,16960,12.264150943396226,12.264150943396226
IA-FMR,11.450000000000001,8,2080,16960,12.264150943396226,12.264150943396226
IA-FMR,11.450000000000001,9,1760,16960,10.377358490566039,10.377358490566039
IA-FMR,11.55,1,1932,17066,11.320754716981131,11.320754716981131
IA-FMR,11.55,2,1771,17066,10.377358490566039,10.377358490566039
IA-FMR,11.55,3,1771,17066,10.377358490566039,10.377358490566039
IA-FMR,11.55,4,1932,17066,11.320754716981131,11.320754716981131
IA-FMR,11.55,5,1932,17066,11.320754716981131,11.320754716981131
IA-FMR,11.55,6,1771,17066,10.377358490566039,10.377358490566039
IA-FMR,11.55,7,2093,17066,12.264150943396226,12.264150943396226
IA-FMR,11.55,8,2093,17066,12.264150943396226,12.264150943396226
IA-FMR,11.55,9,1771,17066,10.377358490566039,10.377358490566039
IA-FMR,11.65,1,1920,16960,11.320754716981131,11.320754716981131
IA-FMR,11.65,2,1760,16960,10.377358490566039,10.377358490566039
IA-FMR,11.65,3,1760,16960,10.377358490566039,10.377358490566039
IA-FMR,11.65,4,1920,16960,11.320754716981131,11.320754716981131
IA-FMR,11.65,5,1920,16960,11.320754716981131,11.320754716981131
IA-FMR,11.65,6,1760,16960,10.377358490566039,10.377358490566039
IA-FMR,11.65,7,2080,16960,12.264150943396226,12.264150943396226
IA-FMR,11.65,8,2080,16960,12.264150943396226,12.264150943396226
IA-FMR,11.65,9,1760,16960,10.377358490566039,10.377358490566039
IA-FMR,11.75,1,1908,16854,11.320754716981131,11.320754716981131
IA-FMR,11.75,2,1749,16854,10.377358490566039,10.377358490566039
IA-FMR,11.75,3,1749,16854,10.377358490566039,10.377358490566039
IA-FMR,11.75,4,1908,16854,11.320754716981131,11.320754716981131
IA-FMR,11.75,5,1908,16854,11.320754716981131,11.320754716981131
IA-FMR,11.75,6,1749,16854,10.377358490566039,10.377358490566039
IA-FMR,11.75,7,2067,16854,12.264150943396226,12.264150943396226
IA-FMR,11.75,8,2067,16854,12.264150943396226,12.264150943396226
IA-FMR,11.75,9,1749,16854,10.377358490566039,10.377358490566039
IA-FMR,11.850000000000001,1,1920,16960,11.320754716981131,11.320754716981131
IA-FMR,11.850000000000001,2,1760,16960,10.377358490566039,10.377358490566039
IA-FMR,11.850000000000001,3,1760,16960,10.377358490566039,10.377358490566039
IA-FMR,11.850000000000001,4,1920,16960,11.320754716981131,11.320754716981131
IA-FMR,11.850000000000001,5,1920,16960,11.320754716981131,11.320754716981131
IA-FMR,11.850000000000001,6,1760,16960,10.377358490566039,10.377358490566039
IA-FMR,11.850000000000001,7,2080,16960,12.264150943396226,12.264150943396226
IA-FMR,11.850000000000001,8,2080,16960,12.264150943396226,12.264150943396226
IA-FMR,11.850000000000001,9,1760,16960,10.377358490566039,10.377358490566039
IA-FMR,11.950000000000001,1,1920,16960,11.320754716981131,11.320754716981131
IA-FMR,11.950000000000001,2,1760,16960,10.377358490566039,10.377358490566039
IA-FMR,11.950000000000001,3,1760,16960,10.377358490566039,10.377358490566039
IA-FMR,11.950000000000001,4,1920,16960,11.320754716981131,11.320754716981131
IA-FMR,11.950000000000001,5,1920,16960,11.320754716981131,11.320754716981131
IA-FMR,11.950000000000001,6,1760,16960,10.377358490566039,10.377358490566039
IA-FMR,11.950000000000001,7,2080,16960,12.264150943396226,12.264150943396226
IA-FMR,11.950000000000001,8,2080,16960,12.264150943396226,12.264150943396226
IA-FMR,11.950000000000001,9,1760,16960,10.377358490566039,10.377358490566039
IA-FMR,12.05,1,1932,17066,11.320754716981131,11.320754716981131
IA-FMR,12.05,2,1771,17066,10.377358490566039,10.377358490566039
IA-FMR,12.05,3,1771,17066,10.377358490566039,10.377358490566039
IA-FMR,12.05,4,1932,17066,11.320754716981131,11.320754716981131
IA-FMR,12.05,5,1932,17066,11.320754716981131,11.320754716981131
IA-FMR,12.05,6,1771,17066,10.377358490566039,10.377358490566039
IA-FMR,12.05,7,2093,17066,12.264150943396226,12.264150943396226
IA-FMR,12.05,8,2093,17066,12.264150943396226,12.264150943396226
IA-FMR,12.05,9,1771,17066,10.377358490566039,10.377358490566039
IA-FMR,12.15,1,1920,16960,11.320754716981131,11.320754716981131
IA-FMR,12.15,2,1760,16960,10.377358490566039,10.377358490566039
IA-FMR,12.15,3,1760,16960,10.377358490566039,10.377358490566039
IA-FMR,12.15,4,1920,16960,11.320754716981131,11.320754716981131
IA-FMR,12.15,5,1920,16960,11.320754716981131,11.320754716981131
IA-FMR,12.15,6,1760,16960,10.377358490566039,10.377358490566039
IA-FMR,12.15,7,2080,16960,12.264150943396226,12.264150943396226
IA-FMR,12.15,8,2080,16960,12.264150943396226,12.264150943396226
IA-FMR,12.15,9,1760,16960,10.377358490566039,10.377358490566039
IA-FMR,12.25,1,1908,16854,11.320754716981131,11.320754716981131
IA-FMR,12.25,2,1749,16854,10.377358490566039,10.377358490566039
IA-FMR,12.25,3,1749,16854,10.377358490566039,10.377358490566039
IA-FMR,12.25,4,1908,16854,11.320754716981131,11.320754716981131
IA-FMR,12.25,5,1908,16854,11.320754716981131,11.320754716981131
IA-FMR,12.25,6,1749,16854,10.377358490566039,10.377358490566039
IA-FMR,12.25,7,2067,16854,12.264150943396226,12.264150943396226
IA-FMR,12.25,8,2067,16854,12.264150943396226,12.264150943396226
IA-FMR,12.25,9,1749,16854,10.377358490566039,10.377358490566039
IA-FMR,12.350000000000001,1,1920,16960,11.320754716981131,11.320754716981131
IA-FMR,12.350000000000001,2,1760,16960,10.377358490566039,10.377358490566039
IA-FMR,12.350000000000001,3,1760,16960,10.377358490566039,10.377358490566039
IA-FMR,12.350000000000001,4,1920,16960,11.320754716981131,11.320754716981131
IA-FMR,12.350000000000001,5,1920,16960,11.320754716981131,11.320754716981131
IA-FMR,12.350000000000001,6,1760,16960,10.377358490566039,10.377358490566039
IA-FMR,12.350000000000001,7,2080,16960,12.264150943396226,12.264150943396226
IA-FMR,12.350000000000001,8,2080,16960,12.264150943396226,12.264150943396226
IA-FMR,12.350000000000001,9,1760,16960,10.377358490566039,10.377358490566039
IA-FMR,12.450000000000001,1,1920,16960,11.320754716981131,11.320754716981131
IA-FMR,12.450000000000001,2,1760,16960,10.377358490566039,10.377358490566039
IA-FMR,12.450000000000001,3,1760,16960,10.377358490566039,10.377358490566039
IA-FMR,12.450000000000001,4,1920,16960,11.320754716981131,11.320754716981131
IA-FMR,12.450000000000001,5,1920,16960,11.320754716981131,11.320754716981131
IA-FMR,12.450000000000001,6,1760,16960,10.377358490566039,10.377358490566039
IA-FMR,12.450000000000001,7,2080,16960,12.264150943396226,12.264150943396226
IA-FMR,12.450000000000001,8,2080,16960,12.264150943396226,12.264150943396226
IA-FMR,12.450000000000001,9,1760,16960,10.377358490566039,10.377358490566039
IA-FMR,12.55,1,1932,17066,11.320754716981131,11.320754716981131
IA-FMR,12.55,2,1771,17066,10.377358490566039,10.377358490566039
IA-FMR,12.55,3,1771,17066,10.377358490566039,10.377358490566039
IA-FMR,12.55,4,1932,17066,11.320754716981131,11.320754716981131
IA-FMR,12.55,5,1932,17066,11.320754716981131,11.320754716981131
IA-FMR,12.55,6,1771,17066,10.377358490566039,10.377358490566039
IA-FMR,12.55,7,2093,17066,12.264150943396226,12.264150943396226
IA-FMR,12.55,8,2093,17066,12.264150943396226,12.264150943396226
IA-FMR,12.55,9,1771,17066,10.377358490566039,10.377358490566039
IA-FMR,12.65,1,1920,16960,11.320754716981131,11.320754716981131
IA-FMR,12.65,2,1760,16960,10.377358490566039,10.377358490566039
IA-FMR,12.65,3,1760,16960,10.377358490566039,10.377358490566039
IA-FMR,12.65,4,1920,16960,11.320754716981131,11.320754716981131
IA-FMR,12.65,5,1920,16960,11.320754716981131,11.320754716981131
IA-FMR,12.65,6,1760,16960,10.377358490566039,10.377358490566039
IA-FMR,12.65,7,2080,16960,12.264150943396226,12.264150943396226
IA-FMR,12.65,8,2080,16960,12.264150943396226,12.264150943396226
IA-FMR,12.65,9,1760,16960,10.377358490566039,10.377358490566039
IA-FMR,12.75,1,1908,16854,11.320754716981131,11.320754716981131
IA-FMR,12.75,2,1749,16854,10.377358490566039,10.377358490566039
IA-FMR,12.75,3,1749,16854,10.377358490566039,10.377358490566039
IA-FMR,12.75,4,1908,16854,11.320754716981131,11.320754716981131
IA-FMR,12.75,5,1908,16854,11.320754716981131,11.320754716981131
IA-FMR,12.75,6,1749,16854,10.377358490566039,10.377358490566039
IA-FMR,12.75,7,2067,16854,12.264150943396226,12.264150943396226
IA-FMR,12.75,8,2067,16854,12.264150943396226,12.264150943396226
IA-FMR,12.75,9,1749,16854,10.377358490566039,10.377358490566039
IA-FMR,12.850000000000001,1,1920,16960,11.320754716981131,11.320754716981131
IA-FMR,12.850000000000001,2,1760,16960,10.377358490566039,10.377358490566039
IA-FMR,12.850000000000001,3,1760,16960,10.377358490566039,10.377358490566039
IA-FMR,12.850000000000001,4,1920,16960,11.320754716981131,11.320754716981131
IA-FMR,12.850000000000001,5,1920,16960,11.320754716981131,11.320754716981131
IA-FMR,12.850000000000001,6,1760,16960,10.377358490566039,10.377358490566039
IA-FMR,12.850000000000001,7,2080,16960,12.264150943396226,12.264150943396226
IA-FMR,12.850000000000001,8,2080,16960,12.264150943396226,12.264150943396226
IA-FMR,12.850000000000001,9,1760,16960,10.377358490566039,10.377358490566039
IA-FMR,12.950000000000001,1,1920,16960,11.320754716981131,11.320754716981131
IA-FMR,12.950000000000001,2,1760,16960,10.377358490566039,10.377358490566039
IA-FMR,12.950000000000001,3,1760,16960,10.377358490566039,10.377358490566039
IA-FMR,12.950000000000001,4,1920,16960,11.320754716981131,11.320754716981131
IA-FMR,12.950000000000001,5,1920,16960,11.320754716981131,11.320754716981131
IA-FMR,12.950000000000001,6,1760,16960,10.377358490566039,10.377358490566039
IA-FMR,12.950000000000001,7,2080,16960,12.264150943396226,12.264150943396226
IA-FMR,12.950000000000001,8,2080,16960,12.264150943396226,12.264150943396226
IA-FMR,12.950000000000001,9,1760,16960,10.377358490566039,10.377358490566039
IA-FMR,13.05,1,1920,16960,11.320754716981131,11.320754716981131
IA-FMR,13.05,2,1760,16960,10.377358490566039,10.377358490566039
IA-FMR,13.05,3,1760,16960,10.377358490566039,10.377358490566039
IA-FMR,13.05,4,1920,16960,11.320754716981131,11.320754716981131
IA-FMR,13.05,5,1920,16960,11.320754716981131,11.320754716981131
IA-FMR,13.05,6,1760,16960,10.377358490566039,10.377358490566039
IA-FMR,13.05,7,2080,16960,12.264150943396226,12.264150943396226
IA-FMR,13.05,8,2080,16960,12.264150943396226,12.264150943396226
IA-FMR,13.05,9,1760,16960,10.377358490566039,10.377358490566039
IA-FMR,13.15,1,1932,17066,11.320754716981131,11.320754716981131
IA-FMR,13.15,2,1771,17066,10.377358490566039,10.377358490566039
IA-FMR,13.15,3,1771,17066,10.377358490566039,10.377358490566039
IA-FMR,13.15,4,1932,17066,11.320754716981131,11.320754716981131
IA-FMR,13.15,5,1932,17066,11.320754716981131,11.320754716981131
IA-FMR,13.15,6,1771,17066,10.377358490566039,10.377358490566039
IA-FMR,13.15,7,2093,17066,12.264150943396226,12.264150943396226
IA-FMR,13.15,8,2093,17066,12.264150943396226,12.264150943396226
IA-FMR,13.15,9,1771,17066,10.377358490566039,10.377358490566039
IA-FMR,13.25,1,1908,16854,11.320754716981131,11.320754716981131
IA-FMR,13.25,2,1749,16854,10.377358490566039,10.377358490566039
IA-FMR,13.25,3,1749,16854,10.377358490566039,10.377358490566039
IA-FMR,13.25,4,1908,16854,11.320754716981131,11.320754716981131
IA-FMR,13.25,5,1908,16854,11.320754716981131,11.320754716981131
IA-FMR,13.25,6,1749,16854,10.377358490566039,10.377358490566039
IA-FMR,13.25,7,2067,16854,12.264150943396226,12.264150943396226
IA-FMR,13.25,8,2067,16854,12.264150943396226,12.264150943396226
IA-FMR,13.25,9,1749,16854,10.377358490566039,10.377358490566039
IA-FMR,13.350000000000001,1,1920,16960,11.320754716981131,11.320754716981131
IA-FMR,13.350000000000001,2,1760,16960,10.377358490566039,10.377358490566039
IA-FMR,13.350000000000001,3,1760,16960,10.377358490566039,10.377358490566039
IA-FMR,13.350000000000001,4,1920,16960,11.320754716981131,11.320754716981131
IA-FMR,13.350000000000001,5,1920,16960,11.320754716981131,11.320754716981131
IA-FMR,13.350000000000001,6,1760,16960,10.377358490566039,10.377358490566039
IA-FMR,13.350000000000001,7,2080,16960,12.264150943396226,12.264150943396226
IA-FMR,13.350000000000001,8,2080,16960,12.264150943396226,12.264150943396226
IA-FMR,13.350000000000001,9,1760,16960,10.377358490566039,10.377358490566039
IA-FMR,13.450000000000001,1,1920,16960,11.320754716981131,11.320754716981131
IA-FMR,13.450000000000001,2,1760,16960,10.377358490566039,10.377358490566039
IA-FMR,13.450000000000001,3,1760,16960,10.377358490566039,10.377358490566039
IA-FMR,13.450000000000001,4,1920,16960,11.320754716981131,11.320754716981131
IA-FMR,13.450000000000001,5,1920,16960,11.320754716981131,11.320754716981131
IA-FMR,13.450000000000001,6,1760,16960,10.377358490566039,10.377358490566039
IA-FMR,13.450000000000001,7,2080,16960,12.264150943396226,12.264150943396226
IA-FMR,13.450000000000001,8,2080,16960,12.264150943396226,12.264150943396226
IA-FMR,13.450000000000001,9,1760,16960,10.377358490566039,10.377358490566039
IA-FMR,13.55,1,1920,16960,11.320754716981131,11.320754716981131
IA-FMR,13.55,2,1760,16960,10.377358490566039,10.377358490566039
IA-FMR,13.55,3,1760,16960,10.377358490566039,10.377358490566039
IA-FMR,13.55,4,1920,16960,11.320754716981131,11.320754716981131
IA-FMR,13.55,5,1920,16960,11.320754716981131,11.320754716981131
IA-FMR,13.55,6,1760,16960,10.377358490566039,10.377358490566039
IA-FMR,13.55,7,2080,16960,12.264150943396226,12.264150943396226
IA-FMR,13.55,8,2080,16960,12.264150943396226,12.264150943396226
IA-FMR,13.55,9,1760,16960,10.377358490566039,10.377358490566039
IA-FMR,13.65,1,1932,17066,11.320754716981131,11.320754716981131
IA-FMR,13.65,2,1771,17066,10.377358490566039,10.377358490566039
IA-FMR,13.65,3,1771,17066,10.377358490566039,10.377358490566039
IA-FMR,13.65,4,1932,17066,11.320754716981131,11.320754716981131
IA-FMR,13.65,5,1932,17066,11.320754716981131,11.320754716981131
IA-FMR,13.65,6,1771,17066,10.377358490566039,10.377358490566039
IA-FMR,13.65,7,2093,17066,12.264150943396226,12.264150943396226
IA-FMR,13.65,8,2093,17066,12.264150943396226,12.264150943396226
IA-FMR,13.65,9,1771,17066,10.377358490566039,10.377358490566039
IA-FMR,13.75,1,1908,16854,11.320754716981131,11.320754716981131
IA-FMR,13.75,2,1749,16854,10.377358490566039,10.377358490566039
IA-FMR,13.75,3,1749,16854,10.377358490566039,10.377358490566039
IA-FMR,13.75,4,1908,16854,11.320754716981131,11.320754716981131
IA-FMR,13.75,5,1908,16854,11.320754716981131,11.320754716981131
IA-FMR,13.75,6,1749,16854,10.377358490566039,10.377358490566039
IA-FMR,13.75,7,2067,16854,12.264150943396226,12.264150943396226
IA-FMR,13.75,8,2067,16854,12.264150943396226,12.264150943396226
IA-FMR,13.75,9,1749,16854,10.377358490566039,10.377358490566039
IA-FMR,13.850000000000001,1,1920,16960,11.320754716981131,11.320754716981131
IA-FMR,13.850000000000001,2,1760,16960,10.377358490566039,10.377358490566039
IA-FMR,13.850000000000001,3,1760,16960,10.377358490566039,10.377358490566039
IA-FMR,13.850000000000001,4,1920,16960,11.320754716981131,11.320754716981131
IA-FMR,13.850000000000001,5,1920,16960,11.320754716981131,11.320754716981131
IA-FMR,13.850000000000001,6,1760,16960,10.377358490566039,10.377358490566039
IA-FMR,13.850000000000001,7,2080,16960,12.264150943396226,12.264150943396226
IA-FMR,13.850000000000001,8,2080,16960,12.264150943396226,12.264150943396226
IA-FMR,13.850000000000001,9,1760,16960,10.377358490566039,10.377358490566039
IA-FMR,13.950000000000001,1,1920,16960,11.320754716981131,11.320754716981131
IA-FMR,13.950000000000001,2,1760,16960,10.377358490566039,10.377358490566039
IA-FMR,13.950000000000001,3,1760,16960,10.377358490566039,10.377358490566039
IA-FMR,13.950000000000001,4,1920,16960,11.320754716981131,11.320754716981131
IA-FMR,13.950000000000001,5,1920,16960,11.320754716981131,11.320754716981131
IA-FMR,13.950000000000001,6,1760,16960,10.377358490566039,10.377358490566039
IA-FMR,13.950000000000001,7,2080,16960,12.264150943396226,12.264150943396226
IA-FMR,13.950000000000001,8,2080,16960,12.264150943396226,12.264150943396226
IA-FMR,13.950000000000001,9,1760,16960,10.377358490566039,10.377358490566039
IA-FMR,14.05,1,1920,16960,11.320754716981131,11.320754716981131
IA-FMR,14.05,2,1760,16960,10.377358490566039,10.377358490566039
IA-FMR,14.05,3,1760,16960,10.377358490566039,10.377358490566039
IA-FMR,14.05,4,1920,16960,11.320754716981131,11.320754716981131
IA-FMR,14.05,5,1920,16960,11.320754716981131,11.320754716981131
IA-FMR,14.05,6,1760,16960,10.377358490566039,10.377358490566039
IA-FMR,14.05,7,2080,16960,12.264150943396226,12.264150943396226
IA-FMR,14.05,8,2080,16960,12.264150943396226,12.264150943396226
IA-FMR,14.05,9,1760,16960,10.377358490566039,10.377358490566039
IA-FMR,14.15,1,1932,17066,11.320754716981131,11.320754716981131
IA-FMR,14.15,2,1771,17066,10.377358490566039,10.377358490566039
IA-FMR,14.15,3,1771,17066,10.377358490566039,10.377358490566039
IA-FMR,14.15,4,1932,17066,11.320754716981131,11.320754716981131
IA-FMR,14.15,5,1932,17066,11.320754716981131,11.320754716981131
IA-FMR,14.15,6,1771,17066,10.377358490566039,10.377358490566039
IA-FMR,14.15,7,2093,17066,12.264150943396226,12.264150943396226
IA-FMR,14.15,8,2093,17066,12.264150943396226,12.264150943396226
IA-FMR,14.15,9,1771,17066,10.377358490566039,10.377358490566039
IA-FMR,14.25,1,1908,16854,11.320754716981131,11.320754716981131
IA-FMR,14.25,2,1749,16854,10.377358490566039,10.377358490566039
IA-FMR,14.25,3,1749,16854,10.377358490566039,10.377358490566039
IA-FMR,14.25,4,1908,16854,11.320754716981131,11.320754716981131
IA-FMR,14.25,5,1908,16854,11.320754716981131,11.320754716981131
IA-FMR,14.25,6,1749,16854,10.377358490566039,10.377358490566039
IA-FMR,14.25,7,2067,16854,12.264150943396226,12.264150943396226
IA-FMR,14.25,8,2067,16854,12.264150943396226,12.264150943396226
IA-FMR,14.25,9,1749,16854,10.377358490566039,10.377358490566039
IA-FMR,14.350000000000001,1,1920,16960,11.320754716981131,11.320754716981131
IA-FMR,14.350000000000001,2,1760,16960,10.377358490566039,10.377358490566039
IA-FMR,14.350000000000001,3,1760,16960,10.377358490566039,10.377358490566039
IA-FMR,14.350000000000001,4,1920,16960,11.320754716981131,11.320754716981131
IA-FMR,14.350000000000001,5,1920,16960,11.320754716981131,11.320754716981131
IA-FMR,14.350000000000001,6,1760,16960,10.377358490566039,10.377358490566039
IA-FMR,14.350000000000001,7,2080,16960,12.264150943396226,12.264150943396226
IA-FMR,14.350000000000001,8,2080,16960,12.264150943396226,12.264150943396226
IA-FMR,14.350000000000001,9,1760,16960,10.377358490566039,10.377358490566039
IA-FMR,14.450000000000001,1,1920,16960,11.320754716981131,11.320754716981131
IA-FMR,14.450000000000001,2,1760,16960,10.377358490566039,10.377358490566039
IA-FMR,14.450000000000001,3,1760,16960,10.377358490566039,10.377358490566039
IA-FMR,14.450000000000001,4,1920,16960,11.320754716981131,11.320754716981131
IA-FMR,14.450000000000001,5,1920,16960,11.320754716981131,11.320754716981131
IA-FMR,14.450000000000001,6,1760,16960,10.377358490566039,10.377358490566039
IA-FMR,14.450000000000001,7,2080,16960,12.264150943396226,12.264150943396226
IA-FMR,14.450000000000001,8,2080,16960,12.264150943396226,12.264150943396226
IA-FMR,14.450000000000001,9,1760,16960,10.377358490566039,10.377358490566039
IA-FMR,14.55,1,1920,16960,11.320754716981131,11.320754716981131
IA-FMR,14.55,2,1760,16960,10.377358490566039,10.377358490566039
IA-FMR,14.55,3,1760,16960,10.377358490566039,10.377358490566039
IA-FMR,14.55,4,1920,16960,11.320754716981131,11.320754716981131
IA-FMR,14.55,5,1920,16960,11.320754716981131,11.320754716981131
IA-FMR,14.55,6,1760,16960,10.377358490566039,10.377358490566039
IA-FMR,14.55,7,2080,16960,12.264150943396226,12.264150943396226
IA-FMR,14.55,8,2080,16960,12.264150943396226,12.264150943396226
IA-FMR,14.55,9,1760,16960,10.377358490566039,10.377358490566039
IA-FMR,14.65,1,1932,17066,11.320754716981131,11.320754716981131
IA-FMR,14.65,2,1771,17066,10.377358490566039,10.377358490566039
IA-FMR,14.65,3,1771,17066,10.377358490566039,10.377358490566039
IA-FMR,14.65,4,1932,17066,11.320754716981131,11.320754716981131
IA-FMR,14.65,5,1932,17066,11.320754716981131,11.320754716981131
IA-FMR,14.65,6,1771,17066,10.377358490566039,10.377358490566039
IA-FMR,14.65,7,2093,17066,12.264150943396226,12.264150943396226
IA-FMR,14.65,8,2093,17066,12.264150943396226,12.264150943396226
IA-FMR,14.65,9,1771,17066,10.377358490566039,10.377358490566039
IA-FMR,14.75,1,1908,16854,11.320754716981131,11.320754716981131
IA-FMR,14.75,2,1749,16854,10.377358490566039,10.377358490566039
IA-FMR,14.75,3,1749,16854,10.377358490566039,10.377358490566039
IA-FMR,14.75,4,1908,16854,11.320754716981131,11.320754716981131
IA-FMR,14.75,5,1908,16854,11.320754716981131,11.320754716981131
IA-FMR,14.75,6,1749,16854,10.377358490566039,10.377358490566039
IA-FMR,14.75,7,2067,16854,12.264150943396226,12.264150943396226
IA-FMR,14.75,8,2067,16854,12.264150943396226,12.264150943396226
IA-FMR,14.75,9,1749,16854,10.377358490566039,10.377358490566039
IA-FMR,14.850000000000001,1,1920,16960,11.320754716981131,11.320754716981131
IA-FMR,14.850000000000001,2,1760,16960,10.377358490566039,10.377358490566039
IA-FMR,14.850000000000001,3,1760,16960,10.377358490566039,10.377358490566039
IA-FMR,14.850000000000001,4,1920,16960,11.320754716981131,11.320754716981131
IA-FMR,14.850000000000001,5,1920,16960,11.320754716981131,11.320754716981131
IA-FMR,14.850000000000001,6,1760,16960,10.377358490566039,10.377358490566039
IA-FMR,14.850000000000001,7,2080,16960,12.264150943396226,12.264150943396226
IA-FMR,14.850000000000001,8,2080,16960,12.264150943396226,12.264150943396226
IA-FMR,14.850000000000001,9,1760,16960,10.377358490566039,10.377358490566039
IA-FMR,14.950000000000001,1,1920,16960,11.320754716981131,11.320754716981131
IA-FMR,14.950000000000001,2,1760,16960,10.377358490566039,10.377358490566039
IA-FMR,14.950000000000001,3,1760,16960,10.377358490566039,10.377358490566039
IA-FMR,14.950000000000001,4,1920,16960,11.320754716981131,11.320754716981131
IA-FMR,14.950000000000001,5,1920,16960,11.320754716981131,11.320754716981131
IA-FMR,14.950000000000001,6,1760,16960,10.377358490566039,10.377358490566039
IA-FMR,14.950000000000001,7,2080,16960,12.264150943396226,12.264150943396226
IA-FMR,14.950000000000001,8,2080,16960,12.264150943396226,12.264150943396226
IA-FMR,14.950000000000001,9,1760,16960,10.377358490566039,10.377358490566039
IA-FMR,15.05,1,1920,16960,11.320754716981131,11.320754716981131
IA-FMR,15.05,2,1760,16960,10.377358490566039,10.377358490566039
IA-FMR,15.05,3,1760,16960,10.377358490566039,10.377358490566039
IA-FMR,15.05,4,1920,16960,11.320754716981131,11.320754716981131
IA-FMR,15.05,5,1920,16960,11.320754716981131,11.320754716981131
IA-FMR,15.05,6,1760,16960,10.377358490566039,10.377358490566039
IA-FMR,15.05,7,2080,16960,12.264150943396226,12.264150943396226
IA-FMR,15.05,8,2080,16960,12.264150943396226,12.264150943396226
IA-FMR,15.05,9,1760,16960,10.377358490566039,10.377358490566039
IA-FMR,15.15,1,1932,17066,11.320754716981131,11.320754716981131
IA-FMR,15.15,2,1771,17066,10.377358490566039,10.377358490566039
IA-FMR,15.15,3,1771,17066,10.377358490566039,10.377358490566039
IA-FMR,15.15,4,1932,17066,11.320754716981131,11.320754716981131
IA-FMR,15.15,5,1932,17066,11.320754716981131,11.320754716981131
IA-FMR,15.15,6,1771,17066,10.377358490566039,10.377358490566039
IA-FMR,15.15,7,2093,17066,12.264150943396226,12.264150943396226
IA-FMR,15.15,8,2093,17066,12.264150943396226,12.264150943396226
IA-FMR,15.15,9,1771,17066,10.377358490566039,10.377358490566039
IA-FMR,15.25,1,1908,16854,11.320754716981131,11.320754716981131
IA-FMR,15.25,2,1749,16854,10.377358490566039,10.377358490566039
IA-FMR,15.25,3,1749,16854,10.377358490566039,10.377358490566039
IA-FMR,15.25,4,1908,16854,11.320754716981131,11.320754716981131
IA-FMR,15.25,5,1908,16854,11.320754716981131,11.320754716981131
IA-FMR,15.25,6,1749,16854,10.377358490566039,10.377358490566039
IA-FMR,15.25,7,2067,16854,12.264150943396226,12.264150943396226
IA-FMR,15.25,8,2067,16854,12.264150943396226,12.264150943396226
IA-FMR,15.25,9,1749,16854,10.377358490566039,10.377358490566039
IA-FMR,15.350000000000001,1,1920,16960,11.320754716981131,11.320754716981131
IA-FMR,15.350000000000001,2,1760,16960,10.377358490566039,10.377358490566039
IA-FMR,15.350000000000001,3,1760,16960,10.377358490566039,10.377358490566039
IA-FMR,15.350000000000001,4,1920,16960,11.320754716981131,11.320754716981131
IA-FMR,15.350000000000001,5,1920,16960,11.320754716981131,11.320754716981131
IA-FMR,15.350000000000001,6,1760,16960,10.377358490566039,10.377358490566039
IA-FMR,15.350000000000001,7,2080,16960,12.264150943396226,12.264150943396226
IA-FMR,15.350000000000001,8,2080,16960,12.264150943396226,12.264150943396226
IA-FMR,15.350000000000001,9,1760,16960,10.377358490566039,10.377358490566039
IA-FMR,15.450000000000001,1,1920,16960,11.320754716981131,11.320754716981131
IA-FMR,15.450000000000001,2,1760,16960,10.377358490566039,10.377358490566039
IA-FMR,15.450000000000001,3,1760,16960,10.377358490566039,10.377358490566039
IA-FMR,15.450000000000001,4,1920,16960,11.320754716981131,11.320754716981131
IA-FMR,15.450000000000001,5,1920,16960,11.320754716981131,11.320754716981131
IA-FMR,15.450000000000001,6,1760,16960,10.377358490566039,10.377358490566039
IA-FMR,15.450000000000001,7,2080,16960,12.264150943396226,12.264150943396226
IA-FMR,15.450000000000001,8,2080,16960,12.264150943396226,12.264150943396226
IA-FMR,15.450000000000001,9,1760,16960,10.377358490566039,10.377358490566039
IA-FMR,15.55,1,1920,16960,11.320754716981131,11.320754716981131
IA-FMR,15.55,2,1760,16960,10.377358490566039,10.377358490566039
IA-FMR,15.55,3,1760,16960,10.377358490566039,10.377358490566039
IA-FMR,15.55,4,1920,16960,11.320754716981131,11.320754716981131
IA-FMR,15.55,5,1920,16960,11.320754716981131,11.320754716981131
IA-FMR,15.55,6,1760,16960,10.377358490566039,10.377358490566039
IA-FMR,15.55,7,2080,16960,12.264150943396226,12.264150943396226
IA-FMR,15.55,8,2080,16960,12.264150943396226,12.264150943396226
IA-FMR,15.55,9,1760,16960,10.377358490566039,10.377358490566039
IA-FMR,15.65,1,1932,17066,11.320754716981131,11.320754716981131
IA-FMR,15.65,2,1771,17066,10.377358490566039,10.377358490566039
IA-FMR,15.65,3,1771,17066,10.377358490566039,10.377358490566039
IA-FMR,15.65,4,1932,17066,11.320754716981131,11.320754716981131
IA-FMR,15.65,5,1932,17066,11.320754716981131,11.320754716981131
IA-FMR,15.65,6,1771,17066,10.377358490566039,10.377358490566039
IA-FMR,15.65,7,2093,17066,12.264150943396226,12.264150943396226
IA-FMR,15.65,8,2093,17066,12.264150943396226,12.264150943396226
IA-FMR,15.65,9,1771,17066,10.377358490566039,10.377358490566039
IA-FMR,15.75,1,1908,16854,11.320754716981131,11.320754716981131
IA-FMR,15.75,2,1749,16854,10.377358490566039,10.377358490566039
IA-FMR,15.75,3,1749,16854,10.377358490566039,10.377358490566039
IA-FMR,15.75,4,1908,16854,11.320754716981131,11.320754716981131
IA-FMR,15.75,5,1908,16854,11.320754716981131,11.320754716981131
IA-FMR,15.75,6,1749,16854,10.377358490566039,10.377358490566039
IA-FMR,15.75,7,2067,16854,12.264150943396226,12.264150943396226
IA-FMR,15.75,8,2067,16854,12.264150943396226,12.264150943396226
IA-FMR,15.75,9,1749,16854,10.377358490566039,10.377358490566039
IA-FMR,15.850000000000001,1,1920,16960,11.320754716981131,11.320754716981131
IA-FMR,15.850000000000001,2,1760,16960,10.377358490566039,10.377358490566039
IA-FMR,15.850000000000001,3,1760,16960,10.377358490566039,10.377358490566039
IA-FMR,15.850000000000001,4,1920,16960,11.320754716981131,11.320754716981131
IA-FMR,15.850000000000001,5,1920,16960,11.320754716981131,11.320754716981131
IA-FMR,15.850000000000001,6,1760,16960,10.377358490566039,10.377358490566039
IA-FMR,15.850000000000001,7,2080,16960,12.264150943396226,12.264150943396226
IA-FMR,15.850000000000001,8,2080,16960,12.264150943396226,12.264150943396226
IA-FMR,15.850000000000001,9,1760,16960,10.377358490566039,10.377358490566039
IA-FMR,15.950000000000001,1,1920,16960,11.320754716981131,11.320754716981131
IA-FMR,15.950000000000001,2,1760,16960,10.377358490566039,10.377358490566039
IA-FMR,15.950000000000001,3,1760,16960,10.377358490566039,10.377358490566039
IA-FMR,15.950000000000001,4,1920,16960,11.320754716981131,11.320754716981131
IA-FMR,15.950000000000001,5,1920,16960,11.320754716981131,11.320754716981131
IA-FMR,15.950000000000001,6,1760,16960,10.377358490566039,10.377358490566039
IA-FMR,15.950000000000001,7,2080,16960,12.264150943396226,12.264150943396226
IA-FMR,15.950000000000001,8,2080,16960,12.264150943396226,12.264150943396226
IA-FMR,15.950000000000001,9,1760,16960,10.377358490566039,10.377358490566039
IA-FMR,16.05,1,1920,16960,11.320754716981131,11.320754716981131
IA-FMR,16.05,2,1760,16960,10.377358490566039,10.377358490566039
IA-FMR,16.05,3,1760,16960,10.377358490566039,10.377358490566039
IA-FMR,16.05,4,1920,16960,11.320754716981131,11.320754716981131
IA-FMR,16.05,5,1920,16960,11.320754716981131,11.320754716981131
IA-FMR,16.05,6,1760,16960,10.377358490566039,10.377358490566039
IA-FMR,16.05,7,2080,16960,12.264150943396226,12.264150943396226
IA-FMR,16.05,8,2080,16960,12.264150943396226,12.264150943396226
IA-FMR,16.05,9,1760,16960,10.377358490566039,10.377358490566039
IA-FMR,16.150000000000002,1,1932,17066,11.320754716981131,11.320754716981131
IA-FMR,16.150000000000002,2,1771,17066,10.377358490566039,10.377358490566039
IA-FMR,16.150000000000002,3,1771,17066,10.377358490566039,10.377358490566039
IA-FMR,16.150000000000002,4,1932,17066,11.320754716981131,11.320754716981131
IA-FMR,16.150000000000002,5,1932,17066,11.320754716981131,11.320754716981131
IA-FMR,16.150000000000002,6,1771,17066,10.377358490566039,10.377358490566039
IA-FMR,16.150000000000002,7,2093,17066,12.264150943396226,12.264150943396226
IA-FMR,16.150000000000002,8,2093,17066,12.264150943396226,12.264150943396226
IA-FMR,16.150000000000002,9,1771,17066,10.377358490566039,10.377358490566039
IA-FMR,16.25,1,1908,16854,11.320754716981131,11.320754716981131
IA-FMR,16.25,2,1749,16854,10.377358490566039,10.377358490566039
IA-FMR,16.25,3,1749,16854,10.377358490566039,10.377358490566039
IA-FMR,16.25,4,1908,16854,11.320754716981131,11.320754716981131
IA-FMR,16.25,5,1908,16854,11.320754716981131,11.320754716981131
IA-FMR,16.25,6,1749,16854,10.377358490566039,10.377358490566039
IA-FMR,16.25,7,2067,16854,12.264150943396226,12.264150943396226
IA-FMR,16.25,8,2067,16854,12.264150943396226,12.264150943396226
IA-FMR,16.25,9,1749,16854,10.377358490566039,10.377358490566039
IA-FMR,16.35,1,1932,17066,11.320754716981131,11.320754716981131
IA-FMR,16.35,2,1771,17066,10.377358490566039,10.377358490566039
IA-FMR,16.35,3,1771,17066,10.377358490566039,10.377358490566039
IA-FMR,16.35,4,1932,17066,11.320754716981131,11.320754716981131
IA-FMR,16.35,5,1932,17066,11.320754716981131,11.320754716981131
IA-FMR,16.35,6,1771,17066,10.377358490566039,10.377358490566039
IA-FMR,16.35,7,2093,17066,12.264150943396226,12.264150943396226
IA-FMR,16.35,8,2093,17066,12.264150943396226,12.264150943396226
IA-FMR,16.35,9,1771,17066,10.377358490566039,10.377358490566039
IA-FMR,16.45,1,1908,16854,11.320754716981131,11.320754716981131
IA-FMR,16.45,2,1749,16854,10.377358490566039,10.377358490566039
IA-FMR,16.45,3,1749,16854,10.377358490566039,10.377358490566039
IA-FMR,16.45,4,1908,16854,11.320754716981131,11.320754716981131
IA-FMR,16.45,5,1908,16854,11.320754716981131,11.320754716981131
IA-FMR,16.45,6,1749,16854,10.377358490566039,10.377358490566039
IA-FMR,16.45,7,2067,16854,12.264150943396226,12.264150943396226
IA-FMR,16.45,8,2067,16854,12.264150943396226,12.264150943396226
IA-FMR,16.45,9,1749,16854,10.377358490566039,10.377358490566039
IA-FMR,16.55,1,1920,16960,11.320754716981131,11.320754716981131
IA-FMR,16.55,2,1760,16960,10.377358490566039,10.377358490566039
IA-FMR,16.55,3,1760,16960,10.377358490566039,10.377358490566039
IA-FMR,16.55,4,1920,16960,11.320754716981131,11.320754716981131
IA-FMR,16.55,5,1920,16960,11.320754716981131,11.320754716981131
IA-FMR,16.55,6,1760,16960,10.377358490566039,10.377358490566039
IA-FMR,16.55,7,2080,16960,12.264150943396226,12.264150943396226
IA-FMR,16.55,8,2080,16960,12.264150943396226,12.264150943396226
IA-FMR,16.55,9,1760,16960,10.377358490566039,10.377358490566039
IA-FMR,16.650000000000002,1,1932,17066,11.320754716981131,11.320754716981131
IA-FMR,16.650000000000002,2,1771,17066,10.377358490566039,10.377358490566039
IA-FMR,16.650000000000002,3,1771,17066,10.377358490566039,10.377358490566039
IA-FMR,16.650000000000002,4,1932,17066,11.320754716981131,11.320754716981131
IA-FMR,16.650000000000002,5,1932,17066,11.320754716981131,11.320754716981131
IA-FMR,16.650000000000002,6,1771,17066,10.377358490566039,10.377358490566039
IA-FMR,16.650000000000002,7,2093,17066,12.264150943396226,12.264150943396226
IA-FMR,16.650000000000002,8,2093,17066,12.264150943396226,12.264150943396226
IA-FMR,16.650000000000002,9,1771,17066,10.377358490566039,10.377358490566039
IA-FMR,16.75,1,1908,16854,11.320754716981131,11.320754716981131
IA-FMR,16.75,2,1749,16854,10.377358490566039,10.377358490566039
IA-FMR,16.75,3,1749,16854,10.377358490566039,10.377358490566039
IA-FMR,16.75,4,1908,16854,11.320754716981131,11.320754716981131
IA-FMR,16.75,5,1908,16854,11.320754716981131,11.320754716981131
IA-FMR,16.75,6,1749,16854,10.377358490566039,10.377358490566039
IA-FMR,16.75,7,2067,16854,12.264150943396226,12.264150943396226
IA-FMR,16.75,8,2067,16854,12.264150943396226,12.264150943396226
IA-FMR,16.75,9,1749,16854,10.377358490566039,10.377358490566039
IA-FMR,16.85,1,1932,17066,11.320754716981131,11.320754716981131
IA-FMR,16.85,2,1771,17066,10.377358490566039,10.377358490566039
IA-FMR,16.85,3,1771,17066,10.377358490566039,10.377358490566039
IA-FMR,16.85,4,1932,17066,11.320754716981131,11.320754716981131
IA-FMR,16.85,5,1932,17066,11.320754716981131,11.320754716981131
IA-FMR,16.85,6,1771,17066,10.377358490566039,10.377358490566039
IA-FMR,16.85,7,2093,17066,12.264150943396226,12.264150943396226
IA-FMR,16.85,8,2093,17066,12.264150943396226,12.264150943396226
IA-FMR,16.85,9,1771,17066,10.377358490566039,10.377358490566039
IA-FMR,16.95,1,1908,16854,11.320754716981131,11.320754716981131
IA-FMR,16.95,2,1749,16854,10.377358490566039,10.377358490566039
IA-FMR,16.95,3,1749,16854,10.377358490566039,10.377358490566039
IA-FMR,16.95,4,1908,16854,11.320754716981131,11.320754716981131
IA-FMR,16.95,5,1908,16854,11.320754716981131,11.320754716981131
IA-FMR,16.95,6,1749,16854,10.377358490566039,10.377358490566039
IA-FMR,16.95,7,2067,16854,12.264150943396226,12.264150943396226
IA-FMR,16.95,8,2067,16854,12.264150943396226,12.264150943396226
IA-FMR,16.95,9,1749,16854,10.377358490566039,10.377358490566039
IA-FMR,17.05,1,1920,16960,11.320754716981131,11.320754716981131
IA-FMR,17.05,2,1760,16960,10.377358490566039,10.377358490566039
IA-FMR,17.05,3,1760,16960,10.377358490566039,10.377358490566039
IA-FMR,17.05,4,1920,16960,11.320754716981131,11.320754716981131
IA-FMR,17.05,5,1920,16960,11.320754716981131,11.320754716981131
IA-FMR,17.05,6,1760,16960,10.377358490566039,10.377358490566039
IA-FMR,17.05,7,2080,16960,12.264150943396226,12.264150943396226
IA-FMR,17.05,8,2080,16960,12.264150943396226,12.264150943396226
IA-FMR,17.05,9,1760,16960,10.377358490566039,10.377358490566039
IA-FMR,17.150000000000002,1,1932,17066,11.320754716981131,11.320754716981131
IA-FMR,17.150000000000002,2,1771,17066,10.377358490566039,10.377358490566039
IA-FMR,17.150000000000002,3,1771,17066,10.377358490566039,10.377358490566039
IA-FMR,17.150000000000002,4,1932,17066,11.320754716981131,11.320754716981131
IA-FMR,17.150000000000002,5,1932,17066,11.320754716981131,11.320754716981131
IA-FMR,17.150000000000002,6,1771,17066,10.377358490566039,10.377358490566039
IA-FMR,17.150000000000002,7,2093,17066,12.264150943396226,12.264150943396226
IA-FMR,17.150000000000002,8,2093,17066,12.264150943396226,12.264150943396226
IA-FMR,17.150000000000002,9,1771,17066,10.377358490566039,10.377358490566039
IA-FMR,17.25,1,1908,16854,11.320754716981131,11.320754716981131
IA-FMR,17.25,2,1749,16854,10.377358490566039,10.377358490566039
IA-FMR,17.25,3,1749,16854,10.377358490566039,10.377358490566039
IA-FMR,17.25,4,1908,16854,11.320754716981131,11.320754716981131
IA-FMR,17.25,5,1908,16854,11.320754716981131,11.320754716981131
IA-FMR,17.25,6,1749,16854,10.377358490566039,10.377358490566039
IA-FMR,17.25,7,2067,16854,12.264150943396226,12.264150943396226
IA-FMR,17.25,8,2067,16854,12.264150943396226,12.264150943396226
IA-FMR,17.25,9,1749,16854,10.377358490566039,10.377358490566039
IA-FMR,17.35,1,1932,17066,11.320754716981131,11.320754716981131
IA-FMR,17.35,2,1771,17066,10.377358490566039,10.377358490566039
IA-FMR,17.35,3,1771,17066,10.377358490566039,10.377358490566039
IA-FMR,17.35,4,1932,17066,11.320754716981131,11.320754716981131
IA-FMR,17.35,5,1932,17066,11.320754716981131,11.320754716981131
IA-FMR,17.35,6,1771,17066,10.377358490566039,10.377358490566039
IA-FMR,17.35,7,2093,17066,12.264150943396226,12.264150943396226
IA-FMR,17.35,8,2093,17066,12.264150943396226,12.264150943396226
IA-FMR,17.35,9,1771,17066,10.377358490566039,10.377358490566039
IA-FMR,17.45,1,1908,16854,11.320754716981131,11.320754716981131
IA-FMR,17.45,2,1749,16854,10.377358490566039,10.377358490566039
IA-FMR,17.45,3,1749,16854,10.377358490566039,10.377358490566039
IA-FMR,17.45,4,1908,16854,11.320754716981131,11.320754716981131
IA-FMR,17.45,5,1908,16854,11.320754716981131,11.320754716981131
IA-FMR,17.45,6,1749,16854,10.377358490566039,10.377358490566039
IA-FMR,17.45,7,2067,16854,12.264150943396226,12.264150943396226
IA-FMR,17.45,8,2067,16854,12.264150943396226,12.264150943396226
IA-FMR,17.45,9,1749,16854,10.377358490566039,10.377358490566039
IA-FMR,17.55,1,1920,16960,11.320754716981131,11.320754716981131
IA-FMR,17.55,2,1760,16960,10.377358490566039,10.377358490566039
IA-FMR,17.55,3,1760,16960,10.377358490566039,10.377358490566039
IA-FMR,17.55,4,1920,16960,11.320754716981131,11.320754716981131
IA-FMR,17.55,5,1920,16960,11.320754716981131,11.320754716981131
IA-FMR,17.55,6,1760,16960,10.377358490566039,10.377358490566039
IA-FMR,17.55,7,2080,16960,12.264150943396226,12.264150943396226
IA-FMR,17.55,8,2080,16960,12.264150943396226,12.264150943396226
IA-FMR,17.55,9,1760,16960,10.377358490566039,10.377358490566039
IA-FMR,17.650000000000002,1,1932,17066,11.320754716981131,11.320754716981131
IA-FMR,17.650000000000002,2,1771,17066,10.377358490566039,10.377358490566039
IA-FMR,17.650000000000002,3,1771,17066,10.377358490566039,10.377358490566039
IA-FMR,17.650000000000002,4,1932,17066,11.320754716981131,11.320754716981131
IA-FMR,17.650000000000002,5,1932,17066,11.320754716981131,11.320754716981131
IA-FMR,17.650000000000002,6,1771,17066,10.377358490566039,10.377358490566039
IA-FMR,17.650000000000002,7,2093,17066,12.264150943396226,12.264150943396226
IA-FMR,17.650000000000002,8,2093,17066,12.264150943396226,12.264150943396226
IA-FMR,17.650000000000002,9,1771,17066,10.377358490566039,10.377358490566039
IA-FMR,17.75,1,1908,16854,11.320754716981131,11.320754716981131
IA-FMR,17.75,2,1749,16854,10.377358490566039,10.377358490566039
IA-FMR,17.75,3,1749,16854,10.377358490566039,10.377358490566039
IA-FMR,17.75,4,1908,16854,11.320754716981131,11.320754716981131
IA-FMR,17.75,5,1908,16854,11.320754716981131,11.320754716981131
IA-FMR,17.75,6,1749,16854,10.377358490566039,10.377358490566039
IA-FMR,17.75,7,2067,16854,12.264150943396226,12.264150943396226
IA-FMR,17.75,8,2067,16854,12.264150943396226,12.264150943396226
IA-FMR,17.75,9,1749,16854,10.377358490566039,10.377358490566039
IA-FMR,17.85,1,1932,17066,11.320754716981131,11.320754716981131
IA-FMR,17.85,2,1771,17066,10.377358490566039,10.377358490566039
IA-FMR,17.85,3,1771,17066,10.377358490566039,10.377358490566039
IA-FMR,17.85,4,1932,17066,11.320754716981131,11.320754716981131
IA-FMR,17.85,5,1932,17066,11.320754716981131,11.320754716981131
IA-FMR,17.85,6,1771,17066,10.377358490566039,10.377358490566039
IA-FMR,17.85,7,2093,17066,12.264150943396226,12.264150943396226
IA-FMR,17.85,8,2093,17066,12.264150943396226,12.264150943396226
IA-FMR,17.85,9,1771,17066,10.377358490566039,10.377358490566039
IA-FMR,17.95,1,1908,16854,11.320754716981131,11.320754716981131
IA-FMR,17.95,2,1749,16854,10.377358490566039,10.377358490566039
IA-FMR,17.95,3,1749,16854,10.377358490566039,10.377358490566039
IA-FMR,17.95,4,1908,16854,11.320754716981131,11.320754716981131
IA-FMR,17.95,5,1908,16854,11.320754716981131,11.320754716981131
IA-FMR,17.95,6,1749,16854,10.377358490566039,10.377358490566039
IA-FMR,17.95,7,2067,16854,12.264150943396226,12.264150943396226
IA-FMR,17.95,8,2067,16854,12.264150943396226,12.264150943396226
IA-FMR,17.95,9,1749,16854,10.377358490566039,10.377358490566039
IA-FMR,18.05,1,1920,16960,11.320754716981131,11.320754716981131
IA-FMR,18.05,2,1760,16960,10.377358490566039,10.377358490566039
IA-FMR,18.05,3,1760,16960,10.377358490566039,10.377358490566039
IA-FMR,18.05,4,1920,16960,11.320754716981131,11.320754716981131
IA-FMR,18.05,5,1920,16960,11.320754716981131,11.320754716981131
IA-FMR,18.05,6,1760,16960,10.377358490566039,10.377358490566039
IA-FMR,18.05,7,2080,16960,12.264150943396226,12.264150943396226
IA-FMR,18.05,8,2080,16960,12.264150943396226,12.264150943396226
IA-FMR,18.05,9,1760,16960,10.377358490566039,10.377358490566039
IA-FMR,18.150000000000002,1,1932,17066,11.320754716981131,11.320754716981131
IA-FMR,18.150000000000002,2,1771,17066,10.377358490566039,10.377358490566039
IA-FMR,18.150000000000002,3,1771,17066,10.377358490566039,10.377358490566039
IA-FMR,18.150000000000002,4,1932,17066,11.320754716981131,11.320754716981131
IA-FMR,18.150000000000002,5,1932,17066,11.320754716981131,11.320754716981131
IA-FMR,18.150000000000002,6,1771,17066,10.377358490566039,10.377358490566039
IA-FMR,18.150000000000002,7,2093,17066,12.264150943396226,12.264150943396226
IA-FMR,18.150000000000002,8,2093,17066,12.264150943396226,12.264150943396226
IA-FMR,18.150000000000002,9,1771,17066,10.377358490566039,10.377358490566039
IA-FMR,18.25,1,1908,16854,11.320754716981131,11.320754716981131
IA-FMR,18.25,2,1749,16854,10.377358490566039,10.377358490566039
IA-FMR,18.25,3,1749,16854,10.377358490566039,10.377358490566039
IA-FMR,18.25,4,1908,16854,11.320754716981131,11.320754716981131
IA-FMR,18.25,5,1908,16854,11.320754716981131,11.320754716981131
IA-FMR,18.25,6,1749,16854,10.377358490566039,10.377358490566039
IA-FMR,18.25,7,2067,16854,12.264150943396226,12.264150943396226
IA-FMR,18.25,8,2067,16854,12.264150943396226,12.264150943396226
IA-FMR,18.25,9,1749,16854,10.377358490566039,10.377358490566039
IA-FMR,18.35,1,1932,17066,11.320754716981131,11.320754716981131
IA-FMR,18.35,2,1771,17066,10.377358490566039,10.377358490566039
IA-FMR,18.35,3,1771,17066,10.377358490566039,10.377358490566039
IA-FMR,18.35,4,1932,17066,11.320754716981131,11.320754716981131
IA-FMR,18.35,5,1932,17066,11.320754716981131,11.320754716981131
IA-FMR,18.35,6,1771,17066,10.377358490566039,10.377358490566039
IA-FMR,18.35,7,2093,17066,12.264150943396226,12.264150943396226
IA-FMR,18.35,8,2093,17066,12.264150943396226,12.264150943396226
IA-FMR,18.35,9,1771,17066,10.377358490566039,10.377358490566039
IA-FMR,18.45,1,1908,16854,11.320754716981131,11.320754716981131
IA-FMR,18.45,2,1749,16854,10.377358490566039,10.377358490566039
IA-FMR,18.45,3,1749,16854,10.377358490566039,10.377358490566039
IA-FMR,18.45,4,1908,16854,11.320754716981131,11.320754716981131
IA-FMR,18.45,5,1908,16854,11.320754716981131,11.320754716981131
IA-FMR,18.45,6,1749,16854,10.377358490566039,10.377358490566039
IA-FMR,18.45,7,2067,16854,12.264150943396226,12.264150943396226
IA-FMR,18.45,8,2067,16854,12.264150943396226,12.264150943396226
IA-FMR,18.45,9,1749,16854,10.377358490566039,10.377358490566039
IA-FMR,18.55,1,1920,16960,11.320754716981131,11.320754716981131
IA-FMR,18.55,2,1760,16960,10.377358490566039,10.377358490566039
IA-FMR,18.55,3,1760,16960,10.377358490566039,10.377358490566039
IA-FMR,18.55,4,1920,16960,11.320754716981131,11.320754716981131
IA-FMR,18.55,5,1920,16960,11.320754716981131,11.320754716981131
IA-FMR,18.55,6,1760,16960,10.377358490566039,10.377358490566039
IA-FMR,18.55,7,2080,16960,12.264150943396226,12.264150943396226
IA-FMR,18.55,8,2080,16960,12.264150943396226,12.264150943396226
IA-FMR,18.55,9,1760,16960,10.377358490566039,10.377358490566039
IA-FMR,18.650000000000002,1,1932,17066,11.320754716981131,11.320754716981131
IA-FMR,18.650000000000002,2,1771,17066,10.377358490566039,10.377358490566039
IA-FMR,18.650000000000002,3,1771,17066,10.377358490566039,10.377358490566039
IA-FMR,18.650000000000002,4,1932,17066,11.320754716981131,11.320754716981131
IA-FMR,18.650000000000002,5,1932,17066,11.320754716981131,11.320754716981131
IA-FMR,18.650000000000002,6,1771,17066,10.377358490566039,10.377358490566039
IA-FMR,18.650000000000002,7,2093,17066,12.264150943396226,12.264150943396226
IA-FMR,18.650000000000002,8,2093,17066,12.264150943396226,12.264150943396226
IA-FMR,18.650000000000002,9,1771,17066,10.377358490566039,10.377358490566039
IA-FMR,18.75,1,1908,16854,11.320754716981131,11.320754716981131
IA-FMR,18.75,2,1749,16854,10.377358490566039,10.377358490566039
IA-FMR,18.75,3,1749,16854,10.377358490566039,10.377358490566039
IA-FMR,18.75,4,1908,16854,11.320754716981131,11.320754716981131
IA-FMR,18.75,5,1908,16854,11.320754716981131,11.320754716981131
IA-FMR,18.75,6,1749,16854,10.377358490566039,10.377358490566039
IA-FMR,18.75,7,2067,16854,12.264150943396226,12.264150943396226
IA-FMR,18.75,8,2067,16854,12.264150943396226,12.264150943396226
IA-FMR,18.75,9,1749,16854,10.377358490566039,10.377358490566039
IA-FMR,18.85,1,1932,17066,11.320754716981131,11.320754716981131
IA-FMR,18.85,2,1771,17066,10.377358490566039,10.377358490566039
IA-FMR,18.85,3,1771,17066,10.377358490566039,10.377358490566039
IA-FMR,18.85,4,1932,17066,11.320754716981131,11.320754716981131
IA-FMR,18.85,5,1932,17066,11.320754716981131,11.320754716981131
IA-FMR,18.85,6,1771,17066,10.377358490566039,10.377358490566039
IA-FMR,18.85,7,2093,17066,12.264150943396226,12.264150943396226
IA-FMR,18.85,8,2093,17066,12.264150943396226,12.264150943396226
IA-FMR,18.85,9,1771,17066,10.377358490566039,10.377358490566039
IA-FMR,18.95,1,1908,16854,11.320754716981131,11.320754716981131
IA-FMR,18.95,2,1749,16854,10.377358490566039,10.377358490566039
IA-FMR,18.95,3,1749,16854,10.377358490566039,10.377358490566039
IA-FMR,18.95,4,1908,16854,11.320754716981131,11.320754716981131
IA-FMR,18.95,5,1908,16854,11.320754716981131,11.320754716981131
IA-FMR,18.95,6,1749,16854,10.377358490566039,10.377358490566039
IA-FMR,18.95,7,2067,16854,12.264150943396226,12.264150943396226
IA-FMR,18.95,8,2067,16854,12.264150943396226,12.264150943396226
IA-FMR,18.95,9,1749,16854,10.377358490566039,10.377358490566039
IA-FMR,19.05,1,1920,16960,11.320754716981131,11.320754716981131
IA-FMR,19.05,2,1760,16960,10.377358490566039,10.377358490566039
IA-FMR,19.05,3,1760,16960,10.377358490566039,10.377358490566039
IA-FMR,19.05,4,1920,16960,11.320754716981131,11.320754716981131
IA-FMR,19.05,5,1920,16960,11.320754716981131,11.320754716981131
IA-FMR,19.05,6,1760,16960,10.377358490566039,10.377358490566039
IA-FMR,19.05,7,2080,16960,12.264150943396226,12.264150943396226
IA-FMR,19.05,8,2080,16960,12.264150943396226,12.264150943396226
IA-FMR,19.05,9,1760,16960,10.377358490566039,10.377358490566039
IA-FMR,19.150000000000002,1,1932,17066,11.320754716981131,11.320754716981131
IA-FMR,19.150000000000002,2,1771,17066,10.377358490566039,10.377358490566039
IA-FMR,19.150000000000002,3,1771,17066,10.377358490566039,10.377358490566039
IA-FMR,19.150000000000002,4,1932,17066,11.320754716981131,11.320754716981131
IA-FMR,19.150000000000002,5,1932,17066,11.320754716981131,11.320754716981131
IA-FMR,19.150000000000002,6,1771,17066,10.377358490566039,10.377358490566039
IA-FMR,19.150000000000002,7,2093,17066,12.264150943396226,12.264150943396226
IA-FMR,19.150000000000002,8,2093,17066,12.264150943396226,12.264150943396226
IA-FMR,19.150000000000002,9,1771,17066,10.377358490566039,10.377358490566039
IA-FMR,19.25,1,1908,16854,11.320754716981131,11.320754716981131
IA-FMR,19.25,2,1749,16854,10.377358490566039,10.377358490566039
IA-FMR,19.25,3,1749,16854,10.377358490566039,10.377358490566039
IA-FMR,19.25,4,1908,16854,11.320754716981131,11.320754716981131
IA-FMR,19.25,5,1908,16854,11.320754716981131,11.320754716981131
IA-FMR,19.25,6,1749,16854,10.377358490566039,10.377358490566039
IA-FMR,19.25,7,2067,16854,12.264150943396226,12.264150943396226
IA-FMR,19.25,8,2067,16854,12.264150943396226,12.264150943396226
IA-FMR,19.25,9,1749,16854,10.377358490566039,10.377358490566039
IA-FMR,19.35,1,1932,17066,11.320754716981131,11.320754716981131
IA-FMR,19.35,2,1771,17066,10.377358490566039,10.377358490566039
IA-FMR,19.35,3,1771,17066,10.377358490566039,10.377358490566039
IA-FMR,19.35,4,1932,17066,11.320754716981131,11.320754716981131
IA-FMR,19.35,5,1932,17066,11.320754716981131,11.320754716981131
IA-FMR,19.35,6,1771,17066,10.377358490566039,10.377358490566039
IA-FMR,19.35,7,2093,17066,12.264150943396226,12.264150943396226
IA-FMR,19.35,8,2093,17066,12.264150943396226,12.264150943396226
IA-FMR,19.35,9,1771,17066,10.377358490566039,10.377358490566039
IA-FMR,19.450000000000003,1,1908,16854,11.320754716981131,11.320754716981131
IA-FMR,19.450000000000003,2,1749,16854,10.377358490566039,10.377358490566039
IA-FMR,19.450000000000003,3,1749,16854,10.377358490566039,10.377358490566039
IA-FMR,19.450000000000003,4,1908,16854,11.320754716981131,11.320754716981131
IA-FMR,19.450000000000003,5,1908,16854,11.320754716981131,11.320754716981131
IA-FMR,19.450000000000003,6,1749,16854,10.377358490566039,10.377358490566039
IA-FMR,19.450000000000003,7,2067,16854,12.264150943396226,12.264150943396226
IA-FMR,19.450000000000003,8,2067,16854,12.264150943396226,12.264150943396226
IA-FMR,19.450000000000003,9,1749,16854,10.377358490566039,10.377358490566039
IA-FMR,19.55,1,1920,16960,11.320754716981131,11.320754716981131
IA-FMR,19.55,2,1760,16960,10.377358490566039,10.377358490566039
IA-FMR,19.55,3,1760,16960,10.377358490566039,10.377358490566039
IA-FMR,19.55,4,1920,16960,11.320754716981131,11.320754716981131
IA-FMR,19.55,5,1920,16960,11.320754716981131,11.320754716981131
IA-FMR,19.55,6,1760,16960,10.377358490566039,10.377358490566039
IA-FMR,19.55,7,2080,16960,12.264150943396226,12.264150943396226
IA-FMR,19.55,8,2080,16960,12.264150943396226,12.264150943396226
IA-FMR,19.55,9,1760,16960,10.377358490566039,10.377358490566039
IA-FMR,19.650000000000002,1,1932,17066,11.320754716981131,11.320754716981131
IA-FMR,19.650000000000002,2,1771,17066,10.377358490566039,10.377358490566039
IA-FMR,19.650000000000002,3,1771,17066,10.377358490566039,10.377358490566039
IA-FMR,19.650000000000002,4,1932,17066,11.320754716981131,11.320754716981131
IA-FMR,19.650000000000002,5,1932,17066,11.320754716981131,11.320754716981131
IA-FMR,19.650000000000002,6,1771,17066,10.377358490566039,10.377358490566039
IA-FMR,19.650000000000002,7,2093,17066,12.264150943396226,12.264150943396226
IA-FMR,19.650000000000002,8,2093,17066,12.264150943396226,12.264150943396226
IA-FMR,19.650000000000002,9,1771,17066,10.377358490566039,10.377358490566039
IA-FMR,19.75,1,1908,16854,11.320754716981131,11.320754716981131
IA-FMR,19.75,2,1749,16854,10.377358490566039,10.377358490566039
IA-FMR,19.75,3,1749,16854,10.377358490566039,10.377358490566039
IA-FMR,19.75,4,1908,16854,11.320754716981131,11.320754716981131
IA-FMR,19.75,5,1908,16854,11.320754716981131,11.320754716981131
IA-FMR,19.75,6,1749,16854,10.377358490566039,10.377358490566039
IA-FMR,19.75,7,2067,16854,12.264150943396226,12.264150943396226
IA-FMR,19.75,8,2067,16854,12.264150943396226,12.264150943396226
IA-FMR,19.75,9,1749,16854,10.377358490566039,10.377358490566039
IA-FMR,19.85,1,1932,17066,11.320754716981131,11.320754716981131
IA-FMR,19.85,2,1771,17066,10.377358490566039,10.377358490566039
IA-FMR,19.85,3,1771,17066,10.377358490566039,10.377358490566039
IA-FMR,19.85,4,1932,17066,11.320754716981131,11.320754716981131
IA-FMR,19.85,5,1932,17066,11.320754716981131,11.320754716981131
IA-FMR,19.85,6,1771,17066,10.377358490566039,10.377358490566039
IA-FMR,19.85,7,2093,17066,12.264150943396226,12.264150943396226
IA-FMR,19.85,8,2093,17066,12.264150943396226,12.264150943396226
IA-FMR,19.85,9,1771,17066,10.377358490566039,10.377358490566039
IA-FMR,19.950000000000003,1,1908,16854,11.320754716981131,11.320754716981131
IA-FMR,19.950000000000003,2,1749,16854,10.377358490566039,10.377358490566039
IA-FMR,19.950000000000003,3,1749,16854,10.377358490566039,10.377358490566039
IA-FMR,19.950000000000003,4,1908,16854,11.320754716981131,11.320754716981131
IA-FMR,19.950000000000003,5,1908,16854,11.320754716981131,11.320754716981131
IA-FMR,19.950000000000003,6,1749,16854,10.377358490566039,10.377358490566039
IA-FMR,19.950000000000003,7,2067,16854,12.264150943396226,12.264150943396226
IA-FMR,19.950000000000003,8,2067,16854,12.264150943396226,12.264150943396226
IA-FMR,19.950000000000003,9,1749,16854,10.377358490566039,10.377358490566039
IA-FMR,20.05,1,1920,16960,11.320754716981131,11.320754716981131
IA-FMR,20.05,2,1760,16960,10.377358490566039,10.377358490566039
IA-FMR,20.05,3,1760,16960,10.377358490566039,10.377358490566039
IA-FMR,20.05,4,1920,16960,11.320754716981131,11.320754716981131
IA-FMR,20.05,5,1920,16960,11.320754716981131,11.320754716981131
IA-FMR,20.05,6,1760,16960,10.377358490566039,10.377358490566039
IA-FMR,20.05,7,2080,16960,12.264150943396226,12.264150943396226
IA-FMR,20.05,8,2080,16960,12.264150943396226,12.264150943396226
IA-FMR,20.05,9,1760,16960,10.377358490566039,10.377358490566039
IA-FMR,20.150000000000002,1,1932,17066,11.320754716981131,11.320754716981131
IA-FMR,20.150000000000002,2,1771,17066,10.377358490566039,10.377358490566039
IA-FMR,20.150000000000002,3,1771,17066,10.377358490566039,10.377358490566039
IA-FMR,20.150000000000002,4,1932,17066,11.320754716981131,11.320754716981131
IA-FMR,20.150000000000002,5,1932,17066,11.320754716981131,11.320754716981131
IA-FMR,20.150000000000002,6,1771,17066,10.377358490566039,10.377358490566039
IA-FMR,20.150000000000002,7,2093,17066,12.264150943396226,12.264150943396226
IA-FMR,20.150000000000002,8,2093,17066,12.264150943396226,12.264150943396226
IA-FMR,20.150000000000002,9,1771,17066,10.377358490566039,10.377358490566039
IA-FMR,20.25,1,1908,16854,11.320754716981131,11.320754716981131
IA-FMR,20.25,2,1749,16854,10.377358490566039,10.377358490566039
IA-FMR,20.25,3,1749,16854,10.377358490566039,10.377358490566039
IA-FMR,20.25,4,1908,16854,11.320754716981131,11.320754716981131
IA-FMR,20.25,5,1908,16854,11.320754716981131,11.320754716981131
IA-FMR,20.25,6,1749,16854,10.377358490566039,10.377358490566039
IA-FMR,20.25,7,2067,16854,12.264150943396226,12.264150943396226
IA-FMR,20.25,8,2067,16854,12.264150943396226,12.264150943396226
IA-FMR,20.25,9,1749,16854,10.377358490566039,10.377358490566039
IA-FMR,20.35,1,1932,17066,11.320754716981131,11.320754716981131
IA-FMR,20.35,2,1771,17066,10.377358490566039,10.377358490566039
IA-FMR,20.35,3,1771,17066,10.377358490566039,10.377358490566039
IA-FMR,20.35,4,1932,17066,11.320754716981131,11.320754716981131
IA-FMR,20.35,5,1932,17066,11.320754716981131,11.320754716981131
IA-FMR,20.35,6,1771,17066,10.377358490566039,10.377358490566039
IA-FMR,20.35,7,2093,17066,12.264150943396226,12.264150943396226
IA-FMR,20.35,8,2093,17066,12.264150943396226,12.264150943396226
IA-FMR,20.35,9,1771,17066,10.377358490566039,10.377358490566039
IA-FMR,20.450000000000003,1,1908,16854,11.320754716981131,11.320754716981131
IA-FMR,20.450000000000003,2,1749,16854,10.377358490566039,10.377358490566039
IA-FMR,20.450000000000003,3,1749,16854,10.377358490566039,10.377358490566039
IA-FMR,20.450000000000003,4,1908,16854,11.320754716981131,11.320754716981131
IA-FMR,20.450000000000003,5,1908,16854,11.320754716981131,11.320754716981131
IA-FMR,20.450000000000003,6,1749,16854,10.377358490566039,10.377358490566039
IA-FMR,20.450000000000003,7,2067,16854,12.264150943396226,12.264150943396226
IA-FMR,20.450000000000003,8,2067,16854,12.264150943396226,12.264150943396226
IA-FMR,20.450000000000003,9,1749,16854,10.377358490566039,10.377358490566039
IA-FMR,20.55,1,1920,16960,11.320754716981131,11.320754716981131
IA-FMR,20.55,2,1760,16960,10.377358490566039,10.377358490566039
IA-FMR,20.55,3,1760,16960,10.377358490566039,10.377358490566039
IA-FMR,20.55,4,1920,16960,11.320754716981131,11.320754716981131
IA-FMR,20.55,5,1920,16960,11.320754716981131,11.320754716981131
IA-FMR,20.55,6,1760,16960,10.377358490566039,10.377358490566039
IA-FMR,20.55,7,2080,16960,12.264150943396226,12.264150943396226
IA-FMR,20.55,8,2080,16960,12.264150943396226,12.264150943396226
IA-FMR,20.55,9,1760,16960,10.377358490566039,10.377358490566039
IA-FMR,20.650000000000002,1,1932,17066,11.320754716981131,11.320754716981131
IA-FMR,20.650000000000002,2,1771,17066,10.377358490566039,10.377358490566039
IA-FMR,20.650000000000002,3,1771,17066,10.377358490566039,10.377358490566039
IA-FMR,20.650000000000002,4,1932,17066,11.320754716981131,11.320754716981131
IA-FMR,20.650000000000002,5,1932,17066,11.320754716981131,11.320754716981131
IA-FMR,20.650000000000002,6,1771,17066,10.377358490566039,10.377358490566039
IA-FMR,20.650000000000002,7,2093,17066,12.264150943396226,12.264150943396226
IA-FMR,20.650000000000002,8,2093,17066,12.264150943396226,12.264150943396226
IA-FMR,20.650000000000002,9,1771,17066,10.377358490566039,10.377358490566039
IA-FMR,20.75,1,1908,16854,11.320754716981131,11.320754716981131
IA-FMR,20.75,2,1749,16854,10.377358490566039,10.377358490566039
IA-FMR,20.75,3,1749,16854,10.377358490566039,10.377358490566039
IA-FMR,20.75,4,1908,16854,11.320754716981131,11.320754716981131
IA-FMR,20.75,5,1908,16854,11.320754716981131,11.320754716981131
IA-FMR,20.75,6,1749,16854,10.377358490566039,10.377358490566039
IA-FMR,20.75,7,2067,16854,12.264150943396226,12.264150943396226
IA-FMR,20.75,8,2067,16854,12.264150943396226,12.264150943396226
IA-FMR,20.75,9,1749,16854,10.377358490566039,10.377358490566039
IA-FMR,20.85,1,1932,17066,11.320754716981131,11.320754716981131
IA-FMR,20.85,2,1771,17066,10.377358490566039,10.377358490566039
IA-FMR,20.85,3,1771,17066,10.377358490566039,10.377358490566039
IA-FMR,20.85,4,1932,17066,11.320754716981131,11.320754716981131
IA-FMR,20.85,5,1932,17066,11.320754716981131,11.320754716981131
IA-FMR,20.85,6,1771,17066,10.377358490566039,10.377358490566039
IA-FMR,20.85,7,2093,17066,12.264150943396226,12.264150943396226
IA-FMR,20.85,8,2093,17066,12.264150943396226,12.264150943396226
IA-FMR,20.85,9,1771,17066,10.377358490566039,10.377358490566039
IA-FMR,20.950000000000003,1,1908,16854,11.320754716981131,11.320754716981131
IA-FMR,20.950000000000003,2,1749,16854,10.377358490566039,10.377358490566039
IA-FMR,20.950000000000003,3,1749,16854,10.377358490566039,10.377358490566039
IA-FMR,20.950000000000003,4,1908,16854,11.320754716981131,11.320754716981131
IA-FMR,20.950000000000003,5,1908,16854,11.320754716981131,11.320754716981131
IA-FMR,20.950000000000003,6,1749,16854,10.377358490566039,10.377358490566039
IA-FMR,20.950000000000003,7,2067,16854,12.264150943396226,12.264150943396226
IA-FMR,20.950000000000003,8,2067,16854,12.264150943396226,12.264150943396226
IA-FMR,20.950000000000003,9,1749,16854,10.377358490566039,10.377358490566039
IA-FMR,21.05,1,1920,16960,11.320754716981131,11.320754716981131
IA-FMR,21.05,2,1760,16960,10.377358490566039,10.377358490566039
IA-FMR,21.05,3,1760,16960,10.377358490566039,10.377358490566039
IA-FMR,21.05,4,1920,16960,11.320754716981131,11.320754716981131
IA-FMR,21.05,5,1920,16960,11.320754716981131,11.320754716981131
IA-FMR,21.05,6,1760,16960,10.377358490566039,10.377358490566039
IA-FMR,21.05,7,2080,16960,12.264150943396226,12.264150943396226
IA-FMR,21.05,8,2080,16960,12.264150943396226,12.264150943396226
IA-FMR,21.05,9,1760,16960,10.377358490566039,10.377358490566039
IA-FMR,21.150000000000002,1,1932,17066,11.320754716981131,11.320754716981131
IA-FMR,21.150000000000002,2,1771,17066,10.377358490566039,10.377358490566039
IA-FMR,21.150000000000002,3,1771,17066,10.377358490566039,10.377358490566039
IA-FMR,21.150000000000002,4,1932,17066,11.320754716981131,11.320754716981131
IA-FMR,21.150000000000002,5,1932,17066,11.320754716981131,11.320754716981131
IA-FMR,21.150000000000002,6,1771,17066,10.377358490566039,10.377358490566039
IA-FMR,21.150000000000002,7,2093,17066,12.264150943396226,12.264150943396226
IA-FMR,21.150000000000002,8,2093,17066,12.264150943396226,12.264150943396226
IA-FMR,21.150000000000002,9,1771,17066,10.377358490566039,10.377358490566039
IA-FMR,21.25,1,1908,16854,11.320754716981131,11.320754716981131
IA-FMR,21.25,2,1749,16854,10.377358490566039,10.377358490566039
IA-FMR,21.25,3,1749,16854,10.377358490566039,10.377358490566039
IA-FMR,21.25,4,1908,16854,11.320754716981131,11.320754716981131
IA-FMR,21.25,5,1908,16854,11.320754716981131,11.320754716981131
IA-FMR,21.25,6,1749,16854,10.377358490566039,10.377358490566039
IA-FMR,21.25,7,2067,16854,12.264150943396226,12.264150943396226
IA-FMR,21.25,8,2067,16854,12.264150943396226,12.264150943396226
IA-FMR,21.25,9,1749,16854,10.377358490566039,10.377358490566039
IA-FMR,21.35,1,1932,17066,11.320754716981131,11.320754716981131
IA-FMR,21.35,2,1771,17066,10.377358490566039,10.377358490566039
IA-FMR,21.35,3,1771,17066,10.377358490566039,10.377358490566039
IA-FMR,21.35,4,1932,17066,11.320754716981131,11.320754716981131
IA-FMR,21.35,5,1932,17066,11.320754716981131,11.320754716981131
IA-FMR,21.35,6,1771,17066,10.377358490566039,10.377358490566039
IA-FMR,21.35,7,2093,17066,12.264150943396226,12.264150943396226
IA-FMR,21.35,8,2093,17066,12.264150943396226,12.264150943396226
IA-FMR,21.35,9,1771,17066,10.377358490566039,10.377358490566039
IA-FMR,21.450000000000003,1,1908,16854,11.320754716981131,11.320754716981131
IA-FMR,21.450000000000003,2,1749,16854,10.377358490566039,10.377358490566039
IA-FMR,21.450000000000003,3,1749,16854,10.377358490566039,10.377358490566039
IA-FMR,21.450000000000003,4,1908,16854,11.320754716981131,11.320754716981131
IA-FMR,21.450000000000003,5,1908,16854,11.320754716981131,11.320754716981131
IA-FMR,21.450000000000003,6,1749,16854,10.377358490566039,10.377358490566039
IA-FMR,21.450000000000003,7,2067,16854,12.264150943396226,12.264150943396226
IA-FMR,21.450000000000003,8,2067,16854,12.264150943396226,12.264150943396226
IA-FMR,21.450000000000003,9,1749,16854,10.377358490566039,10.377358490566039
IA-FMR,21.55,1,1920,16960,11.320754716981131,11.320754716981131
IA-FMR,21.55,2,1760,16960,10.377358490566039,10.377358490566039
IA-FMR,21.55,3,1760,16960,10.377358490566039,10.377358490566039
IA-FMR,21.55,4,1920,16960,11.320754716981131,11.320754716981131
IA-FMR,21.55,5,1920,16960,11.320754716981131,11.320754716981131
IA-FMR,21.55,6,1760,16960,10.377358490566039,10.377358490566039
IA-FMR,21.55,7,2080,16960,12.264150943396226,12.264150943396226
IA-FMR,21.55,8,2080,16960,12.264150943396226,12.264150943396226
IA-FMR,21.55,9,1760,16960,10.377358490566039,10.377358490566039
IA-FMR,21.650000000000002,1,1932,17066,11.320754716981131,11.320754716981131
IA-FMR,21.650000000000002,2,1771,17066,10.377358490566039,10.377358490566039
IA-FMR,21.650000000000002,3,1771,17066,10.377358490566039,10.377358490566039
IA-FMR,21.650000000000002,4,1932,17066,11.320754716981131,11.320754716981131
IA-FMR,21.650000000000002,5,1932,17066,11.320754716981131,11.320754716981131
IA-FMR,21.650000000000002,6,1771,17066,10.377358490566039,10.377358490566039
IA-FMR,21.650000000000002,7,2093,17066,12.264150943396226,12.264150943396226
IA-FMR,21.650000000000002,8,2093,17066,12.264150943396226,12.264150943396226
IA-FMR,21.650000000000002,9,1771,17066,10.377358490566039,10.377358490566039
IA-FMR,21.75,1,1908,16854,11.320754716981131,11.320754716981131
IA-FMR,21.75,2,1749,16854,10.377358490566039,10.377358490566039
IA-FMR,21.75,3,1749,16854,10.377358490566039,10.377358490566039
IA-FMR,21.75,4,1908,16854,11.320754716981131,11.320754716981131
IA-FMR,21.75,5,1908,16854,11.320754716981131,11.320754716981131
IA-FMR,21.75,6,1749,16854,10.377358490566039,10.377358490566039
IA-FMR,21.75,7,2067,16854,12.264150943396226,12.264150943396226
IA-FMR,21.75,8,2067,16854,12.264150943396226,12.264150943396226
IA-FMR,21.75,9,1749,16854,10.377358490566039,10.377358490566039
IA-FMR,21.85,1,1932,17066,11.320754716981131,11.320754716981131
IA-FMR,21.85,2,1771,17066,10.377358490566039,10.377358490566039
IA-FMR,21.85,3,1771,17066,10.377358490566039,10.377358490566039
IA-FMR,21.85,4,1932,17066,11.320754716981131,11.320754716981131
IA-FMR,21.85,5,1932,17066,11.320754716981131,11.320754716981131
IA-FMR,21.85,6,1771,17066,10.377358490566039,10.377358490566039
IA-FMR,21.85,7,2093,17066,12.264150943396226,12.264150943396226
IA-FMR,21.85,8,2093,17066,12.264150943396226,12.264150943396226
IA-FMR,21.85,9,1771,17066,10.377358490566039,10.377358490566039
IA-FMR,21.950000000000003,1,1908,16854,11.320754716981131,11.320754716981131
IA-FMR,21.950000000000003,2,1749,16854,10.377358490566039,10.377358490566039
IA-FMR,21.950000000000003,3,1749,16854,10.377358490566039,10.377358490566039
IA-FMR,21.950000000000003,4,1908,16854,11.320754716981131,11.320754716981131
IA-FMR,21.950000000000003,5,1908,16854,11.320754716981131,11.320754716981131
IA-FMR,21.950000000000003,6,1749,16854,10.377358490566039,10.377358490566039
IA-FMR,21.950000000000003,7,2067,16854,12.264150943396226,12.264150943396226
IA-FMR,21.950000000000003,8,2067,16854,12.264150943396226,12.264150943396226
IA-FMR,21.950000000000003,9,1749,16854,10.377358490566039,10.377358490566039
IA-FMR,22.05,1,1920,16960,11.320754716981131,11.320754716981131
IA-FMR,22.05,2,1760,16960,10.377358490566039,10.377358490566039
IA-FMR,22.05,3,1760,16960,10.377358490566039,10.377358490566039
IA-FMR,22.05,4,1920,16960,11.320754716981131,11.320754716981131
IA-FMR,22.05,5,1920,16960,11.320754716981131,11.320754716981131
IA-FMR,22.05,6,1760,16960,10.377358490566039,10.377358490566039
IA-FMR,22.05,7,2080,16960,12.264150943396226,12.264150943396226
IA-FMR,22.05,8,2080,16960,12.264150943396226,12.264150943396226
IA-FMR,22.05,9,1760,16960,10.377358490566039,10.377358490566039
IA-FMR,22.150000000000002,1,1932,17066,11.320754716981131,11.320754716981131
IA-FMR,22.150000000000002,2,1771,17066,10.377358490566039,10.377358490566039
IA-FMR,22.150000000000002,3,1771,17066,10.377358490566039,10.377358490566039
IA-FMR,22.150000000000002,4,1932,17066,11.320754716981131,11.320754716981131
IA-FMR,22.150000000000002,5,1932,17066,11.320754716981131,11.320754716981131
IA-FMR,22.150000000000002,6,1771,17066,10.377358490566039,10.377358490566039
IA-FMR,22.150000000000002,7,2093,17066,12.264150943396226,12.264150943396226
IA-FMR,22.150000000000002,8,2093,17066,12.264150943396226,12.264150943396226
IA-FMR,22.150000000000002,9,1771,17066,10.377358490566039,10.377358490566039
IA-FMR,22.25,1,1908,16854,11.320754716981131,11.320754716981131
IA-FMR,22.25,2,1749,16854,10.377358490566039,10.377358490566039
IA-FMR,22.25,3,1749,16854,10.377358490566039,10.377358490566039
IA-FMR,22.25,4,1908,16854,11.320754716981131,11.320754716981131
IA-FMR,22.25,5,1908,16854,11.320754716981131,11.320754716981131
IA-FMR,22.25,6,1749,16854,10.377358490566039,10.377358490566039
IA-FMR,22.25,7,2067,16854,12.264150943396226,12.264150943396226
IA-FMR,22.25,8,2067,16854,12.264150943396226,12.264150943396226
IA-FMR,22.25,9,1749,16854,10.377358490566039,10.377358490566039
IA-FMR,22.35,1,1932,17066,11.320754716981131,11.320754716981131
IA-FMR,22.35,2,1771,17066,10.377358490566039,10.377358490566039
IA-FMR,22.35,3,1771,17066,10.377358490566039,10.377358490566039
IA-FMR,22.35,4,1932,17066,11.320754716981131,11.320754716981131
IA-FMR,22.35,5,1932,17066,11.320754716981131,11.320754716981131
IA-FMR,22.35,6,1771,17066,10.377358490566039,10.377358490566039
IA-FMR,22.35,7,2093,17066,12.264150943396226,12.264150943396226
IA-FMR,22.35,8,2093,17066,12.264150943396226,12.264150943396226
IA-FMR,22.35,9,1771,17066,10.377358490566039,10.377358490566039
IA-FMR,22.450000000000003,1,1908,16854,11.320754716981131,11.320754716981131
IA-FMR,22.450000000000003,2,1749,16854,10.377358490566039,10.377358490566039
IA-FMR,22.450000000000003,3,1749,16854,10.377358490566039,10.377358490566039
IA-FMR,22.450000000000003,4,1908,16854,11.320754716981131,11.320754716981131
IA-FMR,22.450000000000003,5,1908,16854,11.320754716981131,11.320754716981131
IA-FMR,22.450000000000003,6,1749,16854,10.377358490566039,10.377358490566039
IA-FMR,22.450000000000003,7,2067,16854,12.264150943396226,12.264150943396226
IA-FMR,22.450000000000003,8,2067,16854,12.264150943396226,12.264150943396226
IA-FMR,22.450000000000003,9,1749,16854,10.377358490566039,10.377358490566039
IA-FMR,22.55,1,1920,16960,11.320754716981131,11.320754716981131
IA-FMR,22.55,2,1760,16960,10.377358490566039,10.377358490566039
IA-FMR,22.55,3,1760,16960,10.377358490566039,10.377358490566039
IA-FMR,22.55,4,1920,16960,11.320754716981131,11.320754716981131
IA-FMR,22.55,5,1920,16960,11.320754716981131,11.320754716981131
IA-FMR,22.55,6,1760,16960,10.377358490566039,10.377358490566039
IA-FMR,22.55,7,2080,16960,12.264150943396226,12.264150943396226
IA-FMR,22.55,8,2080,16960,12.264150943396226,12.264150943396226
IA-FMR,22.55,9,1760,16960,10.377358490566039,10.377358490566039
IA-FMR,22.650000000000002,1,1932,17066,11.320754716981131,11.320754716981131
IA-FMR,22.650000000000002,2,1771,17066,10.377358490566039,10.377358490566039
IA-FMR,22.650000000000002,3,1771,17066,10.377358490566039,10.377358490566039
IA-FMR,22.650000000000002,4,1932,17066,11.320754716981131,11.320754716981131
IA-FMR,22.650000000000002,5,1932,17066,11.320754716981131,11.320754716981131
IA-FMR,22.650000000000002,6,1771,17066,10.377358490566039,10.377358490566039
IA-FMR,22.650000000000002,7,2093,17066,12.264150943396226,12.264150943396226
IA-FMR,22.650000000000002,8,2093,17066,12.264150943396226,12.264150943396226
IA-FMR,22.650000000000002,9,1771,17066,10.377358490566039,10.377358490566039
IA-FMR,22.75,1,1908,16854,11.320754716981131,11.320754716981131
IA-FMR,22.75,2,1749,16854,10.377358490566039,10.377358490566039
IA-FMR,22.75,3,1749,16854,10.377358490566039,10.377358490566039
IA-FMR,22.75,4,1908,16854,11.320754716981131,11.320754716981131
IA-FMR,22.75,5,1908,16854,11.320754716981131,11.320754716981131
IA-FMR,22.75,6,1749,16854,10.377358490566039,10.377358490566039
IA-FMR,22.75,7,2067,16854,12.264150943396226,12.264150943396226
IA-FMR,22.75,8,2067,16854,12.264150943396226,12.264150943396226
IA-FMR,22.75,9,1749,16854,10.377358490566039,10.377358490566039
IA-FMR,22.85,1,1932,17066,11.320754716981131,11.320754716981131
IA-FMR,22.85,2,1771,17066,10.377358490566039,10.377358490566039
IA-FMR,22.85,3,1771,17066,10.377358490566039,10.377358490566039
IA-FMR,22.85,4,1932,17066,11.320754716981131,11.320754716981131
IA-FMR,22.85,5,1932,17066,11.320754716981131,11.320754716981131
IA-FMR,22.85,6,1771,17066,10.377358490566039,10.377358490566039
IA-FMR,22.85,7,2093,17066,12.264150943396226,12.264150943396226
IA-FMR,22.85,8,2093,17066,12.264150943396226,12.264150943396226
IA-FMR,22.85,9,1771,17066,10.377358490566039,10.377358490566039
IA-FMR,22.950000000000003,1,1908,16854,11.320754716981131,11.320754716981131
IA-FMR,22.950000000000003,2,1749,16854,10.377358490566039,10.377358490566039
IA-FMR,22.950000000000003,3,1749,16854,10.377358490566039,10.377358490566039
IA-FMR,22.950000000000003,4,1908,16854,11.320754716981131,11.320754716981131
IA-FMR,22.950000000000003,5,1908,16854,11.320754716981131,11.320754716981131
IA-FMR,22.950000000000003,6,1749,16854,10.377358490566039,10.377358490566039
IA-FMR,22.950000000000003,7,2067,16854,12.264150943396226,12.264150943396226
IA-FMR,22.950000000000003,8,2067,16854,12.264150943396226,12.264150943396226
IA-FMR,22.950000000000003,9,1749,16854,10.377358490566039,10.377358490566039
IA-FMR,23.05,1,1920,16960,11.320754716981131,11.320754716981131
IA-FMR,23.05,2,1760,16960,10.377358490566039,10.377358490566039
IA-FMR,23.05,3,1760,16960,10.377358490566039,10.377358490566039
IA-FMR,23.05,4,1920,16960,11.320754716981131,11.320754716981131
IA-FMR,23.05,5,1920,16960,11.320754716981131,11.320754716981131
IA-FMR,23.05,6,1760,16960,10.377358490566039,10.377358490566039
IA-FMR,23.05,7,2080,16960,12.264150943396226,12.264150943396226
IA-FMR,23.05,8,2080,16960,12.264150943396226,12.264150943396226
IA-FMR,23.05,9,1760,16960,10.377358490566039,10.377358490566039
IA-FMR,23.150000000000002,1,1932,17066,11.320754716981131,11.320754716981131
IA-FMR,23.150000000000002,2,1771,17066,10.377358490566039,10.377358490566039
IA-FMR,23.150000000000002,3,1771,17066,10.377358490566039,10.377358490566039
IA-FMR,23.150000000000002,4,1932,17066,11.320754716981131,11.320754716981131
IA-FMR,23.150000000000002,5,1932,17066,11.320754716981131,11.320754716981131
IA-FMR,23.150000000000002,6,1771,17066,10.377358490566039,10.377358490566039
IA-FMR,23.150000000000002,7,2093,17066,12.264150943396226,12.264150943396226
IA-FMR,23.150000000000002,8,2093,17066,12.264150943396226,12.264150943396226
IA-FMR,23.150000000000002,9,1771,17066,10.377358490566039,10.377358490566039
IA-FMR,23.25,1,1908,16854,11.320754716981131,11.320754716981131
IA-FMR,23.25,2,1749,16854,10.377358490566039,10.377358490566039
IA-FMR,23.25,3,1749,16854,10.377358490566039,10.377358490566039
IA-FMR,23.25,4,1908,16854,11.320754716981131,11.320754716981131
IA-FMR,23.25,5,1908,16854,11.320754716981131,11.320754716981131
IA-FMR,23.25,6,1749,16854,10.377358490566039,10.377358490566039
IA-FMR,23.25,7,2067,16854,12.264150943396226,12.264150943396226
IA-FMR,23.25,8,2067,16854,12.264150943396226,12.264150943396226
IA-FMR,23.25,9,1749,16854,10.377358490566039,10.377358490566039
IA-FMR,23.35,1,1932,17066,11.320754716981131,11.320754716981131
IA-FMR,23.35,2,1771,17066,10.377358490566039,10.377358490566039
IA-FMR,23.35,3,1771,17066,10.377358490566039,10.377358490566039
IA-FMR,23.35,4,1932,17066,11.320754716981131,11.320754716981131
IA-FMR,23.35,5,1932,17066,11.320754716981131,11.320754716981131
IA-FMR,23.35,6,1771,17066,10.377358490566039,10.377358490566039
IA-FMR,23.35,7,2093,17066,12.264150943396226,12.264150943396226
IA-FMR,23.35,8,2093,17066,12.264150943396226,12.264150943396226
IA-FMR,23.35,9,1771,17066,10.377358490566039,10.377358490566039
IA-FMR,23.450000000000003,1,1908,16854,11.320754716981131,11.320754716981131
IA-FMR,23.450000000000003,2,1749,16854,10.377358490566039,10.377358490566039
IA-FMR,23.450000000000003,3,1749,16854,10.377358490566039,10.377358490566039
IA-FMR,23.450000000000003,4,1908,16854,11.320754716981131,11.320754716981131
IA-FMR,23.450000000000003,5,1908,16854,11.320754716981131,11.320754716981131
IA-FMR,23.450000000000003,6,1749,16854,10.377358490566039,10.377358490566039
IA-FMR,23.450000000000003,7,2067,16854,12.264150943396226,12.264150943396226
IA-FMR,23.450000000000003,8,2067,16854,12.264150943396226,12.264150943396226
IA-FMR,23.450000000000003,9,1749,16854,10.377358490566039,10.377358490566039
IA-FMR,23.55,1,1920,16960,11.320754716981131,11.320754716981131
IA-FMR,23.55,2,1760,16960,10.377358490566039,10.377358490566039
IA-FMR,23.55,3,1760,16960,10.377358490566039,10.377358490566039
IA-FMR,23.55,4,1920,16960,11.320754716981131,11.320754716981131
IA-FMR,23.55,5,1920,16960,11.320754716981131,11.320754716981131
IA-FMR,23.55,6,1760,16960,10.377358490566039,10.377358490566039
IA-FMR,23.55,7,2080,16960,12.264150943396226,12.264150943396226
IA-FMR,23.55,8,2080,16960,12.264150943396226,12.264150943396226
IA-FMR,23.55,9,1760,16960,10.377358490566039,10.377358490566039
IA-FMR,23.650000000000002,1,1932,17066,11.320754716981131,11.320754716981131
IA-FMR,23.650000000000002,2,1771,17066,10.377358490566039,10.377358490566039
IA-FMR,23.650000000000002,3,1771,17066,10.377358490566039,10.377358490566039
IA-FMR,23.650000000000002,4,1932,17066,11.320754716981131,11.320754716981131
IA-FMR,23.650000000000002,5,1932,17066,11.320754716981131,11.320754716981131
IA-FMR,23.650000000000002,6,1771,17066,10.377358490566039,10.377358490566039
IA-FMR,23.650000000000002,7,2093,17066,12.264150943396226,12.264150943396226
IA-FMR,23.650000000000002,8,2093,17066,12.264150943396226,12.264150943396226
IA-FMR,23.650000000000002,9,1771,17066,10.377358490566039,10.377358490566039
IA-FMR,23.75,1,1908,16854,11.320754716981131,11.320754716981131
IA-FMR,23.75,2,1749,16854,10.377358490566039,10.377358490566039
IA-FMR,23.75,3,1749,16854,10.377358490566039,10.377358490566039
IA-FMR,23.75,4,1908,16854,11.320754716981131,11.320754716981131
IA-FMR,23.75,5,1908,16854,11.320754716981131,11.320754716981131
IA-FMR,23.75,6,1749,16854,10.377358490566039,10.377358490566039
IA-FMR,23.75,7,2067,16854,12.264150943396226,12.264150943396226
IA-FMR,23.75,8,2067,16854,12.264150943396226,12.264150943396226
IA-FMR,23.75,9,1749,16854,10.377358490566039,10.377358490566039
IA-FMR,23.85,1,1932,17066,11.320754716981131,11.320754716981131
IA-FMR,23.85,2,1771,17066,10.377358490566039,10.377358490566039
IA-FMR,23.85,3,1771,17066,10.377358490566039,10.377358490566039
IA-FMR,23.85,4,1932,17066,11.320754716981131,11.320754716981131
IA-FMR,23.85,5,1932,17066,11.320754716981131,11.320754716981131
IA-FMR,23.85,6,1771,17066,10.377358490566039,10.377358490566039
IA-FMR,23.85,7,2093,17066,12.264150943396226,12.264150943396226
IA-FMR,23.85,8,2093,17066,12.264150943396226,12.264150943396226
IA-FMR,23.85,9,1771,17066,10.377358490566039,10.377358490566039
IA-FMR,23.950000000000003,1,1908,16854,11.320754716981131,11.320754716981131
IA-FMR,23.950000000000003,2,1749,16854,10.377358490566039,10.377358490566039
IA-FMR,23.950000000000003,3,1749,16854,10.377358490566039,10.377358490566039
IA-FMR,23.950000000000003,4,1908,16854,11.320754716981131,11.320754716981131
IA-FMR,23.950000000000003,5,1908,16854,11.320754716981131,11.320754716981131
IA-FMR,23.950000000000003,6,1749,16854,10.377358490566039,10.377358490566039
IA-FMR,23.950000000000003,7,2067,16854,12.264150943396226,12.264150943396226
IA-FMR,23.950000000000003,8,2067,16854,12.264150943396226,12.264150943396226
IA-FMR,23.950000000000003,9,1749,16854,10.377358490566039,10.377358490566039
IA-FMR,24.05,1,1920,16960,11.320754716981131,11.320754716981131
IA-FMR,24.05,2,1760,16960,10.377358490566039,10.377358490566039
IA-FMR,24.05,3,1760,16960,10.377358490566039,10.377358490566039
IA-FMR,24.05,4,1920,16960,11.320754716981131,11.320754716981131
IA-FMR,24.05,5,1920,16960,11.320754716981131,11.320754716981131
IA-FMR,24.05,6,1760,16960,10.377358490566039,10.377358490566039
IA-FMR,24.05,7,2080,16960,12.264150943396226,12.264150943396226
IA-FMR,24.05,8,2080,16960,12.264150943396226,12.264150943396226
IA-FMR,24.05,9,1760,16960,10.377358490566039,10.377358490566039
IA-FMR,24.150000000000002,1,1932,17066,11.320754716981131,11.320754716981131
IA-FMR,24.150000000000002,2,1771,17066,10.377358490566039,10.377358490566039
IA-FMR,24.150000000000002,3,1771,17066,10.377358490566039,10.377358490566039
IA-FMR,24.150000000000002,4,1932,17066,11.320754716981131,11.320754716981131
IA-FMR,24.150000000000002,5,1932,17066,11.320754716981131,11.320754716981131
IA-FMR,24.150000000000002,6,1771,17066,10.377358490566039,10.377358490566039
IA-FMR,24.150000000000002,7,2093,17066,12.264150943396226,12.264150943396226
IA-FMR,24.150000000000002,8,2093,17066,12.264150943396226,12.264150943396226
IA-FMR,24.150000000000002,9,1771,17066,10.377358490566039,10.377358490566039
IA-FMR,24.25,1,1908,16854,11.320754716981131,11.320754716981131
IA-FMR,24.25,2,1749,16854,10.377358490566039,10.377358490566039
IA-FMR,24.25,3,1749,16854,10.377358490566039,10.377358490566039
IA-FMR,24.25,4,1908,16854,11.320754716981131,11.320754716981131
IA-FMR,24.25,5,1908,16854,11.320754716981131,11.320754716981131
IA-FMR,24.25,6,1749,16854,10.377358490566039,10.377358490566039
IA-FMR,24.25,7,2067,16854,12.264150943396226,12.264150943396226
IA-FMR,24.25,8,2067,16854,12.264150943396226,12.264150943396226
IA-FMR,24.25,9,1749,16854,10.377358490566039,10.377358490566039
IA-FMR,24.35,1,1932,17066,11.320754716981131,11.320754716981131
IA-FMR,24.35,2,1771,17066,10.377358490566039,10.377358490566039
IA-FMR,24.35,3,1771,17066,10.377358490566039,10.377358490566039
IA-FMR,24.35,4,1932,17066,11.320754716981131,11.320754716981131
IA-FMR,24.35,5,1932,17066,11.320754716981131,11.320754716981131
IA-FMR,24.35,6,1771,17066,10.377358490566039,10.377358490566039
IA-FMR,24.35,7,2093,17066,12.264150943396226,12.264150943396226
IA-FMR,24.35,8,2093,17066,12.264150943396226,12.264150943396226
IA-FMR,24.35,9,1771,17066,10.377358490566039,10.377358490566039
IA-FMR,24.450000000000003,1,1908,16854,11.320754716981131,11.320754716981131
IA-FMR,24.450000000000003,2,1749,16854,10.377358490566039,10.377358490566039
IA-FMR,24.450000000000003,3,1749,16854,10.377358490566039,10.377358490566039
IA-FMR,24.450000000000003,4,1908,16854,11.320754716981131,11.320754716981131
IA-FMR,24.450000000000003,5,1908,16854,11.320754716981131,11.320754716981131
IA-FMR,24.450000000000003,6,1749,16854,10.377358490566039,10.377358490566039
IA-FMR,24.450000000000003,7,2067,16854,12.264150943396226,12.264150943396226
IA-FMR,24.450000000000003,8,2067,16854,12.264150943396226,12.264150943396226
IA-FMR,24.450000000000003,9,1749,16854,10.377358490566039,10.377358490566039
IA-FMR,24.55,1,1920,16960,11.320754716981131,11.320754716981131
IA-FMR,24.55,2,1760,16960,10.377358490566039,10.377358490566039
IA-FMR,24.55,3,1760,16960,10.377358490566039,10.377358490566039
IA-FMR,24.55,4,1920,16960,11.320754716981131,11.320754716981131
IA-FMR,24.55,5,1920,16960,11.320754716981131,11.320754716981131
IA-FMR,24.55,6,1760,16960,10.377358490566039,10.377358490566039
IA-FMR,24.55,7,2080,16960,12.264150943396226,12.264150943396226
IA-FMR,24.55,8,2080,16960,12.264150943396226,12.264150943396226
IA-FMR,24.55,9,1760,16960,10.377358490566039,10.377358490566039
IA-FMR,24.650000000000002,1,1932,17066,11.320754716981131,11.320754716981131
IA-FMR,24.650000000000002,2,1771,17066,10.377358490566039,10.377358490566039
IA-FMR,24.650000000000002,3,1771,17066,10.377358490566039,10.377358490566039
IA-FMR,24.650000000000002,4,1932,17066,11.320754716981131,11.320754716981131
IA-FMR,24.650000000000002,5,1932,17066,11.320754716981131,11.320754716981131
IA-FMR,24.650000000000002,6,1771,17066,10.377358490566039,10.377358490566039
IA-FMR,24.650000000000002,7,2093,17066,12.264150943396226,12.264150943396226
IA-FMR,24.650000000000002,8,2093,17066,12.264150943396226,12.264150943396226
IA-FMR,24.650000000000002,9,1771,17066,10.377358490566039,10.377358490566039
IA-FMR,24.75,1,1908,16854,11.320754716981131,11.320754716981131
IA-FMR,24.75,2,1749,16854,10.377358490566039,10.377358490566039
IA-FMR,24.75,3,1749,16854,10.377358490566039,10.377358490566039
IA-FMR,24.75,4,1908,16854,11.320754716981131,11.320754716981131
IA-FMR,24.75,5,1908,16854,11.320754716981131,11.320754716981131
IA-FMR,24.75,6,1749,16854,10.377358490566039,10.377358490566039
IA-FMR,24.75,7,2067,16854,12.264150943396226,12.264150943396226
IA-FMR,24.75,8,2067,16854,12.264150943396226,12.264150943396226
IA-FMR,24.75,9,1749,16854,10.377358490566039,10.377358490566039
IA-FMR,24.85,1,1932,17066,11.320754716981131,11.320754716981131
IA-FMR,24.85,2,1771,17066,10.377358490566039,10.377358490566039
IA-FMR,24.85,3,1771,17066,10.377358490566039,10.377358490566039
IA-FMR,24.85,4,1932,17066,11.320754716981131,11.320754716981131
IA-FMR,24.85,5,1932,17066,11.320754716981131,11.320754716981131
IA-FMR,24.85,6,1771,17066,10.377358490566039,10.377358490566039
IA-FMR,24.85,7,2093,17066,12.264150943396226,12.264150943396226
IA-FMR,24.85,8,2093,17066,12.264150943396226,12.264150943396226
IA-FMR,24.85,9,1771,17066,10.377358490566039,10.377358490566039
IA-FMR,24.950000000000003,1,1908,16854,11.320754716981131,11.320754716981131
IA-FMR,24.950000000000003,2,1749,16854,10.377358490566039,10.377358490566039
IA-FMR,24.950000000000003,3,1749,16854,10.377358490566039,10.377358490566039
IA-FMR,24.950000000000003,4,1908,16854,11.320754716981131,11.320754716981131
IA-FMR,24.950000000000003,5,1908,16854,11.320754716981131,11.320754716981131
IA-FMR,24.950000000000003,6,1749,16854,10.377358490566039,10.377358490566039
IA-FMR,24.950000000000003,7,2067,16854,12.264150943396226,12.264150943396226
IA-FMR,24.950000000000003,8,2067,16854,12.264150943396226,12.264150943396226
IA-FMR,24.950000000000003,9,1749,16854,10.377358490566039,10.377358490566039
IA-FMR,25.05,1,1920,16960,11.320754716981131,11.320754716981131
IA-FMR,25.05,2,1760,16960,10.377358490566039,10.377358490566039
IA-FMR,25.05,3,1760,16960,10.377358490566039,10.377358490566039
IA-FMR,25.05,4,1920,16960,11.320754716981131,11.320754716981131
IA-FMR,25.05,5,1920,16960,11.320754716981131,11.320754716981131
IA-FMR,25.05,6,1760,16960,10.377358490566039,10.377358490566039
IA-FMR,25.05,7,2080,16960,12.264150943396226,12.264150943396226
IA-FMR,25.05,8,2080,16960,12.264150943396226,12.264150943396226
IA-FMR,25.05,9,1760,16960,10.377358490566039,10.377358490566039
IA-FMR,25.150000000000002,1,1932,17066,11.320754716981131,11.320754716981131
IA-FMR,25.150000000000002,2,1771,17066,10.377358490566039,10.377358490566039
IA-FMR,25.150000000000002,3,1771,17066,10.377358490566039,10.377358490566039
IA-FMR,25.150000000000002,4,1932,17066,11.320754716981131,11.320754716981131
IA-FMR,25.150000000000002,5,1932,17066,11.320754716981131,11.320754716981131
IA-FMR,25.150000000000002,6,1771,17066,10.377358490566039,10.377358490566039
IA-FMR,25.150000000000002,7,2093,17066,12.264150943396226,12.264150943396226
IA-FMR,25.150000000000002,8,2093,17066,12.264150943396226,12.264150943396226
IA-FMR,25.150000000000002,9,1771,17066,10.377358490566039,10.377358490566039
IA-FMR,25.25,1,1908,16854,11.320754716981131,11.320754716981131
IA-FMR,25.25,2,1749,16854,10.377358490566039,10.377358490566039
IA-FMR,25.25,3,1749,16854,10.377358490566039,10.377358490566039
IA-FMR,25.25,4,1908,16854,11.320754716981131,11.320754716981131
IA-FMR,25.25,5,1908,16854,11.320754716981131,11.320754716981131
IA-FMR,25.25,6,1749,16854,10.377358490566039,10.377358490566039
IA-FMR,25.25,7,2067,16854,12.264150943396226,12.264150943396226
IA-FMR,25.25,8,2067,16854,12.264150943396226,12.264150943396226
IA-FMR,25.25,9,1749,16854,10.377358490566039,10.377358490566039
IA-FMR,25.35,1,1932,17066,11.320754716981131,11.320754716981131
IA-FMR,25.35,2,1771,17066,10.377358490566039,10.377358490566039
IA-FMR,25.35,3,1771,17066,10.377358490566039,10.377358490566039
IA-FMR,25.35,4,1932,17066,11.320754716981131,11.320754716981131
IA-FMR,25.35,5,1932,17066,11.320754716981131,11.320754716981131
IA-FMR,25.35,6,1771,17066,10.377358490566039,10.377358490566039
IA-FMR,25.35,7,2093,17066,12.264150943396226,12.264150943396226
IA-FMR,25.35,8,2093,17066,12.264150943396226,12.264150943396226
IA-FMR,25.35,9,1771,17066,10.377358490566039,10.377358490566039
IA-FMR,25.450000000000003,1,1908,16854,11.320754716981131,11.320754716981131
IA-FMR,25.450000000000003,2,1749,16854,10.377358490566039,10.377358490566039
IA-FMR,25.450000000000003,3,1749,16854,10.377358490566039,10.377358490566039
IA-FMR,25.450000000000003,4,1908,16854,11.320754716981131,11.320754716981131
IA-FMR,25.450000000000003,5,1908,16854,11.320754716981131,11.320754716981131
IA-FMR,25.450000000000003,6,1749,16854,10.377358490566039,10.377358490566039
IA-FMR,25.450000000000003,7,2067,16854,12.264150943396226,12.264150943396226
IA-FMR,25.450000000000003,8,2067,16854,12.264150943396226,12.264150943396226
IA-FMR,25.450000000000003,9,1749,16854,10.377358490566039,10.377358490566039
IA-FMR,25.55,1,1920,16960,11.320754716981131,11.320754716981131
IA-FMR,25.55,2,1760,16960,10.377358490566039,10.377358490566039
IA-FMR,25.55,3,1760,16960,10.377358490566039,10.377358490566039
IA-FMR,25.55,4,1920,16960,11.320754716981131,11.320754716981131
IA-FMR,25.55,5,1920,16960,11.320754716981131,11.320754716981131
IA-FMR,25.55,6,1760,16960,10.377358490566039,10.377358490566039
IA-FMR,25.55,7,2080,16960,12.264150943396226,12.264150943396226
IA-FMR,25.55,8,2080,16960,12.264150943396226,12.264150943396226
IA-FMR,25.55,9,1760,16960,10.377358490566039,10.377358490566039
IA-FMR,25.650000000000002,1,1920,16960,11.320754716981131,11.320754716981131
IA-FMR,25.650000000000002,2,1760,16960,10.377358490566039,10.377358490566039
IA-FMR,25.650000000000002,3,1760,16960,10.377358490566039,10.377358490566039
IA-FMR,25.650000000000002,4,1920,16960,11.320754716981131,11.320754716981131
IA-FMR,25.650000000000002,5,1920,16960,11.320754716981131,11.320754716981131
IA-FMR,25.650000000000002,6,1760,16960,10.377358490566039,10.377358490566039
IA-FMR,25.650000000000002,7,2080,16960,12.264150943396226,12.264150943396226
IA-FMR,25.650000000000002,8,2080,16960,12.264150943396226,12.264150943396226
IA-FMR,25.650000000000002,9,1760,16960,10.377358490566039,10.377358490566039
IA-FMR,25.75,1,1920,16960,11.320754716981131,11.320754716981131
IA-FMR,25.75,2,1760,16960,10.377358490566039,10.377358490566039
IA-FMR,25.75,3,1760,16960,10.377358490566039,10.377358490566039
IA-FMR,25.75,4,1920,16960,11.320754716981131,11.320754716981131
IA-FMR,25.75,5,1920,16960,11.320754716981131,11.320754716981131
IA-FMR,25.75,6,1760,16960,10.377358490566039,10.377358490566039
IA-FMR,25.75,7,2080,16960,12.264150943396226,12.264150943396226
IA-FMR,25.75,8,2080,16960,12.264150943396226,12.264150943396226
IA-FMR,25.75,9,1760,16960,10.377358490566039,10.377358490566039
IA-FMR,25.85,1,1932,17066,11.320754716981131,11.320754716981131
IA-FMR,25.85,2,1771,17066,10.377358490566039,10.377358490566039
IA-FMR,25.85,3,1771,17066,10.377358490566039,10.377358490566039
IA-FMR,25.85,4,1932,17066,11.320754716981131,11.320754716981131
IA-FMR,25.85,5,1932,17066,11.320754716981131,11.320754716981131
IA-FMR,25.85,6,1771,17066,10.377358490566039,10.377358490566039
IA-FMR,25.85,7,2093,17066,12.264150943396226,12.264150943396226
IA-FMR,25.85,8,2093,17066,12.264150943396226,12.264150943396226
IA-FMR,25.85,9,1771,17066,10.377358490566039,10.377358490566039
IA-FMR,25.950000000000003,1,1908,16854,11.320754716981131,11.320754716981131
IA-FMR,25.950000000000003,2,1749,16854,10.377358490566039,10.377358490566039
IA-FMR,25.950000000000003,3,1749,16854,10.377358490566039,10.377358490566039
IA-FMR,25.950000000000003,4,1908,16854,11.320754716981131,11.320754716981131
IA-FMR,25.950000000000003,5,1908,16854,11.320754716981131,11.320754716981131
IA-FMR,25.950000000000003,6,1749,16854,10.377358490566039,10.377358490566039
IA-FMR,25.950000000000003,7,2067,16854,12.264150943396226,12.264150943396226
IA-FMR,25.950000000000003,8,2067,16854,12.264150943396226,12.264150943396226
IA-FMR,25.950000000000003,9,1749,16854,10.377358490566039,10.377358490566039
IA-FMR,26.05,1,1920,16960,11.320754716981131,11.320754716981131
IA-FMR,26.05,2,1760,16960,10.377358490566039,10.377358490566039
IA-FMR,26.05,3,1760,16960,10.377358490566039,10.377358490566039
IA-FMR,26.05,4,1920,16960,11.320754716981131,11.320754716981131
IA-FMR,26.05,5,1920,16960,11.320754716981131,11.320754716981131
IA-FMR,26.05,6,1760,16960,10.377358490566039,10.377358490566039
IA-FMR,26.05,7,2080,16960,12.264150943396226,12.264150943396226
IA-FMR,26.05,8,2080,16960,12.264150943396226,12.264150943396226
IA-FMR,26.05,9,1760,16960,10.377358490566039,10.377358490566039
IA-FMR,26.150000000000002,1,1920,16960,11.320754716981131,11.320754716981131
IA-FMR,26.150000000000002,2,1760,16960,10.377358490566039,10.377358490566039
IA-FMR,26.150000000000002,3,1760,16960,10.377358490566039,10.377358490566039
IA-FMR,26.150000000000002,4,1920,16960,11.320754716981131,11.320754716981131
IA-FMR,26.150000000000002,5,1920,16960,11.320754716981131,11.320754716981131
IA-FMR,26.150000000000002,6,1760,16960,10.377358490566039,10.377358490566039
IA-FMR,26.150000000000002,7,2080,16960,12.264150943396226,12.264150943396226
IA-FMR,26.150000000000002,8,2080,16960,12.264150943396226,12.264150943396226
IA-FMR,26.150000000000002,9,1760,16960,10.377358490566039,10.377358490566039
IA-FMR,26.25,1,1920,16960,11.320754716981131,11.320754716981131
IA-FMR,26.25,2,1760,16960,10.377358490566039,10.377358490566039
IA-FMR,26.25,3,1760,16960,10.377358490566039,10.377358490566039
IA-FMR,26.25,4,1920,16960,11.320754716981131,11.320754716981131
IA-FMR,26.25,5,1920,16960,11.320754716981131,11.320754716981131
IA-FMR,26.25,6,1760,16960,10.377358490566039,10.377358490566039
IA-FMR,26.25,7,2080,16960,12.264150943396226,12.264150943396226
IA-FMR,26.25,8,2080,16960,12.264150943396226,12.264150943396226
IA-FMR,26.25,9,1760,16960,10.377358490566039,10.377358490566039
IA-FMR,26.35,1,1932,17066,11.320754716981131,11.320754716981131
IA-FMR,26.35,2,1771,17066,10.377358490566039,10.377358490566039
IA-FMR,26.35,3,1771,17066,10.377358490566039,10.377358490566039
IA-FMR,26.35,4,1932,17066,11.320754716981131,11.320754716981131
IA-FMR,26.35,5,1932,17066,11.320754716981131,11.320754716981131
IA-FMR,26.35,6,1771,17066,10.377358490566039,10.377358490566039
IA-FMR,26.35,7,2093,17066,12.264150943396226,12.264150943396226
IA-FMR,26.35,8,2093,17066,12.264150943396226,12.264150943396226
IA-FMR,26.35,9,1771,17066,10.377358490566039,10.377358490566039
IA-FMR,26.450000000000003,1,1908,16854,11.320754716981131,11.320754716981131
IA-FMR,26.450000000000003,2,1749,16854,10.377358490566039,10.377358490566039
IA-FMR,26.450000000000003,3,1749,16854,10.377358490566039,10.377358490566039
IA-FMR,26.450000000000003,4,1908,16854,11.320754716981131,11.320754716981131
IA-FMR,26.450000000000003,5,1908,16854,11.320754716981131,11.320754716981131
IA-FMR,26.450000000000003,6,1749,16854,10.377358490566039,10.377358490566039
IA-FMR,26.450000000000003,7,2067,16854,12.264150943396226,12.264150943396226
IA-FMR,26.450000000000003,8,2067,16854,12.264150943396226,12.264150943396226
IA-FMR,26.450000000000003,9,1749,16854,10.377358490566039,10.377358490566039
IA-FMR,26.55,1,1920,16960,11.320754716981131,11.320754716981131
IA-FMR,26.55,2,1760,16960,10.377358490566039,10.377358490566039
IA-FMR,26.55,3,1760,16960,10.377358490566039,10.377358490566039
IA-FMR,26.55,4,1920,16960,11.320754716981131,11.320754716981131
IA-FMR,26.55,5,1920,16960,11.320754716981131,11.320754716981131
IA-FMR,26.55,6,1760,16960,10.377358490566039,10.377358490566039
IA-FMR,26.55,7,2080,16960,12.264150943396226,12.264150943396226
IA-FMR,26.55,8,2080,16960,12.264150943396226,12.264150943396226
IA-FMR,26.55,9,1760,16960,10.377358490566039,10.377358490566039
IA-FMR,26.650000000000002,1,1920,16960,11.320754716981131,11.320754716981131
IA-FMR,26.650000000000002,2,1760,16960,10.377358490566039,10.377358490566039
IA-FMR,26.650000000000002,3,1760,16960,10.377358490566039,10.377358490566039
IA-FMR,26.650000000000002,4,1920,16960,11.320754716981131,11.320754716981131
IA-FMR,26.650000000000002,5,1920,16960,11.320754716981131,11.320754716981131
IA-FMR,26.650000000000002,6,1760,16960,10.377358490566039,10.377358490566039
IA-FMR,26.650000000000002,7,2080,16960,12.264150943396226,12.264150943396226
IA-FMR,26.650000000000002,8,2080,16960,12.264150943396226,12.264150943396226
IA-FMR,26.650000000000002,9,1760,16960,10.377358490566039,10.377358490566039
IA-FMR,26.75,1,1920,16960,11.320754716981131,11.320754716981131
IA-FMR,26.75,2,1760,16960,10.377358490566039,10.377358490566039
IA-FMR,26.75,3,1760,16960,10.377358490566039,10.377358490566039
IA-FMR,26.75,4,1920,16960,11.320754716981131,11.320754716981131
IA-FMR,26.75,5,1920,16960,11.320754716981131,11.320754716981131
IA-FMR,26.75,6,1760,16960,10.377358490566039,10.377358490566039
IA-FMR,26.75,7,2080,16960,12.264150943396226,12.264150943396226
IA-FMR,26.75,8,2080,16960,12.264150943396226,12.264150943396226
IA-FMR,26.75,9,1760,16960,10.377358490566039,10.377358490566039
IA-FMR,26.85,1,1932,17066,11.320754716981131,11.320754716981131
IA-FMR,26.85,2,1771,17066,10.377358490566039,10.377358490566039
IA-FMR,26.85,3,1771,17066,10.377358490566039,10.377358490566039
IA-FMR,26.85,4,1932,17066,11.320754716981131,11.320754716981131
IA-FMR,26.85,5,1932,17066,11.320754716981131,11.320754716981131
IA-FMR,26.85,6,1771,17066,10.377358490566039,10.377358490566039
IA-FMR,26.85,7,2093,17066,12.264150943396226,12.264150943396226
IA-FMR,26.85,8,2093,17066,12.264150943396226,12.264150943396226
IA-FMR,26.85,9,1771,17066,10.377358490566039,10.377358490566039
IA-FMR,26.950000000000003,1,1908,16854,11.320754716981131,11.320754716981131
IA-FMR,26.950000000000003,2,1749,16854,10.377358490566039,10.377358490566039
IA-FMR,26.950000000000003,3,1749,16854,10.377358490566039,10.377358490566039
IA-FMR,26.950000000000003,4,1908,16854,11.320754716981131,11.320754716981131
IA-FMR,26.950000000000003,5,1908,16854,11.320754716981131,11.320754716981131
IA-FMR,26.950000000000003,6,1749,16854,10.377358490566039,10.377358490566039
IA-FMR,26.950000000000003,7,2067,16854,12.264150943396226,12.264150943396226
IA-FMR,26.950000000000003,8,2067,16854,12.264150943396226,12.264150943396226
IA-FMR,26.950000000000003,9,1749,16854,10.377358490566039,10.377358490566039
IA-FMR,27.05,1,1920,16960,11.320754716981131,11.320754716981131
IA-FMR,27.05,2,1760,16960,10.377358490566039,10.377358490566039
IA-FMR,27.05,3,1760,16960,10.377358490566039,10.377358490566039
IA-FMR,27.05,4,1920,16960,11.320754716981131,11.320754716981131
IA-FMR,27.05,5,1920,16960,11.320754716981131,11.320754716981131
IA-FMR,27.05,6,1760,16960,10.377358490566039,10.377358490566039
IA-FMR,27.05,7,2080,16960,12.264150943396226,12.264150943396226
IA-FMR,27.05,8,2080,16960,12.264150943396226,12.264150943396226
IA-FMR,27.05,9,1760,16960,10.377358490566039,10.377358490566039
IA-FMR,27.150000000000002,1,1920,16960,11.320754716981131,11.320754716981131
IA-FMR,27.150000000000002,2,1760,16960,10.377358490566039,10.377358490566039
IA-FMR,27.150000000000002,3,1760,16960,10.377358490566039,10.377358490566039
IA-FMR,27.150000000000002,4,1920,16960,11.320754716981131,11.320754716981131
IA-FMR,27.150000000000002,5,1920,16960,11.320754716981131,11.320754716981131
IA-FMR,27.150000000000002,6,1760,16960,10.377358490566039,10.377358490566039
IA-FMR,27.150000000000002,7,2080,16960,12.264150943396226,12.264150943396226
IA-FMR,27.150000000000002,8,2080,16960,12.264150943396226,12.264150943396226
IA-FMR,27.150000000000002,9,1760,16960,10.377358490566039,10.377358490566039
IA-FMR,27.25,1,1920,16960,11.320754716981131,11.320754716981131
IA-FMR,27.25,2,1760,16960,10.377358490566039,10.377358490566039
IA-FMR,27.25,3,1760,16960,10.377358490566039,10.377358490566039
IA-FMR,27.25,4,1920,16960,11.320754716981131,11.320754716981131
IA-FMR,27.25,5,1920,16960,11.320754716981131,11.320754716981131
IA-FMR,27.25,6,1760,16960,10.377358490566039,10.377358490566039
IA-FMR,27.25,7,2080,16960,12.264150943396226,12.264150943396226
IA-FMR,27.25,8,2080,16960,12.264150943396226,12.264150943396226
IA-FMR,27.25,9,1760,16960,10.377358490566039,10.377358490566039
IA-FMR,27.35,1,1932,17066,11.320754716981131,11.320754716981131
IA-FMR,27.35,2,1771,17066,10.377358490566039,10.377358490566039
IA-FMR,27.35,3,1771,17066,10.377358490566039,10.377358490566039
IA-FMR,27.35,4,1932,17066,11.320754716981131,11.320754716981131
IA-FMR,27.35,5,1932,17066,11.320754716981131,11.320754716981131
IA-FMR,27.35,6,1771,17066,10.377358490566039,10.377358490566039
IA-FMR,27.35,7,2093,17066,12.264150943396226,12.264150943396226
IA-FMR,27.35,8,2093,17066,12.264150943396226,12.264150943396226
IA-FMR,27.35,9,1771,17066,10.377358490566039,10.377358490566039
IA-FMR,27.450000000000003,1,1908,16854,11.320754716981131,11.320754716981131
IA-FMR,27.450000000000003,2,1749,16854,10.377358490566039,10.377358490566039
IA-FMR,27.450000000000003,3,1749,16854,10.377358490566039,10.377358490566039
IA-FMR,27.450000000000003,4,1908,16854,11.320754716981131,11.320754716981131
IA-FMR,27.450000000000003,5,1908,16854,11.320754716981131,11.320754716981131
IA-FMR,27.450000000000003,6,1749,16854,10.377358490566039,10.377358490566039
IA-FMR,27.450000000000003,7,2067,16854,12.264150943396226,12.264150943396226
IA-FMR,27.450000000000003,8,2067,16854,12.264150943396226,12.264150943396226
IA-FMR,27.450000000000003,9,1749,16854,10.377358490566039,10.377358490566039
IA-FMR,27.55,1,1920,16960,11.320754716981131,11.320754716981131
IA-FMR,27.55,2,1760,16960,10.377358490566039,10.377358490566039
IA-FMR,27.55,3,1760,16960,10.377358490566039,10.377358490566039
IA-FMR,27.55,4,1920,16960,11.320754716981131,11.320754716981131
IA-FMR,27.55,5,1920,16960,11.320754716981131,11.320754716981131
IA-FMR,27.55,6,1760,16960,10.377358490566039,10.377358490566039
IA-FMR,27.55,7,2080,16960,12.264150943396226,12.264150943396226
IA-FMR,27.55,8,2080,16960,12.264150943396226,12.264150943396226
IA-FMR,27.55,9,1760,16960,10.377358490566039,10.377358490566039
IA-FMR,27.650000000000002,1,1920,16960,11.320754716981131,11.320754716981131
IA-FMR,27.650000000000002,2,1760,16960,10.377358490566039,10.377358490566039
IA-FMR,27.650000000000002,3,1760,16960,10.377358490566039,10.377358490566039
IA-FMR,27.650000000000002,4,1920,16960,11.320754716981131,11.320754716981131
IA-FMR,27.650000000000002,5,1920,16960,11.320754716981131,11.320754716981131
IA-FMR,27.650000000000002,6,1760,16960,10.377358490566039,10.377358490566039
IA-FMR,27.650000000000002,7,2080,16960,12.264150943396226,12.264150943396226
IA-FMR,27.650000000000002,8,2080,16960,12.264150943396226,12.264150943396226
IA-FMR,27.650000000000002,9,1760,16960,10.377358490566039,10.377358490566039
IA-FMR,27.75,1,1920,16960,11.320754716981131,11.320754716981131
IA-FMR,27.75,2,1760,16960,10.377358490566039,10.377358490566039
IA-FMR,27.75,3,1760,16960,10.377358490566039,10.377358490566039
IA-FMR,27.75,4,1920,16960,11.320754716981131,11.320754716981131
IA-FMR,27.75,5,1920,16960,11.320754716981131,11.320754716981131
IA-FMR,27.75,6,1760,16960,10.377358490566039,10.377358490566039
IA-FMR,27.75,7,2080,16960,12.264150943396226,12.264150943396226
IA-FMR,27.75,8,2080,16960,12.264150943396226,12.264150943396226
IA-FMR,27.75,9,1760,16960,10.377358490566039,10.377358490566039
IA-FMR,27.85,1,1932,17066,11.320754716981131,11.320754716981131
IA-FMR,27.85,2,1771,17066,10.377358490566039,10.377358490566039
IA-FMR,27.85,3,1771,17066,10.377358490566039,10.377358490566039
IA-FMR,27.85,4,1932,17066,11.320754716981131,11.320754716981131
IA-FMR,27.85,5,1932,17066,11.320754716981131,11.320754716981131
IA-FMR,27.85,6,1771,17066,10.377358490566039,10.377358490566039
IA-FMR,27.85,7,2093,17066,12.264150943396226,12.264150943396226
IA-FMR,27.85,8,2093,17066,12.264150943396226,12.264150943396226
IA-FMR,27.85,9,1771,17066,10.377358490566039,10.377358490566039
IA-FMR,27.950000000000003,1,1908,16854,11.320754716981131,11.320754716981131
IA-FMR,27.950000000000003,2,1749,16854,10.377358490566039,10.377358490566039
IA-FMR,27.950000000000003,3,1749,16854,10.377358490566039,10.377358490566039
IA-FMR,27.950000000000003,4,1908,16854,11.320754716981131,11.320754716981131
IA-FMR,27.950000000000003,5,1908,16854,11.320754716981131,11.320754716981131
IA-FMR,27.950000000000003,6,1749,16854,10.377358490566039,10.377358490566039
IA-FMR,27.950000000000003,7,2067,16854,12.264150943396226,12.264150943396226
IA-FMR,27.950000000000003,8,2067,16854,12.264150943396226,12.264150943396226
IA-FMR,27.950000000000003,9,1749,16854,10.377358490566039,10.377358490566039
IA-FMR,28.05,1,1920,16960,11.320754716981131,11.320754716981131
IA-FMR,28.05,2,1760,16960,10.377358490566039,10.377358490566039
IA-FMR,28.05,3,1760,16960,10.377358490566039,10.377358490566039
IA-FMR,28.05,4,1920,16960,11.320754716981131,11.320754716981131
IA-FMR,28.05,5,1920,16960,11.320754716981131,11.320754716981131
IA-FMR,28.05,6,1760,16960,10.377358490566039,10.377358490566039
IA-FMR,28.05,7,2080,16960,12.264150943396226,12.264150943396226
IA-FMR,28.05,8,2080,16960,12.264150943396226,12.264150943396226
IA-FMR,28.05,9,1760,16960,10.377358490566039,10.377358490566039
IA-FMR,28.150000000000002,1,1920,16960,11.320754716981131,11.320754716981131
IA-FMR,28.150000000000002,2,1760,16960,10.377358490566039,10.377358490566039
IA-FMR,28.150000000000002,3,1760,16960,10.377358490566039,10.377358490566039
IA-FMR,28.150000000000002,4,1920,16960,11.320754716981131,11.320754716981131
IA-FMR,28.150000000000002,5,1920,16960,11.320754716981131,11.320754716981131
IA-FMR,28.150000000000002,6,1760,16960,10.377358490566039,10.377358490566039
IA-FMR,28.150000000000002,7,2080,16960,12.264150943396226,12.264150943396226
IA-FMR,28.150000000000002,8,2080,16960,12.264150943396226,12.264150943396226
IA-FMR,28.150000000000002,9,1760,16960,10.377358490566039,10.377358490566039
IA-FMR,28.25,1,1920,16960,11.320754716981131,11.320754716981131
IA-FMR,28.25,2,1760,16960,10.377358490566039,10.377358490566039
IA-FMR,28.25,3,1760,16960,10.377358490566039,10.377358490566039
IA-FMR,28.25,4,1920,16960,11.320754716981131,11.320754716981131
IA-FMR,28.25,5,1920,16960,11.320754716981131,11.320754716981131
IA-FMR,28.25,6,1760,16960,10.377358490566039,10.377358490566039
IA-FMR,28.25,7,2080,16960,12.264150943396226,12.264150943396226
IA-FMR,28.25,8,2080,16960,12.264150943396226,12.264150943396226
IA-FMR,28.25,9,1760,16960,10.377358490566039,10.377358490566039
IA-FMR,28.35,1,1932,17066,11.320754716981131,11.320754716981131
IA-FMR,28.35,2,1771,17066,10.377358490566039,10.377358490566039
IA-FMR,28.35,3,1771,17066,10.377358490566039,10.377358490566039
IA-FMR,28.35,4,1932,17066,11.320754716981131,11.320754716981131
IA-FMR,28.35,5,1932,17066,11.320754716981131,11.320754716981131
IA-FMR,28.35,6,1771,17066,10.377358490566039,10.377358490566039
IA-FMR,28.35,7,2093,17066,12.264150943396226,12.264150943396226
IA-FMR,28.35,8,2093,17066,12.264150943396226,12.264150943396226
IA-FMR,28.35,9,1771,17066,10.377358490566039,10.377358490566039
IA-FMR,28.450000000000003,1,1908,16854,11.320754716981131,11.320754716981131
IA-FMR,28.450000000000003,2,1749,16854,10.377358490566039,10.377358490566039
IA-FMR,28.450000000000003,3,1749,16854,10.377358490566039,10.377358490566039
IA-FMR,28.450000000000003,4,1908,16854,11.320754716981131,11.320754716981131
IA-FMR,28.450000000000003,5,1908,16854,11.320754716981131,11.320754716981131
IA-FMR,28.450000000000003,6,1749,16854,10.377358490566039,10.377358490566039
IA-FMR,28.450000000000003,7,2067,16854,12.264150943396226,12.264150943396226
IA-FMR,28.450000000000003,8,2067,16854,12.264150943396226,12.264150943396226
IA-FMR,28.450000000000003,9,1749,16854,10.377358490566039,10.377358490566039
IA-FMR,28.55,1,1920,16960,11.320754716981131,11.320754716981131
IA-FMR,28.55,2,1760,16960,10.377358490566039,10.377358490566039
IA-FMR,28.55,3,1760,16960,10.377358490566039,10.377358490566039
IA-FMR,28.55,4,1920,16960,11.320754716981131,11.320754716981131
IA-FMR,28.55,5,1920,16960,11.320754716981131,11.320754716981131
IA-FMR,28.55,6,1760,16960,10.377358490566039,10.377358490566039
IA-FMR,28.55,7,2080,16960,12.264150943396226,12.264150943396226
IA-FMR,28.55,8,2080,16960,12.264150943396226,12.264150943396226
IA-FMR,28.55,9,1760,16960,10.377358490566039,10.377358490566039
IA-FMR,28.650000000000002,1,1920,16960,11.320754716981131,11.320754716981131
IA-FMR,28.650000000000002,2,1760,16960,10.377358490566039,10.377358490566039
IA-FMR,28.650000000000002,3,1760,16960,10.377358490566039,10.377358490566039
IA-FMR,28.650000000000002,4,1920,16960,11.320754716981131,11.320754716981131
IA-FMR,28.650000000000002,5,1920,16960,11.320754716981131,11.320754716981131
IA-FMR,28.650000000000002,6,1760,16960,10.377358490566039,10.377358490566039
IA-FMR,28.650000000000002,7,2080,16960,12.264150943396226,12.264150943396226
IA-FMR,28.650000000000002,8,2080,16960,12.264150943396226,12.264150943396226
IA-FMR,28.650000000000002,9,1760,16960,10.377358490566039,10.377358490566039
IA-FMR,28.75,1,1920,16960,11.320754716981131,11.320754716981131
IA-FMR,28.75,2,1760,16960,10.377358490566039,10.377358490566039
IA-FMR,28.75,3,1760,16960,10.377358490566039,10.377358490566039
IA-FMR,28.75,4,1920,16960,11.320754716981131,11.320754716981131
IA-FMR,28.75,5,1920,16960,11.320754716981131,11.320754716981131
IA-FMR,28.75,6,1760,16960,10.377358490566039,10.377358490566039
IA-FMR,28.75,7,2080,16960,12.264150943396226,12.264150943396226
IA-FMR,28.75,8,2080,16960,12.264150943396226,12.264150943396226
IA-FMR,28.75,9,1760,16960,10.377358490566039,10.377358490566039
IA-FMR,28.85,1,1932,17066,11.320754716981131,11.320754716981131
IA-FMR,28.85,2,1771,17066,10.377358490566039,10.377358490566039
IA-FMR,28.85,3,1771,17066,10.377358490566039,10.377358490566039
IA-FMR,28.85,4,1932,17066,11.320754716981131,11.320754716981131
IA-FMR,28.85,5,1932,17066,11.320754716981131,11.320754716981131
IA-FMR,28.85,6,1771,17066,10.377358490566039,10.377358490566039
IA-FMR,28.85,7,2093,17066,12.264150943396226,12.264150943396226
IA-FMR,28.85,8,2093,17066,12.264150943396226,12.264150943396226
IA-FMR,28.85,9,1771,17066,10.377358490566039,10.377358490566039
IA-FMR,28.950000000000003,1,1908,16854,11.320754716981131,11.320754716981131
IA-FMR,28.950000000000003,2,1749,16854,10.377358490566039,10.377358490566039
IA-FMR,28.950000000000003,3,1749,16854,10.377358490566039,10.377358490566039
IA-FMR,28.950000000000003,4,1908,16854,11.320754716981131,11.320754716981131
IA-FMR,28.950000000000003,5,1908,16854,11.320754716981131,11.320754716981131
IA-FMR,28.950000000000003,6,1749,16854,10.377358490566039,10.377358490566039
IA-FMR,28.950000000000003,7,2067,16854,12.264150943396226,12.264150943396226
IA-FMR,28.950000000000003,8,2067,16854,12.264150943396226,12.264150943396226
IA-FMR,28.950000000000003,9,1749,16854,10.377358490566039,10.377358490566039
IA-FMR,29.05,1,1920,16960,11.320754716981131,11.320754716981131
IA-FMR,29.05,2,1760,16960,10.377358490566039,10.377358490566039
IA-FMR,29.05,3,1760,16960,10.377358490566039,10.377358490566039
IA-FMR,29.05,4,1920,16960,11.320754716981131,11.320754716981131
IA-FMR,29.05,5,1920,16960,11.320754716981131,11.320754716981131
IA-FMR,29.05,6,1760,16960,10.377358490566039,10.377358490566039
IA-FMR,29.05,7,2080,16960,12.264150943396226,12.264150943396226
IA-FMR,29.05,8,2080,16960,12.264150943396226,12.264150943396226
IA-FMR,29.05,9,1760,16960,10.377358490566039,10.377358490566039
IA-FMR,29.150000000000002,1,1920,16960,11.320754716981131,11.320754716981131
IA-FMR,29.150000000000002,2,1760,16960,10.377358490566039,10.377358490566039
IA-FMR,29.150000000000002,3,1760,16960,10.377358490566039,10.377358490566039
IA-FMR,29.150000000000002,4,1920,16960,11.320754716981131,11.320754716981131
IA-FMR,29.150000000000002,5,1920,16960,11.320754716981131,11.320754716981131
IA-FMR,29.150000000000002,6,1760,16960,10.377358490566039,10.377358490566039
IA-FMR,29.150000000000002,7,2080,16960,12.264150943396226,12.264150943396226
IA-FMR,29.150000000000002,8,2080,16960,12.264150943396226,12.264150943396226
IA-FMR,29.150000000000002,9,1760,16960,10.377358490566039,10.377358490566039
IA-FMR,29.25,1,1920,16960,11.320754716981131,11.320754716981131
IA-FMR,29.25,2,1760,16960,10.377358490566039,10.377358490566039
IA-FMR,29.25,3,1760,16960,10.377358490566039,10.377358490566039
IA-FMR,29.25,4,1920,16960,11.320754716981131,11.320754716981131
IA-FMR,29.25,5,1920,16960,11.320754716981131,11.320754716981131
IA-FMR,29.25,6,1760,16960,10.377358490566039,10.377358490566039
IA-FMR,29.25,7,2080,16960,12.264150943396226,12.264150943396226
IA-FMR,29.25,8,2080,16960,12.264150943396226,12.264150943396226
IA-FMR,29.25,9,1760,16960,10.377358490566039,10.377358490566039
IA-FMR,29.35,1,1932,17066,11.320754716981131,11.320754716981131
IA-FMR,29.35,2,1771,17066,10.377358490566039,10.377358490566039
IA-FMR,29.35,3,1771,17066,10.377358490566039,10.377358490566039
IA-FMR,29.35,4,1932,17066,11.320754716981131,11.320754716981131
IA-FMR,29.35,5,1932,17066,11.320754716981131,11.320754716981131
IA-FMR,29.35,6,1771,17066,10.377358490566039,10.377358490566039
IA-FMR,29.35,7,2093,17066,12.264150943396226,12.264150943396226
IA-FMR,29.35,8,2093,17066,12.264150943396226,12.264150943396226
IA-FMR,29.35,9,1771,17066,10.377358490566039,10.377358490566039
IA-FMR,29.450000000000003,1,1908,16854,11.320754716981131,11.320754716981131
IA-FMR,29.450000000000003,2,1749,16854,10.377358490566039,10.377358490566039
IA-FMR,29.450000000000003,3,1749,16854,10.377358490566039,10.377358490566039
IA-FMR,29.450000000000003,4,1908,16854,11.320754716981131,11.320754716981131
IA-FMR,29.450000000000003,5,1908,16854,11.320754716981131,11.320754716981131
IA-FMR,29.450000000000003,6,1749,16854,10.377358490566039,10.377358490566039
IA-FMR,29.450000000000003,7,2067,16854,12.264150943396226,12.264150943396226
IA-FMR,29.450000000000003,8,2067,16854,12.264150943396226,12.264150943396226
IA-FMR,29.450000000000003,9,1749,16854,10.377358490566039,10.377358490566039
IA-FMR,29.55,1,1920,16960,11.320754716981131,11.320754716981131
IA-FMR,29.55,2,1760,16960,10.377358490566039,10.377358490566039
IA-FMR,29.55,3,1760,16960,10.377358490566039,10.377358490566039
IA-FMR,29.55,4,1920,16960,11.320754716981131,11.320754716981131
IA-FMR,29.55,5,1920,16960,11.320754716981131,11.320754716981131
IA-FMR,29.55,6,1760,16960,10.377358490566039,10.377358490566039
IA-FMR,29.55,7,2080,16960,12.264150943396226,12.264150943396226
IA-FMR,29.55,8,2080,16960,12.264150943396226,12.264150943396226
IA-FMR,29.55,9,1760,16960,10.377358490566039,10.377358490566039
IA-FMR,29.650000000000002,1,1920,16960,11.320754716981131,11.320754716981131
IA-FMR,29.650000000000002,2,1760,16960,10.377358490566039,10.377358490566039
IA-FMR,29.650000000000002,3,1760,16960,10.377358490566039,10.377358490566039
IA-FMR,29.650000000000002,4,1920,16960,11.320754716981131,11.320754716981131
IA-FMR,29.650000000000002,5,1920,16960,11.320754716981131,11.320754716981131
IA-FMR,29.650000000000002,6,1760,16960,10.377358490566039,10.377358490566039
IA-FMR,29.650000000000002,7,2080,16960,12.264150943396226,12.264150943396226
IA-FMR,29.650000000000002,8,2080,16960,12.264150943396226,12.264150943396226
IA-FMR,29.650000000000002,9,1760,16960,10.377358490566039,10.377358490566039
IA-FMR,29.75,1,1920,16960,11.320754716981131,11.320754716981131
IA-FMR,29.75,2,1760,16960,10.377358490566039,10.377358490566039
IA-FMR,29.75,3,1760,16960,10.377358490566039,10.377358490566039
IA-FMR,29.75,4,1920,16960,11.320754716981131,11.320754716981131
IA-FMR,29.75,5,1920,16960,11.320754716981131,11.320754716981131
IA-FMR,29.75,6,1760,16960,10.377358490566039,10.377358490566039
IA-FMR,29.75,7,2080,16960,12.264150943396226,12.264150943396226
IA-FMR,29.75,8,2080,16960,12.264150943396226,12.264150943396226
IA-FMR,29.75,9,1760,16960,10.377358490566039,10.377358490566039
IA-FMR,29.85,1,1932,17066,11.320754716981131,11.320754716981131
IA-FMR,29.85,2,1771,17066,10.377358490566039,10.377358490566039
IA-FMR,29.85,3,1771,17066,10.377358490566039,10.377358490566039
IA-FMR,29.85,4,1932,17066,11.320754716981131,11.320754716981131
IA-FMR,29.85,5,1932,17066,11.320754716981131,11.320754716981131
IA-FMR,29.85,6,1771,17066,10.377358490566039,10.377358490566039
IA-FMR,29.85,7,2093,17066,12.264150943396226,12.264150943396226
IA-FMR,29.85,8,2093,17066,12.264150943396226,12.264150943396226
IA-FMR,29.85,9,1771,17066,10.377358490566039,10.377358490566039
IA-FMR,29.950000000000003,1,1908,16854,11.320754716981131,11.320754716981131
IA-FMR,29.950000000000003,2,1749,16854,10.377358490566039,10.377358490566039
IA-FMR,29.950000000000003,3,1749,16854,10.377358490566039,10.377358490566039
IA-FMR,29.950000000000003,4,1908,16854,11.320754716981131,11.320754716981131
IA-FMR,29.950000000000003,5,1908,16854,11.320754716981131,11.320754716981131
IA-FMR,29.950000000000003,6,1749,16854,10.377358490566039,10.377358490566039
IA-FMR,29.950000000000003,7,2067,16854,12.264150943396226,12.264150943396226
IA-FMR,29.950000000000003,8,2067,16854,12.264150943396226,12.264150943396226
IA-FMR,29.950000000000003,9,1749,16854,10.377358490566039,10.377358490566039
IA-FMR,30.05,1,1920,16960,11.320754716981131,11.320754716981131
IA-FMR,30.05,2,1760,16960,10.377358490566039,10.377358490566039
IA-FMR,30.05,3,1760,16960,10.377358490566039,10.377358490566039
IA-FMR,30.05,4,1920,16960,11.320754716981131,11.320754716981131
IA-FMR,30.05,5,1920,16960,11.320754716981131,11.320754716981131
IA-FMR,30.05,6,1760,16960,10.377358490566039,10.377358490566039
IA-FMR,30.05,7,2080,16960,12.264150943396226,12.264150943396226
IA-FMR,30.05,8,2080,16960,12.264150943396226,12.264150943396226
IA-FMR,30.05,9,1760,16960,10.377358490566039,10.377358490566039
IA-FMR,30.150000000000002,1,1920,16960,11.320754716981131,11.320754716981131
IA-FMR,30.150000000000002,2,1760,16960,10.377358490566039,10.377358490566039
IA-FMR,30.150000000000002,3,1760,16960,10.377358490566039,10.377358490566039
IA-FMR,30.150000000000002,4,1920,16960,11.320754716981131,11.320754716981131
IA-FMR,30.150000000000002,5,1920,16960,11.320754716981131,11.320754716981131
IA-FMR,30.150000000000002,6,1760,16960,10.377358490566039,10.377358490566039
IA-FMR,30.150000000000002,7,2080,16960,12.264150943396226,12.264150943396226
IA-FMR,30.150000000000002,8,2080,16960,12.264150943396226,12.264150943396226
IA-FMR,30.150000000000002,9,1760,16960,10.377358490566039,10.377358490566039
IA-FMR,30.25,1,1920,16960,11.320754716981131,11.320754716981131
IA-FMR,30.25,2,1760,16960,10.377358490566039,10.377358490566039
IA-FMR,30.25,3,1760,16960,10.377358490566039,10.377358490566039
IA-FMR,30.25,4,1920,16960,11.320754716981131,11.320754716981131
IA-FMR,30.25,5,1920,16960,11.320754716981131,11.320754716981131
IA-FMR,30.25,6,1760,16960,10.377358490566039,10.377358490566039
IA-FMR,30.25,7,2080,16960,12.264150943396226,12.264150943396226
IA-FMR,30.25,8,2080,16960,12.264150943396226,12.264150943396226
IA-FMR,30.25,9,1760,16960,10.377358490566039,10.377358490566039
IA-FMR,30.35,1,1920,16960,11.320754716981131,11.320754716981131
IA-FMR,30.35,2,1760,16960,10.377358490566039,10.377358490566039
IA-FMR,30.35,3,1760,16960,10.377358490566039,10.377358490566039
IA-FMR,30.35,4,1920,16960,11.320754716981131,11.320754716981131
IA-FMR,30.35,5,1920,16960,11.320754716981131,11.320754716981131
IA-FMR,30.35,6,1760,16960,10.377358490566039,10.377358490566039
IA-FMR,30.35,7,2080,16960,12.264150943396226,12.264150943396226
IA-FMR,30.35,8,2080,16960,12.264150943396226,12.264150943396226
IA-FMR,30.35,9,1760,16960,10.377358490566039,10.377358490566039
MR,0.45,1,26715,163982,16.291422229269067,16.513040708379222
MR,0.45,2,26702,163982,16.283494529887427,16.496328261034144
MR,0.45,3,27248,163982,16.616457903916285,16.781796859488313
MR,0.45,4,27248,163982,16.616457903916285,16.781796859488313
MR,0.45,5,32890,163982,20.057079435547806,19.968196355543746
MR,0.45,6,20085,163982,12.248295544632947,12.515444729651167
MR,0.45,7,1092,163982,0.6659267480577137,0.33296337402885684
MR,0.45,8,1001,163982,0.6104328523862376,0.3052164261931188
MR,0.45,9,1001,163982,0.6104328523862376,0.3052164261931188
MR,0.55,1,25597,152958,16.734659187489378,16.47046143219985
MR,0.55,2,25558,152958,16.70916199218086,16.462078269134754
MR,0.55,3,25922,152958,16.947135815060342,16.735144723052894
MR,0.55,4,25922,152958,16.947135815060342,16.735144723052894
MR,0.55,5,30407,152958,19.87931327553969,19.9407307050861
MR,0.55,6,19552,152958,12.782593914669386,13.02750932986344
MR,0.55,7,0,152958,0.0,0.22197558268590456
MR,0.55,8,0,152958,0.0,0.20347761746207918
MR,0.55,9,0,152958,0.0,0.20347761746207918
MR,0.65,1,25740,157092,16.385302879841113,16.746524774275475
MR,0.65,2,25753,157092,16.39357828533598,16.73789917392042
MR,0.65,3,26143,157092,16.64184045018206,16.989412952761256
MR,0.65,4,26143,157092,16.64184045018206,16.989412952761256
MR,0.65,5,31239,157092,19.885799404170804,19.40298055222939
MR,0.65,6,22074,157092,14.051638530287985,13.133769594052204
MR,0.65,7,0,157092,0.0,0.0
MR,0.65,8,0,157092,0.0,0.0
MR,0.65,9,0,157092,0.0,0.0
MR,0.75,1,25714,150202,17.119612255495934,16.79151830983505
MR,0.75,2,25701,150202,17.110957244244418,16.78853299813915
MR,0.75,3,26104,150202,17.37926259304137,17.03790913333291
MR,0.75,4,26104,150202,17.37926259304137,17.03790913333291
MR,0.75,5,27703,150202,18.44382897697767,19.323140849748178
MR,0.75,6,18876,150202,12.567076337199238,13.020989575611807
MR,0.75,7,0,150202,0.0,0.0
MR,0.75,8,0,150202,0.0,0.0
MR,0.75,9,0,150202,0.0,0.0
MR,0.8500000000000001,1,25571,151580,16.869639794168098,16.89947134728163
MR,0.8500000000000001,2,25558,151580,16.86106346483705,16.890894545386494
MR,0.8500000000000001,3,25909,151580,17.0926243567753,17.134008211557113
MR,0.8500000000000001,4,25909,151580,17.0926243567753,17.134008211557113
MR,0.8500000000000001,5,29770,151580,19.639794168096056,19.567451694853464
MR,0.8500000000000001,6,18863,151580,12.4442538593482,12.374165989364188
MR,0.8500000000000001,7,0,151580,0.0,0.0
MR,0.8500000000000001,8,0,151580,0.0,0.0
MR,0.8500000000000001,9,0,151580,0.0,0.0
MR,0.9500000000000001,1,25558,152958,16.70916199218086,16.721348124650014
MR,0.9500000000000001,2,25545,152958,16.70066292707802,16.712848599641053
MR,0.9500000000000001,3,25896,152958,16.930137684854667,16.945143501747275
MR,0.9500000000000001,4,25896,152958,16.930137684854667,16.945143501747275
MR,0.9500000000000001,5,31538,152958,20.618731939486658,21.533839340443112
MR,0.9500000000000001,6,18525,152958,12.11116777154513,11.141676931771272
MR,0.9500000000000001,7,0,152958,0.0,0.0
MR,0.9500000000000001,8,0,152958,0.0,0.0
MR,0.9500000000000001,9,0,152958,0.0,0.0
MR,1.05,1,25597,154336,16.58524258760108,16.53507627005641
MR,1.05,2,25584,154336,16.576819407008085,16.529435521491134
MR,1.05,3,25948,154336,16.81266846361186,16.76178057757005
MR,1.05,4,25948,154336,16.81266846361186,16.76178057757005
MR,1.05,5,37570,154336,24.34299191374663,21.34275270447068
MR,1.05,6,13689,154336,8.869609164420485,12.069174348841678
MR,1.05,7,0,154336,0.0,0.0
MR,1.05,8,0,154336,0.0,0.0
MR,1.05,9,0,154336,0.0,0.0
MR,1.1500000000000001,1,25623,157092,16.31082423038729,16.570917893227094
MR,1.1500000000000001,2,25623,157092,16.31082423038729,16.56522516261226
MR,1.1500000000000001,3,25987,157092,16.542535584243627,16.79897373402926
MR,1.1500000000000001,4,25987,157092,16.542535584243627,16.79897373402926
MR,1.1500000000000001,5,29952,157092,19.06653426017875,21.852566655517105
MR,1.1500000000000001,6,23920,157092,15.226746110559418,11.413342820585015
MR,1.1500000000000001,7,0,157092,0.0,0.0
MR,1.1500000000000001,8,0,157092,0.0,0.0
MR,1.1500000000000001,9,0,157092,0.0,0.0
MR,1.25,1,25259,150202,16.81668686169292,16.62707243051371
MR,1.25,2,25246,150202,16.808031850441406,16.61857197303454
MR,1.25,3,25597,150202,17.041717154232302,16.849512817587215
MR,1.25,4,25597,150202,17.041717154232302,16.849512817587215
MR,1.25,5,33267,150202,22.14817379262593,19.95454329522959
MR,1.25,6,15236,150202,10.143673186775143,13.10078666604773
MR,1.25,7,0,150202,0.0,0.0
MR,1.25,8,0,150202,0.0,0.0
MR,1.25,9,0,150202,0.0,0.0
MR,1.35,1,25857,154336,16.753706199460918,16.72696839684463
MR,1.35,2,25831,154336,16.73685983827493,16.718467939365464
MR,1.35,3,26182,154336,16.964285714285715,16.94798029130295
MR,1.35,4,26182,154336,16.964285714285715,16.94798029130295
MR,1.35,5,28782,154336,18.648921832884096,19.14429243222302
MR,1.35,6,21502,154336,13.931940700808624,13.514310648960986
MR,1.35,7,0,154336,0.0,0.0
MR,1.35,8,0,154336,0.0,0.0
MR,1.35,9,0,154336,0.0,0.0
MR,1.4500000000000002,1,25636,154336,16.610512129380055,16.71662396898246
MR,1.4500000000000002,2,25636,154336,16.610512129380055,16.708175493552854
MR,1.4500000000000002,3,25987,154336,16.837938005390836,16.94478339525509
MR,1.4500000000000002,4,25987,154336,16.837938005390836,16.94478339525509
MR,1.4500000000000002,5,25675,154336,16.63578167115903,17.69674829816339
MR,1.4500000000000002,6,25415,154336,16.467318059299192,14.988885448791109
MR,1.4500000000000002,7,0,154336,0.0,0.0
MR,1.4500000000000002,8,0,154336,0.0,0.0
MR,1.4500000000000002,9,0,154336,0.0,0.0
MR,1.55,1,25675,152958,16.78565357810641,16.715941008393838
MR,1.55,2,25662,152958,16.77715451300357,16.710274964991946
MR,1.55,3,26052,152958,17.03212646608873,16.947565827282812
MR,1.55,4,26052,152958,17.03212646608873,16.947565827282812
MR,1.55,5,27235,152958,17.80554139044705,18.701813336247298
MR,1.55,6,22282,152958,14.56739758626551,13.9768390358013
MR,1.55,7,0,152958,0.0,0.0
MR,1.55,8,0,152958,0.0,0.0
MR,1.55,9,0,152958,0.0,0.0
MR,1.6500000000000001,1,25623,152958,16.751657317695052,16.865446024178933
MR,1.6500000000000001,2,25610,152958,16.743158252592213,16.85400997327603
MR,1.6500000000000001,3,25961,152958,16.97263301036886,17.099157318994603
MR,1.6500000000000001,4,25961,152958,16.97263301036886,17.099157318994603
MR,1.6500000000000001,5,33137,152958,21.664116947135817,18.7851950964293
MR,1.6500000000000001,6,16666,152958,10.895801461839199,13.29703426812653
MR,1.6500000000000001,7,0,152958,0.0,0.0
MR,1.6500000000000001,8,0,152958,0.0,0.0
MR,1.6500000000000001,9,0,152958,0.0,0.0
MR,1.75,1,25623,150202,17.05902717673533,17.00339844200556
MR,1.75,2,25597,150202,17.041717154232302,16.994795412803605
MR,1.75,3,25974,150202,17.292712480526223,17.239391893191442
MR,1.75,4,25974,150202,17.292712480526223,17.239391893191442
MR,1.75,5,25363,150202,16.885926951705038,18.612302077624335
MR,1.75,6,21671,150202,14.427903756274883,12.910720281183615
MR,1.75,7,0,150202,0.0,0.0
MR,1.75,8,0,150202,0.0,0.0
MR,1.75,9,0,150202,0.0,0.0
MR,1.85,1,25597,148824,17.199510831586302,16.95354231903623
MR,1.85,2,25597,148824,17.199510831586302,16.944964584670892
MR,1.85,3,25974,148824,17.452830188679247,17.188878104470106
MR,1.85,4,25974,148824,17.452830188679247,17.188878104470106
MR,1.85,5,25727,148824,17.286862334032147,18.20247513477852
MR,1.85,6,19955,148824,13.408455625436758,13.52126175257414
MR,1.85,7,0,148824,0.0,0.0
MR,1.85,8,0,148824,0.0,0.0
MR,1.85,9,0,148824,0.0,0.0
MR,1.9500000000000002,1,25623,154336,16.602088948787063,16.607690059083467
MR,1.9500000000000002,2,25610,154336,16.59366576819407,16.594038697432755
MR,1.9500000000000002,3,25961,154336,16.821091644204852,16.830192551971994
MR,1.9500000000000002,4,25961,154336,16.821091644204852,16.830192551971994
MR,1.9500000000000002,5,31538,154336,20.434636118598384,21.460191524982246
MR,1.9500000000000002,6,19643,154336,12.727425876010782,11.677694614557552
MR,1.9500000000000002,7,0,154336,0.0,0.0
MR,1.9500000000000002,8,0,154336,0.0,0.0
MR,1.9500000000000002,9,0,154336,0.0,0.0
MR,2.0500000000000003,1,25610,159848,16.02147039687703,16.266917922440395
MR,2.0500000000000003,2,25558,159848,15.988939492517892,16.261470006236774
MR,2.0500000000000003,3,25922,159848,16.216655823031882,16.48428060228646
MR,2.0500000000000003,4,25922,159848,16.216655823031882,16.48428060228646
MR,2.0500000000000003,5,42614,159848,26.6590761223162,23.50484966411673
MR,2.0500000000000003,6,14222,159848,8.897202342225114,10.998201202633185
MR,2.0500000000000003,7,0,159848,0.0,0.0
MR,2.0500000000000003,8,0,159848,0.0,0.0
MR,2.0500000000000003,9,0,159848,0.0,0.0
MR,2.15,1,25636,158470,16.177194421657095,16.325273110512565
MR,2.15,2,25675,158470,16.20180475799836,16.31696687777138
MR,2.15,3,26013,158470,16.41509433962264,16.548959499512524
MR,2.15,4,26013,158470,16.41509433962264,16.548959499512524
MR,2.15,5,37115,158470,23.4208367514356,22.923119011631357
MR,2.15,6,18018,158470,11.369975389663658,11.336722001059643
MR,2.15,7,0,158470,0.0,0.0
MR,2.15,8,0,158470,0.0,0.0
MR,2.15,9,0,158470,0.0,0.0
MR,2.25,1,25662,152958,16.77715451300357,16.429999793844186
MR,2.25,2,25636,152958,16.76015638279789,16.43253719588938
MR,2.25,3,26026,152958,17.015128335883052,16.668619960576265
MR,2.25,4,26026,152958,17.015128335883052,16.668619960576265
MR,2.25,5,28587,152958,18.689444161142273,20.108149468928364
MR,2.25,6,21021,152958,13.742988271290159,13.692073620185532
MR,2.25,7,0,152958,0.0,0.0
MR,2.25,8,0,152958,0.0,0.0
MR,2.25,9,0,152958,0.0,0.0
MR,2.35,1,25662,157092,16.335650446871895,16.773683647235448
MR,2.35,2,25662,157092,16.335650446871895,16.765105887085365
MR,2.35,3,26039,157092,16.575637206223107,17.011620193513604
MR,2.35,4,26039,157092,16.575637206223107,17.011620193513604
MR,2.35,5,28613,157092,18.214167494207217,18.98068210547522
MR,2.35,6,25077,157092,15.963257199602781,13.457287973176753
MR,2.35,7,0,157092,0.0,0.0
MR,2.35,8,0,157092,0.0,0.0
MR,2.35,9,0,157092,0.0,0.0
MR,2.45,1,25610,148824,17.20824598183089,16.715328459163285
MR,2.45,2,25597,148824,17.199510831586302,16.709609015550758
MR,2.45,3,25961,148824,17.44409503843466,16.9525567500162
MR,2.45,4,25961,148824,17.44409503843466,16.9525567500162
MR,2.45,5,29822,148824,20.03843466107617,19.596105480332557
MR,2.45,6,15873,148824,10.665618448637316,13.073843544921003
MR,2.45,7,0,148824,0.0,0.0
MR,2.45,8,0,148824,0.0,0.0
MR,2.45,9,0,148824,0.0,0.0
MR,2.5500000000000003,1,25623,154336,16.602088948787063,16.774647737489335
MR,2.5500000000000003,2,25610,154336,16.59366576819407,16.760579654704998
MR,2.5500000000000003,3,25987,154336,16.837938005390836,17.012583953886065
MR,2.5500000000000003,4,25987,154336,16.837938005390836,17.012583953886065
MR,2.5500000000000003,5,31694,154336,20.535714285714285,20.106226862710972
MR,2.5500000000000003,6,19435,154336,12.592654986522911,12.333377837322567
MR,2.5500000000000003,7,0,154336,0.0,0.0
MR,2.5500000000000003,8,0,154336,0.0,0.0
MR,2.5500000000000003,9,0,154336,0.0,0.0
MR,2.6500000000000004,1,25714,155714,16.513608281850058,16.633191243831586
MR,2.6500000000000004,2,25675,155714,16.488562364334612,16.61345854846439
MR,2.6500000000000004,3,26091,155714,16.755718817832694,16.852545413344377
MR,2.6500000000000004,4,26091,155714,16.755718817832694,16.852545413344377
MR,2.6500000000000004,5,30745,155714,19.744531641342462,19.973346698384265
MR,2.6500000000000004,6,21398,155714,13.74186007680748,13.074912682631
MR,2.6500000000000004,7,0,155714,0.0,0.0
MR,2.6500000000000004,8,0,155714,0.0,0.0
MR,2.6500000000000004,9,0,155714,0.0,0.0
MR,2.75,1,25441,151580,16.783876500857634,16.683047366800913
MR,2.75,2,25402,151580,16.758147512864493,16.671788441699945
MR,2.75,3,25714,151580,16.963979416809604,16.91160885684178
MR,2.75,4,25714,151580,16.963979416809604,16.91160885684178
MR,2.75,5,29770,151580,19.639794168096056,19.22193828188151
MR,2.75,6,19539,151580,12.890222984562607,13.600008195934059
MR,2.75,7,0,151580,0.0,0.0
MR,2.75,8,0,151580,0.0,0.0
MR,2.75,9,0,151580,0.0,0.0
MR,2.85,1,25623,152958,16.751657317695052,16.7737291322197
MR,2.85,2,25649,152958,16.76865544790073,16.770818846290545
MR,2.85,3,26026,152958,17.015128335883052,17.00091171789285
MR,2.85,4,26026,152958,17.015128335883052,17.00091171789285
MR,2.85,5,27963,152958,18.28148903620602,18.86740943344717
MR,2.85,6,21671,152958,14.167941526432092,13.586219152256888
MR,2.85,7,0,152958,0.0,0.0
MR,2.85,8,0,152958,0.0,0.0
MR,2.85,9,0,152958,0.0,0.0
MR,2.95,1,25675,152958,16.78565357810641,16.65366052158505
MR,2.95,2,25675,152958,16.78565357810641,16.65646778854326
MR,2.95,3,26039,152958,17.02362740098589,16.889419436589247
MR,2.95,4,26039,152958,17.02362740098589,16.889419436589247
MR,2.95,5,28574,152958,18.680945096039437,19.124699313378557
MR,2.95,6,20956,152958,13.700492945775965,13.786333503314637
MR,2.95,7,0,152958,0.0,0.0
MR,2.95,8,0,152958,0.0,0.0
MR,2.95,9,0,152958,0.0,0.0
MR,3.0500000000000003,1,24895,151580,16.423670668953687,16.73576756123926
MR,3.0500000000000003,2,24882,151580,16.41509433962264,16.730101057931247
MR,3.0500000000000003,3,25207,151580,16.6295025728988,16.96231915571538
MR,3.0500000000000003,4,25207,151580,16.6295025728988,16.96231915571538
MR,3.0500000000000003,5,30940,151580,20.41166380789022,19.365101440573138
MR,3.0500000000000003,6,20449,151580,13.49056603773585,13.244391628825591
MR,3.0500000000000003,7,0,151580,0.0,0.0
MR,3.0500000000000003,8,0,151580,0.0,0.0
MR,3.0500000000000003,9,0,151580,0.0,0.0
MR,3.1500000000000004,1,26234,154336,16.997978436657682,16.763762966593152
MR,3.1500000000000004,2,26221,154336,16.98955525606469,16.755237686841458
MR,3.1500000000000004,3,26598,154336,17.233827493261455,16.985318140978517
MR,3.1500000000000004,4,26598,154336,17.233827493261455,16.985318140978517
MR,3.1500000000000004,5,29328,154336,19.002695417789756,20.124969370252387
MR,3.1500000000000004,6,19357,154336,12.542115902964959,12.38539369435596
MR,3.1500000000000004,7,0,154336,0.0,0.0
MR,3.1500000000000004,8,0,154336,0.0,0.0
MR,3.1500000000000004,9,0,154336,0.0,0.0
MR,3.25,1,25571,151580,16.869639794168098,16.76988891611533
MR,3.25,2,25558,151580,16.86106346483705,16.761414685942988
MR,3.25,3,25909,151580,17.0926243567753,17.00425753491791
MR,3.25,4,25909,151580,17.0926243567753,17.00425753491791
MR,3.25,5,31772,151580,20.960548885077188,20.44989994282447
MR,3.25,6,16861,151580,11.123499142367066,12.010281385281383
MR,3.25,7,0,151580,0.0,0.0
MR,3.25,8,0,151580,0.0,0.0
MR,3.25,9,0,151580,0.0,0.0
MR,3.35,1,25376,154336,16.442048517520217,16.214598154312835
MR,3.35,2,25363,154336,16.433625336927225,16.20893165100482
MR,3.35,3,25753,154336,16.68632075471698,16.439379413090872
MR,3.35,4,25753,154336,16.68632075471698,16.439379413090872
MR,3.35,5,33007,154336,21.38645552560647,25.244675653384814
MR,3.35,6,19084,154336,12.365229110512129,9.453035715115789
MR,3.35,7,0,154336,0.0,0.0
MR,3.35,8,0,154336,0.0,0.0
MR,3.35,9,0,154336,0.0,0.0
MR,3.45,1,25987,169494,15.332106151250192,15.810453649169439
MR,3.45,2,25987,169494,15.332106151250192,15.799718222923469
MR,3.45,3,26338,169494,15.539193127780335,16.034898581307043
MR,3.45,4,26338,169494,15.539193127780335,16.034898581307043
MR,3.45,5,56589,169494,33.38702254947078,28.495128493182822
MR,3.45,6,8255,169494,4.87037889246817,7.824902472110182
MR,3.45,7,0,169494,0.0,0.0
MR,3.45,8,0,169494,0.0,0.0
MR,3.45,9,0,169494,0.0,0.0
MR,3.5500000000000003,1,25675,163982,15.65720627873791,15.509042970400271
MR,3.5500000000000003,2,25636,163982,15.633423180592992,15.501115271018632
MR,3.5500000000000003,3,26039,163982,15.879181861423815,15.730008241039345
MR,3.5500000000000003,4,26039,163982,15.879181861423815,15.730008241039345
MR,3.5500000000000003,5,50362,163982,30.711907404471223,30.854027019534183
MR,3.5500000000000003,6,10231,163982,6.239099413350246,6.675798256968231
MR,3.5500000000000003,7,0,163982,0.0,0.0
MR,3.5500000000000003,8,0,163982,0.0,0.0
MR,3.5500000000000003,9,0,163982,0.0,0.0
MR,3.6500000000000004,1,25051,161226,15.537816481212708,15.617951189083447
MR,3.6500000000000004,2,25051,161226,15.537816481212708,15.610023489701808
MR,3.6500000000000004,3,25428,161226,15.771649733913884,15.842059856451877
MR,3.6500000000000004,4,25428,161226,15.771649733913884,15.842059856451877
MR,3.6500000000000004,5,45890,161226,28.46315110466054,29.47602476131797
MR,3.6500000000000004,6,14378,161226,8.917916465086277,7.611880846993017
MR,3.6500000000000004,7,0,161226,0.0,0.0
MR,3.6500000000000004,8,0,161226,0.0,0.0
MR,3.6500000000000004,9,0,161226,0.0,0.0
MR,3.75,1,26325,168116,15.658830807299722,15.907642537320854
MR,3.75,2,26325,168116,15.658830807299722,15.904834810456522
MR,3.75,3,26689,168116,15.87534797401794,16.13356796913091
MR,3.75,4,26689,168116,15.87534797401794,16.13356796913091
MR,3.75,5,49179,168116,29.253015774822146,25.923919957132146
MR,3.75,6,12909,168116,7.678626662542531,9.99646675682865
MR,3.75,7,0,168116,0.0,0.0
MR,3.75,8,0,168116,0.0,0.0
MR,3.75,9,0,168116,0.0,0.0
MR,3.85,1,25506,154336,16.526280323450134,16.04202946416061
MR,3.85,2,25493,154336,16.517857142857142,16.041909475833076
MR,3.85,3,25857,154336,16.753706199460918,16.26526715743388
MR,3.85,4,25857,154336,16.753706199460918,16.26526715743388
MR,3.85,5,30953,154336,20.05559299191375,26.46415540302797
MR,3.85,6,20670,154336,13.392857142857142,8.921371342110595
MR,3.85,7,0,154336,0.0,0.0
MR,3.85,8,0,154336,0.0,0.0
MR,3.85,9,0,154336,0.0,0.0
MR,3.95,1,25701,161226,15.940977261731978,16.03884538817946
MR,3.95,2,25714,161226,15.949040477342365,16.038725399851923
MR,3.95,3,26065,161226,16.16674729882277,16.263902553441955
MR,3.95,4,26065,161226,16.16674729882277,16.263902553441955
MR,3.95,5,48503,161226,30.08385744234801,25.935707092061147
MR,3.95,6,9178,161226,5.692630220932108,9.45891701302356
MR,3.95,7,0,161226,0.0,0.0
MR,3.95,8,0,161226,0.0,0.0
MR,3.95,9,0,161226,0.0,0.0
MR,4.05,1,25662,163982,15.64927857935627,15.657690665258015
MR,4.05,2,25662,163982,15.64927857935627,15.660378403794809
MR,4.05,3,26026,163982,15.871254162042176,15.882306947789745
MR,4.05,4,26026,163982,15.871254162042176,15.882306947789745
MR,4.05,5,45370,163982,27.667670841921673,29.957926653517408
MR,4.05,6,15236,163982,9.291263675281433,6.959390381850274
MR,4.05,7,0,163982,0.0,0.0
MR,4.05,8,0,163982,0.0,0.0
MR,4.05,9,0,163982,0.0,0.0
MR,4.15,1,25649,166738,15.382816154685795,15.509125917636661
MR,4.15,2,25649,166738,15.382816154685795,15.509125917636664
MR,4.15,3,26026,166738,15.608919382504288,15.72924023811926
MR,4.15,4,26026,166738,15.608919382504288,15.72924023811926
MR,4.15,5,53560,166738,32.12225167628255,31.65691337608904
MR,4.15,6,9828,166738,5.894277249337284,5.866354312399111
MR,4.15,7,0,166738,0.0,0.0
MR,4.15,8,0,166738,0.0,0.0
MR,4.15,9,0,166738,0.0,0.0
MR,4.25,1,25623,165360,15.495283018867925,15.273831799989603
MR,4.25,2,25623,165360,15.495283018867925,15.273831799989603
MR,4.25,3,25974,165360,15.70754716981132,15.495425957690108
MR,4.25,4,25974,165360,15.70754716981132,15.495425957690108
MR,4.25,5,58175,165360,35.180817610062896,32.9274381897881
MR,4.25,6,3991,165360,2.4135220125786163,5.53404629485247
MR,4.25,7,0,165360,0.0,0.0
MR,4.25,8,0,165360,0.0,0.0
MR,4.25,9,0,165360,0.0,0.0
MR,4.3500000000000005,1,25740,172250,14.943396226415095,15.208352508053382
MR,4.3500000000000005,2,25740,172250,14.943396226415095,15.208352508053382
MR,4.3500000000000005,3,26130,172250,15.169811320754716,15.431277803344072
MR,4.3500000000000005,4,26130,172250,15.169811320754716,15.431277803344072
MR,4.3500000000000005,5,54223,172250,31.47924528301887,33.07802577082375
MR,4.3500000000000005,6,14287,172250,8.294339622641509,5.642713606381347
MR,4.3500000000000005,7,0,172250,0.0,0.0
MR,4.3500000000000005,8,0,172250,0.0,0.0
MR,4.3500000000000005,9,0,172250,0.0,0.0
MR,4.45,1,25740,169494,15.186378278877129,15.186456879382455
MR,4.45,2,25740,169494,15.186378278877129,15.178660216354231
MR,4.45,3,26130,169494,15.416474919466175,15.413995200298174
MR,4.45,4,26130,169494,15.416474919466175,15.413995200298174
MR,4.45,5,55211,169494,32.57401441938948,32.68743461050703
MR,4.45,6,10543,169494,6.220279183923915,6.119457893159939
MR,4.45,7,0,169494,0.0,0.0
MR,4.45,8,0,169494,0.0,0.0
MR,4.45,9,0,169494,0.0,0.0
MR,4.55,1,25727,166738,15.429596132855139,15.516296152617954
MR,4.55,2,25688,166738,15.406206143770467,15.50849948958973
MR,4.55,3,26104,166738,15.655699360673632,15.746307192987524
MR,4.55,4,26104,166738,15.655699360673632,15.746307192987524
MR,4.55,5,56706,166738,34.00904412911274,32.18736472930507
MR,4.55,6,6409,166738,3.8437548729143924,5.295225242512194
MR,4.55,7,0,166738,0.0,0.0
MR,4.55,8,0,166738,0.0,0.0
MR,4.55,9,0,166738,0.0,0.0
MR,4.65,1,25688,161226,15.932914046121594,15.792018793734059
MR,4.65,2,25688,161226,15.932914046121594,15.784222130705837
MR,4.65,3,26065,161226,16.16674729882277,16.03133858708473
MR,4.65,4,26065,161226,16.16674729882277,16.03133858708473
MR,4.65,5,48334,161226,29.979035639413,32.15019527197915
MR,4.65,6,9386,161226,5.821641670698274,4.2108866294115
MR,4.65,7,0,161226,0.0,0.0
MR,4.65,8,0,161226,0.0,0.0
MR,4.65,9,0,161226,0.0,0.0
MR,4.75,1,25818,161226,16.01354620222545,15.781623243029761
MR,4.75,2,25818,161226,16.01354620222545,15.781623243029761
MR,4.75,3,26234,161226,16.27156910175778,16.018344148704355
MR,4.75,4,26234,161226,16.27156910175778,16.018344148704355
MR,4.75,5,52338,161226,32.46250604741171,30.954706940984817
MR,4.75,6,4784,161226,2.967263344621835,5.445358275546955
MR,4.75,7,0,161226,0.0,0.0
MR,4.75,8,0,161226,0.0,0.0
MR,4.75,9,0,161226,0.0,0.0
MR,4.8500000000000005,1,25675,166738,15.398409480742242,15.705576052665146
MR,4.8500000000000005,2,25675,166738,15.398409480742242,15.705576052665146
MR,4.8500000000000005,3,26039,166738,15.616716045532511,15.940986968128527
MR,4.8500000000000005,4,26039,166738,15.616716045532511,15.940986968128527
MR,4.8500000000000005,5,50726,166738,30.422579136129738,31.716940555604666
MR,4.8500000000000005,6,12584,166738,7.547169811320755,4.989933402807987
MR,4.8500000000000005,7,0,166738,0.0,0.0
MR,4.8500000000000005,8,0,166738,0.0,0.0
MR,4.8500000000000005,9,0,166738,0.0,0.0
MR,4.95,1,25753,163982,15.704772475027747,15.490134928133111
MR,4.95,2,25753,163982,15.704772475027747,15.490134928133111
MR,4.95,3,26130,163982,15.934675757095292,15.709708177673065
MR,4.95,4,26130,163982,15.934675757095292,15.709708177673065
MR,4.95,5,52910,163982,32.265736483272555,31.372221428724302
MR,4.95,6,7306,163982,4.45536705248137,6.228092359663342
MR,4.95,7,0,163982,0.0,0.0
MR,4.95,8,0,163982,0.0,0.0
MR,4.95,9,0,163982,0.0,0.0
MR,5.050000000000001,1,25623,166738,15.367222828629346,15.450640356399978
MR,5.050000000000001,2,25623,166738,15.367222828629346,15.450640356399978
MR,5.050000000000001,3,25974,166738,15.577732730391393,15.674772310552063
MR,5.050000000000001,4,25974,166738,15.577732730391393,15.674772310552063
MR,5.050000000000001,5,52403,166738,31.42834866677062,32.16032346531494
MR,5.050000000000001,6,11141,166738,6.6817402151879,5.588851200780983
MR,5.050000000000001,7,0,166738,0.0,0.0
MR,5.050000000000001,8,0,166738,0.0,0.0
MR,5.050000000000001,9,0,166738,0.0,0.0
MR,5.15,1,25688,168116,15.27992576554284,15.473684431721184
MR,5.15,2,25688,168116,15.27992576554284,15.46835450953805
MR,5.15,3,26078,168116,15.511908444169501,15.690470946898188
MR,5.15,4,26078,168116,15.511908444169501,15.690470946898188
MR,5.15,5,55120,168116,32.78688524590164,31.998298309873803
MR,5.15,6,9464,168116,5.629446334673678,5.678720855070584
MR,5.15,7,0,168116,0.0,0.0
MR,5.15,8,0,168116,0.0,0.0
MR,5.15,9,0,168116,0.0,0.0
MR,5.25,1,25649,162604,15.773904700991366,15.454895751964644
MR,5.25,2,25623,162604,15.757914934441958,15.449565829781507
MR,5.25,3,25987,162604,15.981771666133675,15.678839859429857
MR,5.25,4,25987,162604,15.981771666133675,15.678839859429857
MR,5.25,5,51675,162604,31.779661016949152,31.314428710980167
MR,5.25,6,7683,162604,4.724976015350176,6.423429988413972
MR,5.25,7,0,162604,0.0,0.0
MR,5.25,8,0,162604,0.0,0.0
MR,5.25,9,0,162604,0.0,0.0
MR,5.3500000000000005,1,25740,168116,15.310856789359727,15.342719238922063
MR,5.3500000000000005,2,25740,168116,15.310856789359727,15.337389316738927
MR,5.3500000000000005,3,26130,168116,15.54283946798639,15.56480748495826
MR,5.3500000000000005,4,26130,168116,15.54283946798639,15.56480748495826
MR,5.3500000000000005,5,49387,168116,29.3767398700897,32.47351727681169
MR,5.3500000000000005,6,14989,168116,8.915867615218064,5.716759197610798
MR,5.3500000000000005,7,0,168116,0.0,0.0
MR,5.3500000000000005,8,0,168116,0.0,0.0
MR,5.3500000000000005,9,0,168116,0.0,0.0
MR,5.45,1,25740,172250,14.943396226415095,15.100981477970791
MR,5.45,2,25740,172250,14.943396226415095,15.106053500693454
MR,5.45,3,26130,172250,15.169811320754716,15.332397087827479
MR,5.45,4,26130,172250,15.169811320754716,15.332397087827479
MR,5.45,5,62465,172250,36.264150943396224,33.097075188995206
MR,5.45,6,6045,172250,3.509433962264151,6.031095656685591
MR,5.45,7,0,172250,0.0,0.0
MR,5.45,8,0,172250,0.0,0.0
MR,5.45,9,0,172250,0.0,0.0
MR,5.550000000000001,1,25714,170872,15.048691418137553,15.143160146812003
MR,5.550000000000001,2,25740,170872,15.063907486305538,15.148232169534666
MR,5.550000000000001,3,26117,170872,15.284540474741327,15.375214827408707
MR,5.550000000000001,4,26117,170872,15.284540474741327,15.375214827408707
MR,5.550000000000001,5,57499,170872,33.6503347534997,34.32411231218845
MR,5.550000000000001,6,9685,170872,5.6679853925745585,4.634065716647469
MR,5.550000000000001,7,0,170872,0.0,0.0
MR,5.550000000000001,8,0,170872,0.0,0.0
MR,5.550000000000001,9,0,170872,0.0,0.0
MR,5.65,1,25740,166738,15.437392795883362,15.103627352562228
MR,5.65,2,25740,166738,15.437392795883362,15.10869937528489
MR,5.65,3,26130,166738,15.67129268673008,15.335083051427874
MR,5.65,4,26130,166738,15.67129268673008,15.335083051427874
MR,5.65,5,55120,166738,33.05785123966942,32.95034771200876
MR,5.65,6,7878,166738,4.724777795103695,6.1671594572883786
MR,5.65,7,0,166738,0.0,0.0
MR,5.65,8,0,166738,0.0,0.0
MR,5.65,9,0,166738,0.0,0.0
MR,5.75,1,25740,173628,14.824797843665769,15.233194478477499
MR,5.75,2,25740,173628,14.824797843665769,15.233194478477499
MR,5.75,3,26130,173628,15.04941599281222,15.464000455424127
MR,5.75,4,26130,173628,15.04941599281222,15.464000455424127
MR,5.75,5,55809,173628,32.142857142857146,32.15770792957756
MR,5.75,6,14079,173628,8.108715184186883,6.447902202619183
MR,5.75,7,0,173628,0.0,0.0
MR,5.75,8,0,173628,0.0,0.0
MR,5.75,9,0,173628,0.0,0.0
MR,5.8500000000000005,1,25740,166738,15.437392795883362,15.131837859110584
MR,5.8500000000000005,2,25740,166738,15.437392795883362,15.124041196082365
MR,5.8500000000000005,3,26130,166738,15.67129268673008,15.347050510000768
MR,5.8500000000000005,4,26130,166738,15.67129268673008,15.347050510000768
MR,5.8500000000000005,5,52143,166738,31.272415406206143,30.458035389424754
MR,5.8500000000000005,6,10855,166738,6.510213628566973,8.591984535380762
MR,5.8500000000000005,7,0,166738,0.0,0.0
MR,5.8500000000000005,8,0,166738,0.0,0.0
MR,5.8500000000000005,9,0,166738,0.0,0.0
MR,5.95,1,25233,166738,15.133322937782628,15.236779458391808
MR,5.95,2,25194,166738,15.109932948697958,15.231498518634025
MR,5.95,3,25545,166738,15.320442850460003,15.455106814283488
MR,5.95,4,25545,166738,15.320442850460003,15.455106814283488
MR,5.95,5,46618,166738,27.958833619210978,30.7475232600447
MR,5.95,6,18603,166738,11.15702479338843,7.873985134362492
MR,5.95,7,0,166738,0.0,0.0
MR,5.95,8,0,166738,0.0,0.0
MR,5.95,9,0,166738,0.0,0.0
MR,6.050000000000001,1,26078,172250,15.139622641509433,15.48884896394778
MR,6.050000000000001,2,26091,172250,15.147169811320754,15.489036987821386
MR,6.050000000000001,3,26481,172250,15.373584905660378,15.711244144028095
MR,6.050000000000001,4,26481,172250,15.373584905660378,15.711244144028095
MR,6.050000000000001,5,56862,172250,33.011320754716984,28.206895865960675
MR,6.050000000000001,6,10257,172250,5.9547169811320755,9.392729894213971
MR,6.050000000000001,7,0,172250,0.0,0.0
MR,6.050000000000001,8,0,172250,0.0,0.0
MR,6.050000000000001,9,0,172250,0.0,0.0
MR,6.15,1,25662,158470,16.193601312551273,15.425540060158601
MR,6.15,2,25688,158470,16.210008203445447,15.433524747060432
MR,6.15,3,26052,158470,16.439704675963906,15.661033634126333
MR,6.15,4,26052,158470,16.439704675963906,15.661033634126333
MR,6.15,5,37479,158470,23.65053322395406,30.75395132622368
MR,6.15,6,17537,158470,11.066447908121411,7.06491659830462
MR,6.15,7,0,158470,0.0,0.0
MR,6.15,8,0,158470,0.0,0.0
MR,6.15,9,0,158470,0.0,0.0
MR,6.25,1,25740,172250,14.943396226415095,15.59014023985312
MR,6.25,2,25740,172250,14.943396226415095,15.595609203484512
MR,6.25,3,26130,172250,15.169811320754716,15.81899568687196
MR,6.25,4,26130,172250,15.169811320754716,15.81899568687196
MR,6.25,5,61321,172250,35.6,29.889705250434872
MR,6.25,6,7189,172250,4.173584905660378,7.286553932483575
MR,6.25,7,0,172250,0.0,0.0
MR,6.25,8,0,172250,0.0,0.0
MR,6.25,9,0,172250,0.0,0.0
MR,6.3500000000000005,1,25636,163982,15.633423180592992,17.937358239245032
MR,6.3500000000000005,2,25636,163982,15.633423180592992,17.921964827625207
MR,6.3500000000000005,3,25987,163982,15.847471063897258,18.286492641653574
MR,6.3500000000000005,4,25987,163982,15.847471063897258,18.286492641653574
MR,6.3500000000000005,5,49881,163982,30.418582527350562,23.259657693397983
MR,6.3500000000000005,6,10855,163982,6.61962898366894,4.308033956424633
MR,6.3500000000000005,7,0,163982,0.0,0.0
MR,6.3500000000000005,8,0,163982,0.0,0.0
MR,6.3500000000000005,9,0,163982,0.0,0.0
MR,6.45,1,45786,197054,23.23525531072701,22.756346780642463
MR,6.45,2,45695,197054,23.189075075867528,16.165180128736605
MR,6.45,3,46982,197054,23.842195540308747,23.04939433890523
MR,6.45,4,46982,197054,23.842195540308747,23.047240466242187
MR,6.45,5,7410,197054,3.760390552843383,11.728995162166825
MR,6.45,6,4199,197054,2.1308879799445837,3.2528431233066866
MR,6.45,7,0,197054,0.0,0.0
MR,6.45,8,0,197054,0.0,0.0
MR,6.45,9,0,197054,0.0,0.0
MR,6.550000000000001,1,59150,201188,29.400361850607393,24.402133848287843
MR,6.550000000000001,2,19461,201188,9.67304212974929,23.502988872739724
MR,6.550000000000001,3,59267,201188,29.45851641250969,24.730631684917565
MR,6.550000000000001,4,59254,201188,29.45205479452055,24.72847781225452
MR,6.550000000000001,5,2028,201188,1.0080124063065392,1.5894676530499716
MR,6.550000000000001,6,2028,201188,1.0080124063065392,1.0463001287503733
MR,6.550000000000001,7,0,201188,0.0,0.0
MR,6.550000000000001,8,0,201188,0.0,0.0
MR,6.550000000000001,9,0,201188,0.0,0.0
MR,6.65,1,45071,219102,20.570784383529134,23.463259436536077
MR,6.65,2,82485,219102,37.64684941260235,28.487526740532306
MR,6.65,3,45773,219102,20.89118310193426,23.689679712361823
MR,6.65,4,45773,219102,20.89118310193426,23.687525839698775
MR,6.65,5,0,219102,0.0,0.3360041354355107
MR,6.65,6,0,219102,0.0,0.3360041354355119
MR,6.65,7,0,219102,0.0,0.0
MR,6.65,8,0,219102,0.0,0.0
MR,6.65,9,0,219102,0.0,0.0
MR,6.75,1,45019,220480,20.4186320754717,20.477211146710967
MR,6.75,2,84097,220480,38.14268867924528,37.94203156520707
MR,6.75,3,45682,220480,20.71933962264151,20.79037864404098
MR,6.75,4,45682,220480,20.71933962264151,20.79037864404098
MR,6.75,5,0,220480,0.0,0.0
MR,6.75,6,0,220480,0.0,0.0
MR,6.75,7,0,220480,0.0,0.0
MR,6.75,8,0,220480,0.0,0.0
MR,6.75,9,0,220480,0.0,0.0
MR,6.8500000000000005,1,45071,220480,20.442216981132077,20.426493710691826
MR,6.8500000000000005,2,83863,220480,38.03655660377358,38.10731132075472
MR,6.8500000000000005,3,45773,220480,20.76061320754717,20.73309748427673
MR,6.8500000000000005,4,45773,220480,20.76061320754717,20.73309748427673
MR,6.8500000000000005,5,0,220480,0.0,0.0
MR,6.8500000000000005,6,0,220480,0.0,0.0
MR,6.8500000000000005,7,0,220480,0.0,0.0
MR,6.8500000000000005,8,0,220480,0.0,0.0
MR,6.8500000000000005,9,0,220480,0.0,0.0
MR,6.95,1,45019,220480,20.4186320754717,20.92795930692657
MR,6.95,2,84097,220480,38.14268867924528,35.739201965929446
MR,6.95,3,45682,220480,20.71933962264151,21.290518659669292
MR,6.95,4,45682,220480,20.71933962264151,21.29051865966929
MR,6.95,5,0,220480,0.0,0.2228331042525696
MR,6.95,6,0,220480,0.0,0.5289683035528332
MR,6.95,7,0,220480,0.0,0.0
MR,6.95,8,0,220480,0.0,0.0
MR,6.95,9,0,220480,0.0,0.0
MR,7.050000000000001,1,45617,208078,21.923028864175933,21.108726521891896
MR,7.050000000000001,2,64584,208078,31.038360614769463,31.29490870677769
MR,7.050000000000001,3,46592,208078,22.391603148819193,21.47602301380572
MR,7.050000000000001,4,46592,208078,22.391603148819193,21.47602301380572
MR,7.050000000000001,5,1391,208078,0.6684993127577159,0.24097533937593682
MR,7.050000000000001,6,3302,208078,1.5869049106585031,4.403343404343029
MR,7.050000000000001,7,0,208078,0.0,0.0
MR,7.050000000000001,8,0,208078,0.0,0.0
MR,7.050000000000001,9,0,208078,0.0,0.0
MR,7.15,1,45110,214968,20.98451862602806,21.108726521891896
MR,7.15,2,53105,214968,24.703676826318336,26.66833637973367
MR,7.15,3,45825,214968,21.317126269956457,21.47602301380572
MR,7.15,4,45825,214968,21.317126269956457,21.47602301380572
MR,7.15,5,117,214968,0.054426705370101594,0.24097533937593682
MR,7.15,6,24986,214968,11.623125302370585,9.029915731387055
MR,7.15,7,0,214968,0.0,0.0
MR,7.15,8,0,214968,0.0,0.0
MR,7.15,9,0,214968,0.0,0.0
MR,7.25,1,45019,220480,20.4186320754717,20.61512256087728
MR,7.25,2,53495,220480,24.26297169811321,24.400046363489764
MR,7.25,3,45682,220480,20.71933962264151,20.93235970004838
MR,7.25,4,45682,220480,20.71933962264151,20.93235970004838
MR,7.25,5,0,220480,0.0,0.01814223512336483
MR,7.25,6,30602,220480,13.879716981132075,13.101969440412836
MR,7.25,7,0,220480,0.0,0.0
MR,7.25,8,0,220480,0.0,0.0
MR,7.25,9,0,220480,0.0,0.0
MR,7.3500000000000005,1,45071,220480,20.442216981132077,20.426493710691826
MR,7.3500000000000005,2,53430,220480,24.233490566037737,24.25314465408805
MR,7.3500000000000005,3,45773,220480,20.76061320754717,20.73309748427673
MR,7.3500000000000005,4,45773,220480,20.76061320754717,20.73309748427673
MR,7.3500000000000005,5,0,220480,0.0,0.0
MR,7.3500000000000005,6,30433,220480,13.80306603773585,13.854166666666666
MR,7.3500000000000005,7,0,220480,0.0,0.0
MR,7.3500000000000005,8,0,220480,0.0,0.0
MR,7.3500000000000005,9,0,220480,0.0,0.0
MR,7.45,1,45019,220480,20.4186320754717,20.392031915309193
MR,7.45,2,53495,220480,24.26297169811321,24.202910758232747
MR,7.45,3,45682,220480,20.71933962264151,20.70387270987148
MR,7.45,4,45682,220480,20.71933962264151,20.70387270987148
MR,7.45,5,0,220480,0.0,0.0
MR,7.45,6,30602,220480,13.879716981132075,13.997311906715105
MR,7.45,7,0,220480,0.0,0.0
MR,7.45,8,0,220480,0.0,0.0
MR,7.45,9,0,220480,0.0,0.0
MR,7.550000000000001,1,45071,221858,20.3152466893238,20.426976636641417
MR,7.550000000000001,2,53495,221858,24.112270010547288,24.253714721683554
MR,7.550000000000001,3,45773,221858,20.63166529942576,20.73355161893362
MR,7.550000000000001,4,45773,221858,20.63166529942576,20.73355161893362
MR,7.550000000000001,5,0,221858,0.0,0.0
MR,7.550000000000001,6,31746,221858,14.309152701277394,13.852205403807785
MR,7.550000000000001,7,0,221858,0.0,0.0
MR,7.550000000000001,8,0,221858,0.0,0.0
MR,7.550000000000001,9,0,221858,0.0,0.0
MR,7.65,1,45019,219102,20.54705114512875,20.43483827186154
MR,7.65,2,53430,219102,24.385902456390173,24.243887677658403
MR,7.65,3,45682,219102,20.849649934733595,20.74730948056884
MR,7.65,4,45682,219102,20.849649934733595,20.74730948056884
MR,7.65,5,0,219102,0.0,0.0
MR,7.65,6,29289,219102,13.367746529013884,13.826655089342374
MR,7.65,7,0,219102,0.0,0.0
MR,7.65,8,0,219102,0.0,0.0
MR,7.65,9,0,219102,0.0,0.0
MR,7.75,1,45071,220480,20.442216981132077,20.469300067244173
MR,7.75,2,53430,220480,24.233490566037737,24.294121573513706
MR,7.75,3,45773,220480,20.76061320754717,20.77653425497409
MR,7.75,4,45773,220480,20.76061320754717,20.77653425497409
MR,7.75,5,0,220480,0.0,0.0
MR,7.75,6,30433,220480,13.80306603773585,13.683509849293936
MR,7.75,7,0,220480,0.0,0.0
MR,7.75,8,0,220480,0.0,0.0
MR,7.75,9,0,220480,0.0,0.0
MR,7.8500000000000005,1,45019,220480,20.4186320754717,20.43435534591195
MR,7.8500000000000005,2,53495,220480,24.26297169811321,24.2433176100629
MR,7.8500000000000005,3,45682,220480,20.71933962264151,20.74685534591195
MR,7.8500000000000005,4,45682,220480,20.71933962264151,20.74685534591195
MR,7.8500000000000005,5,0,220480,0.0,0.0
MR,7.8500000000000005,6,30602,220480,13.879716981132075,13.828616352201257
MR,7.8500000000000005,7,0,220480,0.0,0.0
MR,7.8500000000000005,8,0,220480,0.0,0.0
MR,7.8500000000000005,9,0,220480,0.0,0.0
MR,7.95,1,45071,220480,20.442216981132077,20.38421911012149
MR,7.95,2,53430,220480,24.233490566037737,24.202910758232743
MR,7.95,3,45773,220480,20.76061320754717,20.690200300793
MR,7.95,4,45773,220480,20.76061320754717,20.690200300793
MR,7.95,5,0,220480,0.0,0.0
MR,7.95,6,30433,220480,13.80306603773585,14.032469530059766
MR,7.95,7,0,220480,0.0,0.0
MR,7.95,8,0,220480,0.0,0.0
MR,7.95,9,0,220480,0.0,0.0
MR,8.05,1,45019,221858,20.291808273760694,20.392080745341616
MR,8.05,2,53495,221858,24.112270010547288,24.202910758232747
MR,8.05,3,45682,221858,20.59064807219032,20.70395816242822
MR,8.05,4,45682,221858,20.59064807219032,20.70395816242822
MR,8.05,5,0,221858,0.0,0.0
MR,8.05,6,31980,221858,14.41462557131138,13.9970921715692
MR,8.05,7,0,221858,0.0,0.0
MR,8.05,8,0,221858,0.0,0.0
MR,8.05,9,0,221858,0.0,0.0
MR,8.15,1,45071,220480,20.442216981132077,20.42702546667384
MR,8.15,2,53495,220480,24.26297169811321,24.253714721683554
MR,8.15,3,45773,220480,20.76061320754717,20.73363707149036
MR,8.15,4,45773,220480,20.76061320754717,20.73363707149036
MR,8.15,5,0,220480,0.0,0.0
MR,8.15,6,30368,220480,13.773584905660377,13.851985668661877
MR,8.15,7,0,220480,0.0,0.0
MR,8.15,8,0,220480,0.0,0.0
MR,8.15,9,0,220480,0.0,0.0
MR,8.25,1,45019,219102,20.54705114512875,20.4771617024643
MR,8.25,2,53430,219102,24.385902456390173,24.294121573513706
MR,8.25,3,45682,219102,20.849649934733595,20.79029211660931
MR,8.25,4,45682,219102,20.849649934733595,20.79029211660931
MR,8.25,5,0,219102,0.0,0.0
MR,8.25,6,29289,219102,13.367746529013884,13.648132490803368
MR,8.25,7,0,219102,0.0,0.0
MR,8.25,8,0,219102,0.0,0.0
MR,8.25,9,0,219102,0.0,0.0
MR,8.35,1,45071,220480,20.442216981132077,20.469300067244177
MR,8.35,2,53430,220480,24.233490566037737,24.294121573513706
MR,8.35,3,45773,220480,20.76061320754717,20.77653425497409
MR,8.35,4,45773,220480,20.76061320754717,20.77653425497409
MR,8.35,5,0,220480,0.0,0.0
MR,8.35,6,30433,220480,13.80306603773585,13.683509849293934
MR,8.35,7,0,220480,0.0,0.0
MR,8.35,8,0,220480,0.0,0.0
MR,8.35,9,0,220480,0.0,0.0
MR,8.450000000000001,1,45019,220480,20.4186320754717,20.392031915309193
MR,8.450000000000001,2,53495,220480,24.26297169811321,24.202910758232747
MR,8.450000000000001,3,45682,220480,20.71933962264151,20.70387270987148
MR,8.450000000000001,4,45682,220480,20.71933962264151,20.70387270987148
MR,8.450000000000001,5,0,220480,0.0,0.0
MR,8.450000000000001,6,30602,220480,13.879716981132075,13.997311906715105
MR,8.450000000000001,7,0,220480,0.0,0.0
MR,8.450000000000001,8,0,220480,0.0,0.0
MR,8.450000000000001,9,0,220480,0.0,0.0
MR,8.55,1,45071,221858,20.3152466893238,20.384170280089066
MR,8.55,2,53495,221858,24.112270010547288,24.202910758232743
MR,8.55,3,45773,221858,20.63166529942576,20.69011484823626
MR,8.55,4,45773,221858,20.63166529942576,20.69011484823626
MR,8.55,5,0,221858,0.0,0.0
MR,8.55,6,31746,221858,14.309152701277394,14.03268926520567
MR,8.55,7,0,221858,0.0,0.0
MR,8.55,8,0,221858,0.0,0.0
MR,8.55,9,0,221858,0.0,0.0
MR,8.65,1,45019,220480,20.4186320754717,20.43488771610821
MR,8.65,2,53430,220480,24.233490566037737,24.243887677658403
MR,8.65,3,45682,220480,20.71933962264151,20.747396008000507
MR,8.65,4,45682,220480,20.71933962264151,20.74739600800051
MR,8.65,5,0,220480,0.0,0.0
MR,8.65,6,30667,220480,13.909198113207546,13.82643259023237
MR,8.65,7,0,220480,0.0,0.0
MR,8.65,8,0,220480,0.0,0.0
MR,8.65,9,0,220480,0.0,0.0
MR,8.75,1,45071,219102,20.570784383529134,20.469349511490844
MR,8.75,2,53430,219102,24.385902456390173,24.294121573513706
MR,8.75,3,45773,219102,20.89118310193426,20.77662078240576
MR,8.75,4,45773,219102,20.89118310193426,20.77662078240576
MR,8.75,5,0,219102,0.0,0.0
MR,8.75,6,29055,219102,13.260946956212175,13.683287350183932
MR,8.75,7,0,219102,0.0,0.0
MR,8.75,8,0,219102,0.0,0.0
MR,8.75,9,0,219102,0.0,0.0
MR,8.85,1,45019,220480,20.4186320754717,20.47721114671097
MR,8.85,2,53495,220480,24.26297169811321,24.294121573513706
MR,8.85,3,45682,220480,20.71933962264151,20.79037864404098
MR,8.85,4,45682,220480,20.71933962264151,20.79037864404098
MR,8.85,5,0,220480,0.0,0.0
MR,8.85,6,30602,220480,13.879716981132075,13.647909991693366
MR,8.85,7,0,220480,0.0,0.0
MR,8.85,8,0,220480,0.0,0.0
MR,8.85,9,0,220480,0.0,0.0
MR,8.950000000000001,1,45071,220480,20.442216981132077,20.38421911012149
MR,8.950000000000001,2,53430,220480,24.233490566037737,24.202910758232747
MR,8.950000000000001,3,45773,220480,20.76061320754717,20.690200300793
MR,8.950000000000001,4,45773,220480,20.76061320754717,20.690200300793
MR,8.950000000000001,5,0,220480,0.0,0.0
MR,8.950000000000001,6,30433,220480,13.80306603773585,14.032469530059766
MR,8.950000000000001,7,0,220480,0.0,0.0
MR,8.950000000000001,8,0,220480,0.0,0.0
MR,8.950000000000001,9,0,220480,0.0,0.0
MR,9.05,1,45019,221858,20.291808273760694,20.392080745341616
MR,9.05,2,53495,221858,24.112270010547288,24.202910758232747
MR,9.05,3,45682,221858,20.59064807219032,20.70395816242822
MR,9.05,4,45682,221858,20.59064807219032,20.70395816242822
MR,9.05,5,0,221858,0.0,0.0
MR,9.05,6,31980,221858,14.41462557131138,13.9970921715692
MR,9.05,7,0,221858,0.0,0.0
MR,9.05,8,0,221858,0.0,0.0
MR,9.05,9,0,221858,0.0,0.0
MR,9.15,1,45071,220480,20.442216981132077,20.42702546667384
MR,9.15,2,53495,220480,24.26297169811321,24.253714721683554
MR,9.15,3,45773,220480,20.76061320754717,20.73363707149036
MR,9.15,4,45773,220480,20.76061320754717,20.73363707149036
MR,9.15,5,0,220480,0.0,0.0
MR,9.15,6,30368,220480,13.773584905660377,13.851985668661877
MR,9.15,7,0,220480,0.0,0.0
MR,9.15,8,0,220480,0.0,0.0
MR,9.15,9,0,220480,0.0,0.0
MR,9.25,1,45019,219102,20.54705114512875,20.4771617024643
MR,9.25,2,53430,219102,24.385902456390173,24.294121573513706
MR,9.25,3,45682,219102,20.849649934733595,20.79029211660931
MR,9.25,4,45682,219102,20.849649934733595,20.79029211660931
MR,9.25,5,0,219102,0.0,0.0
MR,9.25,6,29289,219102,13.367746529013884,13.648132490803368
MR,9.25,7,0,219102,0.0,0.0
MR,9.25,8,0,219102,0.0,0.0
MR,9.25,9,0,219102,0.0,0.0
MR,9.35,1,45071,220480,20.442216981132077,20.469300067244177
MR,9.35,2,53430,220480,24.233490566037737,24.294121573513706
MR,9.35,3,45773,220480,20.76061320754717,20.77653425497409
MR,9.35,4,45773,220480,20.76061320754717,20.77653425497409
MR,9.35,5,0,220480,0.0,0.0
MR,9.35,6,30433,220480,13.80306603773585,13.683509849293934
MR,9.35,7,0,220480,0.0,0.0
MR,9.35,8,0,220480,0.0,0.0
MR,9.35,9,0,220480,0.0,0.0
MR,9.450000000000001,1,45019,220480,20.4186320754717,20.392031915309193
MR,9.450000000000001,2,53495,220480,24.26297169811321,24.202910758232747
MR,9.450000000000001,3,45682,220480,20.71933962264151,20.70387270987148
MR,9.450000000000001,4,45682,220480,20.71933962264151,20.70387270987148
MR,9.450000000000001,5,0,220480,0.0,0.0
MR,9.450000000000001,6,30602,220480,13.879716981132075,13.997311906715105
MR,9.450000000000001,7,0,220480,0.0,0.0
MR,9.450000000000001,8,0,220480,0.0,0.0
MR,9.450000000000001,9,0,220480,0.0,0.0
MR,9.55,1,45071,221858,20.3152466893238,20.384170280089066
MR,9.55,2,53495,221858,24.112270010547288,24.202910758232747
MR,9.55,3,45773,221858,20.63166529942576,20.69011484823626
MR,9.55,4,45773,221858,20.63166529942576,20.69011484823626
MR,9.55,5,0,221858,0.0,0.0
MR,9.55,6,31746,221858,14.309152701277394,14.03268926520567
MR,9.55,7,0,221858,0.0,0.0
MR,9.55,8,0,221858,0.0,0.0
MR,9.55,9,0,221858,0.0,0.0
MR,9.65,1,45019,220480,20.4186320754717,20.43488771610821
MR,9.65,2,53430,220480,24.233490566037737,24.243887677658403
MR,9.65,3,45682,220480,20.71933962264151,20.747396008000507
MR,9.65,4,45682,220480,20.71933962264151,20.74739600800051
MR,9.65,5,0,220480,0.0,0.0
MR,9.65,6,30667,220480,13.909198113207546,13.82643259023237
MR,9.65,7,0,220480,0.0,0.0
MR,9.65,8,0,220480,0.0,0.0
MR,9.65,9,0,220480,0.0,0.0
MR,9.75,1,45071,219102,20.570784383529134,20.469349511490844
MR,9.75,2,53430,219102,24.385902456390173,24.294121573513706
MR,9.75,3,45773,219102,20.89118310193426,20.77662078240576
MR,9.75,4,45773,219102,20.89118310193426,20.77662078240576
MR,9.75,5,0,219102,0.0,0.0
MR,9.75,6,29055,219102,13.260946956212175,13.683287350183932
MR,9.75,7,0,219102,0.0,0.0
MR,9.75,8,0,219102,0.0,0.0
MR,9.75,9,0,219102,0.0,0.0
MR,9.850000000000001,1,45019,220480,20.4186320754717,20.47721114671097
MR,9.850000000000001,2,53495,220480,24.26297169811321,24.294121573513706
MR,9.850000000000001,3,45682,220480,20.71933962264151,20.79037864404098
MR,9.850000000000001,4,45682,220480,20.71933962264151,20.79037864404098
MR,9.850000000000001,5,0,220480,0.0,0.0
MR,9.850000000000001,6,30602,220480,13.879716981132075,13.647909991693366
MR,9.850000000000001,7,0,220480,0.0,0.0
MR,9.850000000000001,8,0,220480,0.0,0.0
MR,9.850000000000001,9,0,220480,0.0,0.0
MR,9.950000000000001,1,45071,220480,20.442216981132077,20.38421911012149
MR,9.950000000000001,2,53430,220480,24.233490566037737,24.202910758232747
MR,9.950000000000001,3,45773,220480,20.76061320754717,20.690200300793
MR,9.950000000000001,4,45773,220480,20.76061320754717,20.690200300793
MR,9.950000000000001,5,0,220480,0.0,0.0
MR,9.950000000000001,6,30433,220480,13.80306603773585,14.032469530059766
MR,9.950000000000001,7,0,220480,0.0,0.0
MR,9.950000000000001,8,0,220480,0.0,0.0
MR,9.950000000000001,9,0,220480,0.0,0.0
MR,10.05,1,45019,221858,20.291808273760694,20.392080745341616
MR,10.05,2,53495,221858,24.112270010547288,24.202910758232747
MR,10.05,3,45682,221858,20.59064807219032,20.70395816242822
MR,10.05,4,45682,221858,20.59064807219032,20.70395816242822
MR,10.05,5,0,221858,0.0,0.0
MR,10.05,6,31980,221858,14.41462557131138,13.9970921715692
MR,10.05,7,0,221858,0.0,0.0
MR,10.05,8,0,221858,0.0,0.0
MR,10.05,9,0,221858,0.0,0.0
MR,10.15,1,45071,220480,20.442216981132077,20.42702546667384
MR,10.15,2,53495,220480,24.26297169811321,24.253714721683554
MR,10.15,3,45773,220480,20.76061320754717,20.73363707149036
MR,10.15,4,45773,220480,20.76061320754717,20.73363707149036
MR,10.15,5,0,220480,0.0,0.0
MR,10.15,6,30368,220480,13.773584905660377,13.851985668661877
MR,10.15,7,0,220480,0.0,0.0
MR,10.15,8,0,220480,0.0,0.0
MR,10.15,9,0,220480,0.0,0.0
MR,10.25,1,45019,219102,20.54705114512875,20.4771617024643
MR,10.25,2,53430,219102,24.385902456390173,24.294121573513706
MR,10.25,3,45682,219102,20.849649934733595,20.79029211660931
MR,10.25,4,45682,219102,20.849649934733595,20.79029211660931
MR,10.25,5,0,219102,0.0,0.0
MR,10.25,6,29289,219102,13.367746529013884,13.648132490803368
MR,10.25,7,0,219102,0.0,0.0
MR,10.25,8,0,219102,0.0,0.0
MR,10.25,9,0,219102,0.0,0.0
MR,10.350000000000001,1,45071,220480,20.442216981132077,20.469300067244177
MR,10.350000000000001,2,53430,220480,24.233490566037737,24.294121573513706
MR,10.350000000000001,3,45773,220480,20.76061320754717,20.77653425497409
MR,10.350000000000001,4,45773,220480,20.76061320754717,20.77653425497409
MR,10.350000000000001,5,0,220480,0.0,0.0
MR,10.350000000000001,6,30433,220480,13.80306603773585,13.683509849293934
MR,10.350000000000001,7,0,220480,0.0,0.0
MR,10.350000000000001,8,0,220480,0.0,0.0
MR,10.350000000000001,9,0,220480,0.0,0.0
MR,10.450000000000001,1,45019,220480,20.4186320754717,20.392031915309193
MR,10.450000000000001,2,53495,220480,24.26297169811321,24.202910758232747
MR,10.450000000000001,3,45682,220480,20.71933962264151,20.70387270987148
MR,10.450000000000001,4,45682,220480,20.71933962264151,20.70387270987148
MR,10.450000000000001,5,0,220480,0.0,0.0
MR,10.450000000000001,6,30602,220480,13.879716981132075,13.997311906715105
MR,10.450000000000001,7,0,220480,0.0,0.0
MR,10.450000000000001,8,0,220480,0.0,0.0
MR,10.450000000000001,9,0,220480,0.0,0.0
MR,10.55,1,45071,221858,20.3152466893238,20.384170280089066
MR,10.55,2,53495,221858,24.112270010547288,24.202910758232743
MR,10.55,3,45773,221858,20.63166529942576,20.69011484823626
MR,10.55,4,45773,221858,20.63166529942576,20.69011484823626
MR,10.55,5,0,221858,0.0,0.0
MR,10.55,6,31746,221858,14.309152701277394,14.03268926520567
MR,10.55,7,0,221858,0.0,0.0
MR,10.55,8,0,221858,0.0,0.0
MR,10.55,9,0,221858,0.0,0.0
MR,10.65,1,45019,220480,20.4186320754717,20.43488771610821
MR,10.65,2,53430,220480,24.233490566037737,24.243887677658403
MR,10.65,3,45682,220480,20.71933962264151,20.747396008000507
MR,10.65,4,45682,220480,20.71933962264151,20.74739600800051
MR,10.65,5,0,220480,0.0,0.0
MR,10.65,6,30667,220480,13.909198113207546,13.82643259023237
MR,10.65,7,0,220480,0.0,0.0
MR,10.65,8,0,220480,0.0,0.0
MR,10.65,9,0,220480,0.0,0.0
MR,10.75,1,45071,219102,20.570784383529134,20.469349511490844
MR,10.75,2,53430,219102,24.385902456390173,24.294121573513706
MR,10.75,3,45773,219102,20.89118310193426,20.77662078240576
MR,10.75,4,45773,219102,20.89118310193426,20.77662078240576
MR,10.75,5,0,219102,0.0,0.0
MR,10.75,6,29055,219102,13.260946956212175,13.683287350183932
MR,10.75,7,0,219102,0.0,0.0
MR,10.75,8,0,219102,0.0,0.0
MR,10.75,9,0,219102,0.0,0.0
MR,10.850000000000001,1,45019,220480,20.4186320754717,20.47721114671097
MR,10.850000000000001,2,53495,220480,24.26297169811321,24.294121573513706
MR,10.850000000000001,3,45682,220480,20.71933962264151,20.79037864404098
MR,10.850000000000001,4,45682,220480,20.71933962264151,20.79037864404098
MR,10.850000000000001,5,0,220480,0.0,0.0
MR,10.850000000000001,6,30602,220480,13.879716981132075,13.647909991693366
MR,10.850000000000001,7,0,220480,0.0,0.0
MR,10.850000000000001,8,0,220480,0.0,0.0
MR,10.850000000000001,9,0,220480,0.0,0.0
MR,10.950000000000001,1,45071,220480,20.442216981132077,20.38421911012149
MR,10.950000000000001,2,53430,220480,24.233490566037737,24.202910758232747
MR,10.950000000000001,3,45773,220480,20.76061320754717,20.690200300793
MR,10.950000000000001,4,45773,220480,20.76061320754717,20.690200300793
MR,10.950000000000001,5,0,220480,0.0,0.0
MR,10.950000000000001,6,30433,220480,13.80306603773585,14.032469530059766
MR,10.950000000000001,7,0,220480,0.0,0.0
MR,10.950000000000001,8,0,220480,0.0,0.0
MR,10.950000000000001,9,0,220480,0.0,0.0
MR,11.05,1,45019,221858,20.291808273760694,20.392080745341616
MR,11.05,2,53495,221858,24.112270010547288,24.202910758232747
MR,11.05,3,45682,221858,20.59064807219032,20.70395816242822
MR,11.05,4,45682,221858,20.59064807219032,20.70395816242822
MR,11.05,5,0,221858,0.0,0.0
MR,11.05,6,31980,221858,14.41462557131138,13.9970921715692
MR,11.05,7,0,221858,0.0,0.0
MR,11.05,8,0,221858,0.0,0.0
MR,11.05,9,0,221858,0.0,0.0
MR,11.15,1,45071,220480,20.442216981132077,20.42702546667384
MR,11.15,2,53495,220480,24.26297169811321,24.253714721683554
MR,11.15,3,45773,220480,20.76061320754717,20.73363707149036
MR,11.15,4,45773,220480,20.76061320754717,20.73363707149036
MR,11.15,5,0,220480,0.0,0.0
MR,11.15,6,30368,220480,13.773584905660377,13.851985668661877
MR,11.15,7,0,220480,0.0,0.0
MR,11.15,8,0,220480,0.0,0.0
MR,11.15,9,0,220480,0.0,0.0
MR,11.25,1,45019,219102,20.54705114512875,20.4771617024643
MR,11.25,2,53430,219102,24.385902456390173,24.294121573513706
MR,11.25,3,45682,219102,20.849649934733595,20.79029211660931
MR,11.25,4,45682,219102,20.849649934733595,20.79029211660931
MR,11.25,5,0,219102,0.0,0.0
MR,11.25,6,29289,219102,13.367746529013884,13.648132490803368
MR,11.25,7,0,219102,0.0,0.0
MR,11.25,8,0,219102,0.0,0.0
MR,11.25,9,0,219102,0.0,0.0
MR,11.350000000000001,1,45071,220480,20.442216981132077,20.469300067244177
MR,11.350000000000001,2,53430,220480,24.233490566037737,24.294121573513706
MR,11.350000000000001,3,45773,220480,20.76061320754717,20.77653425497409
MR,11.350000000000001,4,45773,220480,20.76061320754717,20.77653425497409
MR,11.350000000000001,5,0,220480,0.0,0.0
MR,11.350000000000001,6,30433,220480,13.80306603773585,13.683509849293934
MR,11.350000000000001,7,0,220480,0.0,0.0
MR,11.350000000000001,8,0,220480,0.0,0.0
MR,11.350000000000001,9,0,220480,0.0,0.0
MR,11.450000000000001,1,45019,220480,20.4186320754717,20.392031915309193
MR,11.450000000000001,2,53495,220480,24.26297169811321,24.202910758232747
MR,11.450000000000001,3,45682,220480,20.71933962264151,20.70387270987148
MR,11.450000000000001,4,45682,220480,20.71933962264151,20.70387270987148
MR,11.450000000000001,5,0,220480,0.0,0.0
MR,11.450000000000001,6,30602,220480,13.879716981132075,13.997311906715105
MR,11.450000000000001,7,0,220480,0.0,0.0
MR,11.450000000000001,8,0,220480,0.0,0.0
MR,11.450000000000001,9,0,220480,0.0,0.0
MR,11.55,1,45071,221858,20.3152466893238,20.384170280089066
MR,11.55,2,53495,221858,24.112270010547288,24.202910758232747
MR,11.55,3,45773,221858,20.63166529942576,20.69011484823626
MR,11.55,4,45773,221858,20.63166529942576,20.69011484823626
MR,11.55,5,0,221858,0.0,0.0
MR,11.55,6,31746,221858,14.309152701277394,14.03268926520567
MR,11.55,7,0,221858,0.0,0.0
MR,11.55,8,0,221858,0.0,0.0
MR,11.55,9,0,221858,0.0,0.0
MR,11.65,1,45019,220480,20.4186320754717,20.43488771610821
MR,11.65,2,53430,220480,24.233490566037737,24.243887677658403
MR,11.65,3,45682,220480,20.71933962264151,20.747396008000507
MR,11.65,4,45682,220480,20.71933962264151,20.74739600800051
MR,11.65,5,0,220480,0.0,0.0
MR,11.65,6,30667,220480,13.909198113207546,13.82643259023237
MR,11.65,7,0,220480,0.0,0.0
MR,11.65,8,0,220480,0.0,0.0
MR,11.65,9,0,220480,0.0,0.0
MR,11.75,1,45071,219102,20.570784383529134,20.469349511490844
MR,11.75,2,53430,219102,24.385902456390173,24.294121573513706
MR,11.75,3,45773,219102,20.89118310193426,20.77662078240576
MR,11.75,4,45773,219102,20.89118310193426,20.77662078240576
MR,11.75,5,0,219102,0.0,0.0
MR,11.75,6,29055,219102,13.260946956212175,13.683287350183932
MR,11.75,7,0,219102,0.0,0.0
MR,11.75,8,0,219102,0.0,0.0
MR,11.75,9,0,219102,0.0,0.0
MR,11.850000000000001,1,45019,220480,20.4186320754717,20.47721114671097
MR,11.850000000000001,2,53495,220480,24.26297169811321,24.294121573513706
MR,11.850000000000001,3,45682,220480,20.71933962264151,20.79037864404098
MR,11.850000000000001,4,45682,220480,20.71933962264151,20.79037864404098
MR,11.850000000000001,5,0,220480,0.0,0.0
MR,11.850000000000001,6,30602,220480,13.879716981132075,13.647909991693366
MR,11.850000000000001,7,0,220480,0.0,0.0
MR,11.850000000000001,8,0,220480,0.0,0.0
MR,11.850000000000001,9,0,220480,0.0,0.0
MR,11.950000000000001,1,45071,220480,20.442216981132077,20.38421911012149
MR,11.950000000000001,2,53430,220480,24.233490566037737,24.202910758232747
MR,11.950000000000001,3,45773,220480,20.76061320754717,20.690200300793
MR,11.950000000000001,4,45773,220480,20.76061320754717,20.690200300793
MR,11.950000000000001,5,0,220480,0.0,0.0
MR,11.950000000000001,6,30433,220480,13.80306603773585,14.032469530059766
MR,11.950000000000001,7,0,220480,0.0,0.0
MR,11.950000000000001,8,0,220480,0.0,0.0
MR,11.950000000000001,9,0,220480,0.0,0.0
MR,12.05,1,45019,221858,20.291808273760694,20.392080745341616
MR,12.05,2,53495,221858,24.112270010547288,24.202910758232747
MR,12.05,3,45682,221858,20.59064807219032,20.70395816242822
MR,12.05,4,45682,221858,20.59064807219032,20.70395816242822
MR,12.05,5,0,221858,0.0,0.0
MR,12.05,6,31980,221858,14.41462557131138,13.9970921715692
MR,12.05,7,0,221858,0.0,0.0
MR,12.05,8,0,221858,0.0,0.0
MR,12.05,9,0,221858,0.0,0.0
MR,12.15,1,45071,220480,20.442216981132077,20.42702546667384
MR,12.15,2,53495,220480,24.26297169811321,24.253714721683554
MR,12.15,3,45773,220480,20.76061320754717,20.73363707149036
MR,12.15,4,45773,220480,20.76061320754717,20.73363707149036
MR,12.15,5,0,220480,0.0,0.0
MR,12.15,6,30368,220480,13.773584905660377,13.851985668661877
MR,12.15,7,0,220480,0.0,0.0
MR,12.15,8,0,220480,0.0,0.0
MR,12.15,9,0,220480,0.0,0.0
MR,12.25,1,45019,219102,20.54705114512875,20.4771617024643
MR,12.25,2,53430,219102,24.385902456390173,24.294121573513706
MR,12.25,3,45682,219102,20.849649934733595,20.79029211660931
MR,12.25,4,45682,219102,20.849649934733595,20.79029211660931
MR,12.25,5,0,219102,0.0,0.0
MR,12.25,6,29289,219102,13.367746529013884,13.648132490803368
MR,12.25,7,0,219102,0.0,0.0
MR,12.25,8,0,219102,0.0,0.0
MR,12.25,9,0,219102,0.0,0.0
MR,12.350000000000001,1,45071,220480,20.442216981132077,21.788089375420274
MR,12.350000000000001,2,53430,220480,24.233490566037737,24.34129138483446
MR,12.350000000000001,3,45773,220480,20.76061320754717,22.307587714093586
MR,12.350000000000001,4,45773,220480,20.76061320754717,22.30758771409359
MR,12.350000000000001,5,0,220480,0.0,0.0
MR,12.350000000000001,6,30433,220480,13.80306603773585,9.255443811558086
MR,12.350000000000001,7,0,220480,0.0,0.0
MR,12.350000000000001,8,0,220480,0.0,0.0
MR,12.350000000000001,9,0,220480,0.0,0.0
MR,12.450000000000001,1,53742,220480,24.375,23.115172955974845
MR,12.450000000000001,2,53807,220480,24.40448113207547,24.388757861635224
MR,12.450000000000001,3,55809,220480,25.3125,23.84827044025157
MR,12.450000000000001,4,55809,220480,25.3125,23.84827044025157
MR,12.450000000000001,5,0,220480,0.0,0.0
MR,12.450000000000001,6,1313,220480,0.5955188679245284,4.799528301886792
MR,12.450000000000001,7,0,220480,0.0,0.0
MR,12.450000000000001,8,0,220480,0.0,0.0
MR,12.450000000000001,9,0,220480,0.0,0.0
MR,12.55,1,54418,221858,24.528301886792452,24.477201257861637
MR,12.55,2,54418,221858,24.528301886792452,24.48702830188679
MR,12.55,3,56511,221858,25.471698113207548,25.418632075471702
MR,12.55,4,56511,221858,25.471698113207548,25.418632075471702
MR,12.55,5,0,221858,0.0,0.0
MR,12.55,6,0,221858,0.0,0.19850628930817493
MR,12.55,7,0,221858,0.0,0.0
MR,12.55,8,0,221858,0.0,0.0
MR,12.55,9,0,221858,0.0,0.0
MR,12.65,1,54080,220480,24.528301886792452,24.528301886792452
MR,12.65,2,54080,220480,24.528301886792452,24.528301886792452
MR,12.65,3,56160,220480,25.471698113207548,25.471698113207548
MR,12.65,4,56160,220480,25.471698113207548,25.471698113207548
MR,12.65,5,0,220480,0.0,0.0
MR,12.65,6,0,220480,0.0,0.0
MR,12.65,7,0,220480,0.0,0.0
MR,12.65,8,0,220480,0.0,0.0
MR,12.65,9,0,220480,0.0,0.0
MR,12.75,1,53742,219102,24.528301886792452,24.528301886792452
MR,12.75,2,53742,219102,24.528301886792452,24.528301886792452
MR,12.75,3,55809,219102,25.471698113207548,25.471698113207548
MR,12.75,4,55809,219102,25.471698113207548,25.471698113207548
MR,12.75,5,0,219102,0.0,0.0
MR,12.75,6,0,219102,0.0,0.0
MR,12.75,7,0,219102,0.0,0.0
MR,12.75,8,0,219102,0.0,0.0
MR,12.75,9,0,219102,0.0,0.0
MR,12.850000000000001,1,54080,220480,24.528301886792452,24.528301886792452
MR,12.850000000000001,2,54080,220480,24.528301886792452,24.528301886792452
MR,12.850000000000001,3,56160,220480,25.471698113207548,25.471698113207548
MR,12.850000000000001,4,56160,220480,25.471698113207548,25.471698113207548
MR,12.850000000000001,5,0,220480,0.0,0.0
MR,12.850000000000001,6,0,220480,0.0,0.0
MR,12.850000000000001,7,0,220480,0.0,0.0
MR,12.850000000000001,8,0,220480,0.0,0.0
MR,12.850000000000001,9,0,220480,0.0,0.0
MR,12.950000000000001,1,54080,220480,24.528301886792452,24.528301886792452
MR,12.950000000000001,2,54080,220480,24.528301886792452,24.528301886792452
MR,12.950000000000001,3,56160,220480,25.471698113207548,25.471698113207548
MR,12.950000000000001,4,56160,220480,25.471698113207548,25.471698113207548
MR,12.950000000000001,5,0,220480,0.0,0.0
MR,12.950000000000001,6,0,220480,0.0,0.0
MR,12.950000000000001,7,0,220480,0.0,0.0
MR,12.950000000000001,8,0,220480,0.0,0.0
MR,12.950000000000001,9,0,220480,0.0,0.0
MR,13.05,1,54080,220480,24.528301886792452,24.528301886792452
MR,13.05,2,54080,220480,24.528301886792452,24.528301886792452
MR,13.05,3,56160,220480,25.471698113207548,25.471698113207548
MR,13.05,4,56160,220480,25.471698113207548,25.471698113207548
MR,13.05,5,0,220480,0.0,0.0
MR,13.05,6,0,220480,0.0,0.0
MR,13.05,7,0,220480,0.0,0.0
MR,13.05,8,0,220480,0.0,0.0
MR,13.05,9,0,220480,0.0,0.0
MR,13.15,1,54418,221858,24.528301886792452,24.528301886792452
MR,13.15,2,54418,221858,24.528301886792452,24.528301886792452
MR,13.15,3,56511,221858,25.471698113207548,25.471698113207548
MR,13.15,4,56511,221858,25.471698113207548,25.471698113207548
MR,13.15,5,0,221858,0.0,0.0
MR,13.15,6,0,221858,0.0,0.0
MR,13.15,7,0,221858,0.0,0.0
MR,13.15,8,0,221858,0.0,0.0
MR,13.15,9,0,221858,0.0,0.0
MR,13.25,1,53742,219102,24.528301886792452,24.528301886792452
MR,13.25,2,53742,219102,24.528301886792452,24.528301886792452
MR,13.25,3,55809,219102,25.471698113207548,25.471698113207548
MR,13.25,4,55809,219102,25.471698113207548,25.471698113207548
MR,13.25,5,0,219102,0.0,0.0
MR,13.25,6,0,219102,0.0,0.0
MR,13.25,7,0,219102,0.0,0.0
MR,13.25,8,0,219102,0.0,0.0
MR,13.25,9,0,219102,0.0,0.0
MR,13.350000000000001,1,54080,220480,24.528301886792452,24.528301886792452
MR,13.350000000000001,2,54080,220480,24.528301886792452,24.528301886792452
MR,13.350000000000001,3,56160,220480,25.471698113207548,25.471698113207548
MR,13.350000000000001,4,56160,220480,25.471698113207548,25.471698113207548
MR,13.350000000000001,5,0,220480,0.0,0.0
MR,13.350000000000001,6,0,220480,0.0,0.0
MR,13.350000000000001,7,0,220480,0.0,0.0
MR,13.350000000000001,8,0,220480,0.0,0.0
MR,13.350000000000001,9,0,220480,0.0,0.0
MR,13.450000000000001,1,54080,220480,24.528301886792452,24.528301886792452
MR,13.450000000000001,2,54080,220480,24.528301886792452,24.528301886792452
MR,13.450000000000001,3,56160,220480,25.471698113207548,25.471698113207548
MR,13.450000000000001,4,56160,220480,25.471698113207548,25.471698113207548
MR,13.450000000000001,5,0,220480,0.0,0.0
MR,13.450000000000001,6,0,220480,0.0,0.0
MR,13.450000000000001,7,0,220480,0.0,0.0
MR,13.450000000000001,8,0,220480,0.0,0.0
MR,13.450000000000001,9,0,220480,0.0,0.0
MR,13.55,1,54080,220480,24.528301886792452,24.528301886792452
MR,13.55,2,54080,220480,24.528301886792452,24.528301886792452
MR,13.55,3,56160,220480,25.471698113207548,25.471698113207548
MR,13.55,4,56160,220480,25.471698113207548,25.471698113207548
MR,13.55,5,0,220480,0.0,0.0
MR,13.55,6,0,220480,0.0,0.0
MR,13.55,7,0,220480,0.0,0.0
MR,13.55,8,0,220480,0.0,0.0
MR,13.55,9,0,220480,0.0,0.0
MR,13.65,1,54418,221858,24.528301886792452,24.528301886792452
MR,13.65,2,54418,221858,24.528301886792452,24.528301886792452
MR,13.65,3,56511,221858,25.471698113207548,25.471698113207548
MR,13.65,4,56511,221858,25.471698113207548,25.471698113207548
MR,13.65,5,0,221858,0.0,0.0
MR,13.65,6,0,221858,0.0,0.0
MR,13.65,7,0,221858,0.0,0.0
MR,13.65,8,0,221858,0.0,0.0
MR,13.65,9,0,221858,0.0,0.0
MR,13.75,1,53742,219102,24.528301886792452,24.528301886792452
MR,13.75,2,53742,219102,24.528301886792452,24.528301886792452
MR,13.75,3,55809,219102,25.471698113207548,25.471698113207548
MR,13.75,4,55809,219102,25.471698113207548,25.471698113207548
MR,13.75,5,0,219102,0.0,0.0
MR,13.75,6,0,219102,0.0,0.0
MR,13.75,7,0,219102,0.0,0.0
MR,13.75,8,0,219102,0.0,0.0
MR,13.75,9,0,219102,0.0,0.0
MR,13.850000000000001,1,54080,220480,24.528301886792452,24.528301886792452
MR,13.850000000000001,2,54080,220480,24.528301886792452,24.528301886792452
MR,13.850000000000001,3,56160,220480,25.471698113207548,25.471698113207548
MR,13.850000000000001,4,56160,220480,25.471698113207548,25.471698113207548
MR,13.850000000000001,5,0,220480,0.0,0.0
MR,13.850000000000001,6,0,220480,0.0,0.0
MR,13.850000000000001,7,0,220480,0.0,0.0
MR,13.850000000000001,8,0,220480,0.0,0.0
MR,13.850000000000001,9,0,220480,0.0,0.0
MR,13.950000000000001,1,54080,220480,24.528301886792452,24.528301886792452
MR,13.950000000000001,2,54080,220480,24.528301886792452,24.528301886792452
MR,13.950000000000001,3,56160,220480,25.471698113207548,25.471698113207548
MR,13.950000000000001,4,56160,220480,25.471698113207548,25.471698113207548
MR,13.950000000000001,5,0,220480,0.0,0.0
MR,13.950000000000001,6,0,220480,0.0,0.0
MR,13.950000000000001,7,0,220480,0.0,0.0
MR,13.950000000000001,8,0,220480,0.0,0.0
MR,13.950000000000001,9,0,220480,0.0,0.0
MR,14.05,1,54080,220480,24.528301886792452,24.528301886792452
MR,14.05,2,54080,220480,24.528301886792452,24.528301886792452
MR,14.05,3,56160,220480,25.471698113207548,25.471698113207548
MR,14.05,4,56160,220480,25.471698113207548,25.471698113207548
MR,14.05,5,0,220480,0.0,0.0
MR,14.05,6,0,220480,0.0,0.0
MR,14.05,7,0,220480,0.0,0.0
MR,14.05,8,0,220480,0.0,0.0
MR,14.05,9,0,220480,0.0,0.0
MR,14.15,1,54418,221858,24.528301886792452,24.528301886792452
MR,14.15,2,54418,221858,24.528301886792452,24.528301886792452
MR,14.15,3,56511,221858,25.471698113207548,25.471698113207548
MR,14.15,4,56511,221858,25.471698113207548,25.471698113207548
MR,14.15,5,0,221858,0.0,0.0
MR,14.15,6,0,221858,0.0,0.0
MR,14.15,7,0,221858,0.0,0.0
MR,14.15,8,0,221858,0.0,0.0
MR,14.15,9,0,221858,0.0,0.0
MR,14.25,1,53742,219102,24.528301886792452,24.528301886792452
MR,14.25,2,53742,219102,24.528301886792452,24.528301886792452
MR,14.25,3,55809,219102,25.471698113207548,25.471698113207548
MR,14.25,4,55809,219102,25.471698113207548,25.471698113207548
MR,14.25,5,0,219102,0.0,0.0
MR,14.25,6,0,219102,0.0,0.0
MR,14.25,7,0,219102,0.0,0.0
MR,14.25,8,0,219102,0.0,0.0
MR,14.25,9,0,219102,0.0,0.0
MR,14.350000000000001,1,54080,220480,24.528301886792452,24.528301886792452
MR,14.350000000000001,2,54080,220480,24.528301886792452,24.528301886792452
MR,14.350000000000001,3,56160,220480,25.471698113207548,25.471698113207548
MR,14.350000000000001,4,56160,220480,25.471698113207548,25.471698113207548
MR,14.350000000000001,5,0,220480,0.0,0.0
MR,14.350000000000001,6,0,220480,0.0,0.0
MR,14.350000000000001,7,0,220480,0.0,0.0
MR,14.350000000000001,8,0,220480,0.0,0.0
MR,14.350000000000001,9,0,220480,0.0,0.0
MR,14.450000000000001,1,54080,220480,24.528301886792452,24.528301886792452
MR,14.450000000000001,2,54080,220480,24.528301886792452,24.528301886792452
MR,14.450000000000001,3,56160,220480,25.471698113207548,25.471698113207548
MR,14.450000000000001,4,56160,220480,25.471698113207548,25.471698113207548
MR,14.450000000000001,5,0,220480,0.0,0.0
MR,14.450000000000001,6,0,220480,0.0,0.0
MR,14.450000000000001,7,0,220480,0.0,0.0
MR,14.450000000000001,8,0,220480,0.0,0.0
MR,14.450000000000001,9,0,220480,0.0,0.0
MR,14.55,1,54080,220480,24.528301886792452,24.528301886792452
MR,14.55,2,54080,220480,24.528301886792452,24.528301886792452
MR,14.55,3,56160,220480,25.471698113207548,25.471698113207548
MR,14.55,4,56160,220480,25.471698113207548,25.471698113207548
MR,14.55,5,0,220480,0.0,0.0
MR,14.55,6,0,220480,0.0,0.0
MR,14.55,7,0,220480,0.0,0.0
MR,14.55,8,0,220480,0.0,0.0
MR,14.55,9,0,220480,0.0,0.0
MR,14.65,1,54418,221858,24.528301886792452,24.528301886792452
MR,14.65,2,54418,221858,24.528301886792452,24.528301886792452
MR,14.65,3,56511,221858,25.471698113207548,25.471698113207548
MR,14.65,4,56511,221858,25.471698113207548,25.471698113207548
MR,14.65,5,0,221858,0.0,0.0
MR,14.65,6,0,221858,0.0,0.0
MR,14.65,7,0,221858,0.0,0.0
MR,14.65,8,0,221858,0.0,0.0
MR,14.65,9,0,221858,0.0,0.0
MR,14.75,1,53742,219102,24.528301886792452,24.528301886792452
MR,14.75,2,53742,219102,24.528301886792452,24.528301886792452
MR,14.75,3,55809,219102,25.471698113207548,25.471698113207548
MR,14.75,4,55809,219102,25.471698113207548,25.471698113207548
MR,14.75,5,0,219102,0.0,0.0
MR,14.75,6,0,219102,0.0,0.0
MR,14.75,7,0,219102,0.0,0.0
MR,14.75,8,0,219102,0.0,0.0
MR,14.75,9,0,219102,0.0,0.0
MR,14.850000000000001,1,54080,220480,24.528301886792452,24.528301886792452
MR,14.850000000000001,2,54080,220480,24.528301886792452,24.528301886792452
MR,14.850000000000001,3,56160,220480,25.471698113207548,25.471698113207548
MR,14.850000000000001,4,56160,220480,25.471698113207548,25.471698113207548
MR,14.850000000000001,5,0,220480,0.0,0.0
MR,14.850000000000001,6,0,220480,0.0,0.0
MR,14.850000000000001,7,0,220480,0.0,0.0
MR,14.850000000000001,8,0,220480,0.0,0.0
MR,14.850000000000001,9,0,220480,0.0,0.0
MR,14.950000000000001,1,54080,220480,24.528301886792452,24.528301886792452
MR,14.950000000000001,2,54080,220480,24.528301886792452,24.528301886792452
MR,14.950000000000001,3,56160,220480,25.471698113207548,25.471698113207548
MR,14.950000000000001,4,56160,220480,25.471698113207548,25.471698113207548
MR,14.950000000000001,5,0,220480,0.0,0.0
MR,14.950000000000001,6,0,220480,0.0,0.0
MR,14.950000000000001,7,0,220480,0.0,0.0
MR,14.950000000000001,8,0,220480,0.0,0.0
MR,14.950000000000001,9,0,220480,0.0,0.0
MR,15.05,1,54080,220480,24.528301886792452,24.528301886792452
MR,15.05,2,54080,220480,24.528301886792452,24.528301886792452
MR,15.05,3,56160,220480,25.471698113207548,25.471698113207548
MR,15.05,4,56160,220480,25.471698113207548,25.471698113207548
MR,15.05,5,0,220480,0.0,0.0
MR,15.05,6,0,220480,0.0,0.0
MR,15.05,7,0,220480,0.0,0.0
MR,15.05,8,0,220480,0.0,0.0
MR,15.05,9,0,220480,0.0,0.0
MR,15.15,1,54418,221858,24.528301886792452,24.528301886792452
MR,15.15,2,54418,221858,24.528301886792452,24.528301886792452
MR,15.15,3,56511,221858,25.471698113207548,25.471698113207548
MR,15.15,4,56511,221858,25.471698113207548,25.471698113207548
MR,15.15,5,0,221858,0.0,0.0
MR,15.15,6,0,221858,0.0,0.0
MR,15.15,7,0,221858,0.0,0.0
MR,15.15,8,0,221858,0.0,0.0
MR,15.15,9,0,221858,0.0,0.0
MR,15.25,1,53742,219102,24.528301886792452,24.528301886792452
MR,15.25,2,53742,219102,24.528301886792452,24.528301886792452
MR,15.25,3,55809,219102,25.471698113207548,25.471698113207548
MR,15.25,4,55809,219102,25.471698113207548,25.471698113207548
MR,15.25,5,0,219102,0.0,0.0
MR,15.25,6,0,219102,0.0,0.0
MR,15.25,7,0,219102,0.0,0.0
MR,15.25,8,0,219102,0.0,0.0
MR,15.25,9,0,219102,0.0,0.0
MR,15.350000000000001,1,54080,220480,24.528301886792452,24.528301886792452
MR,15.350000000000001,2,54080,220480,24.528301886792452,24.528301886792452
MR,15.350000000000001,3,56160,220480,25.471698113207548,25.471698113207548
MR,15.350000000000001,4,56160,220480,25.471698113207548,25.471698113207548
MR,15.350000000000001,5,0,220480,0.0,0.0
MR,15.350000000000001,6,0,220480,0.0,0.0
MR,15.350000000000001,7,0,220480,0.0,0.0
MR,15.350000000000001,8,0,220480,0.0,0.0
MR,15.350000000000001,9,0,220480,0.0,0.0
MR,15.450000000000001,1,54080,220480,24.528301886792452,24.528301886792452
MR,15.450000000000001,2,54080,220480,24.528301886792452,24.528301886792452
MR,15.450000000000001,3,56160,220480,25.471698113207548,25.471698113207548
MR,15.450000000000001,4,56160,220480,25.471698113207548,25.471698113207548
MR,15.450000000000001,5,0,220480,0.0,0.0
MR,15.450000000000001,6,0,220480,0.0,0.0
MR,15.450000000000001,7,0,220480,0.0,0.0
MR,15.450000000000001,8,0,220480,0.0,0.0
MR,15.450000000000001,9,0,220480,0.0,0.0
MR,15.55,1,54080,220480,24.528301886792452,24.528301886792452
MR,15.55,2,54080,220480,24.528301886792452,24.528301886792452
MR,15.55,3,56160,220480,25.471698113207548,25.471698113207548
MR,15.55,4,56160,220480,25.471698113207548,25.471698113207548
MR,15.55,5,0,220480,0.0,0.0
MR,15.55,6,0,220480,0.0,0.0
MR,15.55,7,0,220480,0.0,0.0
MR,15.55,8,0,220480,0.0,0.0
MR,15.55,9,0,220480,0.0,0.0
MR,15.65,1,54418,221858,24.528301886792452,24.528301886792452
MR,15.65,2,54418,221858,24.528301886792452,24.528301886792452
MR,15.65,3,56511,221858,25.471698113207548,25.471698113207548
MR,15.65,4,56511,221858,25.471698113207548,25.471698113207548
MR,15.65,5,0,221858,0.0,0.0
MR,15.65,6,0,221858,0.0,0.0
MR,15.65,7,0,221858,0.0,0.0
MR,15.65,8,0,221858,0.0,0.0
MR,15.65,9,0,221858,0.0,0.0
MR,15.75,1,53742,219102,24.528301886792452,24.528301886792452
MR,15.75,2,53742,219102,24.528301886792452,24.528301886792452
MR,15.75,3,55809,219102,25.471698113207548,25.471698113207548
MR,15.75,4,55809,219102,25.471698113207548,25.471698113207548
MR,15.75,5,0,219102,0.0,0.0
MR,15.75,6,0,219102,0.0,0.0
MR,15.75,7,0,219102,0.0,0.0
MR,15.75,8,0,219102,0.0,0.0
MR,15.75,9,0,219102,0.0,0.0
MR,15.850000000000001,1,54080,220480,24.528301886792452,24.528301886792452
MR,15.850000000000001,2,54080,220480,24.528301886792452,24.528301886792452
MR,15.850000000000001,3,56160,220480,25.471698113207548,25.471698113207548
MR,15.850000000000001,4,56160,220480,25.471698113207548,25.471698113207548
MR,15.850000000000001,5,0,220480,0.0,0.0
MR,15.850000000000001,6,0,220480,0.0,0.0
MR,15.850000000000001,7,0,220480,0.0,0.0
MR,15.850000000000001,8,0,220480,0.0,0.0
MR,15.850000000000001,9,0,220480,0.0,0.0
MR,15.950000000000001,1,54080,220480,24.528301886792452,24.528301886792452
MR,15.950000000000001,2,54080,220480,24.528301886792452,24.528301886792452
MR,15.950000000000001,3,56160,220480,25.471698113207548,25.471698113207548
MR,15.950000000000001,4,56160,220480,25.471698113207548,25.471698113207548
MR,15.950000000000001,5,0,220480,0.0,0.0
MR,15.950000000000001,6,0,220480,0.0,0.0
MR,15.950000000000001,7,0,220480,0.0,0.0
MR,15.950000000000001,8,0,220480,0.0,0.0
MR,15.950000000000001,9,0,220480,0.0,0.0
MR,16.05,1,54080,220480,24.528301886792452,24.528301886792452
MR,16.05,2,54080,220480,24.528301886792452,24.528301886792452
MR,16.05,3,56160,220480,25.471698113207548,25.471698113207548
MR,16.05,4,56160,220480,25.471698113207548,25.471698113207548
MR,16.05,5,0,220480,0.0,0.0
MR,16.05,6,0,220480,0.0,0.0
MR,16.05,7,0,220480,0.0,0.0
MR,16.05,8,0,220480,0.0,0.0
MR,16.05,9,0,220480,0.0,0.0
MR,16.150000000000002,1,54418,221858,24.528301886792452,24.528301886792452
MR,16.150000000000002,2,54418,221858,24.528301886792452,24.528301886792452
MR,16.150000000000002,3,56511,221858,25.471698113207548,25.471698113207548
MR,16.150000000000002,4,56511,221858,25.471698113207548,25.471698113207548
MR,16.150000000000002,5,0,221858,0.0,0.0
MR,16.150000000000002,6,0,221858,0.0,0.0
MR,16.150000000000002,7,0,221858,0.0,0.0
MR,16.150000000000002,8,0,221858,0.0,0.0
MR,16.150000000000002,9,0,221858,0.0,0.0
MR,16.25,1,53742,219102,24.528301886792452,24.528301886792452
MR,16.25,2,53742,219102,24.528301886792452,24.528301886792452
MR,16.25,3,55809,219102,25.471698113207548,25.471698113207548
MR,16.25,4,55809,219102,25.471698113207548,25.471698113207548
MR,16.25,5,0,219102,0.0,0.0
MR,16.25,6,0,219102,0.0,0.0
MR,16.25,7,0,219102,0.0,0.0
MR,16.25,8,0,219102,0.0,0.0
MR,16.25,9,0,219102,0.0,0.0
MR,16.35,1,54418,221858,24.528301886792452,24.528301886792452
MR,16.35,2,54418,221858,24.528301886792452,24.528301886792452
MR,16.35,3,56511,221858,25.471698113207548,25.471698113207548
MR,16.35,4,56511,221858,25.471698113207548,25.471698113207548
MR,16.35,5,0,221858,0.0,0.0
MR,16.35,6,0,221858,0.0,0.0
MR,16.35,7,0,221858,0.0,0.0
MR,16.35,8,0,221858,0.0,0.0
MR,16.35,9,0,221858,0.0,0.0
MR,16.45,1,53742,219102,24.528301886792452,24.528301886792452
MR,16.45,2,53742,219102,24.528301886792452,24.528301886792452
MR,16.45,3,55809,219102,25.471698113207548,25.471698113207548
MR,16.45,4,55809,219102,25.471698113207548,25.471698113207548
MR,16.45,5,0,219102,0.0,0.0
MR,16.45,6,0,219102,0.0,0.0
MR,16.45,7,0,219102,0.0,0.0
MR,16.45,8,0,219102,0.0,0.0
MR,16.45,9,0,219102,0.0,0.0
MR,16.55,1,54080,220480,24.528301886792452,24.528301886792452
MR,16.55,2,54080,220480,24.528301886792452,24.528301886792452
MR,16.55,3,56160,220480,25.471698113207548,25.471698113207548
MR,16.55,4,56160,220480,25.471698113207548,25.471698113207548
MR,16.55,5,0,220480,0.0,0.0
MR,16.55,6,0,220480,0.0,0.0
MR,16.55,7,0,220480,0.0,0.0
MR,16.55,8,0,220480,0.0,0.0
MR,16.55,9,0,220480,0.0,0.0
MR,16.650000000000002,1,54418,221858,24.528301886792452,24.528301886792452
MR,16.650000000000002,2,54418,221858,24.528301886792452,24.528301886792452
MR,16.650000000000002,3,56511,221858,25.471698113207548,25.471698113207548
MR,16.650000000000002,4,56511,221858,25.471698113207548,25.471698113207548
MR,16.650000000000002,5,0,221858,0.0,0.0
MR,16.650000000000002,6,0,221858,0.0,0.0
MR,16.650000000000002,7,0,221858,0.0,0.0
MR,16.650000000000002,8,0,221858,0.0,0.0
MR,16.650000000000002,9,0,221858,0.0,0.0
MR,16.75,1,53742,219102,24.528301886792452,24.528301886792452
MR,16.75,2,53742,219102,24.528301886792452,24.528301886792452
MR,16.75,3,55809,219102,25.471698113207548,25.471698113207548
MR,16.75,4,55809,219102,25.471698113207548,25.471698113207548
MR,16.75,5,0,219102,0.0,0.0
MR,16.75,6,0,219102,0.0,0.0
MR,16.75,7,0,219102,0.0,0.0
MR,16.75,8,0,219102,0.0,0.0
MR,16.75,9,0,219102,0.0,0.0
MR,16.85,1,54418,221858,24.528301886792452,24.528301886792452
MR,16.85,2,54418,221858,24.528301886792452,24.528301886792452
MR,16.85,3,56511,221858,25.471698113207548,25.471698113207548
MR,16.85,4,56511,221858,25.471698113207548,25.471698113207548
MR,16.85,5,0,221858,0.0,0.0
MR,16.85,6,0,221858,0.0,0.0
MR,16.85,7,0,221858,0.0,0.0
MR,16.85,8,0,221858,0.0,0.0
MR,16.85,9,0,221858,0.0,0.0
MR,16.95,1,53742,219102,24.528301886792452,24.528301886792452
MR,16.95,2,53742,219102,24.528301886792452,24.528301886792452
MR,16.95,3,55809,219102,25.471698113207548,25.471698113207548
MR,16.95,4,55809,219102,25.471698113207548,25.471698113207548
MR,16.95,5,0,219102,0.0,0.0
MR,16.95,6,0,219102,0.0,0.0
MR,16.95,7,0,219102,0.0,0.0
MR,16.95,8,0,219102,0.0,0.0
MR,16.95,9,0,219102,0.0,0.0
MR,17.05,1,54080,220480,24.528301886792452,24.528301886792452
MR,17.05,2,54080,220480,24.528301886792452,24.528301886792452
MR,17.05,3,56160,220480,25.471698113207548,25.471698113207548
MR,17.05,4,56160,220480,25.471698113207548,25.471698113207548
MR,17.05,5,0,220480,0.0,0.0
MR,17.05,6,0,220480,0.0,0.0
MR,17.05,7,0,220480,0.0,0.0
MR,17.05,8,0,220480,0.0,0.0
MR,17.05,9,0,220480,0.0,0.0
MR,17.150000000000002,1,54418,221858,24.528301886792452,24.528301886792452
MR,17.150000000000002,2,54418,221858,24.528301886792452,24.528301886792452
MR,17.150000000000002,3,56511,221858,25.471698113207548,25.471698113207548
MR,17.150000000000002,4,56511,221858,25.471698113207548,25.471698113207548
MR,17.150000000000002,5,0,221858,0.0,0.0
MR,17.150000000000002,6,0,221858,0.0,0.0
MR,17.150000000000002,7,0,221858,0.0,0.0
MR,17.150000000000002,8,0,221858,0.0,0.0
MR,17.150000000000002,9,0,221858,0.0,0.0
MR,17.25,1,53742,219102,24.528301886792452,24.528301886792452
MR,17.25,2,53742,219102,24.528301886792452,24.528301886792452
MR,17.25,3,55809,219102,25.471698113207548,25.471698113207548
MR,17.25,4,55809,219102,25.471698113207548,25.471698113207548
MR,17.25,5,0,219102,0.0,0.0
MR,17.25,6,0,219102,0.0,0.0
MR,17.25,7,0,219102,0.0,0.0
MR,17.25,8,0,219102,0.0,0.0
MR,17.25,9,0,219102,0.0,0.0
MR,17.35,1,54418,221858,24.528301886792452,24.528301886792452
MR,17.35,2,54418,221858,24.528301886792452,24.528301886792452
MR,17.35,3,56511,221858,25.471698113207548,25.471698113207548
MR,17.35,4,56511,221858,25.471698113207548,25.471698113207548
MR,17.35,5,0,221858,0.0,0.0
MR,17.35,6,0,221858,0.0,0.0
MR,17.35,7,0,221858,0.0,0.0
MR,17.35,8,0,221858,0.0,0.0
MR,17.35,9,0,221858,0.0,0.0
MR,17.45,1,53742,219102,24.528301886792452,24.528301886792452
MR,17.45,2,53742,219102,24.528301886792452,24.528301886792452
MR,17.45,3,55809,219102,25.471698113207548,25.471698113207548
MR,17.45,4,55809,219102,25.471698113207548,25.471698113207548
MR,17.45,5,0,219102,0.0,0.0
MR,17.45,6,0,219102,0.0,0.0
MR,17.45,7,0,219102,0.0,0.0
MR,17.45,8,0,219102,0.0,0.0
MR,17.45,9,0,219102,0.0,0.0
MR,17.55,1,54080,220480,24.528301886792452,24.528301886792452
MR,17.55,2,54080,220480,24.528301886792452,24.528301886792452
MR,17.55,3,56160,220480,25.471698113207548,25.471698113207548
MR,17.55,4,56160,220480,25.471698113207548,25.471698113207548
MR,17.55,5,0,220480,0.0,0.0
MR,17.55,6,0,220480,0.0,0.0
MR,17.55,7,0,220480,0.0,0.0
MR,17.55,8,0,220480,0.0,0.0
MR,17.55,9,0,220480,0.0,0.0
MR,17.650000000000002,1,54418,221858,24.528301886792452,24.528301886792452
MR,17.650000000000002,2,54418,221858,24.528301886792452,24.528301886792452
MR,17.650000000000002,3,56511,221858,25.471698113207548,25.471698113207548
MR,17.650000000000002,4,56511,221858,25.471698113207548,25.471698113207548
MR,17.650000000000002,5,0,221858,0.0,0.0
MR,17.650000000000002,6,0,221858,0.0,0.0
MR,17.650000000000002,7,0,221858,0.0,0.0
MR,17.650000000000002,8,0,221858,0.0,0.0
MR,17.650000000000002,9,0,221858,0.0,0.0
MR,17.75,1,53742,219102,24.528301886792452,24.528301886792452
MR,17.75,2,53742,219102,24.528301886792452,24.528301886792452
MR,17.75,3,55809,219102,25.471698113207548,25.471698113207548
MR,17.75,4,55809,219102,25.471698113207548,25.471698113207548
MR,17.75,5,0,219102,0.0,0.0
MR,17.75,6,0,219102,0.0,0.0
MR,17.75,7,0,219102,0.0,0.0
MR,17.75,8,0,219102,0.0,0.0
MR,17.75,9,0,219102,0.0,0.0
MR,17.85,1,54418,221858,24.528301886792452,24.528301886792452
MR,17.85,2,54418,221858,24.528301886792452,24.528301886792452
MR,17.85,3,56511,221858,25.471698113207548,25.471698113207548
MR,17.85,4,56511,221858,25.471698113207548,25.471698113207548
MR,17.85,5,0,221858,0.0,0.0
MR,17.85,6,0,221858,0.0,0.0
MR,17.85,7,0,221858,0.0,0.0
MR,17.85,8,0,221858,0.0,0.0
MR,17.85,9,0,221858,0.0,0.0
MR,17.95,1,53742,219102,24.528301886792452,24.528301886792452
MR,17.95,2,53742,219102,24.528301886792452,24.528301886792452
MR,17.95,3,55809,219102,25.471698113207548,25.471698113207548
MR,17.95,4,55809,219102,25.471698113207548,25.471698113207548
MR,17.95,5,0,219102,0.0,0.0
MR,17.95,6,0,219102,0.0,0.0
MR,17.95,7,0,219102,0.0,0.0
MR,17.95,8,0,219102,0.0,0.0
MR,17.95,9,0,219102,0.0,0.0
MR,18.05,1,54080,220480,24.528301886792452,24.528301886792452
MR,18.05,2,54080,220480,24.528301886792452,24.528301886792452
MR,18.05,3,56160,220480,25.471698113207548,25.471698113207548
MR,18.05,4,56160,220480,25.471698113207548,25.471698113207548
MR,18.05,5,0,220480,0.0,0.0
MR,18.05,6,0,220480,0.0,0.0
MR,18.05,7,0,220480,0.0,0.0
MR,18.05,8,0,220480,0.0,0.0
MR,18.05,9,0,220480,0.0,0.0
MR,18.150000000000002,1,54418,221858,24.528301886792452,24.528301886792452
MR,18.150000000000002,2,54418,221858,24.528301886792452,24.528301886792452
MR,18.150000000000002,3,56511,221858,25.471698113207548,25.471698113207548
MR,18.150000000000002,4,56511,221858,25.471698113207548,25.471698113207548
MR,18.150000000000002,5,0,221858,0.0,0.0
MR,18.150000000000002,6,0,221858,0.0,0.0
MR,18.150000000000002,7,0,221858,0.0,0.0
MR,18.150000000000002,8,0,221858,0.0,0.0
MR,18.150000000000002,9,0,221858,0.0,0.0
MR,18.25,1,53742,219102,24.528301886792452,24.528301886792452
MR,18.25,2,53742,219102,24.528301886792452,24.528301886792452
MR,18.25,3,55809,219102,25.471698113207548,25.471698113207548
MR,18.25,4,55809,219102,25.471698113207548,25.471698113207548
MR,18.25,5,0,219102,0.0,0.0
MR,18.25,6,0,219102,0.0,0.0
MR,18.25,7,0,219102,0.0,0.0
MR,18.25,8,0,219102,0.0,0.0
MR,18.25,9,0,219102,0.0,0.0
MR,18.35,1,54418,221858,24.528301886792452,24.528301886792452
MR,18.35,2,54418,221858,24.528301886792452,24.528301886792452
MR,18.35,3,56511,221858,25.471698113207548,25.471698113207548
MR,18.35,4,56511,221858,25.471698113207548,25.471698113207548
MR,18.35,5,0,221858,0.0,0.0
MR,18.35,6,0,221858,0.0,0.0
MR,18.35,7,0,221858,0.0,0.0
MR,18.35,8,0,221858,0.0,0.0
MR,18.35,9,0,221858,0.0,0.0
MR,18.45,1,53742,219102,24.528301886792452,24.528301886792452
MR,18.45,2,53742,219102,24.528301886792452,24.528301886792452
MR,18.45,3,55809,219102,25.471698113207548,25.471698113207548
MR,18.45,4,55809,219102,25.471698113207548,25.471698113207548
MR,18.45,5,0,219102,0.0,0.0
MR,18.45,6,0,219102,0.0,0.0
MR,18.45,7,0,219102,0.0,0.0
MR,18.45,8,0,219102,0.0,0.0
MR,18.45,9,0,219102,0.0,0.0
MR,18.55,1,54080,220480,24.528301886792452,24.528301886792452
MR,18.55,2,54080,220480,24.528301886792452,24.528301886792452
MR,18.55,3,56160,220480,25.471698113207548,25.471698113207548
MR,18.55,4,56160,220480,25.471698113207548,25.471698113207548
MR,18.55,5,0,220480,0.0,0.0
MR,18.55,6,0,220480,0.0,0.0
MR,18.55,7,0,220480,0.0,0.0
MR,18.55,8,0,220480,0.0,0.0
MR,18.55,9,0,220480,0.0,0.0
MR,18.650000000000002,1,54418,221858,24.528301886792452,24.528301886792452
MR,18.650000000000002,2,54418,221858,24.528301886792452,24.528301886792452
MR,18.650000000000002,3,56511,221858,25.471698113207548,25.471698113207548
MR,18.650000000000002,4,56511,221858,25.471698113207548,25.471698113207548
MR,18.650000000000002,5,0,221858,0.0,0.0
MR,18.650000000000002,6,0,221858,0.0,0.0
MR,18.650000000000002,7,0,221858,0.0,0.0
MR,18.650000000000002,8,0,221858,0.0,0.0
MR,18.650000000000002,9,0,221858,0.0,0.0
MR,18.75,1,53742,219102,24.528301886792452,24.528301886792452
MR,18.75,2,53742,219102,24.528301886792452,24.528301886792452
MR,18.75,3,55809,219102,25.471698113207548,25.471698113207548
MR,18.75,4,55809,219102,25.471698113207548,25.471698113207548
MR,18.75,5,0,219102,0.0,0.0
MR,18.75,6,0,219102,0.0,0.0
MR,18.75,7,0,219102,0.0,0.0
MR,18.75,8,0,219102,0.0,0.0
MR,18.75,9,0,219102,0.0,0.0
MR,18.85,1,54418,221858,24.528301886792452,24.528301886792452
MR,18.85,2,54418,221858,24.528301886792452,24.528301886792452
MR,18.85,3,56511,221858,25.471698113207548,25.471698113207548
MR,18.85,4,56511,221858,25.471698113207548,25.471698113207548
MR,18.85,5,0,221858,0.0,0.0
MR,18.85,6,0,221858,0.0,0.0
MR,18.85,7,0,221858,0.0,0.0
MR,18.85,8,0,221858,0.0,0.0
MR,18.85,9,0,221858,0.0,0.0
MR,18.95,1,53742,219102,24.528301886792452,24.528301886792452
MR,18.95,2,53742,219102,24.528301886792452,24.528301886792452
MR,18.95,3,55809,219102,25.471698113207548,25.471698113207548
MR,18.95,4,55809,219102,25.471698113207548,25.471698113207548
MR,18.95,5,0,219102,0.0,0.0
MR,18.95,6,0,219102,0.0,0.0
MR,18.95,7,0,219102,0.0,0.0
MR,18.95,8,0,219102,0.0,0.0
MR,18.95,9,0,219102,0.0,0.0
MR,19.05,1,54080,220480,24.528301886792452,24.528301886792452
MR,19.05,2,54080,220480,24.528301886792452,24.528301886792452
MR,19.05,3,56160,220480,25.471698113207548,25.471698113207548
MR,19.05,4,56160,220480,25.471698113207548,25.471698113207548
MR,19.05,5,0,220480,0.0,0.0
MR,19.05,6,0,220480,0.0,0.0
MR,19.05,7,0,220480,0.0,0.0
MR,19.05,8,0,220480,0.0,0.0
MR,19.05,9,0,220480,0.0,0.0
MR,19.150000000000002,1,54418,221858,24.528301886792452,24.528301886792452
MR,19.150000000000002,2,54418,221858,24.528301886792452,24.528301886792452
MR,19.150000000000002,3,56511,221858,25.471698113207548,25.471698113207548
MR,19.150000000000002,4,56511,221858,25.471698113207548,25.471698113207548
MR,19.150000000000002,5,0,221858,0.0,0.0
MR,19.150000000000002,6,0,221858,0.0,0.0
MR,19.150000000000002,7,0,221858,0.0,0.0
MR,19.150000000000002,8,0,221858,0.0,0.0
MR,19.150000000000002,9,0,221858,0.0,0.0
MR,19.25,1,53742,219102,24.528301886792452,24.528301886792452
MR,19.25,2,53742,219102,24.528301886792452,24.528301886792452
MR,19.25,3,55809,219102,25.471698113207548,25.471698113207548
MR,19.25,4,55809,219102,25.471698113207548,25.471698113207548
MR,19.25,5,0,219102,0.0,0.0
MR,19.25,6,0,219102,0.0,0.0
MR,19.25,7,0,219102,0.0,0.0
MR,19.25,8,0,219102,0.0,0.0
MR,19.25,9,0,219102,0.0,0.0
MR,19.35,1,54418,221858,24.528301886792452,24.528301886792452
MR,19.35,2,54418,221858,24.528301886792452,24.528301886792452
MR,19.35,3,56511,221858,25.471698113207548,25.471698113207548
MR,19.35,4,56511,221858,25.471698113207548,25.471698113207548
MR,19.35,5,0,221858,0.0,0.0
MR,19.35,6,0,221858,0.0,0.0
MR,19.35,7,0,221858,0.0,0.0
MR,19.35,8,0,221858,0.0,0.0
MR,19.35,9,0,221858,0.0,0.0
MR,19.450000000000003,1,53742,219102,24.528301886792452,24.528301886792452
MR,19.450000000000003,2,53742,219102,24.528301886792452,24.528301886792452
MR,19.450000000000003,3,55809,219102,25.471698113207548,25.471698113207548
MR,19.450000000000003,4,55809,219102,25.471698113207548,25.471698113207548
MR,19.450000000000003,5,0,219102,0.0,0.0
MR,19.450000000000003,6,0,219102,0.0,0.0
MR,19.450000000000003,7,0,219102,0.0,0.0
MR,19.450000000000003,8,0,219102,0.0,0.0
MR,19.450000000000003,9,0,219102,0.0,0.0
MR,19.55,1,54080,220480,24.528301886792452,24.528301886792452
MR,19.55,2,54080,220480,24.528301886792452,24.528301886792452
MR,19.55,3,56160,220480,25.471698113207548,25.471698113207548
MR,19.55,4,56160,220480,25.471698113207548,25.471698113207548
MR,19.55,5,0,220480,0.0,0.0
MR,19.55,6,0,220480,0.0,0.0
MR,19.55,7,0,220480,0.0,0.0
MR,19.55,8,0,220480,0.0,0.0
MR,19.55,9,0,220480,0.0,0.0
MR,19.650000000000002,1,54418,221858,24.528301886792452,24.528301886792452
MR,19.650000000000002,2,54418,221858,24.528301886792452,24.528301886792452
MR,19.650000000000002,3,56511,221858,25.471698113207548,25.471698113207548
MR,19.650000000000002,4,56511,221858,25.471698113207548,25.471698113207548
MR,19.650000000000002,5,0,221858,0.0,0.0
MR,19.650000000000002,6,0,221858,0.0,0.0
MR,19.650000000000002,7,0,221858,0.0,0.0
MR,19.650000000000002,8,0,221858,0.0,0.0
MR,19.650000000000002,9,0,221858,0.0,0.0
MR,19.75,1,53742,219102,24.528301886792452,24.528301886792452
MR,19.75,2,53742,219102,24.528301886792452,24.528301886792452
MR,19.75,3,55809,219102,25.471698113207548,25.471698113207548
MR,19.75,4,55809,219102,25.471698113207548,25.471698113207548
MR,19.75,5,0,219102,0.0,0.0
MR,19.75,6,0,219102,0.0,0.0
MR,19.75,7,0,219102,0.0,0.0
MR,19.75,8,0,219102,0.0,0.0
MR,19.75,9,0,219102,0.0,0.0
MR,19.85,1,54418,221858,24.528301886792452,24.528301886792452
MR,19.85,2,54418,221858,24.528301886792452,24.528301886792452
MR,19.85,3,56511,221858,25.471698113207548,25.471698113207548
MR,19.85,4,56511,221858,25.471698113207548,25.471698113207548
MR,19.85,5,0,221858,0.0,0.0
MR,19.85,6,0,221858,0.0,0.0
MR,19.85,7,0,221858,0.0,0.0
MR,19.85,8,0,221858,0.0,0.0
MR,19.85,9,0,221858,0.0,0.0
MR,19.950000000000003,1,53742,219102,24.528301886792452,24.528301886792452
MR,19.950000000000003,2,53742,219102,24.528301886792452,24.528301886792452
MR,19.950000000000003,3,55809,219102,25.471698113207548,25.471698113207548
MR,19.950000000000003,4,55809,219102,25.471698113207548,25.471698113207548
MR,19.950000000000003,5,0,219102,0.0,0.0
MR,19.950000000000003,6,0,219102,0.0,0.0
MR,19.950000000000003,7,0,219102,0.0,0.0
MR,19.950000000000003,8,0,219102,0.0,0.0
MR,19.950000000000003,9,0,219102,0.0,0.0
MR,20.05,1,54080,220480,24.528301886792452,24.528301886792452
MR,20.05,2,54080,220480,24.528301886792452,24.528301886792452
MR,20.05,3,56160,220480,25.471698113207548,25.471698113207548
MR,20.05,4,56160,220480,25.471698113207548,25.471698113207548
MR,20.05,5,0,220480,0.0,0.0
MR,20.05,6,0,220480,0.0,0.0
MR,20.05,7,0,220480,0.0,0.0
MR,20.05,8,0,220480,0.0,0.0
MR,20.05,9,0,220480,0.0,0.0
MR,20.150000000000002,1,54418,221858,24.528301886792452,24.528301886792452
MR,20.150000000000002,2,54418,221858,24.528301886792452,24.528301886792452
MR,20.150000000000002,3,56511,221858,25.471698113207548,25.471698113207548
MR,20.150000000000002,4,56511,221858,25.471698113207548,25.471698113207548
MR,20.150000000000002,5,0,221858,0.0,0.0
MR,20.150000000000002,6,0,221858,0.0,0.0
MR,20.150000000000002,7,0,221858,0.0,0.0
MR,20.150000000000002,8,0,221858,0.0,0.0
MR,20.150000000000002,9,0,221858,0.0,0.0
MR,20.25,1,53742,219102,24.528301886792452,24.528301886792452
MR,20.25,2,53742,219102,24.528301886792452,24.528301886792452
MR,20.25,3,55809,219102,25.471698113207548,25.471698113207548
MR,20.25,4,55809,219102,25.471698113207548,25.471698113207548
MR,20.25,5,0,219102,0.0,0.0
MR,20.25,6,0,219102,0.0,0.0
MR,20.25,7,0,219102,0.0,0.0
MR,20.25,8,0,219102,0.0,0.0
MR,20.25,9,0,219102,0.0,0.0
MR,20.35,1,54418,221858,24.528301886792452,24.528301886792452
MR,20.35,2,54418,221858,24.528301886792452,24.528301886792452
MR,20.35,3,56511,221858,25.471698113207548,25.471698113207548
MR,20.35,4,56511,221858,25.471698113207548,25.471698113207548
MR,20.35,5,0,221858,0.0,0.0
MR,20.35,6,0,221858,0.0,0.0
MR,20.35,7,0,221858,0.0,0.0
MR,20.35,8,0,221858,0.0,0.0
MR,20.35,9,0,221858,0.0,0.0
MR,20.450000000000003,1,53742,219102,24.528301886792452,24.528301886792452
MR,20.450000000000003,2,53742,219102,24.528301886792452,24.528301886792452
MR,20.450000000000003,3,55809,219102,25.471698113207548,25.471698113207548
MR,20.450000000000003,4,55809,219102,25.471698113207548,25.471698113207548
MR,20.450000000000003,5,0,219102,0.0,0.0
MR,20.450000000000003,6,0,219102,0.0,0.0
MR,20.450000000000003,7,0,219102,0.0,0.0
MR,20.450000000000003,8,0,219102,0.0,0.0
MR,20.450000000000003,9,0,219102,0.0,0.0
MR,20.55,1,54080,220480,24.528301886792452,24.528301886792452
MR,20.55,2,54080,220480,24.528301886792452,24.528301886792452
MR,20.55,3,56160,220480,25.471698113207548,25.471698113207548
MR,20.55,4,56160,220480,25.471698113207548,25.471698113207548
MR,20.55,5,0,220480,0.0,0.0
MR,20.55,6,0,220480,0.0,0.0
MR,20.55,7,0,220480,0.0,0.0
MR,20.55,8,0,220480,0.0,0.0
MR,20.55,9,0,220480,0.0,0.0
MR,20.650000000000002,1,54418,221858,24.528301886792452,24.528301886792452
MR,20.650000000000002,2,54418,221858,24.528301886792452,24.528301886792452
MR,20.650000000000002,3,56511,221858,25.471698113207548,25.471698113207548
MR,20.650000000000002,4,56511,221858,25.471698113207548,25.471698113207548
MR,20.650000000000002,5,0,221858,0.0,0.0
MR,20.650000000000002,6,0,221858,0.0,0.0
MR,20.650000000000002,7,0,221858,0.0,0.0
MR,20.650000000000002,8,0,221858,0.0,0.0
MR,20.650000000000002,9,0,221858,0.0,0.0
MR,20.75,1,53742,219102,24.528301886792452,24.528301886792452
MR,20.75,2,53742,219102,24.528301886792452,24.528301886792452
MR,20.75,3,55809,219102,25.471698113207548,25.471698113207548
MR,20.75,4,55809,219102,25.471698113207548,25.471698113207548
MR,20.75,5,0,219102,0.0,0.0
MR,20.75,6,0,219102,0.0,0.0
MR,20.75,7,0,219102,0.0,0.0
MR,20.75,8,0,219102,0.0,0.0
MR,20.75,9,0,219102,0.0,0.0
MR,20.85,1,54418,221858,24.528301886792452,24.528301886792452
MR,20.85,2,54418,221858,24.528301886792452,24.528301886792452
MR,20.85,3,56511,221858,25.471698113207548,25.471698113207548
MR,20.85,4,56511,221858,25.471698113207548,25.471698113207548
MR,20.85,5,0,221858,0.0,0.0
MR,20.85,6,0,221858,0.0,0.0
MR,20.85,7,0,221858,0.0,0.0
MR,20.85,8,0,221858,0.0,0.0
MR,20.85,9,0,221858,0.0,0.0
MR,20.950000000000003,1,53742,219102,24.528301886792452,24.528301886792452
MR,20.950000000000003,2,53742,219102,24.528301886792452,24.528301886792452
MR,20.950000000000003,3,55809,219102,25.471698113207548,25.471698113207548
MR,20.950000000000003,4,55809,219102,25.471698113207548,25.471698113207548
MR,20.950000000000003,5,0,219102,0.0,0.0
MR,20.950000000000003,6,0,219102,0.0,0.0
MR,20.950000000000003,7,0,219102,0.0,0.0
MR,20.950000000000003,8,0,219102,0.0,0.0
MR,20.950000000000003,9,0,219102,0.0,0.0
MR,21.05,1,54080,220480,24.528301886792452,24.528301886792452
MR,21.05,2,54080,220480,24.528301886792452,24.528301886792452
MR,21.05,3,56160,220480,25.471698113207548,25.471698113207548
MR,21.05,4,56160,220480,25.471698113207548,25.471698113207548
MR,21.05,5,0,220480,0.0,0.0
MR,21.05,6,0,220480,0.0,0.0
MR,21.05,7,0,220480,0.0,0.0
MR,21.05,8,0,220480,0.0,0.0
MR,21.05,9,0,220480,0.0,0.0
MR,21.150000000000002,1,54418,221858,24.528301886792452,24.528301886792452
MR,21.150000000000002,2,54418,221858,24.528301886792452,24.528301886792452
MR,21.150000000000002,3,56511,221858,25.471698113207548,25.471698113207548
MR,21.150000000000002,4,56511,221858,25.471698113207548,25.471698113207548
MR,21.150000000000002,5,0,221858,0.0,0.0
MR,21.150000000000002,6,0,221858,0.0,0.0
MR,21.150000000000002,7,0,221858,0.0,0.0
MR,21.150000000000002,8,0,221858,0.0,0.0
MR,21.150000000000002,9,0,221858,0.0,0.0
MR,21.25,1,53742,219102,24.528301886792452,24.528301886792452
MR,21.25,2,53742,219102,24.528301886792452,24.528301886792452
MR,21.25,3,55809,219102,25.471698113207548,25.471698113207548
MR,21.25,4,55809,219102,25.471698113207548,25.471698113207548
MR,21.25,5,0,219102,0.0,0.0
MR,21.25,6,0,219102,0.0,0.0
MR,21.25,7,0,219102,0.0,0.0
MR,21.25,8,0,219102,0.0,0.0
MR,21.25,9,0,219102,0.0,0.0
MR,21.35,1,54418,221858,24.528301886792452,24.528301886792452
MR,21.35,2,54418,221858,24.528301886792452,24.528301886792452
MR,21.35,3,56511,221858,25.471698113207548,25.471698113207548
MR,21.35,4,56511,221858,25.471698113207548,25.471698113207548
MR,21.35,5,0,221858,0.0,0.0
MR,21.35,6,0,221858,0.0,0.0
MR,21.35,7,0,221858,0.0,0.0
MR,21.35,8,0,221858,0.0,0.0
MR,21.35,9,0,221858,0.0,0.0
MR,21.450000000000003,1,53742,219102,24.528301886792452,24.528301886792452
MR,21.450000000000003,2,53742,219102,24.528301886792452,24.528301886792452
MR,21.450000000000003,3,55809,219102,25.471698113207548,25.471698113207548
MR,21.450000000000003,4,55809,219102,25.471698113207548,25.471698113207548
MR,21.450000000000003,5,0,219102,0.0,0.0
MR,21.450000000000003,6,0,219102,0.0,0.0
MR,21.450000000000003,7,0,219102,0.0,0.0
MR,21.450000000000003,8,0,219102,0.0,0.0
MR,21.450000000000003,9,0,219102,0.0,0.0
MR,21.55,1,54080,220480,24.528301886792452,24.528301886792452
MR,21.55,2,54080,220480,24.528301886792452,24.528301886792452
MR,21.55,3,56160,220480,25.471698113207548,25.471698113207548
MR,21.55,4,56160,220480,25.471698113207548,25.471698113207548
MR,21.55,5,0,220480,0.0,0.0
MR,21.55,6,0,220480,0.0,0.0
MR,21.55,7,0,220480,0.0,0.0
MR,21.55,8,0,220480,0.0,0.0
MR,21.55,9,0,220480,0.0,0.0
MR,21.650000000000002,1,54418,221858,24.528301886792452,24.528301886792452
MR,21.650000000000002,2,54418,221858,24.528301886792452,24.528301886792452
MR,21.650000000000002,3,56511,221858,25.471698113207548,25.471698113207548
MR,21.650000000000002,4,56511,221858,25.471698113207548,25.471698113207548
MR,21.650000000000002,5,0,221858,0.0,0.0
MR,21.650000000000002,6,0,221858,0.0,0.0
MR,21.650000000000002,7,0,221858,0.0,0.0
MR,21.650000000000002,8,0,221858,0.0,0.0
MR,21.650000000000002,9,0,221858,0.0,0.0
MR,21.75,1,53742,219102,24.528301886792452,24.528301886792452
MR,21.75,2,53742,219102,24.528301886792452,24.528301886792452
MR,21.75,3,55809,219102,25.471698113207548,25.471698113207548
MR,21.75,4,55809,219102,25.471698113207548,25.471698113207548
MR,21.75,5,0,219102,0.0,0.0
MR,21.75,6,0,219102,0.0,0.0
MR,21.75,7,0,219102,0.0,0.0
MR,21.75,8,0,219102,0.0,0.0
MR,21.75,9,0,219102,0.0,0.0
MR,21.85,1,54418,221858,24.528301886792452,24.528301886792452
MR,21.85,2,54418,221858,24.528301886792452,24.528301886792452
MR,21.85,3,56511,221858,25.471698113207548,25.471698113207548
MR,21.85,4,56511,221858,25.471698113207548,25.471698113207548
MR,21.85,5,0,221858,0.0,0.0
MR,21.85,6,0,221858,0.0,0.0
MR,21.85,7,0,221858,0.0,0.0
MR,21.85,8,0,221858,0.0,0.0
MR,21.85,9,0,221858,0.0,0.0
MR,21.950000000000003,1,53742,219102,24.528301886792452,24.528301886792452
MR,21.950000000000003,2,53742,219102,24.528301886792452,24.528301886792452
MR,21.950000000000003,3,55809,219102,25.471698113207548,25.471698113207548
MR,21.950000000000003,4,55809,219102,25.471698113207548,25.471698113207548
MR,21.950000000000003,5,0,219102,0.0,0.0
MR,21.950000000000003,6,0,219102,0.0,0.0
MR,21.950000000000003,7,0,219102,0.0,0.0
MR,21.950000000000003,8,0,219102,0.0,0.0
MR,21.950000000000003,9,0,219102,0.0,0.0
MR,22.05,1,54080,220480,24.528301886792452,24.528301886792452
MR,22.05,2,54080,220480,24.528301886792452,24.528301886792452
MR,22.05,3,56160,220480,25.471698113207548,25.471698113207548
MR,22.05,4,56160,220480,25.471698113207548,25.471698113207548
MR,22.05,5,0,220480,0.0,0.0
MR,22.05,6,0,220480,0.0,0.0
MR,22.05,7,0,220480,0.0,0.0
MR,22.05,8,0,220480,0.0,0.0
MR,22.05,9,0,220480,0.0,0.0
MR,22.150000000000002,1,54418,221858,24.528301886792452,24.528301886792452
MR,22.150000000000002,2,54418,221858,24.528301886792452,24.528301886792452
MR,22.150000000000002,3,56511,221858,25.471698113207548,25.471698113207548
MR,22.150000000000002,4,56511,221858,25.471698113207548,25.471698113207548
MR,22.150000000000002,5,0,221858,0.0,0.0
MR,22.150000000000002,6,0,221858,0.0,0.0
MR,22.150000000000002,7,0,221858,0.0,0.0
MR,22.150000000000002,8,0,221858,0.0,0.0
MR,22.150000000000002,9,0,221858,0.0,0.0
MR,22.25,1,53742,219102,24.528301886792452,24.528301886792452
MR,22.25,2,53742,219102,24.528301886792452,24.528301886792452
MR,22.25,3,55809,219102,25.471698113207548,25.471698113207548
MR,22.25,4,55809,219102,25.471698113207548,25.471698113207548
MR,22.25,5,0,219102,0.0,0.0
MR,22.25,6,0,219102,0.0,0.0
MR,22.25,7,0,219102,0.0,0.0
MR,22.25,8,0,219102,0.0,0.0
MR,22.25,9,0,219102,0.0,0.0
MR,22.35,1,54418,221858,24.528301886792452,24.528301886792452
MR,22.35,2,54418,221858,24.528301886792452,24.528301886792452
MR,22.35,3,56511,221858,25.471698113207548,25.471698113207548
MR,22.35,4,56511,221858,25.471698113207548,25.471698113207548
MR,22.35,5,0,221858,0.0,0.0
MR,22.35,6,0,221858,0.0,0.0
MR,22.35,7,0,221858,0.0,0.0
MR,22.35,8,0,221858,0.0,0.0
MR,22.35,9,0,221858,0.0,0.0
MR,22.450000000000003,1,53742,219102,24.528301886792452,24.528301886792452
MR,22.450000000000003,2,53742,219102,24.528301886792452,24.528301886792452
MR,22.450000000000003,3,55809,219102,25.471698113207548,25.471698113207548
MR,22.450000000000003,4,55809,219102,25.471698113207548,25.471698113207548
MR,22.450000000000003,5,0,219102,0.0,0.0
MR,22.450000000000003,6,0,219102,0.0,0.0
MR,22.450000000000003,7,0,219102,0.0,0.0
MR,22.450000000000003,8,0,219102,0.0,0.0
MR,22.450000000000003,9,0,219102,0.0,0.0
MR,22.55,1,54080,220480,24.528301886792452,24.528301886792452
MR,22.55,2,54080,220480,24.528301886792452,24.528301886792452
MR,22.55,3,56160,220480,25.471698113207548,25.471698113207548
MR,22.55,4,56160,220480,25.471698113207548,25.471698113207548
MR,22.55,5,0,220480,0.0,0.0
MR,22.55,6,0,220480,0.0,0.0
MR,22.55,7,0,220480,0.0,0.0
MR,22.55,8,0,220480,0.0,0.0
MR,22.55,9,0,220480,0.0,0.0
MR,22.650000000000002,1,54418,221858,24.528301886792452,24.528301886792452
MR,22.650000000000002,2,54418,221858,24.528301886792452,24.528301886792452
MR,22.650000000000002,3,56511,221858,25.471698113207548,25.471698113207548
MR,22.650000000000002,4,56511,221858,25.471698113207548,25.471698113207548
MR,22.650000000000002,5,0,221858,0.0,0.0
MR,22.650000000000002,6,0,221858,0.0,0.0
MR,22.650000000000002,7,0,221858,0.0,0.0
MR,22.650000000000002,8,0,221858,0.0,0.0
MR,22.650000000000002,9,0,221858,0.0,0.0
MR,22.75,1,53742,219102,24.528301886792452,24.528301886792452
MR,22.75,2,53742,219102,24.528301886792452,24.528301886792452
MR,22.75,3,55809,219102,25.471698113207548,25.471698113207548
MR,22.75,4,55809,219102,25.471698113207548,25.471698113207548
MR,22.75,5,0,219102,0.0,0.0
MR,22.75,6,0,219102,0.0,0.0
MR,22.75,7,0,219102,0.0,0.0
MR,22.75,8,0,219102,0.0,0.0
MR,22.75,9,0,219102,0.0,0.0
MR,22.85,1,54418,221858,24.528301886792452,24.528301886792452
MR,22.85,2,54418,221858,24.528301886792452,24.528301886792452
MR,22.85,3,56511,221858,25.471698113207548,25.471698113207548
MR,22.85,4,56511,221858,25.471698113207548,25.471698113207548
MR,22.85,5,0,221858,0.0,0.0
MR,22.85,6,0,221858,0.0,0.0
MR,22.85,7,0,221858,0.0,0.0
MR,22.85,8,0,221858,0.0,0.0
MR,22.85,9,0,221858,0.0,0.0
MR,22.950000000000003,1,53742,219102,24.528301886792452,24.528301886792452
MR,22.950000000000003,2,53742,219102,24.528301886792452,24.528301886792452
MR,22.950000000000003,3,55809,219102,25.471698113207548,25.471698113207548
MR,22.950000000000003,4,55809,219102,25.471698113207548,25.471698113207548
MR,22.950000000000003,5,0,219102,0.0,0.0
MR,22.950000000000003,6,0,219102,0.0,0.0
MR,22.950000000000003,7,0,219102,0.0,0.0
MR,22.950000000000003,8,0,219102,0.0,0.0
MR,22.950000000000003,9,0,219102,0.0,0.0
MR,23.05,1,54080,220480,24.528301886792452,24.528301886792452
MR,23.05,2,54080,220480,24.528301886792452,24.528301886792452
MR,23.05,3,56160,220480,25.471698113207548,25.471698113207548
MR,23.05,4,56160,220480,25.471698113207548,25.471698113207548
MR,23.05,5,0,220480,0.0,0.0
MR,23.05,6,0,220480,0.0,0.0
MR,23.05,7,0,220480,0.0,0.0
MR,23.05,8,0,220480,0.0,0.0
MR,23.05,9,0,220480,0.0,0.0
MR,23.150000000000002,1,54418,221858,24.528301886792452,24.528301886792452
MR,23.150000000000002,2,54418,221858,24.528301886792452,24.528301886792452
MR,23.150000000000002,3,56511,221858,25.471698113207548,25.471698113207548
MR,23.150000000000002,4,56511,221858,25.471698113207548,25.471698113207548
MR,23.150000000000002,5,0,221858,0.0,0.0
MR,23.150000000000002,6,0,221858,0.0,0.0
MR,23.150000000000002,7,0,221858,0.0,0.0
MR,23.150000000000002,8,0,221858,0.0,0.0
MR,23.150000000000002,9,0,221858,0.0,0.0
MR,23.25,1,53742,219102,24.528301886792452,24.528301886792452
MR,23.25,2,53742,219102,24.528301886792452,24.528301886792452
MR,23.25,3,55809,219102,25.471698113207548,25.471698113207548
MR,23.25,4,55809,219102,25.471698113207548,25.471698113207548
MR,23.25,5,0,219102,0.0,0.0
MR,23.25,6,0,219102,0.0,0.0
MR,23.25,7,0,219102,0.0,0.0
MR,23.25,8,0,219102,0.0,0.0
MR,23.25,9,0,219102,0.0,0.0
MR,23.35,1,54418,221858,24.528301886792452,24.528301886792452
MR,23.35,2,54418,221858,24.528301886792452,24.528301886792452
MR,23.35,3,56511,221858,25.471698113207548,25.471698113207548
MR,23.35,4,56511,221858,25.471698113207548,25.471698113207548
MR,23.35,5,0,221858,0.0,0.0
MR,23.35,6,0,221858,0.0,0.0
MR,23.35,7,0,221858,0.0,0.0
MR,23.35,8,0,221858,0.0,0.0
MR,23.35,9,0,221858,0.0,0.0
MR,23.450000000000003,1,53742,219102,24.528301886792452,24.528301886792452
MR,23.450000000000003,2,53742,219102,24.528301886792452,24.528301886792452
MR,23.450000000000003,3,55809,219102,25.471698113207548,25.471698113207548
MR,23.450000000000003,4,55809,219102,25.471698113207548,25.471698113207548
MR,23.450000000000003,5,0,219102,0.0,0.0
MR,23.450000000000003,6,0,219102,0.0,0.0
MR,23.450000000000003,7,0,219102,0.0,0.0
MR,23.450000000000003,8,0,219102,0.0,0.0
MR,23.450000000000003,9,0,219102,0.0,0.0
MR,23.55,1,54080,220480,24.528301886792452,24.528301886792452
MR,23.55,2,54080,220480,24.528301886792452,24.528301886792452
MR,23.55,3,56160,220480,25.471698113207548,25.471698113207548
MR,23.55,4,56160,220480,25.471698113207548,25.471698113207548
MR,23.55,5,0,220480,0.0,0.0
MR,23.55,6,0,220480,0.0,0.0
MR,23.55,7,0,220480,0.0,0.0
MR,23.55,8,0,220480,0.0,0.0
MR,23.55,9,0,220480,0.0,0.0
MR,23.650000000000002,1,54418,221858,24.528301886792452,24.528301886792452
MR,23.650000000000002,2,54418,221858,24.528301886792452,24.528301886792452
MR,23.650000000000002,3,56511,221858,25.471698113207548,25.471698113207548
MR,23.650000000000002,4,56511,221858,25.471698113207548,25.471698113207548
MR,23.650000000000002,5,0,221858,0.0,0.0
MR,23.650000000000002,6,0,221858,0.0,0.0
MR,23.650000000000002,7,0,221858,0.0,0.0
MR,23.650000000000002,8,0,221858,0.0,0.0
MR,23.650000000000002,9,0,221858,0.0,0.0
MR,23.75,1,53742,219102,24.528301886792452,24.528301886792452
MR,23.75,2,53742,219102,24.528301886792452,24.528301886792452
MR,23.75,3,55809,219102,25.471698113207548,25.471698113207548
MR,23.75,4,55809,219102,25.471698113207548,25.471698113207548
MR,23.75,5,0,219102,0.0,0.0
MR,23.75,6,0,219102,0.0,0.0
MR,23.75,7,0,219102,0.0,0.0
MR,23.75,8,0,219102,0.0,0.0
MR,23.75,9,0,219102,0.0,0.0
MR,23.85,1,54418,221858,24.528301886792452,24.528301886792452
MR,23.85,2,54418,221858,24.528301886792452,24.528301886792452
MR,23.85,3,56511,221858,25.471698113207548,25.471698113207548
MR,23.85,4,56511,221858,25.471698113207548,25.471698113207548
MR,23.85,5,0,221858,0.0,0.0
MR,23.85,6,0,221858,0.0,0.0
MR,23.85,7,0,221858,0.0,0.0
MR,23.85,8,0,221858,0.0,0.0
MR,23.85,9,0,221858,0.0,0.0
MR,23.950000000000003,1,53742,219102,24.528301886792452,24.528301886792452
MR,23.950000000000003,2,53742,219102,24.528301886792452,24.528301886792452
MR,23.950000000000003,3,55809,219102,25.471698113207548,25.471698113207548
MR,23.950000000000003,4,55809,219102,25.471698113207548,25.471698113207548
MR,23.950000000000003,5,0,219102,0.0,0.0
MR,23.950000000000003,6,0,219102,0.0,0.0
MR,23.950000000000003,7,0,219102,0.0,0.0
MR,23.950000000000003,8,0,219102,0.0,0.0
MR,23.950000000000003,9,0,219102,0.0,0.0
MR,24.05,1,54080,220480,24.528301886792452,24.528301886792452
MR,24.05,2,54080,220480,24.528301886792452,24.528301886792452
MR,24.05,3,56160,220480,25.471698113207548,25.471698113207548
MR,24.05,4,56160,220480,25.471698113207548,25.471698113207548
MR,24.05,5,0,220480,0.0,0.0
MR,24.05,6,0,220480,0.0,0.0
MR,24.05,7,0,220480,0.0,0.0
MR,24.05,8,0,220480,0.0,0.0
MR,24.05,9,0,220480,0.0,0.0
MR,24.150000000000002,1,54418,221858,24.528301886792452,24.528301886792452
MR,24.150000000000002,2,54418,221858,24.528301886792452,24.528301886792452
MR,24.150000000000002,3,56511,221858,25.471698113207548,25.471698113207548
MR,24.150000000000002,4,56511,221858,25.471698113207548,25.471698113207548
MR,24.150000000000002,5,0,221858,0.0,0.0
MR,24.150000000000002,6,0,221858,0.0,0.0
MR,24.150000000000002,7,0,221858,0.0,0.0
MR,24.150000000000002,8,0,221858,0.0,0.0
MR,24.150000000000002,9,0,221858,0.0,0.0
MR,24.25,1,53742,219102,24.528301886792452,24.497050666041645
MR,24.25,2,53742,219102,24.528301886792452,24.541974295870933
MR,24.25,3,55809,219102,25.471698113207548,25.426774483378257
MR,24.25,4,55809,219102,25.471698113207548,25.426774483378257
MR,24.25,5,0,219102,0.0,0.021485214266179904
MR,24.25,6,0,219102,0.0,0.02148521426618109
MR,24.25,7,0,219102,0.0,0.021485214266182273
MR,24.25,8,0,219102,0.0,0.021485214266182273
MR,24.25,9,0,219102,0.0,0.021485214266182273
MR,24.35,1,54210,221858,24.43454822454002,24.49705066604164
MR,24.35,2,54509,221858,24.56931911402789,24.541974295870933
MR,24.35,3,56212,221858,25.336927223719677,25.426774483378257
MR,24.35,4,56212,221858,25.336927223719677,25.426774483378257
MR,24.35,5,143,221858,0.06445564279854682,0.021485214266179904
MR,24.35,6,143,221858,0.06445564279854682,0.02148521426618109
MR,24.35,7,143,221858,0.06445564279854682,0.021485214266182273
MR,24.35,8,143,221858,0.06445564279854682,0.021485214266182273
MR,24.35,9,143,221858,0.06445564279854682,0.021485214266182273
MR,24.450000000000003,1,53742,219102,24.528301886792452,24.497050666041645
MR,24.450000000000003,2,53742,219102,24.528301886792452,24.541974295870933
MR,24.450000000000003,3,55809,219102,25.471698113207548,25.426774483378257
MR,24.450000000000003,4,55809,219102,25.471698113207548,25.426774483378257
MR,24.450000000000003,5,0,219102,0.0,0.021485214266179904
MR,24.450000000000003,6,0,219102,0.0,0.02148521426618109
MR,24.450000000000003,7,0,219102,0.0,0.021485214266182273
MR,24.450000000000003,8,0,219102,0.0,0.021485214266182273
MR,24.450000000000003,9,0,219102,0.0,0.021485214266182273
MR,24.55,1,54080,220480,24.528301886792452,24.528301886792452
MR,24.55,2,54080,220480,24.528301886792452,24.528301886792452
MR,24.55,3,56160,220480,25.471698113207548,25.471698113207548
MR,24.55,4,56160,220480,25.471698113207548,25.471698113207548
MR,24.55,5,0,220480,0.0,0.0
MR,24.55,6,0,220480,0.0,0.0
MR,24.55,7,0,220480,0.0,0.0
MR,24.55,8,0,220480,0.0,0.0
MR,24.55,9,0,220480,0.0,0.0
MR,24.650000000000002,1,54418,221858,24.528301886792452,24.528301886792452
MR,24.650000000000002,2,54418,221858,24.528301886792452,24.528301886792452
MR,24.650000000000002,3,56511,221858,25.471698113207548,25.471698113207548
MR,24.650000000000002,4,56511,221858,25.471698113207548,25.471698113207548
MR,24.650000000000002,5,0,221858,0.0,0.0
MR,24.650000000000002,6,0,221858,0.0,0.0
MR,24.650000000000002,7,0,221858,0.0,0.0
MR,24.650000000000002,8,0,221858,0.0,0.0
MR,24.650000000000002,9,0,221858,0.0,0.0
MR,24.75,1,53742,219102,24.528301886792452,24.528301886792452
MR,24.75,2,53742,219102,24.528301886792452,24.528301886792452
MR,24.75,3,55809,219102,25.471698113207548,25.471698113207548
MR,24.75,4,55809,219102,25.471698113207548,25.471698113207548
MR,24.75,5,0,219102,0.0,0.0
MR,24.75,6,0,219102,0.0,0.0
MR,24.75,7,0,219102,0.0,0.0
MR,24.75,8,0,219102,0.0,0.0
MR,24.75,9,0,219102,0.0,0.0
MR,24.85,1,54418,221858,24.528301886792452,24.528301886792452
MR,24.85,2,54418,221858,24.528301886792452,24.528301886792452
MR,24.85,3,56511,221858,25.471698113207548,25.471698113207548
MR,24.85,4,56511,221858,25.471698113207548,25.471698113207548
MR,24.85,5,0,221858,0.0,0.0
MR,24.85,6,0,221858,0.0,0.0
MR,24.85,7,0,221858,0.0,0.0
MR,24.85,8,0,221858,0.0,0.0
MR,24.85,9,0,221858,0.0,0.0
MR,24.950000000000003,1,53742,219102,24.528301886792452,24.528301886792452
MR,24.950000000000003,2,53742,219102,24.528301886792452,24.528301886792452
MR,24.950000000000003,3,55809,219102,25.471698113207548,25.471698113207548
MR,24.950000000000003,4,55809,219102,25.471698113207548,25.471698113207548
MR,24.950000000000003,5,0,219102,0.0,0.0
MR,24.950000000000003,6,0,219102,0.0,0.0
MR,24.950000000000003,7,0,219102,0.0,0.0
MR,24.950000000000003,8,0,219102,0.0,0.0
MR,24.950000000000003,9,0,219102,0.0,0.0
MR,25.05,1,54080,220480,24.528301886792452,24.528301886792452
MR,25.05,2,54080,220480,24.528301886792452,24.528301886792452
MR,25.05,3,56160,220480,25.471698113207548,25.471698113207548
MR,25.05,4,56160,220480,25.471698113207548,25.471698113207548
MR,25.05,5,0,220480,0.0,0.0
MR,25.05,6,0,220480,0.0,0.0
MR,25.05,7,0,220480,0.0,0.0
MR,25.05,8,0,220480,0.0,0.0
MR,25.05,9,0,220480,0.0,0.0
MR,25.150000000000002,1,54418,221858,24.528301886792452,24.528301886792452
MR,25.150000000000002,2,54418,221858,24.528301886792452,24.528301886792452
MR,25.150000000000002,3,56511,221858,25.471698113207548,25.471698113207548
MR,25.150000000000002,4,56511,221858,25.471698113207548,25.471698113207548
MR,25.150000000000002,5,0,221858,0.0,0.0
MR,25.150000000000002,6,0,221858,0.0,0.0
MR,25.150000000000002,7,0,221858,0.0,0.0
MR,25.150000000000002,8,0,221858,0.0,0.0
MR,25.150000000000002,9,0,221858,0.0,0.0
MR,25.25,1,53742,219102,24.528301886792452,24.528301886792452
MR,25.25,2,53742,219102,24.528301886792452,24.528301886792452
MR,25.25,3,55809,219102,25.471698113207548,25.471698113207548
MR,25.25,4,55809,219102,25.471698113207548,25.471698113207548
MR,25.25,5,0,219102,0.0,0.0
MR,25.25,6,0,219102,0.0,0.0
MR,25.25,7,0,219102,0.0,0.0
MR,25.25,8,0,219102,0.0,0.0
MR,25.25,9,0,219102,0.0,0.0
MR,25.35,1,54418,221858,24.528301886792452,24.528301886792452
MR,25.35,2,54418,221858,24.528301886792452,24.528301886792452
MR,25.35,3,56511,221858,25.471698113207548,25.471698113207548
MR,25.35,4,56511,221858,25.471698113207548,25.471698113207548
MR,25.35,5,0,221858,0.0,0.0
MR,25.35,6,0,221858,0.0,0.0
MR,25.35,7,0,221858,0.0,0.0
MR,25.35,8,0,221858,0.0,0.0
MR,25.35,9,0,221858,0.0,0.0
MR,25.450000000000003,1,53742,219102,24.528301886792452,24.528301886792452
MR,25.450000000000003,2,53742,219102,24.528301886792452,24.528301886792452
MR,25.450000000000003,3,55809,219102,25.471698113207548,25.471698113207548
MR,25.450000000000003,4,55809,219102,25.471698113207548,25.471698113207548
MR,25.450000000000003,5,0,219102,0.0,0.0
MR,25.450000000000003,6,0,219102,0.0,0.0
MR,25.450000000000003,7,0,219102,0.0,0.0
MR,25.450000000000003,8,0,219102,0.0,0.0
MR,25.450000000000003,9,0,219102,0.0,0.0
MR,25.55,1,54080,220480,24.528301886792452,24.528301886792452
MR,25.55,2,54080,220480,24.528301886792452,24.528301886792452
MR,25.55,3,56160,220480,25.471698113207548,25.471698113207548
MR,25.55,4,56160,220480,25.471698113207548,25.471698113207548
MR,25.55,5,0,220480,0.0,0.0
MR,25.55,6,0,220480,0.0,0.0
MR,25.55,7,0,220480,0.0,0.0
MR,25.55,8,0,220480,0.0,0.0
MR,25.55,9,0,220480,0.0,0.0
MR,25.650000000000002,1,54080,220480,24.528301886792452,24.528301886792452
MR,25.650000000000002,2,54080,220480,24.528301886792452,24.528301886792452
MR,25.650000000000002,3,56160,220480,25.471698113207548,25.471698113207548
MR,25.650000000000002,4,56160,220480,25.471698113207548,25.471698113207548
MR,25.650000000000002,5,0,220480,0.0,0.0
MR,25.650000000000002,6,0,220480,0.0,0.0
MR,25.650000000000002,7,0,220480,0.0,0.0
MR,25.650000000000002,8,0,220480,0.0,0.0
MR,25.650000000000002,9,0,220480,0.0,0.0
MR,25.75,1,54080,220480,24.528301886792452,24.528301886792452
MR,25.75,2,54080,220480,24.528301886792452,24.528301886792452
MR,25.75,3,56160,220480,25.471698113207548,25.471698113207548
MR,25.75,4,56160,220480,25.471698113207548,25.471698113207548
MR,25.75,5,0,220480,0.0,0.0
MR,25.75,6,0,220480,0.0,0.0
MR,25.75,7,0,220480,0.0,0.0
MR,25.75,8,0,220480,0.0,0.0
MR,25.75,9,0,220480,0.0,0.0
MR,25.85,1,54418,221858,24.528301886792452,24.528301886792452
MR,25.85,2,54418,221858,24.528301886792452,24.528301886792452
MR,25.85,3,56511,221858,25.471698113207548,25.471698113207548
MR,25.85,4,56511,221858,25.471698113207548,25.471698113207548
MR,25.85,5,0,221858,0.0,0.0
MR,25.85,6,0,221858,0.0,0.0
MR,25.85,7,0,221858,0.0,0.0
MR,25.85,8,0,221858,0.0,0.0
MR,25.85,9,0,221858,0.0,0.0
MR,25.950000000000003,1,53742,219102,24.528301886792452,24.528301886792452
MR,25.950000000000003,2,53742,219102,24.528301886792452,24.528301886792452
MR,25.950000000000003,3,55809,219102,25.471698113207548,25.471698113207548
MR,25.950000000000003,4,55809,219102,25.471698113207548,25.471698113207548
MR,25.950000000000003,5,0,219102,0.0,0.0
MR,25.950000000000003,6,0,219102,0.0,0.0
MR,25.950000000000003,7,0,219102,0.0,0.0
MR,25.950000000000003,8,0,219102,0.0,0.0
MR,25.950000000000003,9,0,219102,0.0,0.0
MR,26.05,1,54080,220480,24.528301886792452,24.528301886792452
MR,26.05,2,54080,220480,24.528301886792452,24.528301886792452
MR,26.05,3,56160,220480,25.471698113207548,25.471698113207548
MR,26.05,4,56160,220480,25.471698113207548,25.471698113207548
MR,26.05,5,0,220480,0.0,0.0
MR,26.05,6,0,220480,0.0,0.0
MR,26.05,7,0,220480,0.0,0.0
MR,26.05,8,0,220480,0.0,0.0
MR,26.05,9,0,220480,0.0,0.0
MR,26.150000000000002,1,54080,220480,24.528301886792452,24.528301886792452
MR,26.150000000000002,2,54080,220480,24.528301886792452,24.528301886792452
MR,26.150000000000002,3,56160,220480,25.471698113207548,25.471698113207548
MR,26.150000000000002,4,56160,220480,25.471698113207548,25.471698113207548
MR,26.150000000000002,5,0,220480,0.0,0.0
MR,26.150000000000002,6,0,220480,0.0,0.0
MR,26.150000000000002,7,0,220480,0.0,0.0
MR,26.150000000000002,8,0,220480,0.0,0.0
MR,26.150000000000002,9,0,220480,0.0,0.0
MR,26.25,1,54080,220480,24.528301886792452,24.528301886792452
MR,26.25,2,54080,220480,24.528301886792452,24.528301886792452
MR,26.25,3,56160,220480,25.471698113207548,25.471698113207548
MR,26.25,4,56160,220480,25.471698113207548,25.471698113207548
MR,26.25,5,0,220480,0.0,0.0
MR,26.25,6,0,220480,0.0,0.0
MR,26.25,7,0,220480,0.0,0.0
MR,26.25,8,0,220480,0.0,0.0
MR,26.25,9,0,220480,0.0,0.0
MR,26.35,1,54418,221858,24.528301886792452,24.528301886792452
MR,26.35,2,54418,221858,24.528301886792452,24.528301886792452
MR,26.35,3,56511,221858,25.471698113207548,25.471698113207548
MR,26.35,4,56511,221858,25.471698113207548,25.471698113207548
MR,26.35,5,0,221858,0.0,0.0
MR,26.35,6,0,221858,0.0,0.0
MR,26.35,7,0,221858,0.0,0.0
MR,26.35,8,0,221858,0.0,0.0
MR,26.35,9,0,221858,0.0,0.0
MR,26.450000000000003,1,53742,219102,24.528301886792452,24.528301886792452
MR,26.450000000000003,2,53742,219102,24.528301886792452,24.528301886792452
MR,26.450000000000003,3,55809,219102,25.471698113207548,25.471698113207548
MR,26.450000000000003,4,55809,219102,25.471698113207548,25.471698113207548
MR,26.450000000000003,5,0,219102,0.0,0.0
MR,26.450000000000003,6,0,219102,0.0,0.0
MR,26.450000000000003,7,0,219102,0.0,0.0
MR,26.450000000000003,8,0,219102,0.0,0.0
MR,26.450000000000003,9,0,219102,0.0,0.0
MR,26.55,1,54080,220480,24.528301886792452,24.528301886792452
MR,26.55,2,54080,220480,24.528301886792452,24.528301886792452
MR,26.55,3,56160,220480,25.471698113207548,25.471698113207548
MR,26.55,4,56160,220480,25.471698113207548,25.471698113207548
MR,26.55,5,0,220480,0.0,0.0
MR,26.55,6,0,220480,0.0,0.0
MR,26.55,7,0,220480,0.0,0.0
MR,26.55,8,0,220480,0.0,0.0
MR,26.55,9,0,220480,0.0,0.0
MR,26.650000000000002,1,54080,220480,24.528301886792452,24.528301886792452
MR,26.650000000000002,2,54080,220480,24.528301886792452,24.528301886792452
MR,26.650000000000002,3,56160,220480,25.471698113207548,25.471698113207548
MR,26.650000000000002,4,56160,220480,25.471698113207548,25.471698113207548
MR,26.650000000000002,5,0,220480,0.0,0.0
MR,26.650000000000002,6,0,220480,0.0,0.0
MR,26.650000000000002,7,0,220480,0.0,0.0
MR,26.650000000000002,8,0,220480,0.0,0.0
MR,26.650000000000002,9,0,220480,0.0,0.0
MR,26.75,1,54080,220480,24.528301886792452,24.528301886792452
MR,26.75,2,54080,220480,24.528301886792452,24.528301886792452
MR,26.75,3,56160,220480,25.471698113207548,25.471698113207548
MR,26.75,4,56160,220480,25.471698113207548,25.471698113207548
MR,26.75,5,0,220480,0.0,0.0
MR,26.75,6,0,220480,0.0,0.0
MR,26.75,7,0,220480,0.0,0.0
MR,26.75,8,0,220480,0.0,0.0
MR,26.75,9,0,220480,0.0,0.0
MR,26.85,1,54418,221858,24.528301886792452,24.528301886792452
MR,26.85,2,54418,221858,24.528301886792452,24.528301886792452
MR,26.85,3,56511,221858,25.471698113207548,25.471698113207548
MR,26.85,4,56511,221858,25.471698113207548,25.471698113207548
MR,26.85,5,0,221858,0.0,0.0
MR,26.85,6,0,221858,0.0,0.0
MR,26.85,7,0,221858,0.0,0.0
MR,26.85,8,0,221858,0.0,0.0
MR,26.85,9,0,221858,0.0,0.0
MR,26.950000000000003,1,53742,219102,24.528301886792452,24.528301886792452
MR,26.950000000000003,2,53742,219102,24.528301886792452,24.528301886792452
MR,26.950000000000003,3,55809,219102,25.471698113207548,25.471698113207548
MR,26.950000000000003,4,55809,219102,25.471698113207548,25.471698113207548
MR,26.950000000000003,5,0,219102,0.0,0.0
MR,26.950000000000003,6,0,219102,0.0,0.0
MR,26.950000000000003,7,0,219102,0.0,0.0
MR,26.950000000000003,8,0,219102,0.0,0.0
MR,26.950000000000003,9,0,219102,0.0,0.0
MR,27.05,1,54080,220480,24.528301886792452,24.528301886792452
MR,27.05,2,54080,220480,24.528301886792452,24.528301886792452
MR,27.05,3,56160,220480,25.471698113207548,25.471698113207548
MR,27.05,4,56160,220480,25.471698113207548,25.471698113207548
MR,27.05,5,0,220480,0.0,0.0
MR,27.05,6,0,220480,0.0,0.0
MR,27.05,7,0,220480,0.0,0.0
MR,27.05,8,0,220480,0.0,0.0
MR,27.05,9,0,220480,0.0,0.0
MR,27.150000000000002,1,54080,220480,24.528301886792452,24.528301886792452
MR,27.150000000000002,2,54080,220480,24.528301886792452,24.528301886792452
MR,27.150000000000002,3,56160,220480,25.471698113207548,25.471698113207548
MR,27.150000000000002,4,56160,220480,25.471698113207548,25.471698113207548
MR,27.150000000000002,5,0,220480,0.0,0.0
MR,27.150000000000002,6,0,220480,0.0,0.0
MR,27.150000000000002,7,0,220480,0.0,0.0
MR,27.150000000000002,8,0,220480,0.0,0.0
MR,27.150000000000002,9,0,220480,0.0,0.0
MR,27.25,1,54080,220480,24.528301886792452,24.528301886792452
MR,27.25,2,54080,220480,24.528301886792452,24.528301886792452
MR,27.25,3,56160,220480,25.471698113207548,25.471698113207548
MR,27.25,4,56160,220480,25.471698113207548,25.471698113207548
MR,27.25,5,0,220480,0.0,0.0
MR,27.25,6,0,220480,0.0,0.0
MR,27.25,7,0,220480,0.0,0.0
MR,27.25,8,0,220480,0.0,0.0
MR,27.25,9,0,220480,0.0,0.0
MR,27.35,1,54418,221858,24.528301886792452,24.528301886792452
MR,27.35,2,54418,221858,24.528301886792452,24.528301886792452
MR,27.35,3,56511,221858,25.471698113207548,25.471698113207548
MR,27.35,4,56511,221858,25.471698113207548,25.471698113207548
MR,27.35,5,0,221858,0.0,0.0
MR,27.35,6,0,221858,0.0,0.0
MR,27.35,7,0,221858,0.0,0.0
MR,27.35,8,0,221858,0.0,0.0
MR,27.35,9,0,221858,0.0,0.0
MR,27.450000000000003,1,53742,219102,24.528301886792452,24.528301886792452
MR,27.450000000000003,2,53742,219102,24.528301886792452,24.528301886792452
MR,27.450000000000003,3,55809,219102,25.471698113207548,25.471698113207548
MR,27.450000000000003,4,55809,219102,25.471698113207548,25.471698113207548
MR,27.450000000000003,5,0,219102,0.0,0.0
MR,27.450000000000003,6,0,219102,0.0,0.0
MR,27.450000000000003,7,0,219102,0.0,0.0
MR,27.450000000000003,8,0,219102,0.0,0.0
MR,27.450000000000003,9,0,219102,0.0,0.0
MR,27.55,1,54080,220480,24.528301886792452,24.528301886792452
MR,27.55,2,54080,220480,24.528301886792452,24.528301886792452
MR,27.55,3,56160,220480,25.471698113207548,25.471698113207548
MR,27.55,4,56160,220480,25.471698113207548,25.471698113207548
MR,27.55,5,0,220480,0.0,0.0
MR,27.55,6,0,220480,0.0,0.0
MR,27.55,7,0,220480,0.0,0.0
MR,27.55,8,0,220480,0.0,0.0
MR,27.55,9,0,220480,0.0,0.0
MR,27.650000000000002,1,54080,220480,24.528301886792452,24.528301886792452
MR,27.650000000000002,2,54080,220480,24.528301886792452,24.528301886792452
MR,27.650000000000002,3,56160,220480,25.471698113207548,25.471698113207548
MR,27.650000000000002,4,56160,220480,25.471698113207548,25.471698113207548
MR,27.650000000000002,5,0,220480,0.0,0.0
MR,27.650000000000002,6,0,220480,0.0,0.0
MR,27.650000000000002,7,0,220480,0.0,0.0
MR,27.650000000000002,8,0,220480,0.0,0.0
MR,27.650000000000002,9,0,220480,0.0,0.0
MR,27.75,1,54080,220480,24.528301886792452,24.528301886792452
MR,27.75,2,54080,220480,24.528301886792452,24.528301886792452
MR,27.75,3,56160,220480,25.471698113207548,25.471698113207548
MR,27.75,4,56160,220480,25.471698113207548,25.471698113207548
MR,27.75,5,0,220480,0.0,0.0
MR,27.75,6,0,220480,0.0,0.0
MR,27.75,7,0,220480,0.0,0.0
MR,27.75,8,0,220480,0.0,0.0
MR,27.75,9,0,220480,0.0,0.0
MR,27.85,1,54418,221858,24.528301886792452,24.528301886792452
MR,27.85,2,54418,221858,24.528301886792452,24.528301886792452
MR,27.85,3,56511,221858,25.471698113207548,25.471698113207548
MR,27.85,4,56511,221858,25.471698113207548,25.471698113207548
MR,27.85,5,0,221858,0.0,0.0
MR,27.85,6,0,221858,0.0,0.0
MR,27.85,7,0,221858,0.0,0.0
MR,27.85,8,0,221858,0.0,0.0
MR,27.85,9,0,221858,0.0,0.0
MR,27.950000000000003,1,53742,219102,24.528301886792452,24.528301886792452
MR,27.950000000000003,2,53742,219102,24.528301886792452,24.528301886792452
MR,27.950000000000003,3,55809,219102,25.471698113207548,25.471698113207548
MR,27.950000000000003,4,55809,219102,25.471698113207548,25.471698113207548
MR,27.950000000000003,5,0,219102,0.0,0.0
MR,27.950000000000003,6,0,219102,0.0,0.0
MR,27.950000000000003,7,0,219102,0.0,0.0
MR,27.950000000000003,8,0,219102,0.0,0.0
MR,27.950000000000003,9,0,219102,0.0,0.0
MR,28.05,1,54080,220480,24.528301886792452,24.528301886792452
MR,28.05,2,54080,220480,24.528301886792452,24.528301886792452
MR,28.05,3,56160,220480,25.471698113207548,25.471698113207548
MR,28.05,4,56160,220480,25.471698113207548,25.471698113207548
MR,28.05,5,0,220480,0.0,0.0
MR,28.05,6,0,220480,0.0,0.0
MR,28.05,7,0,220480,0.0,0.0
MR,28.05,8,0,220480,0.0,0.0
MR,28.05,9,0,220480,0.0,0.0
MR,28.150000000000002,1,54080,220480,24.528301886792452,24.528301886792452
MR,28.150000000000002,2,54080,220480,24.528301886792452,24.528301886792452
MR,28.150000000000002,3,56160,220480,25.471698113207548,25.471698113207548
MR,28.150000000000002,4,56160,220480,25.471698113207548,25.471698113207548
MR,28.150000000000002,5,0,220480,0.0,0.0
MR,28.150000000000002,6,0,220480,0.0,0.0
MR,28.150000000000002,7,0,220480,0.0,0.0
MR,28.150000000000002,8,0,220480,0.0,0.0
MR,28.150000000000002,9,0,220480,0.0,0.0
MR,28.25,1,54080,220480,24.528301886792452,24.528301886792452
MR,28.25,2,54080,220480,24.528301886792452,24.528301886792452
MR,28.25,3,56160,220480,25.471698113207548,25.471698113207548
MR,28.25,4,56160,220480,25.471698113207548,25.471698113207548
MR,28.25,5,0,220480,0.0,0.0
MR,28.25,6,0,220480,0.0,0.0
MR,28.25,7,0,220480,0.0,0.0
MR,28.25,8,0,220480,0.0,0.0
MR,28.25,9,0,220480,0.0,0.0
MR,28.35,1,54418,221858,24.528301886792452,24.528301886792452
MR,28.35,2,54418,221858,24.528301886792452,24.528301886792452
MR,28.35,3,56511,221858,25.471698113207548,25.471698113207548
MR,28.35,4,56511,221858,25.471698113207548,25.471698113207548
MR,28.35,5,0,221858,0.0,0.0
MR,28.35,6,0,221858,0.0,0.0
MR,28.35,7,0,221858,0.0,0.0
MR,28.35,8,0,221858,0.0,0.0
MR,28.35,9,0,221858,0.0,0.0
MR,28.450000000000003,1,53742,219102,24.528301886792452,24.528301886792452
MR,28.450000000000003,2,53742,219102,24.528301886792452,24.528301886792452
MR,28.450000000000003,3,55809,219102,25.471698113207548,25.471698113207548
MR,28.450000000000003,4,55809,219102,25.471698113207548,25.471698113207548
MR,28.450000000000003,5,0,219102,0.0,0.0
MR,28.450000000000003,6,0,219102,0.0,0.0
MR,28.450000000000003,7,0,219102,0.0,0.0
MR,28.450000000000003,8,0,219102,0.0,0.0
MR,28.450000000000003,9,0,219102,0.0,0.0
MR,28.55,1,54080,220480,24.528301886792452,24.528301886792452
MR,28.55,2,54080,220480,24.528301886792452,24.528301886792452
MR,28.55,3,56160,220480,25.471698113207548,25.471698113207548
MR,28.55,4,56160,220480,25.471698113207548,25.471698113207548
MR,28.55,5,0,220480,0.0,0.0
MR,28.55,6,0,220480,0.0,0.0
MR,28.55,7,0,220480,0.0,0.0
MR,28.55,8,0,220480,0.0,0.0
MR,28.55,9,0,220480,0.0,0.0
MR,28.650000000000002,1,54080,220480,24.528301886792452,24.528301886792452
MR,28.650000000000002,2,54080,220480,24.528301886792452,24.528301886792452
MR,28.650000000000002,3,56160,220480,25.471698113207548,25.471698113207548
MR,28.650000000000002,4,56160,220480,25.471698113207548,25.471698113207548
MR,28.650000000000002,5,0,220480,0.0,0.0
MR,28.650000000000002,6,0,220480,0.0,0.0
MR,28.650000000000002,7,0,220480,0.0,0.0
MR,28.650000000000002,8,0,220480,0.0,0.0
MR,28.650000000000002,9,0,220480,0.0,0.0
MR,28.75,1,54080,220480,24.528301886792452,24.528301886792452
MR,28.75,2,54080,220480,24.528301886792452,24.528301886792452
MR,28.75,3,56160,220480,25.471698113207548,25.471698113207548
MR,28.75,4,56160,220480,25.471698113207548,25.471698113207548
MR,28.75,5,0,220480,0.0,0.0
MR,28.75,6,0,220480,0.0,0.0
MR,28.75,7,0,220480,0.0,0.0
MR,28.75,8,0,220480,0.0,0.0
MR,28.75,9,0,220480,0.0,0.0
MR,28.85,1,54418,221858,24.528301886792452,24.528301886792452
MR,28.85,2,54418,221858,24.528301886792452,24.528301886792452
MR,28.85,3,56511,221858,25.471698113207548,25.471698113207548
MR,28.85,4,56511,221858,25.471698113207548,25.471698113207548
MR,28.85,5,0,221858,0.0,0.0
MR,28.85,6,0,221858,0.0,0.0
MR,28.85,7,0,221858,0.0,0.0
MR,28.85,8,0,221858,0.0,0.0
MR,28.85,9,0,221858,0.0,0.0
MR,28.950000000000003,1,53742,219102,24.528301886792452,24.528301886792452
MR,28.950000000000003,2,53742,219102,24.528301886792452,24.528301886792452
MR,28.950000000000003,3,55809,219102,25.471698113207548,25.471698113207548
MR,28.950000000000003,4,55809,219102,25.471698113207548,25.471698113207548
MR,28.950000000000003,5,0,219102,0.0,0.0
MR,28.950000000000003,6,0,219102,0.0,0.0
MR,28.950000000000003,7,0,219102,0.0,0.0
MR,28.950000000000003,8,0,219102,0.0,0.0
MR,28.950000000000003,9,0,219102,0.0,0.0
MR,29.05,1,54080,220480,24.528301886792452,24.528301886792452
MR,29.05,2,54080,220480,24.528301886792452,24.528301886792452
MR,29.05,3,56160,220480,25.471698113207548,25.471698113207548
MR,29.05,4,56160,220480,25.471698113207548,25.471698113207548
MR,29.05,5,0,220480,0.0,0.0
MR,29.05,6,0,220480,0.0,0.0
MR,29.05,7,0,220480,0.0,0.0
MR,29.05,8,0,220480,0.0,0.0
MR,29.05,9,0,220480,0.0,0.0
MR,29.150000000000002,1,54080,220480,24.528301886792452,24.528301886792452
MR,29.150000000000002,2,54080,220480,24.528301886792452,24.528301886792452
MR,29.150000000000002,3,56160,220480,25.471698113207548,25.471698113207548
MR,29.150000000000002,4,56160,220480,25.471698113207548,25.471698113207548
MR,29.150000000000002,5,0,220480,0.0,0.0
MR,29.150000000000002,6,0,220480,0.0,0.0
MR,29.150000000000002,7,0,220480,0.0,0.0
MR,29.150000000000002,8,0,220480,0.0,0.0
MR,29.150000000000002,9,0,220480,0.0,0.0
MR,29.25,1,54080,220480,24.528301886792452,24.528301886792452
MR,29.25,2,54080,220480,24.528301886792452,24.528301886792452
MR,29.25,3,56160,220480,25.471698113207548,25.471698113207548
MR,29.25,4,56160,220480,25.471698113207548,25.471698113207548
MR,29.25,5,0,220480,0.0,0.0
MR,29.25,6,0,220480,0.0,0.0
MR,29.25,7,0,220480,0.0,0.0
MR,29.25,8,0,220480,0.0,0.0
MR,29.25,9,0,220480,0.0,0.0
MR,29.35,1,54418,221858,24.528301886792452,24.528301886792452
MR,29.35,2,54418,221858,24.528301886792452,24.528301886792452
MR,29.35,3,56511,221858,25.471698113207548,25.471698113207548
MR,29.35,4,56511,221858,25.471698113207548,25.471698113207548
MR,29.35,5,0,221858,0.0,0.0
MR,29.35,6,0,221858,0.0,0.0
MR,29.35,7,0,221858,0.0,0.0
MR,29.35,8,0,221858,0.0,0.0
MR,29.35,9,0,221858,0.0,0.0
MR,29.450000000000003,1,53742,219102,24.528301886792452,24.528301886792452
MR,29.450000000000003,2,53742,219102,24.528301886792452,24.528301886792452
MR,29.450000000000003,3,55809,219102,25.471698113207548,25.471698113207548
MR,29.450000000000003,4,55809,219102,25.471698113207548,25.471698113207548
MR,29.450000000000003,5,0,219102,0.0,0.0
MR,29.450000000000003,6,0,219102,0.0,0.0
MR,29.450000000000003,7,0,219102,0.0,0.0
MR,29.450000000000003,8,0,219102,0.0,0.0
MR,29.450000000000003,9,0,219102,0.0,0.0
MR,29.55,1,54080,220480,24.528301886792452,24.528301886792452
MR,29.55,2,54080,220480,24.528301886792452,24.528301886792452
MR,29.55,3,56160,220480,25.471698113207548,25.471698113207548
MR,29.55,4,56160,220480,25.471698113207548,25.471698113207548
MR,29.55,5,0,220480,0.0,0.0
MR,29.55,6,0,220480,0.0,0.0
MR,29.55,7,0,220480,0.0,0.0
MR,29.55,8,0,220480,0.0,0.0
MR,29.55,9,0,220480,0.0,0.0
MR,29.650000000000002,1,54080,220480,24.528301886792452,24.528301886792452
MR,29.650000000000002,2,54080,220480,24.528301886792452,24.528301886792452
MR,29.650000000000002,3,56160,220480,25.471698113207548,25.471698113207548
MR,29.650000000000002,4,56160,220480,25.471698113207548,25.471698113207548
MR,29.650000000000002,5,0,220480,0.0,0.0
MR,29.650000000000002,6,0,220480,0.0,0.0
MR,29.650000000000002,7,0,220480,0.0,0.0
MR,29.650000000000002,8,0,220480,0.0,0.0
MR,29.650000000000002,9,0,220480,0.0,0.0
MR,29.75,1,54080,220480,24.528301886792452,24.528301886792452
MR,29.75,2,54080,220480,24.528301886792452,24.528301886792452
MR,29.75,3,56160,220480,25.471698113207548,25.471698113207548
MR,29.75,4,56160,220480,25.471698113207548,25.471698113207548
MR,29.75,5,0,220480,0.0,0.0
MR,29.75,6,0,220480,0.0,0.0
MR,29.75,7,0,220480,0.0,0.0
MR,29.75,8,0,220480,0.0,0.0
MR,29.75,9,0,220480,0.0,0.0
MR,29.85,1,54418,221858,24.528301886792452,24.528301886792452
MR,29.85,2,54418,221858,24.528301886792452,24.528301886792452
MR,29.85,3,56511,221858,25.471698113207548,25.471698113207548
MR,29.85,4,56511,221858,25.471698113207548,25.471698113207548
MR,29.85,5,0,221858,0.0,0.0
MR,29.85,6,0,221858,0.0,0.0
MR,29.85,7,0,221858,0.0,0.0
MR,29.85,8,0,221858,0.0,0.0
MR,29.85,9,0,221858,0.0,0.0
MR,29.950000000000003,1,53742,219102,24.528301886792452,24.528301886792452
MR,29.950000000000003,2,53742,219102,24.528301886792452,24.528301886792452
MR,29.950000000000003,3,55809,219102,25.471698113207548,25.471698113207548
MR,29.950000000000003,4,55809,219102,25.471698113207548,25.471698113207548
MR,29.950000000000003,5,0,219102,0.0,0.0
MR,29.950000000000003,6,0,219102,0.0,0.0
MR,29.950000000000003,7,0,219102,0.0,0.0
MR,29.950000000000003,8,0,219102,0.0,0.0
MR,29.950000000000003,9,0,219102,0.0,0.0
MR,30.05,1,54080,220480,24.528301886792452,24.528301886792452
MR,30.05,2,54080,220480,24.528301886792452,24.528301886792452
MR,30.05,3,56160,220480,25.471698113207548,25.471698113207548
MR,30.05,4,56160,220480,25.471698113207548,25.471698113207548
MR,30.05,5,0,220480,0.0,0.0
MR,30.05,6,0,220480,0.0,0.0
MR,30.05,7,0,220480,0.0,0.0
MR,30.05,8,0,220480,0.0,0.0
MR,30.05,9,0,220480,0.0,0.0
MR,30.150000000000002,1,54080,220480,24.528301886792452,24.528301886792452
MR,30.150000000000002,2,54080,220480,24.528301886792452,24.528301886792452
MR,30.150000000000002,3,56160,220480,25.471698113207548,25.471698113207548
MR,30.150000000000002,4,56160,220480,25.471698113207548,25.471698113207548
MR,30.150000000000002,5,0,220480,0.0,0.0
MR,30.150000000000002,6,0,220480,0.0,0.0
MR,30.150000000000002,7,0,220480,0.0,0.0
MR,30.150000000000002,8,0,220480,0.0,0.0
MR,30.150000000000002,9,0,220480,0.0,0.0
MR,30.25,1,54080,220480,24.528301886792452,24.528301886792452
MR,30.25,2,54080,220480,24.528301886792452,24.528301886792452
MR,30.25,3,56160,220480,25.471698113207548,25.471698113207548
MR,30.25,4,56160,220480,25.471698113207548,25.471698113207548
MR,30.25,5,0,220480,0.0,0.0
MR,30.25,6,0,220480,0.0,0.0
MR,30.25,7,0,220480,0.0,0.0
MR,30.25,8,0,220480,0.0,0.0
MR,30.25,9,0,220480,0.0,0.0
MR,30.35,1,54080,220480,24.528301886792452,24.528301886792452
MR,30.35,2,54080,220480,24.528301886792452,24.528301886792452
MR,30.35,3,56160,220480,25.471698113207548,25.471698113207548
MR,30.35,4,56160,220480,25.471698113207548,25.471698113207548
MR,30.35,5,0,220480,0.0,0.0
MR,30.35,6,0,220480,0.0,0.0
MR,30.35,7,0,220480,0.0,0.0
MR,30.35,8,0,220480,0.0,0.0
MR,30.35,9,0,220480,0.0,0.0
PF,0.45,1,11505,103350,11.132075471698114,11.802164261931189
PF,0.45,2,11492,103350,11.119496855345911,11.802811690714021
PF,0.45,3,11492,103350,11.119496855345911,11.802811690714021
PF,0.45,4,11492,103350,11.119496855345911,11.802811690714021
PF,0.45,5,11232,103350,10.867924528301886,11.385682574916759
PF,0.45,6,11752,103350,11.371069182389936,9.923880873103958
PF,0.45,7,12701,103350,12.28930817610063,10.556418793932668
PF,0.45,8,9906,103350,9.584905660377359,10.973085460599334
PF,0.45,9,11778,103350,11.39622641509434,9.950332963374029
PF,0.55,1,11687,93704,12.472253052164262,11.41878222509448
PF,0.55,2,11700,93704,12.486126526082131,11.419213844283036
PF,0.55,3,11700,93704,12.486126526082131,11.419213844283036
PF,0.55,4,11700,93704,12.486126526082131,11.415233269488036
PF,0.55,5,11154,93704,11.903440621531631,11.519282372609899
PF,0.55,6,7943,93704,8.47669256381798,11.157756423164761
PF,0.55,7,8268,93704,8.823529411764707,10.827119734128823
PF,0.55,8,11583,93704,12.361265260821309,10.18538473426151
PF,0.55,9,7969,93704,8.504439511653718,10.638013552686418
PF,0.65,1,11596,108862,10.652018151421066,11.623830902616666
PF,0.65,2,11596,108862,10.652018151421066,11.624147648596525
PF,0.65,3,11596,108862,10.652018151421066,11.628455393922621
PF,0.65,4,11583,108862,10.640076427036064,11.62447481912762
PF,0.65,5,12831,108862,11.78648196799618,11.209297018944008
PF,0.65,6,14833,108862,13.625507523286362,10.688671675455046
PF,0.65,7,12376,108862,11.368521614521137,9.543641373369512
PF,0.65,8,9373,108862,8.60998328158586,11.595395934399358
PF,0.65,9,13078,108862,12.0133747313112,10.462085233568645
PF,0.75,1,11817,100594,11.747221504264667,11.154643227546636
PF,0.75,2,11804,100594,11.734298268286379,11.150335482220541
PF,0.75,3,11817,100594,11.747221504264667,11.154643227546638
PF,0.75,4,11817,100594,11.747221504264667,11.150662652751636
PF,0.75,5,9997,100594,9.937968467304213,11.405903963608665
PF,0.75,6,10023,100594,9.963814939260791,11.915218898117695
PF,0.75,7,8489,100594,8.438873093822693,10.847747921649201
PF,0.75,8,13897,100594,13.814939260790903,10.785845699210943
PF,0.75,9,10933,100594,10.868441457741019,10.434998927348046
PF,0.8500000000000001,1,10673,96460,11.064690026954178,11.525954822469032
PF,0.8500000000000001,2,10673,96460,11.064690026954178,11.521647077142937
PF,0.8500000000000001,3,10673,96460,11.064690026954178,11.525954822469032
PF,0.8500000000000001,4,10673,96460,11.064690026954178,11.525954822469032
PF,0.8500000000000001,5,12051,96460,12.493261455525607,10.925596180198449
PF,0.8500000000000001,6,11726,96460,12.15633423180593,11.305967326685161
PF,0.8500000000000001,7,12285,96460,12.735849056603774,10.559760044064847
PF,0.8500000000000001,8,9581,96460,9.932614555256064,10.618840460058903
PF,0.8500000000000001,9,8125,96460,8.423180592991914,10.4903244444426
PF,0.9500000000000001,1,14430,122642,11.765952936188254,11.260747545001538
PF,0.9500000000000001,2,14430,122642,11.765952936188254,11.265305014694365
PF,0.9500000000000001,3,14430,122642,11.765952936188254,11.260747545001538
PF,0.9500000000000001,4,14430,122642,11.765952936188254,11.260747545001538
PF,0.9500000000000001,5,12688,122642,10.345558617765528,11.15865144544943
PF,0.9500000000000001,6,14469,122642,11.797752808988765,11.06554519261564
PF,0.9500000000000001,7,12883,122642,10.504557981768073,11.151232206665377
PF,0.9500000000000001,8,9945,122642,8.108967564129744,11.368887595533124
PF,0.9500000000000001,9,14937,122642,12.179351282594869,10.20813591003745
PF,1.05,1,10413,95082,10.951599671862182,11.513286583067206
PF,1.05,2,10426,95082,10.965272080940661,11.513863477965032
PF,1.05,3,10413,95082,10.951599671862182,11.513286583067206
PF,1.05,4,10413,95082,10.951599671862182,11.513286583067206
PF,1.05,5,10114,95082,10.63713426305715,10.779757590319605
PF,1.05,6,8788,95082,9.242548537052228,11.320415710204095
PF,1.05,7,9711,95082,10.213289581624283,10.185942818877779
PF,1.05,8,15275,95082,16.065080667213564,11.903251329084819
PF,1.05,9,9529,95082,10.021875854525568,9.756909324347049
PF,1.1500000000000001,1,12870,108862,11.822307141151182,11.4577974110845
PF,1.1500000000000001,2,12857,108862,11.810365416766182,11.458374305982327
PF,1.1500000000000001,3,12870,108862,11.822307141151182,11.454223940529898
PF,1.1500000000000001,4,12870,108862,11.822307141151182,11.4577974110845
PF,1.1500000000000001,5,12363,108862,11.356579890136135,10.979751487313715
PF,1.1500000000000001,6,14066,108862,12.920945784571293,11.150695934537742
PF,1.1500000000000001,7,10712,108862,9.839980893240984,9.732593874697798
PF,1.1500000000000001,8,12558,108862,11.535705755911154,12.048318173059869
PF,1.1500000000000001,9,7696,108862,7.0695008359207065,10.260447461709651
PF,1.25,1,14066,121264,11.599485420240137,11.72103246780029
PF,1.25,2,14066,121264,11.599485420240137,11.71705189300529
PF,1.25,3,14053,121264,11.58876500857633,11.717458997245686
PF,1.25,4,14066,121264,11.599485420240137,11.72103246780029
PF,1.25,5,13273,121264,10.945540308747855,11.559977779411282
PF,1.25,6,13689,121264,11.28859348198971,11.934361084610279
PF,1.25,7,11089,121264,9.14451114922813,9.237916230569192
PF,1.25,8,10361,121264,8.54416809605489,10.978356071440373
PF,1.25,9,16601,121264,13.689965694682677,9.41281300811732
PF,1.35,1,13429,114374,11.741304842009548,11.767684804397694
PF,1.35,2,13429,114374,11.741304842009548,11.767684804397694
PF,1.35,3,13429,114374,11.741304842009548,11.76411133384309
PF,1.35,4,13429,114374,11.741304842009548,11.767684804397694
PF,1.35,5,14157,114374,12.377813139349852,9.640279241609088
PF,1.35,6,13260,114374,11.593543987269834,11.63576490065465
PF,1.35,7,9984,114374,8.729256649238463,9.467356561753016
PF,1.35,8,14703,114374,12.85519436235508,10.210688953641899
PF,1.35,9,8554,114374,7.4789724937485795,11.978744595305178
PF,1.4500000000000002,1,12363,103350,11.962264150943396,11.601263175711914
PF,1.4500000000000002,2,12363,103350,11.962264150943396,11.605347142060031
PF,1.4500000000000002,3,12363,103350,11.962264150943396,11.605347142060031
PF,1.4500000000000002,4,12363,103350,11.962264150943396,11.605347142060031
PF,1.4500000000000002,5,5785,103350,5.59748427672956,11.394853283918982
PF,1.4500000000000002,6,12428,103350,12.025157232704403,10.927707235049814
PF,1.4500000000000002,7,10881,103350,10.528301886792454,9.833382045703027
PF,1.4500000000000002,8,9542,103350,9.232704402515724,10.932019509878115
PF,1.4500000000000002,9,15262,103350,14.767295597484276,10.494733323558057
PF,1.55,1,11778,106106,11.100220534182798,11.637779411364315
PF,1.55,2,11791,106106,11.11247243322715,11.63886846905715
PF,1.55,3,11791,106106,11.11247243322715,11.641863377712435
PF,1.55,4,11791,106106,11.11247243322715,11.63886846905715
PF,1.55,5,17199,106106,16.20926243567753,10.793923058074
PF,1.55,6,9724,106106,9.164420485175203,10.914645103324348
PF,1.55,7,10868,106106,10.242587601078167,10.727163821503444
PF,1.55,8,11362,106106,10.708159764763538,9.36633178142612
PF,1.55,9,9802,106106,9.237931879441314,11.640556508481035
PF,1.6500000000000001,1,17147,144690,11.850853548966757,11.517533828854582
PF,1.6500000000000001,2,17134,144690,11.8418688230009,11.522366522366523
PF,1.6500000000000001,3,17147,144690,11.850853548966757,11.521617795202701
PF,1.6500000000000001,4,17134,144690,11.8418688230009,11.518622886547414
PF,1.6500000000000001,5,15301,144690,10.575022461814914,12.37223991940973
PF,1.6500000000000001,6,16718,144690,11.55435759209344,8.890386343216532
PF,1.6500000000000001,7,16510,144690,11.410601976639713,10.792902066486972
PF,1.6500000000000001,8,11804,144690,8.1581311769991,10.148452176754065
PF,1.6500000000000001,9,15795,144690,10.91644204851752,11.71587846116148
PF,1.75,1,13429,115752,11.601527403414195,11.539773689076396
PF,1.75,2,13442,115752,11.612758310871518,11.540522416240217
PF,1.75,3,13429,115752,11.601527403414195,11.539773689076396
PF,1.75,4,13429,115752,11.601527403414195,11.540196882690731
PF,1.75,5,11960,115752,10.332434860736747,10.667539096579292
PF,1.75,6,6890,115752,5.9523809523809526,9.240009375366226
PF,1.75,7,12415,115752,10.725516621743036,12.194812297355364
PF,1.75,8,13403,115752,11.579065588499551,10.70471502793078
PF,1.75,9,17355,115752,14.993261455525607,11.032657525684598
PF,1.85,1,14157,126776,11.166940114848236,11.32019243175929
PF,1.85,2,14157,126776,11.166940114848236,11.320362597023795
PF,1.85,3,14157,126776,11.166940114848236,11.316618961204687
PF,1.85,4,14170,126776,11.177194421657097,11.320037063474308
PF,1.85,5,14066,126776,11.095159967186218,11.176979865454022
PF,1.85,6,12948,126776,10.213289581624283,10.620117736606664
PF,1.85,7,18317,126776,14.448318293683347,10.628270872323375
PF,1.85,8,15691,126776,12.376948318293683,11.64099834628957
PF,1.85,9,9113,126776,7.188269073010664,10.65642212586429
PF,1.9500000000000002,1,13572,121264,11.192109777015437,10.985055642561795
PF,1.9500000000000002,2,13559,121264,11.18138936535163,10.986039641700017
PF,1.9500000000000002,3,13559,121264,11.18138936535163,10.986039641700017
PF,1.9500000000000002,4,13559,121264,11.18138936535163,10.989457743969638
PF,1.9500000000000002,5,14677,121264,12.103344768439108,11.16005212088067
PF,1.9500000000000002,6,19032,121264,15.694682675814752,11.593788583124104
PF,1.9500000000000002,7,8138,121264,6.710977701543739,11.688045342680288
PF,1.9500000000000002,8,13299,121264,10.966981132075471,11.304233889344635
PF,1.9500000000000002,9,11869,121264,9.787735849056604,10.30728739403883
PF,2.0500000000000003,1,10075,95082,10.596117035821711,11.630701355885932
PF,2.0500000000000003,2,10088,95082,10.60978944490019,11.631685355024155
PF,2.0500000000000003,3,10088,95082,10.60978944490019,11.631685355024155
PF,2.0500000000000003,4,10088,95082,10.60978944490019,11.631685355024155
PF,2.0500000000000003,5,9776,95082,10.28165162701668,10.665065838363622
PF,2.0500000000000003,6,8437,95082,8.873393491933278,11.157773955148853
PF,2.0500000000000003,7,13221,95082,13.904840032813782,9.47405411105165
PF,2.0500000000000003,8,10049,95082,10.568772217664753,10.889967406579382
PF,2.0500000000000003,9,13260,95082,13.945857260049221,11.287381267898084
PF,2.15,1,16432,125398,13.10387725482065,11.410865066071139
PF,2.15,2,16432,125398,13.10387725482065,11.411441960968965
PF,2.15,3,16432,125398,13.10387725482065,11.411441960968965
PF,2.15,4,16432,125398,13.10387725482065,11.411441960968965
PF,2.15,5,12051,125398,9.610201119635082,11.132647675362703
PF,2.15,6,11167,125398,8.905245697698527,11.073096273146115
PF,2.15,7,9789,125398,7.806344598797429,10.974821276375778
PF,2.15,8,13962,125398,11.134148869997926,10.70138767566624
PF,2.15,9,12701,125398,10.12855069458843,10.472856150471129
PF,2.25,1,11466,108862,10.532600907571053,11.966876368595976
PF,2.25,2,11453,108862,10.520659183186051,11.962895793800975
PF,2.25,3,11453,108862,10.520659183186051,11.967088665918377
PF,2.25,4,11453,108862,10.520659183186051,11.962895793800977
PF,2.25,5,14703,108862,13.50609027943635,10.38467574937601
PF,2.25,6,16809,108862,15.440649629806543,12.081755465562486
PF,2.25,7,12207,108862,11.21327919751612,9.819958456213532
PF,2.25,8,11323,108862,10.40124193933604,9.673222512964571
PF,2.25,9,7995,108862,7.344160496775735,10.18063119376709
PF,2.35,1,12675,103350,12.264150943396226,11.224305847235605
PF,2.35,2,12675,103350,12.264150943396226,11.220325272440604
PF,2.35,3,12688,103350,12.276729559748428,11.224518144558004
PF,2.35,4,12675,103350,12.264150943396226,11.220325272440604
PF,2.35,5,8307,103350,8.037735849056604,11.334387499348006
PF,2.35,6,12298,103350,11.89937106918239,12.691739712501843
PF,2.35,7,10790,103350,10.440251572327044,10.095021353267319
PF,2.35,8,7735,103350,7.484276729559748,10.16916985341419
PF,2.35,9,13507,103350,13.069182389937106,10.820207044793818
PF,2.45,1,13039,119886,10.876165690739535,11.535118493287577
PF,2.45,2,13039,119886,10.876165690739535,11.535118493287577
PF,2.45,3,13039,119886,10.876165690739535,11.539311365404979
PF,2.45,4,13039,119886,10.876165690739535,11.535118493287577
PF,2.45,5,14937,119886,12.459336369551073,10.235983007386428
PF,2.45,6,12870,119886,10.73519843851659,11.29994344300288
PF,2.45,7,10348,119886,8.631533289958794,11.111238683285068
PF,2.45,8,15132,119886,12.62199089134678,10.645855392688413
PF,2.45,9,14443,119886,12.047278247668618,10.5623126283695
PF,2.5500000000000003,1,13429,117130,11.46503884572697,10.962342212964126
PF,2.5500000000000003,2,13429,117130,11.46503884572697,10.967957666692788
PF,2.5500000000000003,3,13429,117130,11.46503884572697,10.962342212964126
PF,2.5500000000000003,4,13429,117130,11.46503884572697,10.962342212964126
PF,2.5500000000000003,5,11960,117130,10.21087680355161,10.892317239192359
PF,2.5500000000000003,6,13195,117130,11.265260821309656,10.848760454084042
PF,2.5500000000000003,7,16705,117130,14.261931187569367,10.781424367621696
PF,2.5500000000000003,8,13858,117130,11.831298557158712,11.64952415579114
PF,2.5500000000000003,9,7696,117130,6.570477247502775,11.972989477725596
PF,2.6500000000000004,1,8138,77168,10.545822102425875,11.439084504542455
PF,2.6500000000000004,2,8151,77168,10.56266846361186,11.44000644470686
PF,2.6500000000000004,3,8138,77168,10.545822102425875,11.4343909909782
PF,2.6500000000000004,4,8138,77168,10.545822102425875,11.439084504542455
PF,2.6500000000000004,5,7722,77168,10.006738544474393,10.71930461849623
PF,2.6500000000000004,6,8138,77168,10.545822102425875,11.334943721222649
PF,2.6500000000000004,7,7293,77168,9.450808625336927,12.869983955283042
PF,2.6500000000000004,8,8099,77168,10.495283018867925,10.281769565049338
PF,2.6500000000000004,9,13351,77168,17.301212938005392,9.041431695178776
PF,2.75,1,11362,92326,12.306392565474514,11.562154511145524
PF,2.75,2,11349,92326,12.29231202478175,11.563076451309932
PF,2.75,3,11349,92326,12.29231202478175,11.557460997581268
PF,2.75,4,11362,92326,12.306392565474514,11.562154511145524
PF,2.75,5,11024,92326,11.940298507462687,10.400624483437667
PF,2.75,6,11258,92326,12.193748239932413,11.468878355501486
PF,2.75,7,13754,92326,14.897212052942834,11.224835807655232
PF,2.75,8,7865,92326,8.518727119121374,10.784305425345211
PF,2.75,9,3003,92326,3.252604900028161,9.876509456878154
PF,2.85,1,12883,108862,11.834248865536184,11.396186656498424
PF,2.85,2,12883,108862,11.834248865536184,11.396484657359645
PF,2.85,3,12883,108862,11.834248865536184,11.396484657359649
PF,2.85,4,12883,108862,11.834248865536184,11.4011781709239
PF,2.85,5,10075,108862,9.254836398375925,10.72881655691276
PF,2.85,6,12701,108862,11.667064724146167,11.193097183493899
PF,2.85,7,10153,108862,9.326486744685933,11.413889416520162
PF,2.85,8,14521,108862,13.338906138046333,10.814878451201254
PF,2.85,9,9880,108862,9.075710532600908,10.258984249730304
PF,2.95,1,8723,86814,10.047918538484577,11.19937621609463
PF,2.95,2,8736,86814,10.062893081761006,11.204367730520106
PF,2.95,3,8736,86814,10.062893081761006,11.204367730520106
PF,2.95,4,8736,86814,10.062893081761006,11.204367730520106
PF,2.95,5,9542,86814,10.99131476489967,10.48830569967422
PF,2.95,6,8437,86814,9.718478586403116,10.957343265678588
PF,2.95,7,8697,86814,10.017969451931716,10.319476219882239
PF,2.95,8,9191,86814,10.58700209643606,11.094459637569264
PF,2.95,9,16016,86814,18.448637316561843,12.327935769540737
PF,3.0500000000000003,1,11947,101972,11.71596124426313,10.849208113359056
PF,3.0500000000000003,2,11947,101972,11.71596124426313,10.849361698418301
PF,3.0500000000000003,3,11947,101972,11.71596124426313,10.854199627784533
PF,3.0500000000000003,4,11947,101972,11.71596124426313,10.849361698418301
PF,3.0500000000000003,5,11440,101972,11.218765935747069,11.496248477380552
PF,3.0500000000000003,6,11713,101972,11.486486486486486,11.001558265709209
PF,3.0500000000000003,7,11843,101972,11.613972463029066,10.34562553430478
PF,3.0500000000000003,8,9542,101972,9.357470678225395,10.692666541723147
PF,3.0500000000000003,9,9646,101972,9.45945945945946,13.061770042902118
PF,3.1500000000000004,1,9659,89570,10.783744557329463,11.701159795499416
PF,3.1500000000000004,2,9646,89570,10.76923076923077,11.700514738250588
PF,3.1500000000000004,3,9659,89570,10.783744557329463,11.70115979549942
PF,3.1500000000000004,4,9646,89570,10.76923076923077,11.696321866133188
PF,3.1500000000000004,5,10998,89570,12.27866473149492,11.677340620736848
PF,3.1500000000000004,6,10569,89570,11.799709724238026,11.07862724843857
PF,3.1500000000000004,7,8424,89570,9.404934687953556,9.56814724739253
PF,3.1500000000000004,8,10868,89570,12.133526850507982,10.933057876454102
PF,3.1500000000000004,9,10101,89570,11.27721335268505,9.94367081159534
PF,3.25,1,13026,103350,12.60377358490566,11.828161648080444
PF,3.25,2,13039,103350,12.616352201257861,11.81159429165161
PF,3.25,3,13026,103350,12.60377358490566,11.828161648080444
PF,3.25,4,13026,103350,12.60377358490566,11.827304293509215
PF,3.25,5,11921,103350,11.534591194968554,12.133277809418244
PF,3.25,6,10283,103350,9.949685534591195,11.174645167480131
PF,3.25,7,7943,103350,7.685534591194968,8.861380055074825
PF,3.25,8,11687,103350,11.30817610062893,10.962535646557619
PF,3.25,9,9399,103350,9.09433962264151,9.572939440147465
PF,3.35,1,13169,108862,12.096966802006209,11.967856858530373
PF,3.35,2,13117,108862,12.049199904466205,11.944334978637583
PF,3.35,3,13169,108862,12.096966802006209,11.963926040920308
PF,3.35,4,13182,108862,12.108908526391211,11.96790661571531
PF,3.35,5,13702,108862,12.58657750179126,11.208628559297296
PF,3.35,6,12818,108862,11.774540243611177,11.30980481914922
PF,3.35,7,10335,108862,9.49367088607595,10.596684844624898
PF,3.35,8,10283,108862,9.445903988535944,9.45733487248892
PF,3.35,9,9087,108862,8.347265345115835,9.583522410636094
PF,3.45,1,12350,110240,11.202830188679245,11.719878421872691
PF,3.45,2,12311,110240,11.16745283018868,11.346597286560268
PF,3.45,3,12337,110240,11.191037735849056,11.719403268095649
PF,3.45,4,12337,110240,11.191037735849056,11.72338384289065
PF,3.45,5,10478,110240,9.504716981132075,11.406891512277229
PF,3.45,6,13455,110240,12.205188679245284,10.978936526016774
PF,3.45,7,16107,110240,14.610849056603774,11.877538163214064
PF,3.45,8,8398,110240,7.617924528301887,9.288744552955205
PF,3.45,9,12467,110240,11.308962264150944,9.938626426117471
PF,3.5500000000000003,1,14872,125398,11.859838274932615,11.554875941668394
PF,3.5500000000000003,2,13572,125398,10.823139125025918,11.44243727970143
PF,3.5500000000000003,3,14885,125398,11.870205266431682,11.554400787891353
PF,3.5500000000000003,4,14885,125398,11.870205266431682,11.55137708203746
PF,3.5500000000000003,5,15210,125398,12.129380053908356,9.488216186329394
PF,3.5500000000000003,6,11232,125398,8.957080655193863,11.127021563342318
PF,3.5500000000000003,7,14456,125398,11.528094546962471,11.866706406800747
PF,3.5500000000000003,8,13546,125398,10.802405142027784,11.08991637293524
PF,3.5500000000000003,9,12740,125398,10.159651669085632,10.325048379293662
PF,3.6500000000000004,1,16627,143312,11.601959361393323,11.436951413366508
PF,3.6500000000000004,2,17680,143312,12.336719883889696,11.063216822899046
PF,3.6500000000000004,3,16627,143312,11.601959361393323,11.436269374452095
PF,3.6500000000000004,4,16614,143312,11.59288824383164,11.437383371345634
PF,3.6500000000000004,5,9789,143312,6.830551523947751,11.02454521645187
PF,3.6500000000000004,6,17511,143312,12.218795355587808,11.084610110181112
PF,3.6500000000000004,7,13559,143312,9.461175616835995,10.008670988065228
PF,3.6500000000000004,8,21281,143312,14.849419448476052,11.347695254100417
PF,3.6500000000000004,9,13624,143312,9.506531204644412,11.160657449138085
PF,3.75,1,11362,104728,10.849056603773585,11.28421107194692
PF,3.75,2,10504,104728,10.02979145978153,11.512107554808646
PF,3.75,3,11349,104728,10.83664349553128,11.280073369199485
PF,3.75,4,11362,104728,10.849056603773585,11.281187366093027
PF,3.75,5,14781,104728,14.113704071499503,11.365964803154474
PF,3.75,6,12649,104728,12.077954319761668,10.74042599241209
PF,3.75,7,9464,104728,9.036742800397219,9.786817369985195
PF,3.75,8,8788,104728,8.391261171797417,11.816974402624849
PF,3.75,9,14469,104728,13.81578947368421,10.932238069775309
PF,3.85,1,10998,96460,11.401617250673855,11.391930592991914
PF,3.85,2,11739,96460,12.169811320754716,11.365079857663027
PF,3.85,3,10998,96460,11.401617250673855,11.392706412257057
PF,3.85,4,10998,96460,11.401617250673855,11.391930592991914
PF,3.85,5,12688,96460,13.153638814016173,11.909475930392018
PF,3.85,6,7644,96460,7.9245283018867925,11.15353980470043
PF,3.85,7,10478,96460,10.862533692722373,10.873461661228545
PF,3.85,8,11778,96460,12.210242587601078,10.40981729086868
PF,3.85,9,9139,96460,9.474393530997304,10.112057856906418
PF,3.95,1,10517,88192,11.925117924528301,11.357592416168378
PF,3.95,2,10491,88192,11.89563679245283,11.607444607098964
PF,3.95,3,10530,88192,11.939858490566039,11.362505938180954
PF,3.95,4,10517,88192,11.925117924528301,11.361206961097169
PF,3.95,5,7462,88192,8.461084905660377,11.267656406522704
PF,3.95,6,11869,88192,13.45813679245283,11.07102354876021
PF,3.95,7,11219,88192,12.721108490566039,11.566122613109437
PF,3.95,8,9373,88192,10.627948113207546,10.32002438526918
PF,3.95,9,6214,88192,7.0459905660377355,10.086423123792999
PF,4.05,1,12883,119886,10.746042073302972,11.405510954652952
PF,4.05,2,12896,119886,10.756885708089351,11.399298455556588
PF,4.05,3,12883,119886,10.746042073302972,11.410424476665531
PF,4.05,4,12896,119886,10.756885708089351,11.405381863762637
PF,4.05,5,14612,119886,12.188245499891563,10.780235022874905
PF,4.05,6,14183,119886,11.830405551941011,11.854940889281325
PF,4.05,7,13325,119886,11.114725656039905,11.565373885945618
PF,4.05,8,9737,119886,8.121882454998916,10.064708422406047
PF,4.05,9,16471,119886,13.73888527434396,10.114126028854395
PF,4.15,1,13364,115752,11.545372866127583,11.412087514885172
PF,4.15,2,13364,115752,11.545372866127583,11.410864130447735
PF,4.15,3,13364,115752,11.545372866127583,11.412087514885172
PF,4.15,4,13351,115752,11.534141958670261,11.411958423994859
PF,4.15,5,13533,115752,11.691374663072777,11.617347988525607
PF,4.15,6,11895,115752,10.276280323450134,11.495649041192308
PF,4.15,7,12571,115752,10.860287511230908,9.313393358611316
PF,4.15,8,13247,115752,11.44429469901168,11.490612510456364
PF,4.15,9,11063,115752,9.55750224618149,10.435999517001468
PF,4.25,1,10699,89570,11.944847605224965,11.81939629284956
PF,4.25,2,10686,89570,11.93033381712627,11.785305767315421
PF,4.25,3,10699,89570,11.944847605224965,11.815739718328572
PF,4.25,4,10699,89570,11.944847605224965,11.815652657030455
PF,4.25,5,9828,89570,10.972423802612482,10.819920535804693
PF,4.25,6,11089,89570,12.380261248185777,11.636574263823057
PF,4.25,7,5343,89570,5.965166908563135,9.729444291752321
PF,4.25,8,13351,89570,14.90566037735849,10.845626388627705
PF,4.25,9,7176,89570,8.011611030478955,9.73234008446821
PF,4.3500000000000005,1,14183,118508,11.967968407196139,11.811656641268485
PF,4.3500000000000005,2,14079,118508,11.88021061869241,11.774032796534287
PF,4.3500000000000005,3,14170,118508,11.956998683633172,11.808000066747496
PF,4.3500000000000005,4,14183,118508,11.967968407196139,11.811656641268485
PF,4.3500000000000005,5,11609,118508,9.795963141728828,11.258178306583133
PF,4.3500000000000005,6,14521,118508,12.25318121983326,11.78686651979689
PF,4.3500000000000005,7,14651,118508,12.362878455462923,9.275202457926007
PF,4.3500000000000005,8,7332,118508,6.186924089512944,10.550047412213452
PF,4.3500000000000005,9,13780,118508,11.627906976744185,9.92435915766176
PF,4.45,1,14131,122642,11.522153911384354,11.43117690595004
PF,4.45,2,14118,122642,11.511553953784185,11.36457750576433
PF,4.45,3,14131,122642,11.522153911384354,11.430901679910827
PF,4.45,4,14131,122642,11.522153911384354,11.43117690595004
PF,4.45,5,15951,122642,13.006147975408098,10.863704990624731
PF,4.45,6,13156,122642,10.727157091371634,11.298443736791029
PF,4.45,7,11648,122642,9.497562009751961,10.712119500442562
PF,4.45,8,12948,122642,10.557557769768922,10.169983842861996
PF,4.45,9,12428,122642,10.133559465762136,11.297914931704447
PF,4.55,1,13845,128154,10.803408399269628,11.226282643998085
PF,4.55,2,13715,128154,10.701967944816392,11.167248570407523
PF,4.55,3,13858,128154,10.813552444714952,11.229663992479859
PF,4.55,4,13845,128154,10.803408399269628,11.229897188926879
PF,4.55,5,12545,128154,9.789003854737269,11.292448860608708
PF,4.55,6,13988,128154,10.914992899168189,10.600878595126085
PF,4.55,7,13169,128154,10.275918036112802,11.478024759017018
PF,4.55,8,17641,128154,13.76546966930412,10.79328269511789
PF,4.55,9,15548,128154,12.13227835260702,10.982272694317949
PF,4.65,1,13611,119886,11.353285621340273,11.491281584002325
PF,4.65,2,13533,119886,11.288223812621991,11.411047595211423
PF,4.65,3,13611,119886,11.353285621340273,11.494662932484099
PF,4.65,4,13624,119886,11.364129256126654,11.491362809731063
PF,4.65,5,13286,119886,11.082194751680763,9.197190574975185
PF,4.65,6,12181,119886,10.16048579483843,10.858810896730212
PF,4.65,7,17576,119886,14.660594231186293,12.117555534227252
PF,4.65,8,9659,119886,8.056820646280633,10.64134996951546
PF,4.65,9,12805,119886,10.680980264584688,11.296738103122978
PF,4.75,1,15106,122642,12.317150731397074,11.75020834399421
PF,4.75,2,15015,122642,12.242951028195888,11.691995387190865
PF,4.75,3,15106,122642,12.317150731397074,11.75020834399421
PF,4.75,4,15093,122642,12.306550773796905,11.750289569722947
PF,4.75,5,8242,122642,6.720373118507526,9.625227025911817
PF,4.75,6,14105,122642,11.500953996184016,11.27708370392572
PF,4.75,7,14001,122642,11.41615433538266,11.215834427850027
PF,4.75,8,12389,122642,10.101759592961628,10.687294042011573
PF,4.75,9,13585,122642,11.076955692177231,10.251859155398627
PF,4.8500000000000005,1,12766,110240,11.580188679245284,11.60632165163647
PF,4.8500000000000005,2,12727,110240,11.544811320754716,11.553669533185115
PF,4.8500000000000005,3,12766,110240,11.580188679245284,11.60632165163647
PF,4.8500000000000005,4,12766,110240,11.580188679245284,11.602788332436413
PF,4.8500000000000005,5,12207,110240,11.07311320754717,10.640080025149983
PF,4.8500000000000005,6,13416,110240,12.169811320754716,11.026845978086172
PF,4.8500000000000005,7,8346,110240,7.570754716981132,10.481525723469757
PF,4.8500000000000005,8,15327,110240,13.903301886792454,11.15843607138392
PF,4.8500000000000005,9,9919,110240,8.997641509433961,10.324011033015696
PF,4.95,1,11739,107484,10.921625544267053,11.5664574973676
PF,4.95,2,11687,107484,10.87324625060474,11.20557523928778
PF,4.95,3,11739,107484,10.921625544267053,11.5664574973676
PF,4.95,4,11739,107484,10.921625544267053,11.5664574973676
PF,4.95,5,15184,107484,14.12675374939526,11.785083288274187
PF,4.95,6,10114,107484,9.409772617319787,11.029672633446218
PF,4.95,7,13390,107484,12.457668118045477,9.587720671238985
PF,4.95,8,10179,107484,9.470246734397678,11.712751501181025
PF,4.95,9,11713,107484,10.897435897435898,9.979824174469014
PF,5.050000000000001,1,14287,117130,12.197558268590456,11.030743211653311
PF,5.050000000000001,2,13117,117130,11.198668146503884,10.987950882512479
PF,5.050000000000001,3,14287,117130,12.197558268590456,11.030743211653311
PF,5.050000000000001,4,14287,117130,12.197558268590456,11.030743211653311
PF,5.050000000000001,5,11895,117130,10.155382907880133,12.096332573580076
PF,5.050000000000001,6,13481,117130,11.50943396226415,10.754821698217924
PF,5.050000000000001,7,10231,117130,8.734739178690344,11.597338411988801
PF,5.050000000000001,8,13780,117130,11.764705882352942,10.954001603280183
PF,5.050000000000001,9,11765,117130,10.044395116537181,10.517325195460602
PF,5.15,1,10582,106106,9.973045822102426,11.328275867676533
PF,5.15,2,11557,106106,10.891938250428817,11.28225825229155
PF,5.15,3,10582,106106,9.973045822102426,11.328275867676533
PF,5.15,4,10582,106106,9.973045822102426,11.333113797042765
PF,5.15,5,12740,106106,12.006861063464838,10.701396272983397
PF,5.15,6,12038,106106,11.345258515069835,11.067674463900879
PF,5.15,7,14430,106106,13.59960793923058,10.763601917874949
PF,5.15,8,12337,106106,11.627052193089929,11.120910166415163
PF,5.15,9,11258,106106,10.610144572408723,11.074493394138232
PF,5.25,1,10582,89570,11.81422351233672,11.203961133206418
PF,5.25,2,10530,89570,11.756168359941945,11.473039539077277
PF,5.25,3,10582,89570,11.81422351233672,11.203961133206418
PF,5.25,4,10595,89570,11.828737300435414,11.208799062572647
PF,5.25,5,8905,89570,9.941944847605225,11.14345560100277
PF,5.25,6,9269,89570,10.34833091436865,10.011356567960341
PF,5.25,7,8918,89570,9.95645863570392,10.678637400335512
PF,5.25,8,8931,89570,9.970972423802612,11.455344969495913
PF,5.25,9,11258,89570,12.568940493468796,11.621444593142705
PF,5.3500000000000005,1,14339,121264,11.824614065180103,11.44792140075159
PF,5.3500000000000005,2,14274,121264,11.771012006861064,11.362659004168437
PF,5.3500000000000005,3,14339,121264,11.824614065180103,11.443553825629296
PF,5.3500000000000005,4,14339,121264,11.824614065180103,11.448391754995528
PF,5.3500000000000005,5,13923,121264,11.481560891938251,10.55661232548025
PF,5.3500000000000005,6,10114,121264,8.34048027444254,11.265417845606526
PF,5.3500000000000005,7,10283,121264,8.479845626072041,10.31646899571428
PF,5.3500000000000005,8,15483,121264,12.768010291595198,11.126131904433791
PF,5.3500000000000005,9,14170,121264,11.6852487135506,11.032842943220302
PF,5.45,1,10621,99216,10.704926624737945,11.268276842839244
PF,5.45,2,10478,99216,10.560796645702306,11.202366163721017
PF,5.45,3,10608,99216,10.69182389937107,11.263909267716953
PF,5.45,4,10608,99216,10.69182389937107,11.263909267716949
PF,5.45,5,10166,99216,10.246331236897275,10.387284797662156
PF,5.45,6,14989,99216,15.107442348008385,11.782784846265182
PF,5.45,7,12415,99216,12.513102725366876,10.259754474348702
PF,5.45,8,10556,99216,10.639412997903564,10.405338717170952
PF,5.45,9,8775,99216,8.84433962264151,12.166375622558846
PF,5.550000000000001,1,12896,114374,11.275289838599681,11.283430167342937
PF,5.550000000000001,2,12896,114374,11.275289838599681,11.227425691407724
PF,5.550000000000001,3,12896,114374,11.275289838599681,11.283043167015647
PF,5.550000000000001,4,12896,114374,11.275289838599681,11.279062592220647
PF,5.550000000000001,5,10790,114374,9.433962264150944,10.405333085653124
PF,5.550000000000001,6,13611,114374,11.900431916344624,11.920386079519629
PF,5.550000000000001,7,11193,114374,9.786315071607184,11.549053603688433
PF,5.550000000000001,8,8931,114374,7.808592862014094,10.281171923849632
PF,5.550000000000001,9,18265,114374,15.969538531484428,10.771093689302228
PF,5.65,1,12922,108862,11.870074038691188,11.861405941859593
PF,5.65,2,12896,108862,11.846190589921184,11.845680214274408
PF,5.65,3,12935,108862,11.882015763076188,11.861504227657
PF,5.65,4,12922,108862,11.870074038691188,11.861405941859593
PF,5.65,5,12558,108862,11.535705755911154,10.662534731743657
PF,5.65,6,9529,108862,8.753283974205875,10.856153608054454
PF,5.65,7,13442,108862,12.347743014091234,11.66018412624453
PF,5.65,8,13494,108862,12.39550991163124,8.637022533369006
PF,5.65,9,8164,108862,7.49940291378075,10.75410867493776
PF,5.75,1,13884,111618,12.43885394828791,11.752546373904009
PF,5.75,2,13858,111618,12.415560214302353,11.32048616142202
PF,5.75,3,13871,111618,12.427207081295132,11.757073749966274
PF,5.75,4,13884,111618,12.43885394828791,11.752546373904009
PF,5.75,5,12298,111618,11.01793617516888,11.003574682137847
PF,5.75,6,13299,111618,11.914744933612859,10.078287959971822
PF,5.75,7,14339,111618,12.846494293035173,10.196289749908466
PF,5.75,8,6370,111618,5.7069648264616815,11.14975750194381
PF,5.75,9,9815,111618,8.793384579548102,10.989437446841746
PF,5.8500000000000005,1,10712,97838,10.948711134732926,11.84547068106285
PF,5.8500000000000005,2,9490,97838,9.69970768004252,11.721860786584559
PF,5.8500000000000005,3,10725,97838,10.961998405527504,11.846017482330117
PF,5.8500000000000005,4,10712,97838,10.948711134732926,11.845470681062851
PF,5.8500000000000005,5,10231,97838,10.45708211533351,11.504950191872565
PF,5.8500000000000005,6,9360,97838,9.566834972096732,9.878905391351134
PF,5.8500000000000005,7,5278,97838,5.39463194259899,9.382262204330884
PF,5.8500000000000005,8,15015,97838,15.346797767738506,9.980883827696358
PF,5.8500000000000005,9,16315,97838,16.675524847196385,11.99417875370868
PF,5.95,1,15067,124020,12.148846960167715,11.209406157419712
PF,5.95,2,16185,124020,13.050314465408805,11.034598576785662
PF,5.95,3,15067,124020,12.148846960167715,11.209904430074507
PF,5.95,4,15067,124020,12.148846960167715,11.209406157419709
PF,5.95,5,16172,124020,13.039832285115304,10.811864548577276
PF,5.95,6,10114,124020,8.155136268343815,10.262669658763201
PF,5.95,7,12285,124020,9.90566037735849,9.91141819470281
PF,5.95,8,11024,124020,8.88888888888889,13.03925404277517
PF,5.95,9,13039,124020,10.51362683438155,11.311478233481955
PF,6.050000000000001,1,11609,110240,10.53066037735849,11.574654423097174
PF,6.050000000000001,2,11414,110240,10.35377358490566,11.816181327359928
PF,6.050000000000001,3,11596,110240,10.518867924528301,11.575031350813207
PF,6.050000000000001,4,11609,110240,10.53066037735849,11.578962168423269
PF,6.050000000000001,5,9854,110240,8.93867924528302,11.297911700793582
PF,6.050000000000001,6,14404,110240,13.066037735849056,11.07992782133387
PF,6.050000000000001,7,15912,110240,14.433962264150944,12.386490910657363
PF,6.050000000000001,8,16406,110240,14.882075471698114,9.870755674257872
PF,6.050000000000001,9,7436,110240,6.745283018867925,8.820084623263739
PF,6.15,1,12116,100594,12.044455931765315,11.337490186568933
PF,6.15,2,12116,100594,12.044455931765315,11.253794688017598
PF,6.15,3,12129,100594,12.057379167743603,11.33433379508491
PF,6.15,4,12129,100594,12.057379167743603,11.338264612694973
PF,6.15,5,11986,100594,11.915223571982425,11.000484742353267
PF,6.15,6,12090,100594,12.018609459808737,12.385999634083655
PF,6.15,7,12896,100594,12.819850090462651,11.091529423836642
PF,6.15,8,5876,100594,5.841302662186611,12.055838785777278
PF,6.15,9,9256,100594,9.201344016541743,8.202264131582744
PF,6.25,1,14027,122642,11.437354250582997,11.38433779972493
PF,6.25,2,13936,122642,11.36315454738181,11.338983882779942
PF,6.25,3,14014,122642,11.426754292982828,11.390267396487118
PF,6.25,4,14014,122642,11.426754292982828,11.390267396487118
PF,6.25,5,14898,122642,12.14755140979436,10.933596403349247
PF,6.25,6,14807,122642,12.073351706593174,11.154687127639692
PF,6.25,7,7384,122642,6.020775916896333,9.125862860273388
PF,6.25,8,18941,122642,15.444138223447107,10.595507823822436
PF,6.25,9,10621,122642,8.660165359338563,12.686489309436132
PF,6.3500000000000005,1,8970,84058,10.671203216826477,11.427259551347602
PF,6.3500000000000005,2,8918,84058,10.6093411691927,11.3250745364258
PF,6.3500000000000005,3,8983,84058,10.68666872873492,11.42888140278369
PF,6.3500000000000005,4,8983,84058,10.68666872873492,11.428881402783693
PF,6.3500000000000005,5,7345,84058,8.738014228270956,10.443707148734509
PF,6.3500000000000005,6,7878,84058,9.372100216517167,11.149393271937742
PF,6.3500000000000005,7,7176,84058,8.536962573461182,8.720882899074237
PF,6.3500000000000005,8,8827,84058,10.501082585833592,11.99765297719374
PF,6.3500000000000005,9,16978,84058,20.197958552428087,12.078266809718988
PF,6.45,1,13923,114374,12.173221186633326,11.108322285429997
PF,6.45,2,13728,114374,12.002727892702888,10.564085913713624
PF,6.45,3,13923,114374,12.173221186633326,11.108563934053565
PF,6.45,4,13923,114374,12.173221186633326,11.108563934053565
PF,6.45,5,11947,114374,10.445555808138213,9.814334666224438
PF,6.45,6,13728,114374,12.002727892702888,10.603716287979012
PF,6.45,7,13273,114374,11.604910206865197,11.30810067520313
PF,6.45,8,11492,114374,10.047738122300522,10.85904086497552
PF,6.45,9,8437,114374,7.376676517390316,13.52527143836714
PF,6.550000000000001,1,9243,88192,10.48054245283019,11.9575590096234
PF,6.550000000000001,2,8008,88192,9.080188679245284,11.755986208986892
PF,6.550000000000001,3,9230,88192,10.465801886792454,11.956434227475944
PF,6.550000000000001,4,9230,88192,10.465801886792454,11.952645487610821
PF,6.550000000000001,5,9048,88192,10.25943396226415,11.300390240206106
PF,6.550000000000001,6,9204,88192,10.43632075471698,10.51825225430022
PF,6.550000000000001,7,12155,88192,13.78242924528302,11.30400138289005
PF,6.550000000000001,8,10608,88192,12.028301886792454,9.870614533606123
PF,6.550000000000001,9,11466,88192,13.00117924528302,9.384116655300447
PF,6.65,1,15119,114374,13.218913389406683,11.458570715704214
PF,6.65,2,16224,114374,14.185042055012502,10.996250085340428
PF,6.65,3,15132,114374,13.230279609002046,11.454332414657697
PF,6.65,4,15119,114374,13.218913389406683,11.453657193691635
PF,6.65,5,15093,114374,13.196180950215957,11.16868463954829
PF,6.65,6,10426,114374,9.11570811548079,10.27536026789767
PF,6.65,7,9750,114374,8.524664696521937,11.909824638550466
PF,6.65,8,8619,114374,7.535803591725392,9.600638684009342
PF,6.65,9,8892,114374,7.774494203228007,11.682681360600256
PF,6.75,1,14859,139178,10.676256304875771,11.661942590224847
PF,6.75,2,13533,139178,9.723519521763498,11.896503191645076
PF,6.75,3,14846,139178,10.66691574817859,11.662617811190907
PF,6.75,4,14859,139178,10.676256304875771,11.661942590224847
PF,6.75,5,13988,139178,10.050439006164767,11.641341488758293
PF,6.75,6,15691,139178,11.274051933495237,10.83478272532979
PF,6.75,7,18681,139178,13.422379973846441,9.812230107180623
PF,6.75,8,12857,139178,9.237810573510181,9.268916027160133
PF,6.75,9,19864,139178,14.272370633289745,11.559723468285485
PF,6.8500000000000005,1,12532,112996,11.090658076392085,11.067926467679513
PF,6.8500000000000005,2,13312,112996,11.780947998159228,11.043337262325474
PF,6.8500000000000005,3,12532,112996,11.090658076392085,11.064812948780451
PF,6.8500000000000005,4,12532,112996,11.090658076392085,11.067926467679513
PF,6.8500000000000005,5,13195,112996,11.677404509894156,10.996847693548427
PF,6.8500000000000005,6,13689,112996,12.114588127013345,11.032788099511569
PF,6.8500000000000005,7,8463,112996,7.489645651173493,11.465111589568812
PF,6.8500000000000005,8,12467,112996,11.033133916244823,10.545080190344072
PF,6.8500000000000005,9,14274,112996,12.632305568338703,11.716169280562168
PF,6.95,1,10244,89570,11.436865021770682,11.572210386637446
PF,6.95,2,10413,89570,11.625544267053701,11.665085757929752
PF,6.95,3,10244,89570,11.436865021770682,11.572210386637446
PF,6.95,4,10244,89570,11.436865021770682,11.572210386637446
PF,6.95,5,10088,89570,11.262699564586358,9.687153044838272
PF,6.95,6,8697,89570,9.709724238026125,11.252043515619215
PF,6.95,7,12077,89570,13.483309143686503,10.968257658892725
PF,6.95,8,10179,89570,11.364296081277214,11.989823721300942
PF,6.95,9,7384,89570,8.243831640058055,9.721005141506753
PF,7.050000000000001,1,14781,121264,12.189108061749572,11.584403541950712
PF,7.050000000000001,2,14053,121264,11.58876500857633,11.616509800472064
PF,7.050000000000001,3,14781,121264,12.189108061749572,11.588435149755904
PF,7.050000000000001,4,14781,121264,12.189108061749572,11.588435149755904
PF,7.050000000000001,5,7423,121264,6.121355060034305,11.386524900675843
PF,7.050000000000001,6,14469,121264,11.931818181818182,10.378659600357715
PF,7.050000000000001,7,14469,121264,11.931818181818182,11.950986644382871
PF,7.050000000000001,8,16458,121264,13.572041166380789,10.638350119482196
PF,7.050000000000001,9,10049,121264,8.2868782161235,9.267695093166791
PF,7.15,1,11960,107484,11.127237542331882,11.700942524025876
PF,7.15,2,12506,107484,11.635220125786164,11.642291677221223
PF,7.15,3,11973,107484,11.13933236574746,11.700993557036071
PF,7.15,4,11973,107484,11.13933236574746,11.700993557036071
PF,7.15,5,18031,107484,16.77552007740687,11.119275232900739
PF,7.15,6,10205,107484,9.494436381228834,10.748485618619364
PF,7.15,7,11219,107484,10.437832607643928,11.37741643622943
PF,7.15,8,7501,107484,6.978713110788583,9.831701947178422
PF,7.15,9,12116,107484,11.27237542331882,10.177899449752806
PF,7.25,1,12831,108862,11.78648196799618,11.795139207845201
PF,7.25,2,12740,108862,11.702889897301171,11.933458058010244
PF,7.25,3,12818,108862,11.774540243611177,11.798334894943446
PF,7.25,4,12818,108862,11.774540243611177,11.795190240855396
PF,7.25,5,11388,108862,10.460950561261047,11.886999646851569
PF,7.25,6,11778,108862,10.819202292811083,11.139137419648526
PF,7.25,7,12805,108862,11.762598519226175,9.947313520277456
PF,7.25,8,9737,108862,8.944351564365894,9.125298287944574
PF,7.25,9,11947,108862,10.974444709816098,10.579128723623588
PF,7.3500000000000005,1,17186,137800,12.471698113207546,11.818176966732018
PF,7.3500000000000005,2,17173,137800,12.462264150943396,11.724966340084563
PF,7.3500000000000005,3,17199,137800,12.481132075471699,11.817341046025069
PF,7.3500000000000005,4,17186,137800,12.471698113207546,11.814196391937017
PF,7.3500000000000005,5,11609,137800,8.424528301886792,11.08816535745124
PF,7.3500000000000005,6,18057,137800,13.10377358490566,11.485279746922927
PF,7.3500000000000005,7,10530,137800,7.6415094339622645,9.363882276468853
PF,7.3500000000000005,8,15782,137800,11.452830188679245,9.64307191892575
PF,7.3500000000000005,9,13078,137800,9.49056603773585,11.244919955452557
PF,7.45,1,14040,125398,11.196350818992329,11.566175962402378
PF,7.45,2,13806,125398,11.009744972009123,11.472608104683578
PF,7.45,3,14040,125398,11.196350818992329,11.569320616490428
PF,7.45,4,14040,125398,11.196350818992329,11.57020757020757
PF,7.45,5,18031,125398,14.37901720920589,10.842594512405832
PF,7.45,6,13208,125398,10.532863363052043,9.463300850093303
PF,7.45,7,10894,125398,8.687538876218122,10.982445227728244
PF,7.45,8,10699,125398,8.532034003732116,12.156702835948117
PF,7.45,9,16640,125398,13.269749118805722,10.376644320040546
PF,7.550000000000001,1,11856,107484,11.030478955007258,11.387758219932996
PF,7.550000000000001,2,11765,107484,10.94581519109821,11.284094367510455
PF,7.550000000000001,3,11856,107484,11.030478955007258,11.384448057735048
PF,7.550000000000001,4,11869,107484,11.042573778422835,11.38847966554024
PF,7.550000000000001,5,10452,107484,9.72423802612482,11.553120828195306
PF,7.550000000000001,6,5109,107484,4.753265602322206,10.014277347941698
PF,7.550000000000001,7,17862,107484,16.618287373004353,11.086715336963598
PF,7.550000000000001,8,17719,107484,16.485244315432993,11.017013991194725
PF,7.550000000000001,9,8996,107484,8.369617803580068,10.88409218498593
PF,7.65,1,15626,130910,11.936444885799403,11.425245611134264
PF,7.65,2,15574,130910,11.896722939424032,11.375822558116122
PF,7.65,3,15613,130910,11.92651439920556,11.425916023731316
PF,7.65,4,15613,130910,11.92651439920556,11.429947631536509
PF,7.65,5,13819,130910,10.556107249255213,10.951660350928762
PF,7.65,6,19318,130910,14.756703078450844,9.799238823851345
PF,7.65,7,10413,130910,7.954319761668322,10.945426803031168
PF,7.65,8,10517,130910,8.033763654419067,12.404353663702777
PF,7.65,9,14417,130910,11.012909632571995,10.242388533967734
PF,7.75,1,12311,108862,11.308812992596131,10.992654093637086
PF,7.75,2,12285,108862,11.284929543826129,10.945246844521542
PF,7.75,3,12324,108862,11.320754716981131,10.993324506234138
PF,7.75,4,12324,108862,11.320754716981131,10.988083416087386
PF,7.75,5,13689,108862,12.574635777406257,10.508989813918603
PF,7.75,6,10764,108862,9.887747790780988,11.888821149282728
PF,7.75,7,8996,108862,8.263673274420826,11.144991389388204
PF,7.75,8,13819,108862,12.69405302125627,10.58851750824398
PF,7.75,9,12350,108862,11.344638165751135,11.949371278686327
PF,7.8500000000000005,1,8047,82680,9.732704402515724,11.39139728284701
PF,7.8500000000000005,2,7982,82680,9.654088050314465,11.077705874696562
PF,7.8500000000000005,3,8047,82680,9.732704402515724,11.395377857642009
PF,7.8500000000000005,4,8034,82680,9.716981132075471,11.395128281920734
PF,7.8500000000000005,5,6942,82680,8.39622641509434,11.457692808301836
PF,7.8500000000000005,6,9113,82680,11.022012578616351,8.851721061537159
PF,7.8500000000000005,7,14235,82680,17.21698113207547,10.964351109443058
PF,7.8500000000000005,8,9126,82680,11.037735849056604,11.948731460314933
PF,7.8500000000000005,9,11154,82680,13.49056603773585,11.517894263296698
PF,7.95,1,11401,86814,13.132674453429171,11.736687874515761
PF,7.95,2,10673,86814,12.294100029949087,11.626539760456005
PF,7.95,3,11401,86814,13.132674453429171,11.736687874515761
PF,7.95,4,11414,86814,13.1476489967056,11.73260335478467
PF,7.95,5,11635,86814,13.402216232404912,9.321677538428574
PF,7.95,6,4901,86814,5.645402815214136,9.23351643669177
PF,7.95,7,6435,86814,7.412398921832884,12.006387921022068
PF,7.95,8,10517,86814,12.114405510631926,11.901304367940355
PF,7.95,9,8437,86814,9.718478586403116,10.704594871645034
PF,8.05,1,13949,112996,12.344684767602393,12.045912193174045
PF,8.05,2,14612,112996,12.931431201104465,11.958824875759989
PF,8.05,3,13949,112996,12.344684767602393,12.045912193174045
PF,8.05,4,13936,112996,12.333179935572941,12.047068763589701
PF,8.05,5,6968,112996,6.166589967786471,11.035514016415995
PF,8.05,6,12467,112996,11.033133916244823,9.285927338159276
PF,8.05,7,12870,112996,11.389783709157847,10.223369053097537
PF,8.05,8,14183,112996,12.551771744132536,11.014511915110168
PF,8.05,9,10062,112996,8.904739990796134,10.342959651519246
PF,8.15,1,14690,137800,10.660377358490566,11.6817188219052
PF,8.15,2,14677,137800,10.650943396226415,11.583275809173188
PF,8.15,3,14690,137800,10.660377358490566,11.6817188219052
PF,8.15,4,14690,137800,10.660377358490566,11.681814695505446
PF,8.15,5,18655,137800,13.537735849056604,10.679743825740141
PF,8.15,6,15405,137800,11.179245283018869,12.584944009817457
PF,8.15,7,16354,137800,11.867924528301886,10.04030526154318
PF,8.15,8,11544,137800,8.377358490566039,9.44099938640896
PF,8.15,9,17095,137800,12.40566037735849,10.625479368001228
PF,8.25,1,13273,110240,12.040094339622641,11.495651222036463
PF,8.25,2,12311,110240,11.16745283018868,11.464344001273782
PF,8.25,3,13273,110240,12.040094339622641,11.495651222036463
PF,8.25,4,13286,110240,12.05188679245283,11.495601464851523
PF,8.25,5,13598,110240,12.334905660377359,12.26643977390335
PF,8.25,6,17134,110240,15.54245283018868,12.310624154127856
PF,8.25,7,7566,110240,6.863207547169812,10.889041477589364
PF,8.25,8,8151,110240,7.393867924528302,7.888235411193377
PF,8.25,9,11648,110240,10.566037735849056,10.69441127298782
PF,8.35,1,12831,108862,11.78648196799618,11.562200878318457
PF,8.35,2,13689,108862,12.574635777406257,11.446280523140098
PF,8.35,3,12831,108862,11.78648196799618,11.562200878318457
PF,8.35,4,12818,108862,11.774540243611177,11.56215112113352
PF,8.35,5,11895,108862,10.926677812276093,11.618860426236246
PF,8.35,6,11115,108862,10.210174349176022,12.006762811433694
PF,8.35,7,15171,108862,13.935992357296394,9.807134208319216
PF,8.35,8,8593,108862,7.8934798184857895,10.544078617277917
PF,8.35,9,9919,108862,9.11153570575591,9.890330535822395
PF,8.450000000000001,1,12870,118508,10.86002632733655,11.623214003831173
PF,8.450000000000001,2,12558,118508,10.596752961825363,11.852863788111387
PF,8.450000000000001,3,12870,118508,10.86002632733655,11.619795901561552
PF,8.450000000000001,4,12870,118508,10.86002632733655,11.619233429036171
PF,8.450000000000001,5,13741,118508,11.594997806055288,11.11674120282908
PF,8.450000000000001,6,12168,118508,10.267661254936376,10.818288652286851
PF,8.450000000000001,7,10218,118508,8.622202720491444,10.363259447586374
PF,8.450000000000001,8,19370,118508,16.344888108819656,10.820773996003647
PF,8.450000000000001,9,11843,118508,9.99341816586222,10.16582957875376
PF,8.55,1,15496,126776,12.223133716160788,11.634638253492824
PF,8.55,2,15704,126776,12.387202625102542,11.585846830862762
PF,8.55,3,15483,126776,12.212879409351928,11.634364805311256
PF,8.55,4,15496,126776,12.223133716160788,11.637782907580876
PF,8.55,5,13728,126776,10.828547990155865,11.292125328296798
PF,8.55,6,15184,126776,11.977030352748153,11.477790284322516
PF,8.55,7,10816,126776,8.531583264971289,9.394029290751726
PF,8.55,8,10426,126776,8.223954060705497,11.155022861539832
PF,8.55,9,14443,126776,11.39253486464315,10.188399437841412
PF,8.65,1,16289,137800,11.820754716981131,11.722396041996554
PF,8.65,2,16224,137800,11.773584905660377,11.75770583334923
PF,8.65,3,16302,137800,11.830188679245284,11.722122593814985
PF,8.65,4,16302,137800,11.830188679245284,11.725540696084606
PF,8.65,5,15782,137800,11.452830188679245,11.065417707995495
PF,8.65,6,16796,137800,12.18867924528302,11.78128596956458
PF,8.65,7,15197,137800,11.028301886792454,10.743305288996572
PF,8.65,8,12259,137800,8.89622641509434,9.184129194726902
PF,8.65,9,12649,137800,9.179245283018869,10.298096673471075
PF,8.75,1,13182,118508,11.12329969284774,11.391293123349035
PF,8.75,2,13169,118508,11.112329969284774,10.996828031740828
PF,8.75,3,13182,118508,11.12329969284774,11.394437777437085
PF,8.75,4,13182,118508,11.12329969284774,11.390649037571963
PF,8.75,5,12935,118508,10.914874945151382,11.17265551896044
PF,8.75,6,13247,118508,11.178148310662571,9.68331245120896
PF,8.75,7,15015,118508,12.670030715225977,12.65810147126461
PF,8.75,8,12363,118508,10.432207108380869,9.371507090230162
PF,8.75,9,12233,118508,10.322509872751207,11.941215498236915
PF,8.85,1,12844,114374,11.229824960218231,11.369492543884684
PF,8.85,2,11557,114374,10.104569220277336,11.262816301121084
PF,8.85,3,12844,114374,11.229824960218231,11.36595922468463
PF,8.85,4,12831,114374,11.218458740622868,11.365703804019565
PF,8.85,5,12753,114374,11.150261423050694,10.824764910522873
PF,8.85,6,6500,114374,5.683109797681291,10.800265316730831
PF,8.85,7,16328,114374,14.275971811775403,10.487194821557875
PF,8.85,8,10049,114374,8.786087747215277,11.988742621288038
PF,8.85,9,18668,114374,16.321891338940667,10.535060456190415
PF,8.950000000000001,1,14417,122642,11.755352978588085,11.386931591600169
PF,8.950000000000001,2,15418,122642,12.571549713801145,11.238988293528267
PF,8.950000000000001,3,14404,122642,11.744753020987917,11.386853936233138
PF,8.950000000000001,4,14417,122642,11.755352978588085,11.38314285173505
PF,8.950000000000001,5,12766,122642,10.409158363366547,11.26415658510542
PF,8.950000000000001,6,19058,122642,15.539537841848633,10.488411746869364
PF,8.950000000000001,7,5538,122642,4.515581937672249,10.058170138474395
PF,8.950000000000001,8,20540,122642,16.747933008267967,10.297918453500289
PF,8.950000000000001,9,6084,122642,4.960780156879372,12.495426402953905
PF,9.05,1,14014,125398,11.175616835994195,11.717730678934833
PF,9.05,2,13845,125398,11.040845946506323,11.588478497530863
PF,9.05,3,14027,125398,11.185983827493262,11.714158963469968
PF,9.05,4,14014,125398,11.175616835994195,11.717730678934833
PF,9.05,5,15340,125398,12.233049968899026,9.874446802579088
PF,9.05,6,12844,125398,10.242587601078167,11.5884513181524
PF,9.05,7,14274,125398,11.382956665975534,9.866249415751218
PF,9.05,8,6721,125398,5.359734605017624,11.687880818684297
PF,9.05,9,20319,125398,16.203607713041674,10.244872825962501
PF,9.15,1,15158,124020,12.222222222222221,11.954715445281485
PF,9.15,2,13832,124020,11.153039832285115,11.7864390152126
PF,9.15,3,15145,124020,12.21174004192872,11.954677049016672
PF,9.15,4,15158,124020,12.222222222222221,11.954715445281481
PF,9.15,5,8658,124020,6.981132075471698,11.219978920450616
PF,9.15,6,11141,124020,8.983228511530399,9.342679944095039
PF,9.15,7,16991,124020,13.70020964360587,10.7588541786655
PF,9.15,8,16068,124020,12.955974842767295,9.57558688690764
PF,9.15,9,11869,124020,9.570230607966456,11.452353115088963
PF,9.25,1,19240,154336,12.466307277628033,11.828031521670892
PF,9.25,2,20319,154336,13.165431266846362,11.377245666902349
PF,9.25,3,19240,154336,12.466307277628033,11.82777937300404
PF,9.25,4,19240,154336,12.466307277628033,11.83127343310187
PF,9.25,5,22295,154336,14.445754716981131,11.013137846074045
PF,9.25,6,13585,154336,8.80222371967655,9.108799190860074
PF,9.25,7,11102,154336,7.193396226415095,10.721910638512467
PF,9.25,8,16068,154336,10.411051212938006,12.395764828657262
PF,9.25,9,13247,154336,8.58322102425876,9.896057501217003
PF,9.35,1,14430,133666,10.79556506516242,11.183127857899303
PF,9.35,2,13117,133666,9.81326590157557,11.30836276783077
PF,9.35,3,14443,133666,10.805290799455358,11.186369769330284
PF,9.35,4,14443,133666,10.805290799455358,11.181378254904807
PF,9.35,5,15522,133666,11.612526745769305,11.50629947131114
PF,9.35,6,12753,133666,9.540945341373273,11.475276179978572
PF,9.35,7,15067,133666,11.272126045516437,11.041866713185522
PF,9.35,8,18473,133666,13.820268430266486,12.035377487137843
PF,9.35,9,15418,133666,11.534720871425792,9.081941498421754
PF,9.450000000000001,1,8931,86814,10.287511230907457,10.486811595545305
PF,9.450000000000001,2,9503,86814,10.94639113507038,10.62090164404889
PF,9.450000000000001,3,8931,86814,10.287511230907457,10.490053506976286
PF,9.450000000000001,4,8918,86814,10.272536687631026,10.491109404258596
PF,9.450000000000001,5,7345,86814,8.460616951182988,10.779098213449506
PF,9.450000000000001,6,13962,86814,16.082659478885894,11.976131456777246
PF,9.450000000000001,7,12727,86814,14.660077867625038,10.04706748725422
PF,9.450000000000001,8,10309,86814,11.874812818209044,12.01809916797273
PF,9.450000000000001,9,6188,86814,7.127882599580713,13.090727523717215
PF,9.55,1,7436,71656,10.377358490566039,11.01516311159917
PF,9.55,2,7956,71656,11.103047895500726,11.301983209740024
PF,9.55,3,7436,71656,10.377358490566039,11.011280822601577
PF,9.55,4,7449,71656,10.395500725689406,11.01233671988389
PF,9.55,5,8788,71656,12.264150943396226,10.464432686654908
PF,9.55,6,7384,71656,10.304789550072568,12.58104811563931
PF,9.55,7,3016,71656,4.2089985486211905,9.962337530471702
PF,9.55,8,7423,71656,10.35921625544267,11.460570449040048
PF,9.55,9,14768,71656,20.609579100145137,11.190847354369367
PF,9.65,1,13819,111618,12.380619613324017,11.16026854503838
PF,9.65,2,13234,111618,11.856510598648963,11.400196528787783
PF,9.65,3,13806,111618,12.368972746331236,11.160815346305647
PF,9.65,4,13806,111618,12.368972746331236,11.162433667748578
PF,9.65,5,11908,111618,10.668530165385512,11.665840996753092
PF,9.65,6,12675,111618,11.35569531795947,10.116786655895522
PF,9.65,7,12298,111618,11.01793617516888,9.482589721465322
PF,9.65,8,13559,111618,12.147682273468437,10.73110631271968
PF,9.65,9,6513,111618,5.83508036338225,13.11996222528599
PF,9.75,1,10491,97838,10.722827531225086,11.820645903528947
PF,9.75,2,10998,97838,11.241031092213658,11.579683708274962
PF,9.75,3,10504,97838,10.736114802019666,11.821192704796212
PF,9.75,4,10491,97838,10.722827531225086,11.816763614531352
PF,9.75,5,11804,97838,12.064841881477545,11.659551688576991
PF,9.75,6,8502,97838,8.68987509965453,10.716448000839888
PF,9.75,7,12935,97838,13.2208344406059,11.092168821610459
PF,9.75,8,9477,97838,9.68642040924794,9.479292089207345
PF,9.75,9,12636,97838,12.915227212330587,10.01425346863384
PF,9.850000000000001,1,17030,137800,12.358490566037736,11.313959844355287
PF,9.850000000000001,2,16042,137800,11.641509433962264,11.473962350572217
PF,9.850000000000001,3,17030,137800,12.358490566037736,11.318388934620145
PF,9.850000000000001,4,17030,137800,12.358490566037736,11.313959844355287
PF,9.850000000000001,5,16874,137800,12.245283018867925,11.217349502753597
PF,9.850000000000001,6,16679,137800,12.10377358490566,10.74315057394528
PF,9.850000000000001,7,12454,137800,9.037735849056604,10.982186415007918
PF,9.850000000000001,8,9100,137800,6.60377358490566,11.017578087021901
PF,9.850000000000001,9,15561,137800,11.29245283018868,10.619464447368363
PF,9.950000000000001,1,12272,112996,10.860561435803037,11.796287774198497
PF,9.950000000000001,2,13039,112996,11.539346525540727,11.77962494247584
PF,9.950000000000001,3,12272,112996,10.860561435803037,11.792356956588435
PF,9.950000000000001,4,12272,112996,10.860561435803037,11.796287774198497
PF,9.950000000000001,5,10556,112996,9.341923607915325,11.444949378739068
PF,9.950000000000001,6,12922,112996,11.435803037275656,10.794638748274275
PF,9.950000000000001,7,12077,112996,10.687988955361252,9.574455437950606
PF,9.950000000000001,8,18941,112996,16.762540266912104,11.012041724190825
PF,9.950000000000001,9,8645,112996,7.650713299585826,10.009357263383954
PF,10.05,1,13416,110240,12.169811320754716,11.657715654494302
PF,10.05,2,13403,110240,12.158018867924529,11.880046533463469
PF,10.05,3,13403,110240,12.158018867924529,11.65378483688424
PF,10.05,4,13416,110240,12.169811320754716,11.657715654494302
PF,10.05,5,14053,110240,12.747641509433961,11.295733814429164
PF,10.05,6,9750,110240,8.84433962264151,9.942713943519282
PF,10.05,7,9919,110240,8.997641509433961,10.964392544868844
PF,10.05,8,10660,110240,9.669811320754716,11.274672175500521
PF,10.05,9,12220,110240,11.084905660377359,9.673224842345872
PF,10.15,1,14976,125398,11.94277420692515,11.516806045107932
PF,10.15,2,14976,125398,11.94277420692515,11.516906835303061
PF,10.15,3,14976,125398,11.94277420692515,11.516906835303063
PF,10.15,4,14976,125398,11.94277420692515,11.516806045107932
PF,10.15,5,14794,125398,11.797636325938212,11.443329992858294
PF,10.15,6,11973,125398,9.54799917064068,9.726973759992628
PF,10.15,7,16562,125398,13.20754716981132,11.352705208837284
PF,10.15,8,9269,125398,7.39166493883475,8.76730711636372
PF,10.15,9,12896,125398,10.284055567074436,12.642258161126087
PF,10.25,1,11219,107484,10.437832607643928,11.54455299294367
PF,10.25,2,11232,107484,10.449927431059507,11.548584600748862
PF,10.25,3,11232,107484,10.449927431059507,11.548584600748862
PF,10.25,4,11219,107484,10.437832607643928,11.548252585988434
PF,10.25,5,10517,107484,9.784712143202709,11.322861994338131
PF,10.25,6,11596,107484,10.788582486695693,10.134391444047383
PF,10.25,7,12740,107484,11.85292694726657,11.250272726410351
PF,10.25,8,9932,107484,9.240445089501693,10.331310076038156
PF,10.25,9,17797,107484,16.557813255926465,10.771188978736149
PF,10.350000000000001,1,14352,117130,12.25305216426193,11.531685192091757
PF,10.350000000000001,2,14352,117130,12.25305216426193,11.535716799896951
PF,10.350000000000001,3,14352,117130,12.25305216426193,11.535716799896951
PF,10.350000000000001,4,14365,117130,12.264150943396226,11.535384785136522
PF,10.350000000000001,5,14508,117130,12.386237513873473,11.30458335143188
PF,10.350000000000001,6,11791,117130,10.066592674805772,10.559801849596814
PF,10.350000000000001,7,10179,117130,8.690344062153164,10.133092984603001
PF,10.350000000000001,8,16822,117130,14.361820199778025,10.478312196724486
PF,10.350000000000001,9,6409,117130,5.471698113207547,11.385706040621633
PF,10.450000000000001,1,12467,104728,11.904170804369414,11.794546020990325
PF,10.450000000000001,2,12467,104728,11.904170804369414,11.794546020990325
PF,10.450000000000001,3,12467,104728,11.904170804369414,11.794546020990323
PF,10.450000000000001,4,12467,104728,11.904170804369414,11.794751553937253
PF,10.450000000000001,5,12298,104728,11.742800397219463,11.261041987135798
PF,10.450000000000001,6,11336,104728,10.824230387288978,10.90490747772131
PF,10.450000000000001,7,10322,104728,9.856007944389274,10.794276664654605
PF,10.450000000000001,8,8203,104728,7.832671300893744,10.829330849629931
PF,10.450000000000001,9,12701,104728,12.127606752730884,9.032053403950128
PF,10.55,1,13923,124020,11.226415094339623,11.646084932355235
PF,10.55,2,13923,124020,11.226415094339623,11.64270358387346
PF,10.55,3,13923,124020,11.226415094339623,11.64270358387346
PF,10.55,4,13910,124020,11.215932914046121,11.6425908722574
PF,10.55,5,11973,124020,9.654088050314465,11.331930963541943
PF,10.55,6,14664,124020,11.823899371069182,10.004235583887697
PF,10.55,7,17160,124020,13.836477987421384,10.967759732054828
PF,10.55,8,12766,124020,10.29350104821803,10.11996371872401
PF,10.55,9,11778,124020,9.49685534591195,11.00202702943197
PF,10.65,1,15132,128154,11.807668898356665,11.310103469263543
PF,10.65,2,15119,128154,11.79752485291134,11.310652938391831
PF,10.65,3,15119,128154,11.79752485291134,11.310652938391831
PF,10.65,4,15132,128154,11.807668898356665,11.310540226775771
PF,10.65,5,16146,128154,12.598904443091905,10.035588692770675
PF,10.65,6,9438,128154,7.36457699330493,11.325404071143572
PF,10.65,7,11804,128154,9.210793264353825,11.67220362480557
PF,10.65,8,15678,128154,12.233718807060256,10.126997813394647
PF,10.65,9,14586,128154,11.381618989653074,11.597856225062555
PF,10.75,1,12012,110240,10.89622641509434,11.056565733414487
PF,10.75,2,12025,110240,10.908018867924529,11.057115202542775
PF,10.75,3,12025,110240,10.908018867924529,11.057115202542775
PF,10.75,4,12025,110240,10.908018867924529,11.06049655102455
PF,10.75,5,8658,110240,7.85377358490566,11.411702424426862
PF,10.75,6,16302,110240,14.787735849056604,10.843223777642526
PF,10.75,7,13195,110240,11.96933962264151,10.981034861702847
PF,10.75,8,8658,110240,7.85377358490566,10.39079935078109
PF,10.75,9,15340,110240,13.915094339622641,12.141946895922095
PF,10.850000000000001,1,9230,88192,10.465801886792454,11.53686423297785
PF,10.850000000000001,2,9230,88192,10.465801886792454,11.540795050587915
PF,10.850000000000001,3,9230,88192,10.465801886792454,11.540795050587915
PF,10.850000000000001,4,9230,88192,10.465801886792454,11.540795050587915
PF,10.850000000000001,5,12155,88192,13.78242924528302,10.192652789171452
PF,10.850000000000001,6,9152,88192,10.377358490566039,12.66441071916872
PF,10.850000000000001,7,10374,88192,11.762971698113208,10.56663590374624
PF,10.850000000000001,8,9776,88192,11.084905660377359,9.741249658189773
PF,10.850000000000001,9,9815,88192,11.129127358490566,10.675801544982226
PF,10.950000000000001,1,16796,126776,13.24856439704676,11.420062795421694
PF,10.950000000000001,2,16796,126776,13.24856439704676,11.420062795421694
PF,10.950000000000001,3,16796,126776,13.24856439704676,11.420062795421694
PF,10.950000000000001,4,16796,126776,13.24856439704676,11.416319159602589
PF,10.950000000000001,5,11336,126776,8.941755537325676,11.913602175215177
PF,10.950000000000001,6,16263,126776,12.828137817883512,11.025821321145358
PF,10.950000000000001,7,10101,126776,7.967596390484004,9.358377443129289
PF,10.950000000000001,8,13039,126776,10.2850697292863,11.847793533601573
PF,10.950000000000001,9,8853,126776,6.98318293683347,10.177897981040926
PF,11.05,1,12207,115752,10.545822102425875,11.938978656750121
PF,11.05,2,12207,115752,10.545822102425875,11.938978656750118
PF,11.05,3,12207,115752,10.545822102425875,11.938978656750118
PF,11.05,4,12194,115752,10.534591194968554,11.935235020931012
PF,11.05,5,15067,115752,13.016621743036838,11.284791199605422
PF,11.05,6,11427,115752,9.871967654986523,10.845578952683937
PF,11.05,7,9659,115752,8.344564240790655,9.16495245463412
PF,11.05,8,16406,115752,14.173405211141061,12.04912809411699
PF,11.05,9,14378,115752,12.421383647798741,8.903378307778157
PF,11.15,1,13585,112996,12.022549470777726,11.01964587031315
PF,11.15,2,13585,112996,12.022549470777726,11.01964587031315
PF,11.15,3,13585,112996,12.022549470777726,11.01964587031315
PF,11.15,4,13585,112996,12.022549470777726,11.020095106611445
PF,11.15,5,13442,112996,11.89599631845375,11.713011051943404
PF,11.15,6,11115,112996,9.836631385181777,10.322153558462809
PF,11.15,7,12636,112996,11.182696732627704,11.012231645227502
PF,11.15,8,13208,112996,11.688909341923608,12.541106947457614
PF,11.15,9,8255,112996,7.305568338702255,10.332464079357775
PF,11.25,1,10842,103350,10.49056603773585,11.586195112838482
PF,11.25,2,10842,103350,10.49056603773585,11.586195112838482
PF,11.25,3,10842,103350,10.49056603773585,11.586195112838482
PF,11.25,4,10855,103350,10.50314465408805,11.58727446605682
PF,11.25,5,10569,103350,10.226415094339623,11.375008922889528
PF,11.25,6,11635,103350,11.257861635220126,10.674314785367171
PF,11.25,7,13962,103350,13.50943396226415,11.120055769958036
PF,11.25,8,12155,103350,11.761006289308176,10.273204955102043
PF,11.25,9,11648,103350,11.270440251572326,10.211555762110955
PF,11.350000000000001,1,17043,139178,12.245469830001868,11.372335788376107
PF,11.350000000000001,2,17043,139178,12.245469830001868,11.368990411686694
PF,11.350000000000001,3,17043,139178,12.245469830001868,11.368990411686694
PF,11.350000000000001,4,17030,139178,12.23612927330469,11.37341514159445
PF,11.350000000000001,5,16705,139178,12.00261535587521,10.75170812946409
PF,11.350000000000001,6,15210,139178,10.928451335699608,10.319296883522155
PF,11.350000000000001,7,12064,139178,8.668036614982253,11.524030403843275
PF,11.350000000000001,8,10257,139178,7.369699234074351,10.662329380268416
PF,11.350000000000001,9,16783,139178,12.058658696058284,11.258903449558124
PF,11.450000000000001,1,14742,129532,11.380971497390606,11.48979066054796
PF,11.450000000000001,2,14729,129532,11.37093536732236,11.486445283858545
PF,11.450000000000001,3,14729,129532,11.37093536732236,11.490529250206663
PF,11.450000000000001,4,14742,129532,11.380971497390606,11.486677141648903
PF,11.450000000000001,5,12987,129532,10.02609393817744,10.90003778722771
PF,11.450000000000001,6,11362,129532,8.771577679646729,10.466864200900792
PF,11.450000000000001,7,16055,129532,12.39462063428342,11.268210751797207
PF,11.450000000000001,8,16653,129532,12.856282617422721,10.478823159026344
PF,11.450000000000001,9,13533,129532,10.447611401043758,10.932621764785873
PF,11.55,1,11505,106106,10.84293065425141,11.709983852790742
PF,11.55,2,11505,106106,10.84293065425141,11.709880387532307
PF,11.55,3,11518,106106,10.85518255329576,11.710722442449443
PF,11.55,4,11505,106106,10.84293065425141,11.71322576422172
PF,11.55,5,11323,106106,10.671404067630483,11.12661850793351
PF,11.55,6,12415,106106,11.70056358735604,9.336528448010196
PF,11.55,7,13520,106106,12.74197500612595,11.698582518793009
PF,11.55,8,11895,106106,11.210487625581965,10.178127849269732
PF,11.55,9,10920,106106,10.291595197255575,10.816330228999343
PF,11.65,1,17251,133666,12.906049406730208,11.855419702551636
PF,11.65,2,17264,133666,12.915775141023147,11.855351451784665
PF,11.65,3,17251,133666,12.906049406730208,11.856193506701805
PF,11.65,4,17264,133666,12.915775141023147,11.855351451784665
PF,11.65,5,16952,133666,12.682357517992608,11.683958264390085
PF,11.65,6,10075,133666,7.537444077027816,9.967783422057115
PF,11.65,7,13312,133666,9.959151915969656,10.67859477343604
PF,11.65,8,8645,133666,6.467613304804512,9.19624218368063
PF,11.65,9,15652,133666,11.709784088698697,11.051105243613357
PF,11.75,1,15470,130910,11.817279046673287,11.482247277492418
PF,11.75,2,15457,130910,11.807348560079443,11.482179026725449
PF,11.75,3,15457,130910,11.807348560079443,11.47893711529447
PF,11.75,4,15457,130910,11.807348560079443,11.482179026725447
PF,11.75,5,15314,130910,11.69811320754717,11.32865319210388
PF,11.75,6,13962,130910,10.665342601787488,11.056160453830373
PF,11.75,7,12220,130910,9.334657398212512,9.311487038403776
PF,11.75,8,12974,130910,9.910625620655413,10.022734873380866
PF,11.75,9,14599,130910,11.1519364448858,12.355421996043317
PF,11.850000000000001,1,11791,121264,9.723413379073756,11.219145902921971
PF,11.850000000000001,2,11791,121264,9.723413379073756,11.215835740724023
PF,11.850000000000001,3,11791,121264,9.723413379073756,11.220749262736602
PF,11.850000000000001,4,11791,121264,9.723413379073756,11.215835740724023
PF,11.850000000000001,5,11648,121264,9.60548885077187,11.066412950257288
PF,11.850000000000001,6,18148,121264,14.965694682675815,12.096155509915441
PF,11.850000000000001,7,10478,121264,8.64065180102916,9.794835770816407
PF,11.850000000000001,8,16601,121264,13.689965694682677,11.900865344106407
PF,11.850000000000001,9,17225,121264,14.204545454545455,10.270163777797839
PF,11.950000000000001,1,10686,88192,12.116745283018869,10.815406422717743
PF,11.950000000000001,2,10686,88192,12.116745283018869,10.82017105012388
PF,11.950000000000001,3,10699,88192,12.131485849056604,10.820319944730322
PF,11.950000000000001,4,10686,88192,12.116745283018869,10.82017105012388
PF,11.950000000000001,5,10491,88192,11.89563679245283,10.702395416428436
PF,11.950000000000001,6,9399,88192,10.65742924528302,11.171115637507148
PF,11.950000000000001,7,10062,88192,11.409198113207546,11.995842862588146
PF,11.950000000000001,8,10673,88192,12.102004716981131,12.656786020583189
PF,11.950000000000001,9,4810,88192,5.4540094339622645,10.197791595197257
PF,12.05,1,9646,90948,10.606060606060606,11.637161711454164
PF,12.05,2,9659,90948,10.620354488279016,11.637733466742901
PF,12.05,3,9646,90948,10.606060606060606,11.642075233466743
PF,12.05,4,9659,90948,10.620354488279016,11.637733466742901
PF,12.05,5,9646,90948,10.606060606060606,11.508951543739279
PF,12.05,6,7176,90948,7.890222984562607,9.092403992757767
PF,12.05,7,14495,90948,15.93767867352773,12.801160186773394
PF,12.05,8,11076,90948,12.178387650085764,12.072499761768627
PF,12.05,9,9945,90948,10.934819897084049,7.9702806365542225
PF,12.15,1,12597,103350,12.18867924528302,11.375915489123036
PF,12.15,2,12584,103350,12.176100628930818,11.38057121075989
PF,12.15,3,12597,103350,12.18867924528302,11.375915489123036
PF,12.15,4,12584,103350,12.176100628930818,11.376487244411772
PF,12.15,5,12428,103350,12.025157232704403,11.227476925590132
PF,12.15,6,9022,103350,8.729559748427674,10.530534455062757
PF,12.15,7,11427,103350,11.056603773584905,10.86038280377903
PF,12.15,8,12337,103350,11.937106918238994,11.763075498924556
PF,12.15,9,7774,103350,7.522012578616352,10.109640883225788
PF,12.25,1,12025,106106,11.333006616025484,11.876817965608199
PF,12.25,2,12038,106106,11.345258515069835,11.876709059838916
PF,12.25,3,12025,106106,11.333006616025484,11.876817965608199
PF,12.25,4,12025,106106,11.333006616025484,11.876324686535563
PF,12.25,5,11726,106106,11.05121293800539,11.243732713211068
PF,12.25,6,15886,106106,14.971820632197991,11.034015435791241
PF,12.25,7,5928,106106,5.5868659642244545,9.894845073535418
PF,12.25,8,11856,106106,11.173731928448909,10.300727266321049
PF,12.25,9,12597,106106,11.872090173976966,10.020009833550345
PF,12.350000000000001,1,14183,117130,12.108768035516093,11.480457735446281
PF,12.350000000000001,2,14183,117130,12.108768035516093,11.481196325104984
PF,12.350000000000001,3,14183,117130,12.108768035516093,11.480457735446281
PF,12.350000000000001,4,14196,117130,12.119866814650388,11.480811951801632
PF,12.350000000000001,5,12480,117130,10.654827968923419,11.239762866206297
PF,12.350000000000001,6,11011,117130,9.400665926748058,10.482652752353085
PF,12.350000000000001,7,15275,117130,13.041065482796892,10.056493675167962
PF,12.350000000000001,8,9126,117130,7.79134295227525,10.553593139018314
PF,12.350000000000001,9,12493,117130,10.665926748057714,11.744573819455155
PF,12.450000000000001,1,14248,129532,10.99959855479727,11.603859745640746
PF,12.450000000000001,2,14235,129532,10.989562424729025,11.60051436895133
PF,12.450000000000001,3,14248,129532,10.99959855479727,11.599610213089326
PF,12.450000000000001,4,14235,129532,10.989562424729025,11.604213961996095
PF,12.450000000000001,5,15561,129532,12.013247691690085,11.38060451648191
PF,12.450000000000001,6,9165,129532,7.0754716981132075,10.616982131965484
PF,12.450000000000001,7,14950,129532,11.541549578482536,11.368605836336727
PF,12.450000000000001,8,16445,129532,12.69570453633079,9.642206378574953
PF,12.450000000000001,9,16445,129532,12.69570453633079,10.58340284696343
PF,12.55,1,11934,101972,11.703212646608874,11.501766720554356
PF,12.55,2,11934,101972,11.703212646608874,11.49842134386494
PF,12.55,3,11921,101972,11.690464048954615,11.50086256469235
PF,12.55,4,11934,101972,11.703212646608874,11.49842134386494
PF,12.55,5,11700,101972,11.473737888832229,11.559090202205416
PF,12.55,6,15678,101972,15.374808771035186,10.889020292874166
PF,12.55,7,9711,101972,9.52320244773075,9.306476287608364
PF,12.55,8,8606,101972,8.439571647118816,10.012441184661176
PF,12.55,9,8554,101972,8.388577256501785,12.233500059674286
PF,12.65,1,15288,129532,11.802488960256925,11.24403890040181
PF,12.65,2,15288,129532,11.802488960256925,11.24403890040181
PF,12.65,3,15301,129532,11.81252509032517,11.238941872422402
PF,12.65,4,15288,129532,11.802488960256925,11.24403890040181
PF,12.65,5,14495,129532,11.190285026093939,11.059915395122138
PF,12.65,6,13234,129532,10.216780409474106,12.333464737318613
PF,12.65,7,8879,129532,6.8546768366118025,11.316735442789238
PF,12.65,8,11531,129532,8.902047370533921,10.329805919930367
PF,12.65,9,20228,129532,15.616218386190285,9.989019931211821
PF,12.75,1,10569,103350,10.226415094339623,11.624535507313508
PF,12.75,2,10569,103350,10.226415094339623,11.624535507313508
PF,12.75,3,10556,103350,10.213836477987421,11.623688011885521
PF,12.75,4,10569,103350,10.226415094339623,11.624535507313508
PF,12.75,5,10868,103350,10.515723270440251,11.429820859367226
PF,12.75,6,11791,103350,11.40880503144654,11.29174086540606
PF,12.75,7,18161,103350,17.572327044025158,11.01606467042035
PF,12.75,8,14105,103350,13.647798742138365,9.86301111351292
PF,12.75,9,6162,103350,5.962264150943396,9.902067957467397
PF,12.850000000000001,1,11505,89570,12.844702467343977,11.310559665828881
PF,12.850000000000001,2,11505,89570,12.844702467343977,11.314394609838695
PF,12.850000000000001,3,11505,89570,12.844702467343977,11.310201737721295
PF,12.850000000000001,4,11505,89570,12.844702467343977,11.310559665828881
PF,12.850000000000001,5,11271,89570,12.583454281567489,11.254718947770028
PF,12.850000000000001,6,10972,89570,12.249637155297533,11.544683980947212
PF,12.850000000000001,7,7722,89570,8.621190130624093,11.289080046097993
PF,12.850000000000001,8,6305,89570,7.039187227866473,10.596382959475457
PF,12.850000000000001,9,7280,89570,8.127721335268506,10.069418386491558
PF,12.950000000000001,1,12272,112996,10.860561435803037,11.875453891100463
PF,12.950000000000001,2,12285,112996,10.872066267832489,11.87928883511028
PF,12.950000000000001,3,12285,112996,10.872066267832489,11.87928883511028
PF,12.950000000000001,4,12272,112996,10.860561435803037,11.875453891100463
PF,12.950000000000001,5,12051,112996,10.664979291302346,11.362256588326536
PF,12.950000000000001,6,12402,112996,10.975609756097562,10.25032529979608
PF,12.950000000000001,7,8671,112996,7.673722963644731,9.155194015985549
PF,12.950000000000001,8,12545,112996,11.102162908421537,10.646173315869587
PF,12.950000000000001,9,18213,112996,16.11826967326277,11.076565327600763
PF,13.05,1,14456,121264,11.921097770154374,11.409400028820185
PF,13.05,2,14456,121264,11.921097770154374,11.413234972830002
PF,13.05,3,14456,121264,11.921097770154374,11.413234972830002
PF,13.05,4,14456,121264,11.921097770154374,11.412894088918017
PF,13.05,5,13143,121264,10.838336192109777,10.941356733464417
PF,13.05,6,9126,121264,7.525728987993139,10.705896981782855
PF,13.05,7,13546,121264,11.170668953687821,10.14938850074607
PF,13.05,8,16731,121264,13.797169811320755,10.231992807349457
PF,13.05,9,10894,121264,8.983704974271012,12.32260091325899
PF,13.15,1,14196,124020,11.446540880503145,11.659233847913093
PF,13.15,2,14196,124020,11.446540880503145,11.659233847913093
PF,13.15,3,14196,124020,11.446540880503145,11.659233847913093
PF,13.15,4,14209,124020,11.457023060796645,11.658535035893527
PF,13.15,5,14040,124020,11.320754716981131,11.222841623785017
PF,13.15,6,16887,124020,13.616352201257861,10.867066895368781
PF,13.15,7,14391,124020,11.60377358490566,10.53068420049552
PF,13.15,8,7189,124020,5.79664570230608,11.088923829489866
PF,13.15,9,14716,124020,11.865828092243186,9.654246871228002
PF,13.25,1,11999,103350,11.61006289308176,11.045655718611693
PF,13.25,2,11999,103350,11.61006289308176,11.045655718611693
PF,13.25,3,11999,103350,11.61006289308176,11.045655718611693
PF,13.25,4,11986,103350,11.59748427672956,11.050780340088515
PF,13.25,5,11895,103350,11.50943396226415,10.550896808758443
PF,13.25,6,11843,103350,11.459119496855346,11.648730491497787
PF,13.25,7,9113,103350,8.817610062893081,10.260423945958538
PF,13.25,8,14131,103350,13.672955974842766,11.096203121360352
PF,13.25,9,8385,103350,8.11320754716981,12.255998136501281
PF,13.350000000000001,1,7501,74412,10.080363382250175,11.402561174458704
PF,13.350000000000001,2,7501,74412,10.080363382250175,11.398726230448887
PF,13.350000000000001,3,7501,74412,10.080363382250175,11.398726230448887
PF,13.350000000000001,4,7514,74412,10.097833682739344,11.400356791827877
PF,13.350000000000001,5,6565,74412,8.82250174703005,11.137643242260514
PF,13.350000000000001,6,7345,74412,9.870719776380154,11.194161794867425
PF,13.350000000000001,7,7709,74412,10.35988819007687,10.081715555101043
PF,13.350000000000001,8,10283,74412,13.819007686932215,11.978836790464337
PF,13.350000000000001,9,12493,74412,16.788958770090847,10.00727219012232
PF,13.450000000000001,1,14144,112996,12.517257248044178,11.452637408497203
PF,13.450000000000001,2,14131,112996,12.505752416014726,11.448802464487386
PF,13.450000000000001,3,14131,112996,12.505752416014726,11.452375935041987
PF,13.450000000000001,4,14131,112996,12.505752416014726,11.454625897983775
PF,13.450000000000001,5,14781,112996,13.080994017487345,10.853194986114145
PF,13.450000000000001,6,13845,112996,12.252646111366774,10.694209441141487
PF,13.450000000000001,7,12506,112996,11.06764841233318,10.70168887318757
PF,13.450000000000001,8,9542,112996,8.44454670961804,10.755232826294337
PF,13.450000000000001,9,5785,112996,5.119650253106305,11.18723216725211
PF,13.55,1,14261,121264,11.760291595197256,11.959112082302907
PF,13.55,2,14261,121264,11.760291595197256,11.959706228557948
PF,13.55,3,14274,121264,11.771012006861064,11.958850608847692
PF,13.55,4,14261,121264,11.760291595197256,11.959706228557948
PF,13.55,5,12922,121264,10.656089193825043,10.57424431961808
PF,13.55,6,12077,121264,9.95926243567753,9.587511016257215
PF,13.55,7,12948,121264,10.677530017152659,9.303490692723466
PF,13.55,8,12129,121264,10.002144082332762,11.397368894508888
PF,13.55,9,14131,121264,11.653087478559177,11.30000992862585
PF,13.65,1,11349,97838,11.599787403667287,11.659402871100871
PF,13.65,2,11362,97838,11.613074674461865,11.66041385909611
PF,13.65,3,11349,97838,11.599787403667287,11.659558239385852
PF,13.65,4,11362,97838,11.613074674461865,11.660413859096108
PF,13.65,5,7813,97838,7.985649747541855,10.32247190853876
PF,13.65,6,6409,97838,6.550624501727345,10.753500731937804
PF,13.65,7,6032,97838,6.16529364868456,10.413290141825422
PF,13.65,8,15405,97838,15.74541589157587,11.02988121635073
PF,13.65,9,16757,97838,17.127292054212067,10.841067172668348
PF,13.75,1,14729,126776,11.618129614438065,11.387819108951069
PF,13.75,2,14716,126776,11.607875307629204,11.392403567500912
PF,13.75,3,14716,126776,11.607875307629204,11.387974477236051
PF,13.75,4,14716,126776,11.607875307629204,11.392403567500912
PF,13.75,5,15626,126776,12.325676784249385,10.7834496100825
PF,13.75,6,19968,126776,15.750615258408532,9.724341212212245
PF,13.75,7,18252,126776,14.397046759639048,10.245337025759099
PF,13.75,8,9308,126776,7.34208367514356,10.861928100284407
PF,13.75,9,4745,126776,3.7428219852337983,12.824343330472807
PF,13.850000000000001,1,13273,121264,10.945540308747855,11.187227941955717
PF,13.850000000000001,2,13286,121264,10.956260720411663,11.1873833102407
PF,13.850000000000001,3,13286,121264,10.956260720411663,11.1873833102407
PF,13.850000000000001,4,13286,121264,10.956260720411663,11.1873833102407
PF,13.850000000000001,5,14599,121264,12.039022298456262,11.684128426443094
PF,13.850000000000001,6,8333,121264,6.871783876500857,12.08399732831968
PF,13.850000000000001,7,12337,121264,10.173670668953688,11.831417560606715
PF,13.850000000000001,8,11518,121264,9.49828473413379,10.073899698160307
PF,13.850000000000001,9,21346,121264,17.602915951972555,9.577179113792386
PF,13.950000000000001,1,11518,104728,10.998013902681231,11.256305404102221
PF,13.950000000000001,2,11518,104728,10.998013902681231,11.259878874656826
PF,13.950000000000001,3,11518,104728,10.998013902681231,11.259878874656826
PF,13.950000000000001,4,11518,104728,10.998013902681231,11.256222300135837
PF,13.950000000000001,5,11193,104728,10.687686196623634,11.407659596356162
PF,13.950000000000001,6,14274,104728,13.629592850049653,9.788304455142404
PF,13.950000000000001,7,11440,104728,10.923535253227408,10.462268874747801
PF,13.950000000000001,8,14014,104728,13.381330685203576,11.732871660182807
PF,13.950000000000001,9,7735,104728,7.385799404170804,11.57660996001912
PF,14.05,1,14014,118508,11.825362000877577,11.377843554313257
PF,14.05,2,14014,118508,11.825362000877577,11.3743102351132
PF,14.05,3,14014,118508,11.825362000877577,11.377843554313257
PF,14.05,4,14001,118508,11.814392277314612,11.374186979792269
PF,14.05,5,13624,118508,11.49627029398859,11.182370345998011
PF,14.05,6,10504,118508,8.8635366388767,11.854292403311822
PF,14.05,7,12194,118508,10.289600702062309,12.13075841291086
PF,14.05,8,14599,118508,12.318999561211058,10.570168735236932
PF,14.05,9,11544,118508,9.741114523913998,8.758225779010388
PF,14.15,1,13871,122642,11.310154759380962,11.525183819963287
PF,14.15,2,13858,122642,11.299554801780793,11.52165050076323
PF,14.15,3,13871,122642,11.310154759380962,11.525183819963287
PF,14.15,4,13871,122642,11.310154759380962,11.521527245442298
PF,14.15,5,13936,122642,11.36315454738181,10.930731435231612
PF,14.15,6,16029,122642,13.069747721009115,10.918410625564483
PF,14.15,7,18616,122642,15.179139283442867,10.567943329224635
PF,14.15,8,7371,122642,6.010175959296163,9.464022867422742
PF,14.15,9,11219,122642,9.147763408946364,12.025346356424429
PF,14.25,1,13715,119886,11.440034699631317,11.566624997867825
PF,14.25,2,13715,119886,11.440034699631317,11.563091678667769
PF,14.25,3,13715,119886,11.440034699631317,11.566624997867825
PF,14.25,4,13715,119886,11.440034699631317,11.566624997867825
PF,14.25,5,11908,119886,9.932769464324442,11.534700037445061
PF,14.25,6,12974,119886,10.821947516807635,9.913583947196777
PF,14.25,7,7475,119886,6.235090002168727,10.177908713652501
PF,14.25,8,12064,119886,10.062893081761006,11.022259910960356
PF,14.25,9,20605,119886,17.187161136412925,11.088580718474061
PF,14.350000000000001,1,12350,103350,11.949685534591195,11.55955835946771
PF,14.350000000000001,2,12350,103350,11.949685534591195,11.55955835946771
PF,14.350000000000001,3,12350,103350,11.949685534591195,11.55955835946771
PF,14.350000000000001,4,12350,103350,11.949685534591195,11.55955835946771
PF,14.350000000000001,5,13754,103350,13.30817610062893,11.20963467103986
PF,14.350000000000001,6,6045,103350,5.849056603773585,10.517781530406445
PF,14.350000000000001,7,9425,103350,9.119496855345911,9.23097916803735
PF,14.350000000000001,8,17563,103350,16.9937106918239,11.531057875768497
PF,14.350000000000001,9,7163,103350,6.930817610062893,11.272313316877002
PF,14.450000000000001,1,13845,122642,11.288954844180623,11.6178135576058
PF,14.450000000000001,2,13845,122642,11.288954844180623,11.617813557605798
PF,14.450000000000001,3,13845,122642,11.288954844180623,11.61372959125768
PF,14.450000000000001,4,13845,122642,11.288954844180623,11.6178135576058
PF,14.450000000000001,5,12740,122642,10.387958448166208,11.080121301448415
PF,14.450000000000001,6,18252,122642,14.882340470638118,8.887105403959337
PF,14.450000000000001,7,15132,122642,12.338350646597414,12.694558168376274
PF,14.450000000000001,8,9243,122642,7.536569853720585,12.80797802061317
PF,14.450000000000001,9,11895,122642,9.698961204155184,8.063066841527728
PF,14.55,1,12324,106106,11.614800294045578,11.654098027852532
PF,14.55,2,12324,106106,11.614800294045578,11.654098027852532
PF,14.55,3,12311,106106,11.602548395001225,11.654045669309609
PF,14.55,4,12324,106106,11.614800294045578,11.654098027852532
PF,14.55,5,10127,106106,9.54422935555011,10.478121623977039
PF,14.55,6,6292,106106,5.929919137466308,12.2147944863654
PF,14.55,7,17641,106106,16.625827003185492,10.436857797468354
PF,14.55,8,14742,106106,13.893653516295025,10.590432463444971
PF,14.55,9,8021,106106,7.559421710365107,9.663453875877027
PF,14.65,1,12961,107484,12.058538945331398,11.513288714546576
PF,14.65,2,12961,107484,12.058538945331398,11.513288714546576
PF,14.65,3,12974,107484,12.070633768746976,11.509354067006058
PF,14.65,4,12961,107484,12.058538945331398,11.513288714546576
PF,14.65,5,12363,107484,11.502177068214804,11.029755631432778
PF,14.65,6,17017,107484,15.832123850991776,11.225595974023648
PF,14.65,7,2522,107484,2.3463957426221578,10.412124563067959
PF,14.65,8,11115,107484,10.341074020319303,10.904548902452467
PF,14.65,9,12610,107484,11.731978713110788,10.37875471837736
PF,14.75,1,12129,111618,10.866526904262754,11.648059604034446
PF,14.75,2,12129,111618,10.866526904262754,11.648059604034446
PF,14.75,3,12116,111618,10.854880037269975,11.652292889190164
PF,14.75,4,12129,111618,10.866526904262754,11.648059604034446
PF,14.75,5,13442,111618,12.042860470533427,11.822045102967534
PF,14.75,6,13299,111618,11.914744933612859,13.087884628765133
PF,14.75,7,13689,111618,12.264150943396226,9.787277711806015
PF,14.75,8,9464,111618,8.47891917074307,8.499092723411382
PF,14.75,9,13221,111618,11.844863731656185,10.207228131756432
PF,14.850000000000001,1,12753,106106,12.019112962509189,11.617518794222507
PF,14.850000000000001,2,12753,106106,12.019112962509189,11.621826539548605
PF,14.850000000000001,3,12766,106106,12.031364861553541,11.617720471573032
PF,14.850000000000001,4,12753,106106,12.019112962509189,11.617518794222507
PF,14.850000000000001,5,12649,106106,11.921097770154374,10.900021920670378
PF,14.850000000000001,6,12220,106106,11.516785101690761,11.200705583405679
PF,14.850000000000001,7,15652,106106,14.751286449399657,12.011952035213861
PF,14.850000000000001,8,7085,106106,6.677284979171771,8.72226706780568
PF,14.850000000000001,9,7475,106106,7.044841950502327,10.690468793337752
PF,14.950000000000001,1,12038,100594,11.96691651589558,11.600725637163151
PF,14.950000000000001,2,12051,100594,11.97983975187387,11.60137680796826
PF,14.950000000000001,3,12038,100594,11.96691651589558,11.60480960351127
PF,14.950000000000001,4,12038,100594,11.96691651589558,11.600725637163151
PF,14.950000000000001,5,8788,100594,8.736107521323339,10.600814810483792
PF,14.950000000000001,6,10231,100594,10.170586714913414,11.218446741266773
PF,14.950000000000001,7,9074,100594,9.020418712845697,10.220230519929379
PF,14.950000000000001,8,11076,100594,11.010597053502197,11.329630415747253
PF,14.950000000000001,9,13260,100594,13.181700697854742,10.223239826766969
PF,15.05,1,12818,118508,10.816147433084685,11.34944159009664
PF,15.05,2,12805,118508,10.80517770952172,11.354717252207706
PF,15.05,3,12818,118508,10.816147433084685,11.34944159009664
PF,15.05,4,12818,118508,10.816147433084685,11.354066081402598
PF,15.05,5,13208,118508,11.145239139973672,10.127855472374621
PF,15.05,6,14183,118508,11.967968407196139,8.873229065860416
PF,15.05,7,8164,118508,6.888986397542782,10.635173512563824
PF,15.05,8,19318,118508,16.30100921456779,12.706347483363322
PF,15.05,9,12376,118508,10.443176831943836,12.249727952034227
PF,15.15,1,10556,93704,11.265260821309656,11.129970357443709
PF,15.15,2,10569,93704,11.279134295227525,11.130938274228676
PF,15.15,3,10556,93704,11.265260821309656,11.129970357443705
PF,15.15,4,10569,93704,11.279134295227525,11.130510882401547
PF,15.15,5,9841,93704,10.502219755826859,9.723374969677526
PF,15.15,6,4199,93704,4.481132075471698,10.800357679471327
PF,15.15,7,14989,93704,15.996115427302996,11.079318839107705
PF,15.15,8,10127,93704,10.807436182019979,12.707634212486703
PF,15.15,9,12298,93704,13.124306326304106,11.167924427739104
PF,15.25,1,11999,106106,11.30850281793678,11.074316053717473
PF,15.25,2,11999,106106,11.30850281793678,11.078940545023428
PF,15.25,3,11999,106106,11.30850281793678,11.074316053717473
PF,15.25,4,11986,106106,11.296250918892428,11.080186500858446
PF,15.25,5,7982,106106,7.522666013232051,11.018422108500927
PF,15.25,6,16926,106106,15.95197255574614,10.06228740878565
PF,15.25,7,10985,106106,10.352854692477335,12.65784346706674
PF,15.25,8,11687,106106,11.014457240872336,10.802372959533555
PF,15.25,9,10543,106106,9.93629012496937,11.151314902796306
PF,15.350000000000001,1,8658,81302,10.64918452190598,10.841241691897272
PF,15.350000000000001,2,8658,81302,10.64918452190598,10.841241691897272
PF,15.350000000000001,3,8658,81302,10.64918452190598,10.841241691897272
PF,15.350000000000001,4,8671,81302,10.665174288455388,10.835499527536625
PF,15.350000000000001,5,12220,81302,15.030380556443875,10.725229359703293
PF,15.350000000000001,6,7930,81302,9.753757595139112,12.356137863013464
PF,15.350000000000001,7,9451,81302,11.62456028141989,10.281779834066372
PF,15.350000000000001,8,8606,81302,10.585225455708347,10.707930570418577
PF,15.350000000000001,9,8450,81302,10.393348257115447,12.569697769569851
PF,15.450000000000001,1,6552,62010,10.566037735849056,11.241825521521298
PF,15.450000000000001,2,6552,62010,10.566037735849056,11.241825521521298
PF,15.450000000000001,3,6552,62010,10.566037735849056,11.241825521521298
PF,15.450000000000001,4,6539,62010,10.545073375262055,11.240167323508766
PF,15.450000000000001,5,5967,62010,9.622641509433961,12.515367942294708
PF,15.450000000000001,6,7046,62010,11.362683438155136,10.8078411137323
PF,15.450000000000001,7,5499,62010,8.867924528301886,9.501505509903614
PF,15.450000000000001,8,6526,62010,10.524109014675052,9.574955442365516
PF,15.450000000000001,9,10777,62010,17.37945492662474,12.634686103631196
PF,15.55,1,11895,95082,12.510254306808859,11.86036842957035
PF,15.55,2,11895,95082,12.510254306808859,11.85715959886826
PF,15.55,3,11895,95082,12.510254306808859,11.86036842957035
PF,15.55,4,11895,95082,12.510254306808859,11.853380309374684
PF,15.55,5,12259,95082,12.89308176100629,11.670303341462372
PF,15.55,6,10751,95082,11.307082307902652,9.645537369081255
PF,15.55,7,7618,95082,8.012031719989062,9.563887354230728
PF,15.55,8,7241,95082,7.615531856713153,9.460742824155457
PF,15.55,9,9633,95082,10.131255127153404,12.22825234368654
PF,15.65,1,16887,135044,12.504813246053137,11.921355660368903
PF,15.65,2,16874,135044,12.495186753946863,11.92132324793757
PF,15.65,3,16887,135044,12.504813246053137,11.921355660368903
PF,15.65,4,16887,135044,12.504813246053137,11.921355660368903
PF,15.65,5,16874,135044,12.495186753946863,11.832935956925175
PF,15.65,6,8463,135044,6.2668463611859835,10.1461408885527
PF,15.65,7,15951,135044,11.811705814401233,9.924093186134671
PF,15.65,8,13832,135044,10.242587601078167,10.698275382442732
PF,15.65,9,12389,135044,9.17404697728148,9.71316435690044
PF,15.75,1,14664,136422,10.748999428244712,11.717465859986076
PF,15.75,2,14677,136422,10.758528683056985,11.717433447554741
PF,15.75,3,14664,136422,10.748999428244712,11.717465859986076
PF,15.75,4,14664,136422,10.748999428244712,11.721396677596138
PF,15.75,5,13793,136422,10.110539355822375,11.434613105772135
PF,15.75,6,17550,136422,12.864493996569468,9.337019112962508
PF,15.75,7,13572,136422,9.948542024013722,10.299799593937061
PF,15.75,8,19422,136422,14.236706689536879,10.506462876745896
PF,15.75,9,13416,136422,9.834190966266439,11.54834346545937
PF,15.850000000000001,1,13117,110240,11.898584905660377,11.809066398275695
PF,15.850000000000001,2,13117,110240,11.898584905660377,11.812242816546453
PF,15.850000000000001,3,13117,110240,11.898584905660377,11.809066398275695
PF,15.850000000000001,4,13130,110240,11.910377358490566,11.812997215885758
PF,15.850000000000001,5,12896,110240,11.69811320754717,9.532405033280348
PF,15.850000000000001,6,9789,110240,8.879716981132075,11.670037517756832
PF,15.850000000000001,7,10075,110240,9.139150943396226,9.974053656581376
PF,15.850000000000001,8,7761,110240,7.040094339622642,10.531935037989308
PF,15.850000000000001,9,17238,110240,15.63679245283019,11.04819592540853
PF,15.950000000000001,1,17082,133666,12.779614860921999,11.52480872722557
PF,15.950000000000001,2,17082,133666,12.779614860921999,11.521664073137522
PF,15.950000000000001,3,17082,133666,12.779614860921999,11.521664073137522
PF,15.950000000000001,4,17082,133666,12.779614860921999,11.525594890747584
PF,15.950000000000001,5,9074,133666,6.788562536471503,10.844615185113142
PF,15.950000000000001,6,17732,133666,13.265901575568956,11.595709330221098
PF,15.950000000000001,7,14482,133666,10.834468002334177,10.994350969331515
PF,15.950000000000001,8,13793,133666,10.319004084808403,8.591397588017896
PF,15.950000000000001,9,10257,133666,7.673604357128963,11.880195163068144
PF,16.05,1,13637,137800,9.89622641509434,11.417054409565594
PF,16.05,2,13624,137800,9.88679245283019,11.418901269903019
PF,16.05,3,13624,137800,9.88679245283019,11.418901269903023
PF,16.05,4,13624,137800,9.88679245283019,11.418901269903023
PF,16.05,5,19357,137800,14.047169811320755,10.768744165845897
PF,16.05,6,17420,137800,12.641509433962264,12.459303719758884
PF,16.05,7,17927,137800,13.00943396226415,11.147528068263334
PF,16.05,8,11596,137800,8.415094339622641,12.309389501764526
PF,16.05,9,16991,137800,12.330188679245284,7.641276325092704
PF,16.150000000000002,1,10049,86814,11.575321952680444,10.934799302723832
PF,16.150000000000002,2,10062,86814,11.590296495956874,10.932614555256066
PF,16.150000000000002,3,10062,86814,11.590296495956874,10.936646163061257
PF,16.150000000000002,4,10062,86814,11.590296495956874,10.932614555256066
PF,16.150000000000002,5,9958,86814,11.470500149745433,12.202874344383778
PF,16.150000000000002,6,9958,86814,11.470500149745433,11.0610423817971
PF,16.150000000000002,7,8333,86814,9.598682240191675,11.349939717864245
PF,16.150000000000002,8,15795,86814,18.194070080862534,12.582832262077545
PF,16.150000000000002,9,2535,86814,2.9200359389038635,9.066636717580113
PF,16.25,1,12181,107484,11.33284954039671,11.69185461638292
PF,16.25,2,12168,107484,11.320754716981131,11.692814523003202
PF,16.25,3,12181,107484,11.33284954039671,11.692814523003202
PF,16.25,4,12168,107484,11.320754716981131,11.692814523003202
PF,16.25,5,11921,107484,11.090953072085147,10.94331943388547
PF,16.25,6,9750,107484,9.0711175616836,11.25375323488531
PF,16.25,7,12298,107484,11.441702951136913,9.948472212623157
PF,16.25,8,11973,107484,11.13933236574746,12.43463035915866
PF,16.25,9,12844,107484,11.949685534591195,8.649526574054876
PF,16.35,1,13078,107484,12.167392356071602,11.905935123964474
PF,16.35,2,13078,107484,12.167392356071602,11.901903516159281
PF,16.35,3,13065,107484,12.155297532656023,11.905785805156874
PF,16.35,4,13078,107484,12.167392356071602,11.901903516159281
PF,16.35,5,11037,107484,10.268505079825834,11.47574763926965
PF,16.35,6,14209,107484,13.2196419932269,10.404086557126389
PF,16.35,7,9464,107484,8.80503144654088,9.074402575450792
PF,16.35,8,8567,107484,7.970488630865989,9.312715392379962
PF,16.35,9,11908,107484,11.078858248669569,12.117519874333292
PF,16.45,1,13637,111618,12.217563475425111,11.793338077405165
PF,16.45,2,13637,111618,12.217563475425111,11.797081713224271
PF,16.45,3,13650,111618,12.22921034241789,11.793188758597564
PF,16.45,4,13637,111618,12.217563475425111,11.793338077405162
PF,16.45,5,14586,111618,13.067784765897974,11.353935489155612
PF,16.45,6,9958,111618,8.92150011646867,11.28124922674189
PF,16.45,7,7787,111618,6.976473328674587,10.149689971492906
PF,16.45,8,9854,111618,8.828325180526438,9.414369503468036
PF,16.45,9,14872,111618,13.32401583973911,10.623809182509392
PF,16.55,1,12727,115752,10.995058400718777,11.18440822319229
PF,16.55,2,12740,115752,11.0062893081761,11.188151859011398
PF,16.55,3,12727,115752,10.995058400718777,11.188290512189882
PF,16.55,4,12727,115752,10.995058400718777,11.18440822319229
PF,16.55,5,12415,115752,10.725516621743036,11.27995286800318
PF,16.55,6,13546,115752,11.702605570530098,10.56252350801617
PF,16.55,7,16978,115752,14.667565139263253,10.69013485156043
PF,16.55,8,13247,115752,11.44429469901168,11.221315178338239
PF,16.55,9,8645,115752,7.468553459119497,11.500814776496119
PF,16.650000000000002,1,10972,106106,10.340602793432982,11.342876201366769
PF,16.650000000000002,2,10972,106106,10.340602793432982,11.346619837185875
PF,16.650000000000002,3,10972,106106,10.340602793432982,11.342876201366769
PF,16.650000000000002,4,10972,106106,10.340602793432982,11.34644967192137
PF,16.650000000000002,5,10660,106106,10.046557216368537,9.246780473195566
PF,16.650000000000002,6,11739,106106,11.063464837049743,11.666020038661548
PF,16.650000000000002,7,11063,106106,10.426366086743446,12.463414468131448
PF,16.650000000000002,8,14209,106106,13.3913256554766,10.576281684772251
PF,16.650000000000002,9,14547,106106,13.709875030629748,10.668681423398404
PF,16.75,1,15392,121264,12.692967409948542,11.272768112390755
PF,16.75,2,15392,121264,12.692967409948542,11.272768112390755
PF,16.75,3,15392,121264,12.692967409948542,11.272768112390755
PF,16.75,4,15405,121264,12.70368782161235,11.276341582945356
PF,16.75,5,8450,121264,6.9682675814751285,10.735216041819816
PF,16.75,6,14833,121264,12.231989708404802,10.5953401943968
PF,16.75,7,14911,121264,12.29631217838765,11.540778403985952
PF,16.75,8,8359,121264,6.893224699828473,10.274238340276076
PF,16.75,9,13130,121264,10.827615780445969,11.75978109940374
PF,16.85,1,13078,121264,10.784734133790737,11.534291372073241
PF,16.85,2,13078,121264,10.784734133790737,11.534291372073241
PF,16.85,3,13078,121264,10.784734133790737,11.534291372073241
PF,16.85,4,13078,121264,10.784734133790737,11.534029898618025
PF,16.85,5,18421,121264,15.19082332761578,10.6959203168361
PF,16.85,6,10296,121264,8.49056603773585,10.615909439540365
PF,16.85,7,14430,121264,11.899656946826758,11.07575408944484
PF,16.85,8,12779,121264,10.538164665523157,9.296427226707943
PF,16.85,9,13026,121264,10.741852487135507,12.179084912633002
PF,16.95,1,12571,112996,11.125172572480443,11.37893944164683
PF,16.95,2,12571,112996,11.125172572480443,11.374801738899398
PF,16.95,3,12571,112996,11.125172572480443,11.374801738899398
PF,16.95,4,12558,112996,11.113667740450989,11.375104497637013
PF,16.95,5,11219,112996,9.928670041417396,12.75499166587766
PF,16.95,6,12571,112996,11.125172572480443,9.401869837963524
PF,16.95,7,10205,112996,9.031293143120111,9.885788394762164
PF,16.95,8,11817,112996,10.457892314772204,12.092197742190477
PF,16.95,9,16913,112996,14.967786470317533,10.36150494212354
PF,17.05,1,12805,104728,12.226911618669314,11.494719887615958
PF,17.05,2,12792,104728,12.214498510427012,11.490582184868522
PF,17.05,3,12792,104728,12.214498510427012,11.493726838956574
PF,17.05,4,12805,104728,12.226911618669314,11.490884943606138
PF,17.05,5,13767,104728,13.145481628599802,10.732264393150386
PF,17.05,6,8996,104728,8.58987090367428,10.788662290793711
PF,17.05,7,9139,104728,8.726415094339623,9.211688909341925
PF,17.05,8,16003,104728,15.280536246276068,11.698973042362004
PF,17.05,9,5629,104728,5.374875868917577,11.598497509304785
PF,17.150000000000002,1,15340,137800,11.132075471698114,11.580071974808817
PF,17.150000000000002,2,15340,137800,11.132075471698114,11.579965879866576
PF,17.150000000000002,3,15353,137800,11.141509433962264,11.579078926149434
PF,17.150000000000002,4,15340,137800,11.132075471698114,11.580071974808817
PF,17.150000000000002,5,12571,137800,9.122641509433961,11.450283910065437
PF,17.150000000000002,6,17433,137800,12.650943396226415,10.555517361376348
PF,17.150000000000002,7,13611,137800,9.877358490566039,10.212707627801967
PF,17.150000000000002,8,12896,137800,9.358490566037736,12.010783489929468
PF,17.150000000000002,9,19916,137800,14.452830188679245,9.451518855193136
PF,17.25,1,12233,107484,11.381228834059023,11.756361422850928
PF,17.25,2,12246,107484,11.393323657474602,11.75596394039126
PF,17.25,3,12233,107484,11.381228834059023,11.755076986674117
PF,17.25,4,12233,107484,11.381228834059023,11.756361422850928
PF,17.25,5,12987,107484,12.082728592162555,11.541837868040366
PF,17.25,6,11206,107484,10.42573778422835,10.185804879267542
PF,17.25,7,12935,107484,12.034349298500242,12.636527275246381
PF,17.25,8,12246,107484,11.393323657474602,9.021089283645754
PF,17.25,9,9165,107484,8.526850507982584,9.590976921032727
PF,17.35,1,12480,97838,12.755779962795641,11.719365492403275
PF,17.35,2,12467,97838,12.742492692001063,11.718968009943609
PF,17.35,3,12467,97838,12.742492692001063,11.71863599518318
PF,17.35,4,12480,97838,12.755779962795641,11.719365492403275
PF,17.35,5,13130,97838,13.420143502524581,12.219048374884613
PF,17.35,6,7319,97838,7.480733457347861,10.659907727954186
PF,17.35,7,15652,97838,15.997874036672867,12.285250915645939
PF,17.35,8,6175,97838,6.311453627424927,9.075843260708277
PF,17.35,9,5668,97838,5.793250066436354,8.883614730873646
PF,17.45,1,12909,117130,11.02108768035516,11.973912867965614
PF,17.45,2,12909,117130,11.02108768035516,11.969483777700754
PF,17.45,3,12922,117130,11.032186459489456,11.973183370745522
PF,17.45,4,12909,117130,11.02108768035516,11.973912867965614
PF,17.45,5,13065,117130,11.154273029966703,12.19277341367146
PF,17.45,6,16484,117130,14.07325194228635,9.432908745587605
PF,17.45,7,10335,117130,8.823529411764707,11.042542564934985
PF,17.45,8,11154,117130,9.522752497225305,10.436024321605018
PF,17.45,9,14443,117130,12.330743618201998,9.005258069823425
PF,17.55,1,14560,119886,12.144870960746042,11.226570588937198
PF,17.55,2,14560,119886,12.144870960746042,11.226570588937198
PF,17.55,3,14560,119886,12.144870960746042,11.230270181981963
PF,17.55,4,14560,119886,12.144870960746042,11.226570588937198
PF,17.55,5,14391,119886,12.003903708523097,11.182300482883733
PF,17.55,6,8086,119886,6.744740837128606,11.932890068700948
PF,17.55,7,9958,119886,8.306224246367382,10.063179991067898
PF,17.55,8,18551,119886,15.473866840164824,9.961364587798679
PF,17.55,9,10660,119886,8.891780524831924,11.950282920755187
PF,17.650000000000002,1,12025,114374,10.51375312571039,11.626631127732475
PF,17.650000000000002,2,12025,114374,10.51375312571039,11.626631127732475
PF,17.650000000000002,3,12025,114374,10.51375312571039,11.623057657177874
PF,17.650000000000002,4,12025,114374,10.51375312571039,11.626631127732475
PF,17.650000000000002,5,11882,114374,10.3887247101614,11.31998420131107
PF,17.650000000000002,6,17134,114374,14.980677426687883,11.186917580220134
PF,17.650000000000002,7,14937,114374,13.059786315071607,9.180322559930778
PF,17.650000000000002,8,5590,114374,4.887474426005911,11.250378478088928
PF,17.650000000000002,9,16731,114374,14.628324619231643,10.55944614007379
PF,17.75,1,14820,121264,12.221269296740996,11.339347096791974
PF,17.75,2,14820,121264,12.221269296740996,11.339347096791974
PF,17.75,3,14807,121264,12.210548885077188,11.33996649835477
PF,17.75,4,14820,121264,12.221269296740996,11.339347096791974
PF,17.75,5,14027,121264,11.567324185248713,11.109039359266683
PF,17.75,6,14352,121264,11.835334476843911,12.741605644992779
PF,17.75,7,7488,121264,6.174957118353345,10.944075903384837
PF,17.75,8,16237,121264,13.389794168096055,7.9666367011786425
PF,17.75,9,9893,121264,8.158233276157805,11.880634602446378
PF,17.85,1,11661,103350,11.283018867924529,11.669315410555305
PF,17.85,2,11661,103350,11.283018867924529,11.669315410555305
PF,17.85,3,11674,103350,11.29559748427673,11.6699348121181
PF,17.85,4,11661,103350,11.283018867924529,11.669315410555305
PF,17.85,5,11752,103350,11.371069182389936,11.333077599250103
PF,17.85,6,11791,103350,11.40880503144654,10.937624220643087
PF,17.85,7,14053,103350,13.59748427672956,9.366452355670683
PF,17.85,8,5811,103350,5.622641509433962,11.51011365094923
PF,17.85,9,13286,103350,12.855345911949685,10.174851129702882
PF,17.95,1,15535,135044,11.503658067000385,11.73019676074483
PF,17.95,2,15535,135044,11.503658067000385,11.73019676074483
PF,17.95,3,15535,135044,11.503658067000385,11.73438963286223
PF,17.95,4,15535,135044,11.503658067000385,11.73019676074483
PF,17.95,5,14937,135044,11.060839430111667,11.083949349597745
PF,17.95,6,12922,135044,9.568733153638814,11.589142901511872
PF,17.95,7,11245,135044,8.326915671929148,9.6685650267561
PF,17.95,8,20956,135044,15.517905275317673,9.426692083775043
PF,17.95,9,12844,135044,9.510974201001154,11.306670723262515
PF,18.05,1,13845,111618,12.403913347309574,11.416663101299221
PF,18.05,2,13845,111618,12.403913347309574,11.420545390296814
PF,18.05,3,13845,111618,12.403913347309574,11.41666310129922
PF,18.05,4,13845,111618,12.403913347309574,11.416663101299221
PF,18.05,5,12077,111618,10.819939436291637,11.191411109051119
PF,18.05,6,15392,111618,13.789890519450267,10.985214025046309
PF,18.05,7,7904,111618,7.081295131609597,9.985049225839882
PF,18.05,8,7969,111618,7.139529466573491,10.623368844393102
PF,18.05,9,12896,111618,11.553692056836711,11.544422101475112
PF,18.150000000000002,1,11544,111618,10.3424178895877,11.621781433102187
PF,18.150000000000002,2,11557,111618,10.35406475658048,11.621632114294586
PF,18.150000000000002,3,11544,111618,10.3424178895877,11.621781433102187
PF,18.150000000000002,4,11544,111618,10.3424178895877,11.621781433102187
PF,18.150000000000002,5,13052,111618,11.693454460750058,11.511882790708784
PF,18.150000000000002,6,10712,111618,9.597018402049848,10.000925776607119
PF,18.150000000000002,7,16237,111618,14.546936873980899,10.886236986865919
PF,18.150000000000002,8,10283,111618,9.212671791288143,10.316884373488145
PF,18.150000000000002,9,15145,111618,13.568600046587468,10.797093658728878
PF,18.25,1,13026,107484,12.119013062409289,11.387198340301978
PF,18.25,2,13013,107484,12.10691823899371,11.387049021494377
PF,18.25,3,13026,107484,12.119013062409289,11.383780238032358
PF,18.25,4,13026,107484,12.119013062409289,11.387198340301978
PF,18.25,5,12922,107484,12.022254475084663,11.7506013652673
PF,18.25,6,7111,107484,6.615868408321239,9.119772770533869
PF,18.25,7,11856,107484,11.030478955007258,11.902890318713853
PF,18.25,8,15691,107484,14.598451862602806,11.18082027183294
PF,18.25,9,7813,107484,7.268988872762458,10.500689333521345
PF,18.35,1,14833,126776,11.700164068908942,11.68419344861784
PF,18.35,2,14833,126776,11.700164068908942,11.68016184081265
PF,18.35,3,14820,126776,11.689909762100083,11.68077534634822
PF,18.35,4,14833,126776,11.700164068908942,11.68419344861784
PF,18.35,5,14625,126776,11.536095159967186,11.530281464653902
PF,18.35,6,14131,126776,11.146431501230516,10.631924335096334
PF,18.35,7,12844,126776,10.131255127153404,9.986010126152319
PF,18.35,8,12337,126776,9.731337161607875,11.015822989435241
PF,18.35,9,13520,126776,10.66447908121411,10.106637000265657
PF,18.45,1,16718,148824,11.23340321453529,11.453842039021149
PF,18.45,2,16718,148824,11.23340321453529,11.457415509575748
PF,18.45,3,16718,148824,11.23340321453529,11.453997407306131
PF,18.45,4,16718,148824,11.23340321453529,11.453842039021149
PF,18.45,5,16419,148824,11.032494758909854,10.821176628190571
PF,18.45,6,21034,148824,14.133473095737246,11.574862424260838
PF,18.45,7,13091,148824,8.796296296296296,11.129795585975515
PF,18.45,8,12974,148824,8.717679944095039,10.205561448041623
PF,18.45,9,18434,148824,12.386443046820405,10.449506918607275
PF,18.55,1,13858,121264,11.427958833619211,11.370115126144924
PF,18.55,2,13871,121264,11.43867924528302,11.373688596699528
PF,18.55,3,13871,121264,11.43867924528302,11.373688596699528
PF,18.55,4,13858,121264,11.427958833619211,11.370115126144924
PF,18.55,5,11999,121264,9.894939965694682,10.862359782720654
PF,18.55,6,11453,121264,9.444682675814752,11.660447722837048
PF,18.55,7,17537,121264,14.461835334476843,11.535454635915649
PF,18.55,8,14755,121264,12.167667238421956,10.512493757669919
PF,18.55,9,10062,121264,8.297598627787307,9.941636655167827
PF,18.650000000000002,1,16250,141934,11.44898333028027,11.835989805856082
PF,18.650000000000002,2,16250,141934,11.44898333028027,11.835195701288391
PF,18.650000000000002,3,16250,141934,11.44898333028027,11.835195701288391
PF,18.650000000000002,4,16250,141934,11.44898333028027,11.835989805856082
PF,18.650000000000002,5,16549,141934,11.659644623557428,10.844889482231485
PF,18.650000000000002,6,16185,141934,11.40318739695915,11.22951364410423
PF,18.650000000000002,7,16107,141934,11.348232276973805,11.276311845326317
PF,18.650000000000002,8,15119,141934,10.652134090492764,9.807858304606794
PF,18.650000000000002,9,12974,141934,9.140868290895769,9.499055709442228
PF,18.75,1,12532,99216,12.631027253668764,11.328556987102509
PF,18.75,2,12519,99216,12.617924528301886,11.324189411980216
PF,18.75,3,12519,99216,12.617924528301886,11.324189411980216
PF,18.75,4,12532,99216,12.631027253668764,11.328556987102509
PF,18.75,5,10894,99216,10.980083857442349,11.265129619452756
PF,18.75,6,12740,99216,12.840670859538784,10.663833255310632
PF,18.75,7,7956,99216,8.018867924528301,11.039033400500701
PF,18.75,8,6552,99216,6.60377358490566,10.952440923246016
PF,18.75,9,10972,99216,11.058700209643606,10.774070003324445
PF,18.85,1,10920,110240,9.90566037735849,11.65947301352407
PF,18.85,2,10920,110240,9.90566037735849,11.65880503144654
PF,18.85,3,10920,110240,9.90566037735849,11.65880503144654
PF,18.85,4,10920,110240,9.90566037735849,11.663172606568834
PF,18.85,5,12298,110240,11.15566037735849,11.32234759731985
PF,18.85,6,8541,110240,7.747641509433962,9.337798536605417
PF,18.85,7,15158,110240,13.75,10.201165371809102
PF,18.85,8,17199,110240,15.601415094339623,10.575980392156863
PF,18.85,9,13364,110240,12.122641509433961,11.922452419122786
PF,18.95,1,14573,117130,12.44173140954495,11.150146560801389
PF,18.95,2,14586,117130,12.452830188679245,11.149814546040963
PF,18.95,3,14586,117130,12.452830188679245,11.153846153846155
PF,18.95,4,14586,117130,12.452830188679245,11.149814546040963
PF,18.95,5,13858,117130,11.831298557158712,11.14966039633076
PF,18.95,6,8697,117130,7.425083240843507,9.843093381522904
PF,18.95,7,10348,117130,8.834628190899002,11.640449358262899
PF,18.95,8,11154,117130,9.522752497225305,12.946565781610177
PF,18.95,9,14742,117130,12.586015538290788,9.816609275543792
PF,19.05,1,11934,107484,11.103047895500726,11.565402164736236
PF,19.05,2,11921,107484,11.090953072085147,11.56507014997581
PF,19.05,3,11934,107484,11.103047895500726,11.569101757781004
PF,19.05,4,11921,107484,11.090953072085147,11.56507014997581
PF,19.05,5,11245,107484,10.462022254475084,11.115996471157402
PF,19.05,6,15431,107484,14.356555394291243,10.643065160268268
PF,19.05,7,13260,107484,12.336719883889696,9.496238747071155
PF,19.05,8,14742,107484,13.715529753265603,11.531773812572927
PF,19.05,9,5096,107484,4.7411707789066275,10.948281586461386
PF,19.150000000000002,1,11986,107484,11.151427189163039,11.14745236456637
PF,19.150000000000002,2,11986,107484,11.151427189163039,11.147849847026038
PF,19.150000000000002,3,11986,107484,11.151427189163039,11.14745236456637
PF,19.150000000000002,4,11986,107484,11.151427189163039,11.143420756761179
PF,19.150000000000002,5,11882,107484,11.054668601838413,10.808513392887562
PF,19.150000000000002,6,10907,107484,10.147556845670053,11.733455076532408
PF,19.150000000000002,7,7865,107484,7.31736816642477,11.56952195352408
PF,19.150000000000002,8,12207,107484,11.357039187227867,11.019406229345108
PF,19.150000000000002,9,16679,107484,15.517658442186745,10.28292801479089
PF,19.25,1,10946,97838,11.187882009035345,11.688301315997768
PF,19.25,2,10959,97838,11.201169279829923,11.692730406262624
PF,19.25,3,10946,97838,11.187882009035345,11.688301315997768
PF,19.25,4,10946,97838,11.187882009035345,11.691719418267384
PF,19.25,5,10673,97838,10.90884932234919,11.19388251287522
PF,19.25,6,10465,97838,10.696252989635928,9.962702813573419
PF,19.25,7,14729,97838,15.054477810257772,10.711315352905666
PF,19.25,8,7813,97838,7.985649747541855,10.039988463627095
PF,19.25,9,10361,97838,10.589954823279298,11.331058400493056
PF,19.35,1,16133,126776,12.725594749794913,11.712841537420678
PF,19.35,2,16133,126776,12.725594749794913,11.717270627685537
PF,19.35,3,16133,126776,12.725594749794913,11.712841537420678
PF,19.35,4,16146,126776,12.735849056603774,11.716259639690298
PF,19.35,5,14729,126776,11.618129614438065,10.772141278992889
PF,19.35,6,11466,126776,9.044298605414275,11.91242340562379
PF,19.35,7,12376,126776,9.762100082034454,9.830847265710753
PF,19.35,8,13663,126776,10.777276456111567,11.59110574485102
PF,19.35,9,9997,126776,7.885561936013126,9.034268962604356
PF,19.450000000000003,1,10673,95082,11.225047853431775,11.6872512381126
PF,19.450000000000003,2,10673,95082,11.225047853431775,11.682883662990307
PF,19.450000000000003,3,10673,95082,11.225047853431775,11.6872512381126
PF,19.450000000000003,4,10673,95082,11.225047853431775,11.686301765259927
PF,19.450000000000003,5,9308,95082,9.789444900191414,11.363670889921915
PF,19.450000000000003,6,15210,95082,15.996718621821165,10.019787014249689
PF,19.450000000000003,7,4446,95082,4.6759639048400325,10.63029805851791
PF,19.450000000000003,8,15223,95082,16.010391030899644,12.549942272050558
PF,19.450000000000003,9,8203,95082,8.627290128520645,8.692613860784492
PF,19.55,1,11024,99216,11.11111111111111,11.394486804182131
PF,19.55,2,11011,99216,11.098008385744235,11.393775803580828
PF,19.55,3,11024,99216,11.11111111111111,11.394486804182131
PF,19.55,4,11011,99216,11.098008385744235,11.393775803580828
PF,19.55,5,12584,99216,12.683438155136269,11.366930010690622
PF,19.55,6,4979,99216,5.018343815513627,11.656183603142603
PF,19.55,7,17316,99216,17.452830188679247,10.341746634361625
PF,19.55,8,10777,99216,10.86215932914046,11.030794540080649
PF,19.55,9,9490,99216,9.564989517819706,10.027819996198575
PF,19.650000000000002,1,14040,118508,11.84730144800351,11.49590249818882
PF,19.650000000000002,2,14053,118508,11.858271171566477,11.495191497587514
PF,19.650000000000002,3,14040,118508,11.84730144800351,11.49590249818882
PF,19.650000000000002,4,14053,118508,11.858271171566477,11.49188133538957
PF,19.650000000000002,5,13780,118508,11.627906976744185,11.844264994307716
PF,19.650000000000002,6,16536,118508,13.953488372093023,10.12070010358156
PF,19.650000000000002,7,10543,118508,8.896445809565598,11.275644134469566
PF,19.650000000000002,8,7371,118508,6.219833260201843,9.745636060068753
PF,19.650000000000002,9,14092,118508,11.891180342255375,11.034876878217679
PF,19.75,1,15093,130910,11.529294935451837,11.445987353934052
PF,19.75,2,15093,130910,11.529294935451837,11.44964392845504
PF,19.75,3,15093,130910,11.529294935451837,11.445987353934052
PF,19.75,4,15080,130910,11.519364448857994,11.450077402076202
PF,19.75,5,14690,130910,11.221449851042701,11.311420829388078
PF,19.75,6,14911,130910,11.390268123138034,12.116681934469051
PF,19.75,7,9789,130910,7.477656405163853,10.598046051211105
PF,19.75,8,15912,130910,12.154915590863952,8.966335870391203
PF,19.75,9,15249,130910,11.648460774577954,11.21581927614121
PF,19.85,1,12688,115752,10.96136567834681,11.350136347157202
PF,19.85,2,12688,115752,10.96136567834681,11.345943475039801
PF,19.85,3,12688,115752,10.96136567834681,11.345943475039801
PF,19.85,4,12701,115752,10.972596585804133,11.34637694866096
PF,19.85,5,12831,115752,11.084905660377359,11.263544080326602
PF,19.85,6,12740,115752,11.0062893081761,10.861745558865719
PF,19.85,7,17849,115752,15.420035938903863,10.83172554026576
PF,19.85,8,9867,115752,8.524258760107816,10.029326460806104
PF,19.85,9,11700,115752,10.107816711590296,11.625258113838052
PF,19.950000000000003,1,11947,103350,11.559748427672956,11.237248401854778
PF,19.950000000000003,2,11934,103350,11.547169811320755,11.23667007466617
PF,19.950000000000003,3,11934,103350,11.547169811320755,11.23667007466617
PF,19.950000000000003,4,11934,103350,11.547169811320755,11.240413710485278
PF,19.950000000000003,5,11869,103350,11.484276729559749,11.22435480373021
PF,19.950000000000003,6,10530,103350,10.18867924528302,10.343381768235378
PF,19.950000000000003,7,9919,103350,9.59748427672956,12.344089186314301
PF,19.950000000000003,8,9724,103350,9.40880503144654,10.503098181367536
PF,19.950000000000003,9,13559,103350,13.119496855345911,10.634073798680173
PF,20.05,1,13416,119886,11.190631099544568,11.533931540519049
PF,20.05,2,13429,119886,11.201474734330947,11.533353213330443
PF,20.05,3,13429,119886,11.201474734330947,11.533353213330443
PF,20.05,4,13429,119886,11.201474734330947,11.530077531988724
PF,20.05,5,13312,119886,11.103882021253524,11.381587508132725
PF,20.05,6,11791,119886,9.835176751247017,10.919901684377939
PF,20.05,7,14404,119886,12.014747343309477,9.78858978529603
PF,20.05,8,16276,119886,13.576230752548254,10.812884045398684
PF,20.05,9,10400,119886,8.674907829104315,10.966321477625968
PF,20.150000000000002,1,15678,132288,11.851415094339623,11.569703639343452
PF,20.150000000000002,2,15678,132288,11.851415094339623,11.573318184272246
PF,20.150000000000002,3,15678,132288,11.851415094339623,11.573318184272246
PF,20.150000000000002,4,15665,132288,11.841588050314465,11.574023077725526
PF,20.150000000000002,5,15288,132288,11.556603773584905,11.044459360161492
PF,20.150000000000002,6,16848,132288,12.735849056603774,11.368910521253982
PF,20.150000000000002,7,10257,132288,7.753537735849057,11.310390066589983
PF,20.150000000000002,8,12506,132288,9.453616352201259,11.139715773233517
PF,20.150000000000002,9,14690,132288,11.104559748427674,8.846161193147553
PF,20.25,1,12701,108862,11.667064724146167,11.849948226679777
PF,20.25,2,12701,108862,11.667064724146167,11.84586426033166
PF,20.25,3,12701,108862,11.667064724146167,11.845864260331659
PF,20.25,4,12714,108862,11.679006448531167,11.846569153784941
PF,20.25,5,11401,108862,10.472892285646047,10.050835041878747
PF,20.25,6,12558,108862,11.535705755911154,11.549637767693655
PF,20.25,7,15418,108862,14.162885120611417,9.866121185756366
PF,20.25,8,11310,108862,10.389300214951039,10.391974394392593
PF,20.25,9,7358,108862,6.759016001910676,10.7531857091506
PF,20.35,1,12766,106106,12.031364861553541,11.501153677413528
PF,20.35,2,12753,106106,12.019112962509189,11.497069711065413
PF,20.35,3,12753,106106,12.019112962509189,11.497069711065413
PF,20.35,4,12753,106106,12.019112962509189,11.50105028586041
PF,20.35,5,8619,106106,8.123009066405293,10.991086614205791
PF,20.35,6,11011,106106,10.377358490566039,9.681713239391767
PF,20.35,7,8151,106106,7.681940700808625,9.864417831458672
PF,20.35,8,12025,106106,11.333006616025484,10.808903115566599
PF,20.35,9,15275,106106,14.395981377113452,12.657535813972402
PF,20.450000000000003,1,11167,103350,10.80503144654088,11.711152140726517
PF,20.450000000000003,2,11167,103350,10.80503144654088,11.7070681743784
PF,20.450000000000003,3,11167,103350,10.80503144654088,11.707068174378398
PF,20.450000000000003,4,11167,103350,10.80503144654088,11.707068174378398
PF,20.450000000000003,5,14859,103350,14.377358490566039,11.569889960850908
PF,20.450000000000003,6,7371,103350,7.132075471698113,10.147579347667106
PF,20.450000000000003,7,8008,103350,7.748427672955975,8.924354179290555
PF,20.450000000000003,8,11063,103350,10.70440251572327,9.894435485045403
PF,20.450000000000003,9,17381,103350,16.81761006289308,12.631384363284319
PF,20.55,1,14573,118508,12.297060114085125,11.382728872250704
PF,20.55,2,14573,118508,12.297060114085125,11.386709447045703
PF,20.55,3,14573,118508,12.297060114085125,11.386709447045703
PF,20.55,4,14573,118508,12.297060114085125,11.386709447045703
PF,20.55,5,14469,118508,12.209302325581396,12.468621036319504
PF,20.55,6,15327,118508,12.933304080737166,11.031266952157194
PF,20.55,7,13442,118508,11.342694164107064,11.606124284036538
PF,20.55,8,9061,118508,7.645897323387451,9.026566788182198
PF,20.55,9,7917,118508,6.680561649846424,10.324563725916752
PF,20.650000000000002,1,12025,108862,11.046095056126104,11.489293167494244
PF,20.650000000000002,2,12038,108862,11.058036780511106,11.493273742289245
PF,20.650000000000002,3,12038,108862,11.058036780511106,11.493273742289242
PF,20.650000000000002,4,12038,108862,11.058036780511106,11.489189775941128
PF,20.650000000000002,5,11778,108862,10.819202292811083,11.327234121347681
PF,20.650000000000002,6,14183,108862,13.028421304036303,11.671959592849836
PF,20.650000000000002,7,17121,108862,15.727251015046573,12.433426960395815
PF,20.650000000000002,8,9503,108862,8.729400525435873,9.607742425961609
PF,20.650000000000002,9,8138,108862,7.4755194650107475,8.994606471431196
PF,20.75,1,11804,106106,11.124724332271501,10.954214429256226
PF,20.75,2,11804,106106,11.124724332271501,10.95458045912243
PF,20.75,3,11804,106106,11.124724332271501,10.954580459122433
PF,20.75,4,11791,106106,11.11247243322715,10.954111037703107
PF,20.75,5,11622,106106,10.953197745650575,10.409349857395119
PF,20.75,6,9607,106106,9.054153393776035,11.474210361571076
PF,20.75,7,10855,106106,10.230335702033814,11.746579364740668
PF,20.75,8,13208,106106,12.447929429061505,11.179691203657008
PF,20.75,9,13611,106106,12.827738299436414,11.372682827431928
PF,20.85,1,12818,119886,10.69182389937107,11.30848558601126
PF,20.85,2,12805,119886,10.680980264584688,11.308851615877467
PF,20.85,3,12805,119886,10.680980264584688,11.308851615877467
PF,20.85,4,12818,119886,10.69182389937107,11.304401619663144
PF,20.85,5,11336,119886,9.455649533723705,10.902941131975169
PF,20.85,6,14794,119886,12.340056386900889,10.244212749915953
PF,20.85,7,11128,119886,9.282151377141618,11.097745673155602
PF,20.85,8,14820,119886,12.36174365647365,10.88910924362198
PF,20.85,9,16562,119886,13.814790717848624,11.635400763901954
PF,20.950000000000003,1,13182,108862,12.108908526391211,11.965024016134597
PF,20.950000000000003,2,13195,108862,12.120850250776211,11.9653900460008
PF,20.950000000000003,3,13195,108862,12.120850250776211,11.965390046000804
PF,20.950000000000003,4,13182,108862,12.108908526391211,11.965024016134597
PF,20.950000000000003,5,13390,108862,12.29997611655123,9.486676055332735
PF,20.950000000000003,6,10166,108862,9.338428469070934,9.997650088258952
PF,20.950000000000003,7,15002,108862,13.780749940291377,9.993713437047896
PF,20.950000000000003,8,8554,108862,7.857654645330785,12.123447232676952
PF,20.950000000000003,9,8996,108862,8.263673274420826,10.537685062412669
PF,21.05,1,13533,103350,13.09433962264151,11.79730913143858
PF,21.05,2,13533,103350,13.09433962264151,11.80128970623358
PF,21.05,3,13533,103350,13.09433962264151,11.80128970623358
PF,21.05,4,13533,103350,13.09433962264151,11.797309131438581
PF,21.05,5,6929,103350,6.70440251572327,10.808063317676405
PF,21.05,6,8593,103350,8.314465408805031,10.703480349229096
PF,21.05,7,7150,103350,6.918238993710692,11.286455430830879
PF,21.05,8,16692,103350,16.150943396226417,11.528809410078816
PF,21.05,9,9854,103350,9.534591194968554,8.475993816840486
PF,21.150000000000002,1,11232,110240,10.18867924528302,11.37244496855346
PF,21.150000000000002,2,11232,110240,10.18867924528302,11.37244496855346
PF,21.150000000000002,3,11232,110240,10.18867924528302,11.37244496855346
PF,21.150000000000002,4,11232,110240,10.18867924528302,11.37244496855346
PF,21.150000000000002,5,14794,110240,13.419811320754716,10.024698637316561
PF,21.150000000000002,6,15938,110240,14.45754716981132,10.833595387840669
PF,21.150000000000002,7,14508,110240,13.160377358490566,10.633516771488468
PF,21.150000000000002,8,11661,110240,10.577830188679245,12.417845911949685
PF,21.150000000000002,9,8411,110240,7.629716981132075,10.600563417190777
PF,21.25,1,9555,88192,10.83431603773585,11.013680954334154
PF,21.25,2,9555,88192,10.83431603773585,11.013680954334154
PF,21.25,3,9555,88192,10.83431603773585,11.013680954334154
PF,21.25,4,9555,88192,10.83431603773585,11.013680954334154
PF,21.25,5,8775,88192,9.949882075471699,12.338252552183027
PF,21.25,6,8580,88192,9.72877358490566,12.104582535776137
PF,21.25,7,10426,88192,11.82193396226415,10.059275590192325
PF,21.25,8,9282,88192,10.524764150943396,11.021984094430772
PF,21.25,9,12909,88192,14.637382075471699,10.421181410081124
PF,21.35,1,11427,95082,12.018047579983593,11.797543509940843
PF,21.35,2,11427,95082,12.018047579983593,11.793708565931025
PF,21.35,3,11427,95082,12.018047579983593,11.793708565931025
PF,21.35,4,11427,95082,12.018047579983593,11.797543509940843
PF,21.35,5,12974,95082,13.64506426032267,11.772790057935444
PF,21.35,6,11531,95082,12.12742685261143,9.801123416279282
PF,21.35,7,4940,95082,5.195515449822259,8.997379593873871
PF,21.35,8,11375,95082,11.963357943669674,10.180501505076577
PF,21.35,9,8554,95082,8.996445173639595,12.065701275091094
PF,21.450000000000003,1,14170,112996,12.540266912103084,11.922494903056416
PF,21.450000000000003,2,14157,112996,12.528762080073632,11.918659959046598
PF,21.450000000000003,3,14157,112996,12.528762080073632,11.9186599590466
PF,21.450000000000003,4,14170,112996,12.540266912103084,11.922494903056418
PF,21.450000000000003,5,13247,112996,11.723423838011964,12.155357938506214
PF,21.450000000000003,6,8528,112996,7.547169811320755,11.041866974810423
PF,21.450000000000003,7,11271,112996,9.974689369535204,8.45160881548745
PF,21.450000000000003,8,9100,112996,8.053382420616659,9.95215481541674
PF,21.450000000000003,9,14196,112996,12.563276576161988,10.716701731573139
PF,21.55,1,14365,128154,11.209170217082573,11.6966153114057
PF,21.55,2,14365,128154,11.209170217082573,11.692780367395883
PF,21.55,3,14365,128154,11.209170217082573,11.696056048737603
PF,21.55,4,14365,128154,11.209170217082573,11.6966153114057
PF,21.55,5,14222,128154,11.097585717184012,11.328177189258197
PF,21.55,6,17238,128154,13.451004260499086,9.852509805910598
PF,21.55,7,13052,128154,10.184621627104889,9.828391925504768
PF,21.55,8,12610,128154,9.839724081963887,10.619112020776326
PF,21.55,9,13572,128154,10.590383444917833,11.589742019605223
PF,21.650000000000002,1,15002,132288,11.340408805031446,11.459438774183143
PF,21.650000000000002,2,15002,132288,11.340408805031446,11.462894438016166
PF,21.650000000000002,3,15015,132288,11.350235849056604,11.462714455524862
PF,21.650000000000002,4,15002,132288,11.340408805031446,11.459438774183143
PF,21.650000000000002,5,14768,132288,11.163522012578616,10.96242467210209
PF,21.650000000000002,6,11323,132288,8.55935534591195,11.252053658284638
PF,21.650000000000002,7,12337,132288,9.325864779874214,11.223932264901528
PF,21.650000000000002,8,18473,132288,13.964229559748428,10.094441109543057
PF,21.650000000000002,9,15366,132288,11.61556603773585,10.622661853261365
PF,21.75,1,14833,125398,11.828737300435414,11.556751994460095
PF,21.75,2,14846,125398,11.83910429193448,11.555583166987162
PF,21.75,3,14833,125398,11.828737300435414,11.555403184495859
PF,21.75,4,14833,125398,11.828737300435414,11.556751994460095
PF,21.75,5,13325,125398,10.626166286543645,11.027565356089218
PF,21.75,6,14729,125398,11.745801368442878,9.404345615846726
PF,21.75,7,17758,125398,14.161310387725482,10.996834933779994
PF,21.75,8,8125,125398,6.479369686916857,10.158040296428199
PF,21.75,9,12116,125398,9.662036077130416,12.188723457452646
PF,21.85,1,10777,93704,11.501109877913429,11.202192246032425
PF,21.85,2,10764,93704,11.48723640399556,11.201023418559492
PF,21.85,3,10764,93704,11.48723640399556,11.20176062684387
PF,21.85,4,10777,93704,11.501109877913429,11.202192246032425
PF,21.85,5,10582,93704,11.293007769145394,10.673267662168882
PF,21.85,6,7410,93704,7.907880133185349,9.66233827832052
PF,21.85,7,8905,93704,9.503329633740288,11.850477491431986
PF,21.85,8,9399,93704,10.030521642619313,11.067238409635744
PF,21.85,9,14326,93704,15.288568257491676,11.939509620974661
PF,21.950000000000003,1,10621,103350,10.276729559748428,11.583179183623136
PF,21.950000000000003,2,10621,103350,10.276729559748428,11.578554692317178
PF,21.950000000000003,3,10634,103350,10.28930817610063,11.582747564434579
PF,21.950000000000003,4,10621,103350,10.276729559748428,11.583179183623136
PF,21.950000000000003,5,10439,103350,10.10062893081761,10.994133902846443
PF,21.950000000000003,6,9646,103350,9.333333333333334,8.981062007421608
PF,21.950000000000003,7,12285,103350,11.88679245283019,11.40391147882824
PF,21.950000000000003,8,17251,103350,16.69182389937107,11.219483962824697
PF,21.950000000000003,9,11232,103350,10.867924528301886,11.073748024080986
PF,22.05,1,15730,121264,12.971698113207546,11.191688645431798
PF,22.05,2,15730,121264,12.971698113207546,11.195069993913572
PF,22.05,3,15730,121264,12.971698113207546,11.195881517549198
PF,22.05,4,15730,121264,12.971698113207546,11.191688645431798
PF,22.05,5,14053,121264,11.58876500857633,11.334755036672258
PF,22.05,6,11765,121264,9.70197255574614,11.244675913117788
PF,22.05,7,15548,121264,12.821612349914236,11.996194445981422
PF,22.05,8,8411,121264,6.936106346483705,11.595460078570243
PF,22.05,9,8567,121264,7.0647512864493995,9.05458572333192
PF,22.150000000000002,1,13234,128154,10.32663826333942,11.816275041329854
PF,22.150000000000002,2,13247,128154,10.336782308784743,11.819656389811632
PF,22.150000000000002,3,13234,128154,10.32663826333942,11.816275041329854
PF,22.150000000000002,4,13234,128154,10.32663826333942,11.816275041329854
PF,22.150000000000002,5,15782,128154,12.314871170622844,10.979926919170808
PF,22.150000000000002,6,18837,128154,14.69872185027389,12.486826907030546
PF,22.150000000000002,7,14456,128154,11.280178535199838,10.136680920180103
PF,22.150000000000002,8,14300,128154,11.158449989855955,10.191555150682591
PF,22.150000000000002,9,11830,128154,9.231081355244472,8.936528589134753
PF,22.25,1,13897,114374,12.150488747442601,11.399145925532594
PF,22.25,2,13897,114374,12.150488747442601,11.398827680969603
PF,22.25,3,13897,114374,12.150488747442601,11.399145925532594
PF,22.25,4,13897,114374,12.150488747442601,11.399145925532594
PF,22.25,5,10335,114374,9.036144578313253,10.535429223008295
PF,22.25,6,14937,114374,13.059786315071607,12.66756043543333
PF,22.25,7,7215,114374,6.308251875426233,10.061848242683718
PF,22.25,8,14274,114374,12.480109115708116,10.339749076623466
PF,22.25,9,12025,114374,10.51375312571039,10.799147564683807
PF,22.35,1,13728,117130,11.72031076581576,11.685594446917207
PF,22.35,2,13715,117130,11.709211986681465,11.685350517705466
PF,22.35,3,13728,117130,11.72031076581576,11.685594446917207
PF,22.35,4,13728,117130,11.72031076581576,11.685594446917207
PF,22.35,5,12012,117130,10.25527192008879,10.521978144432444
PF,22.35,6,11999,117130,10.244173140954494,10.784781011570521
PF,22.35,7,14755,117130,12.597114317425083,10.058095317445705
PF,22.35,8,8645,117130,7.380688124306326,11.534219717229226
PF,22.35,9,14820,117130,12.65260821309656,10.358791950865017
PF,22.450000000000003,1,14027,125398,11.185983827493262,11.480796584425404
PF,22.450000000000003,2,14040,125398,11.196350818992329,11.477134552944042
PF,22.450000000000003,3,14027,125398,11.185983827493262,11.477378482155784
PF,22.450000000000003,4,14027,125398,11.185983827493262,11.480796584425404
PF,22.450000000000003,5,15392,125398,12.274517934895293,10.900687403124309
PF,22.450000000000003,6,11349,125398,9.050383578685466,10.458043380158903
PF,22.450000000000003,7,14131,125398,11.268919759485797,11.8827442000969
PF,22.450000000000003,8,18486,125398,14.741861911673233,10.26589786542496
PF,22.450000000000003,9,9919,125398,7.910014513788099,10.5765209472443
PF,22.55,1,14625,126776,11.536095159967186,11.405189408257035
PF,22.55,2,14612,126776,11.525840853158327,11.409656060085297
PF,22.55,3,14612,126776,11.525840853158327,11.406200396252274
PF,22.55,4,14625,126776,11.536095159967186,11.405189408257035
PF,22.55,5,12896,126776,10.172272354388843,11.73861917429145
PF,22.55,6,15314,126776,12.079573420836752,11.02064205768466
PF,22.55,7,14937,126776,11.782198523379819,10.961232890284641
PF,22.55,8,10998,126776,8.675143560295323,11.982300610418784
PF,22.55,9,14157,126776,11.166940114848236,8.670969994468821
PF,22.650000000000002,1,11245,97838,11.493489237310657,11.688673003386695
PF,22.650000000000002,2,11258,97838,11.506776508105235,11.689683991381932
PF,22.650000000000002,3,11258,97838,11.506776508105235,11.689683991381933
PF,22.650000000000002,4,11245,97838,11.493489237310657,11.688673003386695
PF,22.650000000000002,5,12493,97838,12.76906723359022,11.008639979770942
PF,22.650000000000002,6,11674,97838,11.931969173531757,10.83042166577266
PF,22.650000000000002,7,9620,97838,9.832580387988306,10.392954930985212
PF,22.650000000000002,8,12259,97838,12.529896359287802,9.826244420530456
PF,22.650000000000002,9,6786,97838,6.9359553547701305,11.185025013403475
PF,22.75,1,14430,119886,12.036434612882237,11.664539129786043
PF,22.75,2,14430,119886,12.036434612882237,11.668968220050905
PF,22.75,3,14430,119886,12.036434612882237,11.668968220050905
PF,22.75,4,14430,119886,12.036434612882237,11.6677155480568
PF,22.75,5,12090,119886,10.084580351333766,11.556641184047782
PF,22.75,6,10166,119886,8.479722402949468,10.002550390813607
PF,22.75,7,11466,119886,9.564085881587507,10.448783934722337
PF,22.75,8,9919,119886,8.273693342008242,10.171300118334308
PF,22.75,9,18525,119886,15.452179570592062,11.15053325413731
PF,22.85,1,15639,136422,11.463693539165238,11.509903731403044
PF,22.85,2,15639,136422,11.463693539165238,11.506021442405453
PF,22.85,3,15639,136422,11.463693539165238,11.506021442405453
PF,22.85,4,15652,136422,11.473222793977511,11.50919786067621
PF,22.85,5,16120,136422,11.816275967219363,10.825403849332135
PF,22.85,6,13091,136422,9.595959595959595,11.386668438645595
PF,22.85,7,16302,136422,11.949685534591195,9.881094859046135
PF,22.85,8,13247,136422,9.71031065370688,10.071071446044337
PF,22.85,9,15093,136422,11.063464837049743,11.80461693004164
PF,22.950000000000003,1,12311,111618,11.029583042161658,11.24318268471715
PF,22.950000000000003,2,12298,111618,11.01793617516888,11.24399390928381
PF,22.950000000000003,3,12298,111618,11.01793617516888,11.24399390928381
PF,22.950000000000003,4,12298,111618,11.01793617516888,11.242476813990315
PF,22.950000000000003,5,11804,111618,10.57535522944328,11.411121973091996
PF,22.950000000000003,6,17953,111618,16.08432331702772,12.685692727308549
PF,22.950000000000003,7,9074,111618,8.129513160959702,11.724512772730803
PF,22.950000000000003,8,13650,111618,12.22921034241789,9.115482874048537
PF,22.950000000000003,9,9932,111618,8.898206382483112,10.089542335545026
PF,23.05,1,10374,92326,11.236271472824557,11.50338149506492
PF,23.05,2,10387,92326,11.250352013517318,11.500882557433632
PF,23.05,3,10387,92326,11.250352013517318,11.50419271963158
PF,23.05,4,10374,92326,11.236271472824557,11.499499206067325
PF,23.05,5,10933,92326,11.841734722613348,10.928172652009607
PF,23.05,6,11427,92326,12.376795268938327,12.737618807039992
PF,23.05,7,13936,92326,15.09433962264151,10.862767213865084
PF,23.05,8,4992,92326,5.406927626020839,10.062757674352136
PF,23.05,9,9516,92326,10.306955787102225,9.400727674535728
PF,23.150000000000002,1,16029,130910,12.24428997020854,11.556559825752878
PF,23.150000000000002,2,16016,130910,12.234359483614696,11.561599751640173
PF,23.150000000000002,3,16029,130910,12.24428997020854,11.561253339317133
PF,23.150000000000002,4,16029,130910,12.24428997020854,11.556559825752878
PF,23.150000000000002,5,13572,130910,10.367428003972195,11.417973066240814
PF,23.150000000000002,6,12766,130910,9.751737835153923,11.029095647831832
PF,23.150000000000002,7,12259,130910,9.364448857994041,10.405379398474246
PF,23.150000000000002,8,16432,130910,12.552135054617676,10.710648507996956
PF,23.150000000000002,9,11778,130910,8.997020854021848,10.20093063699309
PF,23.25,1,13260,118508,11.189118034225537,11.623587418339023
PF,23.25,2,13273,118508,11.200087757788504,11.623933830662066
PF,23.25,3,13260,118508,11.189118034225537,11.623587418339023
PF,23.25,4,13260,118508,11.189118034225537,11.627120737539082
PF,23.25,5,14274,118508,12.044756472136902,10.947514251558658
PF,23.25,6,12987,118508,10.958753839403247,10.719481960913447
PF,23.25,7,8008,118508,6.757349714787187,9.288850531256381
PF,23.25,8,16796,118508,14.172882843352347,11.215596736960258
PF,23.25,9,13390,118508,11.298815269855199,11.330327114432057
PF,23.35,1,14027,122642,11.437354250582997,11.529993491577272
PF,23.35,2,14027,122642,11.437354250582997,11.530194402265238
PF,23.35,3,14027,122642,11.437354250582997,11.529993491577272
PF,23.35,4,14040,122642,11.447954208183168,11.530071146944307
PF,23.35,5,12792,122642,10.430358278566885,11.451895669544845
PF,23.35,6,14040,122642,11.447954208183168,10.731049340901878
PF,23.35,7,14404,122642,11.744753020987917,10.835969417004861
PF,23.35,8,8489,122642,6.921772312910749,10.017245270485652
PF,23.35,9,16796,122642,13.695145219419123,10.84358776969867
PF,23.450000000000003,1,15002,125398,11.963508189923285,11.371124951204841
PF,23.450000000000003,2,14989,125398,11.953141198424218,11.36766928737182
PF,23.450000000000003,3,15002,125398,11.963508189923285,11.371124951204841
PF,23.450000000000003,4,14989,125398,11.953141198424218,11.371202606571876
PF,23.450000000000003,5,14898,125398,11.880572257930748,10.974712694555814
PF,23.450000000000003,6,12272,125398,9.78643997511922,10.400706700624132
PF,23.450000000000003,7,17563,125398,14.005805515239478,11.024764133062227
PF,23.450000000000003,8,11232,125398,8.957080655193863,9.699604415386078
PF,23.450000000000003,9,9451,125398,7.536802819821688,12.41909026001837
PF,23.55,1,11219,104728,10.712512413108243,11.612542826113051
PF,23.55,2,11219,104728,10.712512413108243,11.612505264549648
PF,23.55,3,11219,104728,10.712512413108243,11.612542826113051
PF,23.55,4,11219,104728,10.712512413108243,11.609087162280028
PF,23.55,5,11115,104728,10.61320754716981,11.524451075312436
PF,23.55,6,10439,104728,9.96772591857001,10.676190381298106
PF,23.55,7,7670,104728,7.323733862959285,10.996228739957422
PF,23.55,8,13845,104728,13.219960278053625,10.77626822467287
PF,23.55,9,16783,104728,16.0253227408143,9.58018349970338
PF,23.650000000000002,1,15418,126776,12.161607875307629,11.545042192574684
PF,23.650000000000002,2,15431,126776,12.171862182116488,11.548460294844302
PF,23.650000000000002,3,15418,126776,12.161607875307629,11.545042192574684
PF,23.650000000000002,4,15418,126776,12.161607875307629,11.545042192574682
PF,23.650000000000002,5,15314,126776,12.079573420836752,11.397244249992402
PF,23.650000000000002,6,15561,126776,12.274405250205087,9.80398082984327
PF,23.650000000000002,7,14781,126776,11.659146841673502,11.013161492739231
PF,23.650000000000002,8,12870,126776,10.151763740771123,10.816430717665554
PF,23.650000000000002,9,6565,126776,5.178424938474159,10.78559583719119
PF,23.75,1,14586,124020,11.761006289308176,11.462920962752067
PF,23.75,2,14586,124020,11.761006289308176,11.466339065021687
PF,23.75,3,14586,124020,11.761006289308176,11.46292096275207
PF,23.75,4,14586,124020,11.761006289308176,11.466620555796831
PF,23.75,5,14261,124020,11.49895178197065,10.870977139374572
PF,23.75,6,8892,124020,7.169811320754717,10.880221653878943
PF,23.75,7,17433,124020,14.056603773584905,11.9089497981309
PF,23.75,8,11258,124020,9.077568134171909,9.883695160682082
PF,23.75,9,13832,124020,11.153039832285115,10.597354701610842
PF,23.85,1,12259,117130,10.4661487236404,11.271218381940427
PF,23.85,2,12259,117130,10.4661487236404,11.271218381940429
PF,23.85,3,12259,117130,10.4661487236404,11.271218381940429
PF,23.85,4,12272,117130,10.477247502774695,11.274917974985193
PF,23.85,5,10582,117130,9.034406215316315,11.153957493470708
PF,23.85,6,15457,117130,13.196448390677025,11.115974425911743
PF,23.85,7,11726,117130,10.011098779134295,12.208057817865386
PF,23.85,8,12207,117130,10.421753607103218,10.96872599100171
PF,23.85,9,18109,117130,15.460599334073253,9.464711150943975
PF,23.950000000000003,1,11336,97838,11.586500132872708,11.251953834373992
PF,23.950000000000003,2,11336,97838,11.586500132872708,11.251953834373992
PF,23.950000000000003,3,11336,97838,11.586500132872708,11.251953834373992
PF,23.950000000000003,4,11336,97838,11.586500132872708,11.255653427418759
PF,23.950000000000003,5,12649,97838,12.928514483125166,10.635608956254247
PF,23.950000000000003,6,12701,97838,12.981663566303482,12.393383910868396
PF,23.950000000000003,7,12285,97838,12.55647090087696,10.526942740523895
PF,23.950000000000003,8,13117,97838,13.406856231730004,11.13001935984225
PF,23.950000000000003,9,1742,97838,1.7804942864735582,10.302530101970474
PF,24.05,1,11934,101972,11.703212646608874,11.79728879702305
PF,24.05,2,11934,101972,11.703212646608874,11.794112378752294
PF,24.05,3,11934,101972,11.703212646608874,11.794112378752294
PF,24.05,4,11934,101972,11.703212646608874,11.794112378752294
PF,24.05,5,10140,101972,9.943906170321265,12.001244594919854
PF,24.05,6,11219,101972,11.00203977562468,10.326058791379014
PF,24.05,7,9191,101972,9.013258541560429,9.88351250774849
PF,24.05,8,9750,101972,9.561448240693524,11.02310485781121
PF,24.05,9,13936,101972,13.66649668536461,9.5864533148615
PF,24.150000000000002,1,16510,136422,12.102153611587573,11.56521306731968
PF,24.150000000000002,2,16497,136422,12.0926243567753,11.562036649048922
PF,24.150000000000002,3,16497,136422,12.0926243567753,11.562036649048922
PF,24.150000000000002,4,16497,136422,12.0926243567753,11.562036649048922
PF,24.150000000000002,5,17914,136422,13.131313131313131,11.068426584088792
PF,24.150000000000002,6,9542,136422,6.994473032208881,9.497646908344839
PF,24.150000000000002,7,11024,136422,8.080808080808081,8.891525291049014
PF,24.150000000000002,8,13780,136422,10.1010101010101,11.338301281514324
PF,24.150000000000002,9,18161,136422,13.31236897274633,12.952776920536584
PF,24.25,1,15457,141934,10.890272943762595,11.702864592318598
PF,24.25,2,15457,141934,10.890272943762595,11.699688174047838
PF,24.25,3,15457,141934,10.890272943762595,11.70277116825181
PF,24.25,4,15457,141934,10.890272943762595,11.699688174047841
PF,24.25,5,14378,141934,10.130060450631984,11.752434676531957
PF,24.25,6,14898,141934,10.496427917200952,10.56269641956527
PF,24.25,7,13598,141934,9.580509250778531,9.383221204498534
PF,24.25,8,20371,141934,14.352445502839348,10.43256757888828
PF,24.25,9,16861,141934,11.87946510349881,11.064068011849871
PF,24.35,1,17030,140556,12.116167221605624,11.115838061895838
PF,24.35,2,17030,140556,12.116167221605624,11.119869669701034
PF,24.35,3,17043,140556,12.125416204217537,11.118921056099813
PF,24.35,4,17030,140556,12.116167221605624,11.119869669701032
PF,24.35,5,16861,140556,11.995930447650759,10.802196933841385
PF,24.35,6,19955,140556,14.197188309285979,12.117675333034752
PF,24.35,7,14742,140556,10.48834628190899,9.7536404428423
PF,24.35,8,9620,140556,6.84424713281539,11.1092668404932
PF,24.35,9,11245,140556,8.000369959304477,11.742721992390647
PF,24.450000000000003,1,11115,107484,10.341074020319303,11.650288981032597
PF,24.450000000000003,2,11128,107484,10.353168843734881,11.654320588837791
PF,24.450000000000003,3,11115,107484,10.341074020319303,11.653371975236569
PF,24.450000000000003,4,11128,107484,10.353168843734881,11.650071056286372
PF,24.450000000000003,5,11050,107484,10.280599903241413,11.037612785670499
PF,24.450000000000003,6,12532,107484,11.65940977261732,12.17572477283909
PF,24.450000000000003,7,9880,107484,9.192065795839381,10.822418508323059
PF,24.450000000000003,8,13039,107484,12.131107885824868,9.813984564262034
PF,24.450000000000003,9,16497,107484,15.34833091436865,9.542206767511985
PF,24.55,1,12740,101972,12.49362570117287,11.08815637117524
PF,24.55,2,12740,101972,12.49362570117287,11.092187978980434
PF,24.55,3,12740,101972,12.49362570117287,11.08815637117524
PF,24.55,4,12727,101972,12.480877103518614,11.091432506526848
PF,24.55,5,11050,101972,10.836308006119326,10.868459170345963
PF,24.55,6,10881,101972,10.670576236613972,11.17847891432797
PF,24.55,7,13039,101972,12.786843447220805,10.87277408032125
PF,24.55,8,10673,101972,10.466598674145844,10.628306100004215
PF,24.55,9,5382,101972,5.277919428862825,12.092048507142847
PF,24.650000000000002,1,12935,124020,10.429769392033544,11.683441589101967
PF,24.650000000000002,2,12935,124020,10.429769392033544,11.6777240362146
PF,24.650000000000002,3,12935,124020,10.429769392033544,11.683441589101966
PF,24.650000000000002,4,12948,124020,10.440251572327044,11.676968563761017
PF,24.650000000000002,5,14248,124020,11.48846960167715,10.769208316378126
PF,24.650000000000002,6,13897,124020,11.20545073375262,11.30573111705187
PF,24.650000000000002,7,13195,124020,10.639412997903564,11.302176962554322
PF,24.650000000000002,8,11518,124020,9.28721174004193,12.176370195238121
PF,24.650000000000002,9,19409,124020,15.649895178197065,7.724937630598007
PF,24.75,1,9191,75790,12.126929674099486,11.178547852050725
PF,24.75,2,9178,75790,12.109777015437393,11.177387768856187
PF,24.75,3,9191,75790,12.126929674099486,11.178547852050725
PF,24.75,4,9178,75790,12.109777015437393,11.18088182895402
PF,24.75,5,7566,75790,9.982847341337907,11.281615719679706
PF,24.75,6,9126,75790,12.041166380789022,11.294583792532933
PF,24.75,7,7943,75790,10.480274442538594,9.592078841463584
PF,24.75,8,12714,75790,16.775300171526588,12.287905027855809
PF,24.75,9,1703,75790,2.2469982847341337,10.82845131655632
PF,24.85,1,10439,95082,10.978944490019142,11.812795717635751
PF,24.85,2,10452,95082,10.992616899097621,11.807078164748384
PF,24.85,3,10439,95082,10.978944490019142,11.812795717635751
PF,24.85,4,10452,95082,10.992616899097621,11.807078164748384
PF,24.85,5,11765,95082,12.373530216024063,11.540176166919396
PF,24.85,6,10114,95082,10.63713426305715,11.63836892302848
PF,24.85,7,7280,95082,7.656549083948592,10.083525990006713
PF,24.85,8,10270,95082,10.801203171998907,12.140850672433936
PF,24.85,9,13871,95082,14.588460486737763,7.3573304828431985
PF,24.950000000000003,1,11726,95082,12.332512988788624,11.52310637134263
PF,24.950000000000003,2,11713,95082,12.318840579710145,11.52310637134263
PF,24.950000000000003,3,11726,95082,12.332512988788624,11.519612311244797
PF,24.950000000000003,4,11713,95082,12.318840579710145,11.52310637134263
PF,24.950000000000003,5,11661,95082,12.264150943396226,11.86734724880746
PF,24.950000000000003,6,11635,95082,12.236806125239267,11.195576216084831
PF,24.950000000000003,7,11518,95082,12.113754443532951,9.755719624464497
PF,24.950000000000003,8,8411,95082,8.84604867377632,10.546288700513475
PF,24.950000000000003,9,4979,95082,5.236532677057697,10.546136784857048
PF,25.05,1,13962,124020,11.257861635220126,11.622416815579337
PF,25.05,2,13962,124020,11.257861635220126,11.621515920407502
PF,25.05,3,13949,124020,11.247379454926625,11.622579330002495
PF,25.05,4,13962,124020,11.257861635220126,11.617859345886513
PF,25.05,5,13598,124020,10.964360587002096,11.659028488778377
PF,25.05,6,13286,124020,10.71278825995807,10.856680649972901
PF,25.05,7,11778,124020,9.49685534591195,10.60415090100116
PF,25.05,8,14872,124020,11.9916142557652,9.428701742931858
PF,25.05,9,14651,124020,11.81341719077568,10.96706680543985
PF,25.150000000000002,1,13364,118508,11.276875822729266,11.698098433508699
PF,25.150000000000002,2,13377,118508,11.287845546292234,11.698578589758933
PF,25.150000000000002,3,13377,118508,11.287845546292234,11.698260947931857
PF,25.150000000000002,4,13364,118508,11.276875822729266,11.698098433508699
PF,25.150000000000002,5,13923,118508,11.748573935936815,11.30962247899501
PF,25.150000000000002,6,11401,118508,9.620447564721369,10.738738858528238
PF,25.150000000000002,7,12090,118508,10.201842913558579,10.034881504824462
PF,25.150000000000002,8,8827,118508,7.448442299254059,9.478557699268537
PF,25.150000000000002,9,18785,118508,15.851250548486178,11.64516305367556
PF,25.25,1,17134,136422,12.55955784257671,11.316393673064871
PF,25.25,2,17121,136422,12.550028587764437,11.320708773324919
PF,25.25,3,17134,136422,12.55955784257671,11.32005024758586
PF,25.25,4,17134,136422,12.55955784257671,11.320228617074688
PF,25.25,5,15301,136422,11.215932914046121,11.140799721585045
PF,25.25,6,16211,136422,11.88298075090528,10.745812199701904
PF,25.25,7,14196,136422,10.405946255002858,11.731972060635682
PF,25.25,8,12272,136422,8.995616542786355,8.71421074762292
PF,25.25,9,9919,136422,7.270821421764818,12.389823959404113
PF,25.35,1,11427,112996,10.112747353888633,11.553242193371048
PF,25.35,2,11440,112996,10.124252185918085,11.549707846992705
PF,25.35,3,11427,112996,10.112747353888633,11.549049321253648
PF,25.35,4,11440,112996,10.124252185918085,11.552884265263465
PF,25.35,5,11817,112996,10.457892314772204,9.731945935811558
PF,25.35,6,12129,112996,10.734008283479062,11.698325485255998
PF,25.35,7,16484,112996,14.588127013345606,12.260078930120349
PF,25.35,8,10959,112996,9.698573400828348,11.342507758982679
PF,25.35,9,15873,112996,14.047399907961344,8.762258262948555
PF,25.450000000000003,1,12389,103350,11.9874213836478,11.21700669836887
PF,25.450000000000003,2,12376,103350,11.974842767295597,11.216648770261287
PF,25.450000000000003,3,12376,103350,11.974842767295597,11.21281382625147
PF,25.450000000000003,4,12376,103350,11.974842767295597,11.216648770261287
PF,25.450000000000003,5,7774,103350,7.522012578616352,10.73712737127371
PF,25.450000000000003,6,12896,103350,12.477987421383649,9.896405379148131
PF,25.450000000000003,7,12181,103350,11.786163522012579,13.201615789742803
PF,25.450000000000003,8,15847,103350,15.333333333333334,12.060029656900342
PF,25.450000000000003,9,5135,103350,4.968553459119497,9.241703737792095
PF,25.55,1,13052,112996,11.55085135757018,11.963057587635083
PF,25.55,2,13052,112996,11.55085135757018,11.962479260446477
PF,25.55,3,13052,112996,11.55085135757018,11.962479260446477
PF,25.55,4,13052,112996,11.55085135757018,11.958864715517683
PF,25.55,5,16081,112996,14.231477220432582,11.306682676455912
PF,25.55,6,7319,112996,6.477220432581684,9.791980294558964
PF,25.55,7,14950,112996,13.230556833870226,10.276302867127566
PF,25.55,8,12597,112996,11.148182236539347,11.25976059370223
PF,25.55,9,9841,112996,8.709157846295444,9.518392744109613
PF,25.650000000000002,1,14807,119886,12.35090002168727,11.561140846095698
PF,25.650000000000002,2,14820,119886,12.36174365647365,11.56129972719147
PF,25.650000000000002,3,14820,119886,12.36174365647365,11.56129972719147
PF,25.650000000000002,4,14807,119886,12.35090002168727,11.561140846095698
PF,25.650000000000002,5,14586,119886,12.166558230318802,12.334489251432297
PF,25.650000000000002,6,12493,119886,10.42073302971156,10.20103874135326
PF,25.650000000000002,7,6968,119886,5.812188245499891,10.242114832939532
PF,25.650000000000002,8,8749,119886,7.297766211234006,9.866943766923137
PF,25.650000000000002,9,17836,119886,14.877466926913902,11.110532260777433
PF,25.75,1,13520,125398,10.78167115902965,11.505175948897483
PF,25.75,2,13507,125398,10.771304167530582,11.505334829993254
PF,25.75,3,13507,125398,10.771304167530582,11.505334829993254
PF,25.75,4,13520,125398,10.78167115902965,11.505175948897483
PF,25.75,5,13299,125398,10.605432303545511,11.111984957137851
PF,25.75,6,17186,125398,13.705162761766536,10.913621909067581
PF,25.75,7,14651,125398,11.683599419448477,8.97658330969977
PF,25.75,8,13988,125398,11.15488285299606,10.114529437886626
PF,25.75,9,12220,125398,9.744972009122952,12.862258828426688
PF,25.85,1,14274,125398,11.382956665975534,10.617719108285145
PF,25.85,2,14274,125398,11.382956665975534,10.614263444452122
PF,25.85,3,14274,125398,11.382956665975534,10.614263444452122
PF,25.85,4,14274,125398,11.382956665975534,10.617719108285145
PF,25.85,5,13247,125398,10.563964337549244,10.256026293762142
PF,25.85,6,10803,125398,8.614969935724652,12.082152648190382
PF,25.85,7,11830,125398,9.433962264150944,12.574776725720122
PF,25.85,8,14911,125398,11.890939249429815,11.345712289108514
PF,25.85,9,17511,125398,13.96433754924321,11.277366937744295
PF,25.950000000000003,1,8411,86814,9.688529499850254,11.629225354118843
PF,25.950000000000003,2,8411,86814,9.688529499850254,11.632606702600617
PF,25.950000000000003,3,8411,86814,9.688529499850254,11.632606702600617
PF,25.950000000000003,4,8411,86814,9.688529499850254,11.632606702600617
PF,25.950000000000003,5,8333,86814,9.598682240191675,10.579000810285045
PF,25.950000000000003,6,12090,86814,13.926325247079964,11.405697163457356
PF,25.950000000000003,7,14417,86814,16.606768493560946,11.239924386607285
PF,25.950000000000003,8,9542,86814,10.99131476489967,10.22091229029756
PF,25.950000000000003,9,8788,86814,10.122791254866726,10.02741988743206
PF,26.05,1,17706,128154,13.816189896530737,11.411426381602888
PF,26.05,2,17719,128154,13.82633394197606,11.414807730084663
PF,26.05,3,17719,128154,13.82633394197606,11.414807730084663
PF,26.05,4,17719,128154,13.82633394197606,11.414807730084663
PF,26.05,5,14833,128154,11.574355853114222,11.401494878062131
PF,26.05,6,14963,128154,11.675796307567458,12.923977625134045
PF,26.05,7,9841,128154,7.679042402109961,10.833215791219445
PF,26.05,8,9971,128154,7.780482856563197,9.29290528681886
PF,26.05,9,7683,128154,5.995130858186244,9.892556846908642
PF,26.150000000000002,1,11089,103350,10.729559748427674,12.19557719618584
PF,26.150000000000002,2,11089,103350,10.729559748427674,12.19557719618584
PF,26.150000000000002,3,11089,103350,10.729559748427674,12.19557719618584
PF,26.150000000000002,4,11089,103350,10.729559748427674,12.19557719618584
PF,26.150000000000002,5,13468,103350,13.031446540880504,12.178399945898425
PF,26.150000000000002,6,13611,103350,13.169811320754716,10.510177858930142
PF,26.150000000000002,7,8489,103350,8.213836477987421,9.842158652870765
PF,26.150000000000002,8,9412,103350,9.10691823899371,8.70277946845202
PF,26.150000000000002,9,14014,103350,13.559748427672956,9.984175289105295
PF,26.25,1,15431,128154,12.040981943599107,11.11219314262528
PF,26.25,2,15418,128154,12.030837898153784,11.108811794143506
PF,26.25,3,15418,128154,12.030837898153784,11.108811794143506
PF,26.25,4,15418,128154,12.030837898153784,11.108811794143506
PF,26.25,5,15288,128154,11.929397443700548,11.768918644755528
PF,26.25,6,8567,128154,6.6849259484682495,10.678343590090394
PF,26.25,7,17472,128154,13.633597078514912,11.049074637632154
PF,26.25,8,11817,128154,9.220937309799147,10.37553256238588
PF,26.25,9,13325,128154,10.397646581456685,11.68950204008025
PF,26.35,1,13104,124020,10.566037735849056,11.686616622709137
PF,26.35,2,13104,124020,10.566037735849056,11.687166091837426
PF,26.35,3,13104,124020,10.566037735849056,11.687166091837426
PF,26.35,4,13104,124020,10.566037735849056,11.687166091837424
PF,26.35,5,12831,124020,10.345911949685535,10.888153445594101
PF,26.35,6,15106,124020,12.180293501048219,8.580073149838823
PF,26.35,7,14014,124020,11.29979035639413,11.267103987736975
PF,26.35,8,15873,124020,12.79874213836478,11.876056671400555
PF,26.35,9,13780,124020,11.11111111111111,10.640497847208133
PF,26.450000000000003,1,13728,110240,12.452830188679245,11.694413614502404
PF,26.450000000000003,2,13741,110240,12.464622641509434,11.698344432112469
PF,26.450000000000003,3,13741,110240,12.464622641509434,11.698344432112469
PF,26.450000000000003,4,13741,110240,12.464622641509434,11.694644839067701
PF,26.450000000000003,5,11453,110240,10.389150943396226,10.674173757553334
PF,26.450000000000003,6,7579,110240,6.875,12.274812965018294
PF,26.450000000000003,7,9776,110240,8.867924528301886,9.911620832819501
PF,26.450000000000003,8,15002,110240,13.608490566037736,10.297046491552596
PF,26.450000000000003,9,11479,110240,10.412735849056604,10.056598635261233
PF,26.55,1,14131,117130,12.064372918978913,11.817632713462743
PF,26.55,2,14131,117130,12.064372918978913,11.821563531072806
PF,26.55,3,14131,117130,12.064372918978913,11.821563531072806
PF,26.55,4,14118,117130,12.053274139844618,11.817863938028042
PF,26.55,5,13221,117130,11.287458379578247,10.761667874697048
PF,26.55,6,20813,117130,17.76914539400666,11.638537490467888
PF,26.55,7,11206,117130,9.567147613762486,9.29609579680929
PF,26.55,8,5252,117130,4.483906770255272,10.099596442350524
PF,26.55,9,10127,117130,8.645948945615983,10.925478682038852
PF,26.650000000000002,1,14768,135044,10.935695032730074,11.597506927299222
PF,26.650000000000002,2,14768,135044,10.935695032730074,11.597506927299222
PF,26.650000000000002,3,14768,135044,10.935695032730074,11.597506927299222
PF,26.650000000000002,4,14768,135044,10.935695032730074,11.593807334254457
PF,26.650000000000002,5,14326,135044,10.608394301116673,11.476004638562115
PF,26.650000000000002,6,13871,135044,10.271467077396997,11.380175569370117
PF,26.650000000000002,7,12766,135044,9.453215248363497,9.917164979199228
PF,26.650000000000002,8,16484,135044,12.206391990758567,9.36203211988054
PF,26.650000000000002,9,18525,135044,13.717751251443973,11.478294576835879
PF,26.75,1,14300,121264,11.79245283018868,11.486708858676515
PF,26.75,2,14300,121264,11.79245283018868,11.486708858676515
PF,26.75,3,14300,121264,11.79245283018868,11.486708858676515
PF,26.75,4,14300,121264,11.79245283018868,11.486708858676513
PF,26.75,5,15197,121264,12.532161234991424,11.599988436241807
PF,26.75,6,7397,121264,6.09991423670669,10.440194351919418
PF,26.75,7,13013,121264,10.731132075471699,10.211424918298235
PF,26.75,8,13819,121264,11.395797598627787,11.165251714443087
PF,26.75,9,14638,121264,12.071183533447684,10.636305144391397
PF,26.85,1,12610,107484,11.731978713110788,11.755567907715639
PF,26.85,2,12610,107484,11.731978713110788,11.755567907715639
PF,26.85,3,12610,107484,11.731978713110788,11.755567907715639
PF,26.85,4,12610,107484,11.731978713110788,11.755567907715639
PF,26.85,5,12532,107484,11.65940977261732,11.11818591997235
PF,26.85,6,16068,107484,14.949201741654571,10.88362744575109
PF,26.85,7,11232,107484,10.449927431059507,11.656900740100257
PF,26.85,8,10634,107484,9.893565553942912,10.492011723946689
PF,26.85,9,6578,107484,6.119980648282535,8.82700253936705
PF,26.950000000000003,1,15210,129532,11.74227217984745,11.417175783023268
PF,26.950000000000003,2,15210,129532,11.74227217984745,11.417175783023268
PF,26.950000000000003,3,15210,129532,11.74227217984745,11.417175783023268
PF,26.950000000000003,4,15210,129532,11.74227217984745,11.420593885292888
PF,26.950000000000003,5,11869,129532,9.16298675230831,10.632349292831375
PF,26.950000000000003,6,15028,129532,11.60176635889201,11.461752834171804
PF,26.950000000000003,7,17862,129532,13.78964271376957,11.55948482541609
PF,26.950000000000003,8,13195,129532,10.18667201926937,11.550535849533981
PF,26.950000000000003,9,10738,129532,8.289843436370935,9.123755963684053
PF,27.05,1,13663,126776,10.777276456111567,11.394452175394001
PF,27.05,2,13663,126776,10.777276456111567,11.389687547987863
PF,27.05,3,13663,126776,10.777276456111567,11.394452175394001
PF,27.05,4,13676,126776,10.787530762920426,11.393105650257484
PF,27.05,5,14040,126776,11.074651353568498,11.010220897118074
PF,27.05,6,9932,126776,7.834290401968827,9.704338340908253
PF,27.05,7,13234,126776,10.438884331419196,10.77295479360304
PF,27.05,8,18473,126776,14.571369975389663,12.078676472014228
PF,27.05,9,16432,126776,12.961443806398687,10.862111947323056
PF,27.150000000000002,1,10608,90948,11.663807890222985,11.141944975960058
PF,27.150000000000002,2,10595,90948,11.649514008004575,11.13718034855392
PF,27.150000000000002,3,10608,90948,11.663807890222985,11.141944975960058
PF,27.150000000000002,4,10595,90948,11.649514008004575,11.14059845082354
PF,27.150000000000002,5,11635,90948,12.793024585477415,11.479627656428761
PF,27.150000000000002,6,8801,90948,9.676958261863922,11.062377968499087
PF,27.150000000000002,7,7358,90948,8.090337335620355,10.294611754094602
PF,27.150000000000002,8,10439,90948,11.477987421383649,11.14284171345877
PF,27.150000000000002,9,10309,90948,11.335048599199542,11.458872156221206
PF,27.25,1,11050,100594,10.984750581545619,11.484368708457621
PF,27.25,2,11050,100594,10.984750581545619,11.483635688856674
PF,27.25,3,11050,100594,10.984750581545619,11.484368708457621
PF,27.25,4,11050,100594,10.984750581545619,11.483635688856674
PF,27.25,5,10634,100594,10.571207030240371,11.53747246406848
PF,27.25,6,15769,100594,15.675885241664513,11.14406184837821
PF,27.25,7,12428,100594,12.354613595244249,9.778215380438178
PF,27.25,8,7423,100594,7.3791677436029985,9.01914848024954
PF,27.25,9,10140,100594,10.08012406306539,12.585093032236998
PF,27.35,1,12688,107484,11.804547653604258,11.761271124456131
PF,27.35,2,12701,107484,11.816642477019835,11.765302732261324
PF,27.35,3,12688,107484,11.804547653604258,11.761271124456131
PF,27.35,4,12701,107484,11.816642477019835,11.761646157740335
PF,27.35,5,12090,107484,11.248185776487663,9.609682054487815
PF,27.35,6,8684,107484,8.079342041606193,12.832845250632431
PF,27.35,7,9555,107484,8.889695210449927,11.052476198358493
PF,27.35,8,8814,107484,8.200290275761974,9.738274802710658
PF,27.35,9,17563,107484,16.340106434446056,9.717230554896679
PF,27.450000000000003,1,14807,118508,12.494515138218517,11.97697918030651
PF,27.450000000000003,2,14807,118508,12.494515138218517,11.981010788111702
PF,27.450000000000003,3,14807,118508,12.494515138218517,11.97697918030651
PF,27.450000000000003,4,14794,118508,12.48354541465555,11.97735421359071
PF,27.450000000000003,5,8307,118508,7.00965335673541,10.535297374663278
PF,27.450000000000003,6,17472,118508,14.74330846862659,10.882673949015105
PF,27.450000000000003,7,14118,118508,11.913119789381307,10.336519759745698
PF,27.450000000000003,8,16159,118508,13.635366388767004,10.13215853758085
PF,27.450000000000003,9,3237,118508,2.731461167178587,10.201027016679644
PF,27.55,1,15067,129532,11.631874749096749,11.59157462990798
PF,27.55,2,15067,129532,11.631874749096749,11.588229253218564
PF,27.55,3,15067,129532,11.631874749096749,11.59157462990798
PF,27.55,4,15067,129532,11.631874749096749,11.587918055386991
PF,27.55,5,17290,129532,13.34805299076676,10.88398856036771
PF,27.55,6,12727,129532,9.825371336812525,12.0400885046633
PF,27.55,7,13221,129532,10.20674427940586,11.230507345824813
PF,27.55,8,11089,129532,8.56081894821357,11.423216603026711
PF,27.55,9,14937,129532,11.531513448414291,8.062902417695954
PF,27.650000000000002,1,13793,129532,10.64833400240867,10.963183306899372
PF,27.650000000000002,2,13780,129532,10.638297872340425,10.964993100846106
PF,27.650000000000002,3,13793,129532,10.64833400240867,10.963183306899372
PF,27.650000000000002,4,13793,129532,10.64833400240867,10.96833847753552
PF,27.650000000000002,5,15925,129532,12.294259333600964,12.006556938311254
PF,27.650000000000002,6,14963,129532,11.551585708550784,10.662099404852002
PF,27.650000000000002,7,14989,129532,11.571657968687274,9.39886323003249
PF,27.650000000000002,8,15639,129532,12.073464472099559,10.971299958539268
PF,27.650000000000002,9,12857,129532,9.925732637494981,13.101482276084615
PF,27.75,1,8918,84058,10.6093411691927,11.10773879437358
PF,27.75,2,8931,84058,10.624806681101145,11.109548588320314
PF,27.75,3,8918,84058,10.6093411691927,11.10773879437358
PF,27.75,4,8931,84058,10.624806681101145,11.112893965009727
PF,27.75,5,8723,84058,10.377358490566039,11.542641227718029
PF,27.75,6,8918,84058,10.6093411691927,11.153940207178977
PF,27.75,7,5395,84058,6.418187442004331,9.429253336168967
PF,27.75,8,10322,84058,12.279616455304671,11.586743625917265
PF,27.75,9,15002,84058,17.847200742344572,11.849501460939566
PF,27.85,1,15795,130910,12.065541211519365,11.61524346687223
PF,27.85,2,15795,130910,12.065541211519365,11.620398637508378
PF,27.85,3,15795,130910,12.065541211519365,11.61524346687223
PF,27.85,4,15795,130910,12.065541211519365,11.620398637508378
PF,27.85,5,15652,130910,11.95630585898709,11.466947484822361
PF,27.85,6,14794,130910,11.300893743793447,10.016107746584574
PF,27.85,7,13481,130910,10.297914597815293,10.240635851686369
PF,27.85,8,13624,130910,10.407149950347566,10.399355475462073
PF,27.85,9,10179,130910,7.775571002979146,11.405669232683413
PF,27.950000000000003,1,15262,125398,12.170848019904623,12.025028991557411
PF,27.950000000000003,2,15262,125398,12.170848019904623,12.025028991557411
PF,27.950000000000003,3,15262,125398,12.170848019904623,12.025028991557411
PF,27.950000000000003,4,15262,125398,12.170848019904623,12.02194599735344
PF,27.950000000000003,5,15132,125398,12.067178104913953,11.926313621214023
PF,27.950000000000003,6,10205,125398,8.138088326767573,10.391980335026075
PF,27.950000000000003,7,17563,125398,14.005805515239478,10.247004003648668
PF,27.950000000000003,8,10673,125398,8.511300020733984,9.423057130575094
PF,27.950000000000003,9,10777,125398,8.59423595272652,9.914611937510472
PF,28.05,1,16640,140556,11.838697743248243,11.805354591148154
PF,28.05,2,16640,140556,11.838697743248243,11.802178172877396
PF,28.05,3,16640,140556,11.838697743248243,11.802178172877396
PF,28.05,4,16627,140556,11.82944876063633,11.802271596944182
PF,28.05,5,16523,140556,11.755456899741029,11.330116629783666
PF,28.05,6,16497,140556,11.736958934517203,9.896726572642223
PF,28.05,7,9048,140556,6.437291897891232,9.479380733542776
PF,28.05,8,13143,140556,9.35072142064373,10.064292389486619
PF,28.05,9,18798,140556,13.374028856825749,12.01750114069759
PF,28.150000000000002,1,15561,136422,11.406518010291595,11.533745873057335
PF,28.150000000000002,2,15548,136422,11.396988755479322,11.533508383840827
PF,28.150000000000002,3,15548,136422,11.396988755479322,11.53350838384083
PF,28.150000000000002,4,15561,136422,11.406518010291595,11.530662878853363
PF,28.150000000000002,5,13871,136422,10.167714884696016,11.022530252721007
PF,28.150000000000002,6,13390,136422,9.81513245664189,11.198607551828792
PF,28.150000000000002,7,10907,136422,7.995044787497617,9.46310358801153
PF,28.150000000000002,8,16822,136422,12.330855727082142,11.177113031490826
PF,28.150000000000002,9,19214,136422,14.0842386125405,11.007220056355493
PF,28.25,1,16744,147446,11.356021865632163,11.357117622839963
PF,28.25,2,16757,147446,11.364838652794921,11.356880133623457
PF,28.25,3,16757,147446,11.364838652794921,11.356880133623457
PF,28.25,4,16744,147446,11.356021865632163,11.357117622839963
PF,28.25,5,16432,147446,11.144418973725974,10.817920903209368
PF,28.25,6,17758,147446,12.04373126432728,11.087736836215102
PF,28.25,7,20579,147446,13.956974078645741,11.580535227493213
PF,28.25,8,17472,147446,11.849761946746606,10.488356516226492
PF,28.25,9,8203,147446,5.56339269970023,10.597455003928982
PF,28.35,1,12311,108862,11.308812992596131,11.553148007549593
PF,28.35,2,12311,108862,11.308812992596131,11.552343300784736
PF,28.35,3,12311,108862,11.308812992596131,11.556086936603847
PF,28.35,4,12311,108862,11.308812992596131,11.553148007549595
PF,28.35,5,12129,108862,11.141628851206114,10.93272573499533
PF,28.35,6,12415,108862,11.40434678767614,11.4660709409643
PF,28.35,7,13923,108862,12.789586816336278,12.374639795182686
PF,28.35,8,7930,108862,7.2844518748507285,9.185798138196416
PF,28.35,9,13221,108862,12.144733699546215,9.826039138173494
PF,28.450000000000003,1,13884,115752,11.994609164420485,11.641100835587835
PF,28.450000000000003,2,13871,115752,11.983378256963162,11.63735719976873
PF,28.450000000000003,3,13884,115752,11.994609164420485,11.641100835587835
PF,28.450000000000003,4,13884,115752,11.994609164420485,11.641100835587835
PF,28.450000000000003,5,12168,115752,10.512129380053908,11.570580861562819
PF,28.450000000000003,6,12675,115752,10.950134770889488,10.189643875864872
PF,28.450000000000003,7,12012,115752,10.377358490566039,12.15934532165957
PF,28.450000000000003,8,9750,115752,8.423180592991914,8.725676538214765
PF,28.450000000000003,9,13624,115752,11.769991015274034,10.794093696165731
PF,28.55,1,13130,112996,11.619880349746893,11.52763047456409
PF,28.55,2,13130,112996,11.619880349746893,11.527675578610102
PF,28.55,3,13130,112996,11.619880349746893,11.527630474564091
PF,28.55,4,13130,112996,11.619880349746893,11.531419214429212
PF,28.55,5,14755,112996,13.05798435342844,11.357500213199124
PF,28.55,6,9282,112996,8.214450069028992,9.536637774554928
PF,28.55,7,15041,112996,13.311090658076392,11.120367341431995
PF,28.55,8,11830,112996,10.469397146801656,9.874096345938616
PF,28.55,9,9568,112996,8.467556373676944,11.99704258270784
PF,28.650000000000002,1,12545,114374,10.968401909524893,11.501461369809164
PF,28.650000000000002,2,12558,114374,10.979768129120254,11.502197047452876
PF,28.650000000000002,3,12545,114374,10.968401909524893,11.501461369809164
PF,28.650000000000002,4,12558,114374,10.979768129120254,11.502197047452876
PF,28.650000000000002,5,12012,114374,10.502386906115026,11.758323667695413
PF,28.650000000000002,6,10803,114374,9.445328483746305,10.408178000830453
PF,28.650000000000002,7,11063,114374,9.672652875653558,10.467012026050668
PF,28.650000000000002,8,12272,114374,10.729711298022277,10.812476827275681
PF,28.650000000000002,9,18018,114374,15.75358035917254,10.5466926436237
PF,28.75,1,16913,141934,11.916101850155707,11.4675046837586
PF,28.75,2,16900,141934,11.906942663491481,11.471099137845991
PF,28.75,3,16913,141934,11.916101850155707,11.4675046837586
PF,28.75,4,16900,141934,11.906942663491481,11.471099137845991
PF,28.75,5,16627,141934,11.714599743542774,10.85906416052058
PF,28.75,6,19253,141934,13.564755449716065,11.16345279200032
PF,28.75,7,11947,141934,8.417292544422056,9.717803419041786
PF,28.75,8,15951,141934,11.238322037003114,10.919018544493886
PF,28.75,9,10530,141934,7.418941198021615,11.463453440734243
PF,28.85,1,17459,151580,11.518010291595198,11.473967828234393
PF,28.85,2,17472,151580,11.526586620926244,11.473773542456668
PF,28.85,3,17459,151580,11.518010291595198,11.473967828234393
PF,28.85,4,17472,151580,11.526586620926244,11.473773542456668
PF,28.85,5,15704,151580,10.360205831903945,11.364927792629482
PF,28.85,6,15886,151580,10.480274442538594,11.747899346252849
PF,28.85,7,16770,151580,11.063464837049743,10.544640177841691
PF,28.85,8,16354,151580,10.789022298456262,11.204823250554531
PF,28.85,9,17004,151580,11.217838765008576,9.242226691339328
PF,28.950000000000003,1,12870,117130,10.987791342952276,11.524922383929619
PF,28.950000000000003,2,12870,117130,10.987791342952276,11.5277811603733
PF,28.950000000000003,3,12870,117130,10.987791342952276,11.524922383929619
PF,28.950000000000003,4,12870,117130,10.987791342952276,11.5277811603733
PF,28.950000000000003,5,14079,117130,12.019977802441732,11.063762505455642
PF,28.950000000000003,6,13117,117130,11.198668146503884,10.69989187291801
PF,28.950000000000003,7,14235,117130,12.153163152053274,11.729333597755657
PF,28.950000000000003,8,13572,117130,11.587125416204218,10.205770050769859
PF,28.950000000000003,9,10647,117130,9.089900110987791,10.195834884494994
PF,29.05,1,14469,119886,12.068965517241379,11.136429711425029
PF,29.05,2,14469,119886,12.068965517241379,11.132292008677595
PF,29.05,3,14469,119886,12.068965517241379,11.136429711425029
PF,29.05,4,14469,119886,12.068965517241379,11.132292008677595
PF,29.05,5,12961,119886,10.811103882021253,11.346706142421127
PF,29.05,6,12493,119886,10.42073302971156,11.306930481446193
PF,29.05,7,14352,119886,11.971372804163956,10.242769847040963
PF,29.05,8,9880,119886,8.2411624376491,11.417439877136806
PF,29.05,9,12324,119886,10.279765777488613,11.148710211749664
PF,29.150000000000002,1,10842,104728,10.35253227408143,11.512629293326441
PF,29.150000000000002,2,10829,104728,10.340119165839127,11.508491590579006
PF,29.150000000000002,3,10842,104728,10.35253227408143,11.508840553461319
PF,29.150000000000002,4,10829,104728,10.340119165839127,11.508491590579006
PF,29.150000000000002,5,11739,104728,11.209036742800397,11.356111131968662
PF,29.150000000000002,6,12883,104728,12.301390268123138,10.771737545440239
PF,29.150000000000002,7,6916,104728,6.60377358490566,9.040847841594093
PF,29.150000000000002,8,15106,104728,14.4240317775571,12.037143998840044
PF,29.150000000000002,9,14742,104728,14.076464746772592,10.755706454211186
PF,29.25,1,13858,114374,12.116390088656512,11.414487535449707
PF,29.25,2,13858,114374,12.116390088656512,11.410349832702272
PF,29.25,3,13845,114374,12.105023869061151,11.414679370379588
PF,29.25,4,13858,114374,12.116390088656512,11.410349832702272
PF,29.25,5,13780,114374,12.048192771084338,11.59764508993196
PF,29.25,6,10972,114374,9.593089338486019,9.841747162874974
PF,29.25,7,9776,114374,8.547397135712663,9.237954924546527
PF,29.25,8,15379,114374,13.446237781313934,13.103480506567392
PF,29.25,9,9048,114374,7.910888838372357,10.569305744845307
PF,29.35,1,12818,108862,11.774540243611177,11.843313065972993
PF,29.35,2,12818,108862,11.774540243611177,11.843313065972993
PF,29.35,3,12831,108862,11.78648196799618,11.843504900902872
PF,29.35,4,12818,108862,11.774540243611177,11.843313065972993
PF,29.35,5,12558,108862,11.535705755911154,11.70308173223105
PF,29.35,6,8307,108862,7.630761882015763,10.424166213456644
PF,29.35,7,13676,108862,12.562694053021255,10.57159135706907
PF,29.35,8,12454,108862,11.440171960831144,9.651838785761628
PF,29.35,9,10582,108862,9.720563649390972,10.275877812659763
PF,29.450000000000003,1,13312,114374,11.639008865651284,11.640217899376019
PF,29.450000000000003,2,13312,114374,11.639008865651284,11.640217899376019
PF,29.450000000000003,3,13312,114374,11.639008865651284,11.64419847417102
PF,29.450000000000003,4,13312,114374,11.639008865651284,11.640217899376019
PF,29.450000000000003,5,13182,114374,11.525346669697658,11.394603467904233
PF,29.450000000000003,6,16068,114374,14.048647419868152,9.567490032843207
PF,29.450000000000003,7,12129,114374,10.60468288247329,9.97418659710211
PF,29.450000000000003,8,4654,114374,4.0691066151398045,11.455185412426685
PF,29.450000000000003,9,15093,114374,13.196180950215957,11.043682317424688
PF,29.55,1,12844,111618,11.507104588865595,11.162077540118668
PF,29.55,2,12844,111618,11.507104588865595,11.162077540118668
PF,29.55,3,12844,111618,11.507104588865595,11.162077540118668
PF,29.55,4,12844,111618,11.507104588865595,11.162077540118668
PF,29.55,5,12415,111618,11.12275797810389,11.037451632021236
PF,29.55,6,7839,111618,7.023060796645702,11.7739854928929
PF,29.55,7,7540,111618,6.755182855811786,12.026277655893105
PF,29.55,8,21047,111618,18.856277661309107,9.93821978364252
PF,29.55,9,11401,111618,10.214302352667133,10.575755275075561
PF,29.650000000000002,1,10829,104728,10.340119165839127,11.104372117557597
PF,29.650000000000002,2,10829,104728,10.340119165839127,11.108403725362791
PF,29.650000000000002,3,10829,104728,10.340119165839127,11.104372117557597
PF,29.650000000000002,4,10829,104728,10.340119165839127,11.104372117557597
PF,29.650000000000002,5,10959,104728,10.464250248262164,10.993443961280216
PF,29.650000000000002,6,14924,104728,14.250248262164845,10.046271540809773
PF,29.650000000000002,7,19604,104728,18.71896722939424,11.527184039045453
PF,29.650000000000002,8,7215,104728,6.8892750744786495,13.242389534732025
PF,29.650000000000002,9,8710,104728,8.316782522343594,9.769190846096947
PF,29.75,1,12324,107484,11.46589259796807,11.316498582670263
PF,29.75,2,12337,107484,11.477987421383649,11.316873615954469
PF,29.75,3,12324,107484,11.46589259796807,11.312842008149275
PF,29.75,4,12324,107484,11.46589259796807,11.316498582670265
PF,29.75,5,12246,107484,11.393323657474602,11.289807069061588
PF,29.75,6,9529,107484,8.865505563618772,11.592189991072233
PF,29.75,7,9789,107484,9.107402031930334,12.522494595079523
PF,29.75,8,15028,107484,13.981615868408321,8.675553672493695
PF,29.75,9,11583,107484,10.776487663280117,10.657241882848682
PF,29.85,1,14391,118508,12.143483984203598,11.38608721978621
PF,29.85,2,14378,118508,12.132514260640631,11.386462253070414
PF,29.85,3,14378,118508,12.132514260640631,11.386514611613338
PF,29.85,4,14391,118508,12.143483984203598,11.38608721978621
PF,29.85,5,14235,118508,12.011847301448004,11.636568053856337
PF,29.85,6,13819,118508,11.660816147433085,8.443022045479264
PF,29.85,7,11544,118508,9.741114523913998,10.317797603887994
PF,29.85,8,6110,118508,5.155770074594121,11.15736927496471
PF,29.85,9,15262,118508,12.878455462922334,12.900091717555517
PF,29.950000000000003,1,11193,106106,10.548885077186965,11.546088618705546
PF,29.950000000000003,2,11193,106106,10.548885077186965,11.542432044184556
PF,29.950000000000003,3,11206,106106,10.561136976231316,11.542727270667553
PF,29.950000000000003,4,11193,106106,10.548885077186965,11.546088618705545
PF,29.950000000000003,5,12207,106106,11.50453320264641,11.441885113094742
PF,29.950000000000003,6,5096,106106,4.802744425385935,11.386921494266188
PF,29.950000000000003,7,12844,106106,12.104876255819653,9.274874095631455
PF,29.950000000000003,8,15210,106106,14.334721881891694,10.353767834854972
PF,29.950000000000003,9,15964,106106,15.045332026464102,11.36521490988944
PF,30.05,1,13663,114374,11.945896794726075,11.284551202714423
PF,30.05,2,13663,114374,11.945896794726075,11.28772762098518
PF,30.05,3,13650,114374,11.934530575130712,11.288022847468175
PF,30.05,4,13663,114374,11.945896794726075,11.28772762098518
PF,30.05,5,12363,114374,10.809274835189816,10.73188175938801
PF,30.05,6,20241,114374,17.697203909979542,10.644636866505474
PF,30.05,7,6838,114374,5.978631507160719,9.617188566949876
PF,30.05,8,13234,114374,11.570811548079108,12.373822114672308
PF,30.05,9,7059,114374,6.1718572402818825,11.484441400331376
PF,30.150000000000002,1,15496,136422,11.358871736230228,11.878768306365487
PF,30.150000000000002,2,15509,136422,11.3684009910425,11.881944724636247
PF,30.150000000000002,3,15509,136422,11.3684009910425,11.878155984771125
PF,30.150000000000002,4,15509,136422,11.3684009910425,11.881944724636247
PF,30.150000000000002,5,13481,136422,9.881837240327807,10.933746381737807
PF,30.150000000000002,6,12870,136422,9.433962264150944,13.459073104122304
PF,30.150000000000002,7,14690,136422,10.768057937869258,9.419991334712213
PF,30.150000000000002,8,15301,136422,11.215932914046121,9.620353660395226
PF,30.150000000000002,9,18057,136422,13.236134934248142,9.046021778623343
PF,30.25,1,16653,135044,12.331536388140162,11.853216339833276
PF,30.25,2,16653,135044,12.331536388140162,11.852736183583048
PF,30.25,3,16653,135044,12.331536388140162,11.852736183583048
PF,30.25,4,16653,135044,12.331536388140162,11.852736183583048
PF,30.25,5,16354,135044,12.110127069695803,11.605190385043704
PF,30.25,6,17888,135044,13.246053138236427,9.593060567798862
PF,30.25,7,15548,135044,11.513284559106662,11.463972436830206
PF,30.25,8,8203,135044,6.074316519060455,9.04336382302909
PF,30.25,9,10439,135044,7.730073161340008,10.882987896715724
PF,30.35,1,14066,118508,11.869240895129442,12.100388641634801
PF,30.35,2,14053,118508,11.858271171566477,12.094903779853322
PF,30.35,3,14053,118508,11.858271171566477,12.09490377985332
PF,30.35,4,14053,118508,11.858271171566477,12.094903779853322
PF,30.35,5,15197,118508,12.823606845107504,12.466866957401653
PF,30.35,6,7228,118508,6.099166301009214,9.67260971962282
PF,30.35,7,14352,118508,12.110574813514699,11.81192968631068
PF,30.35,8,11661,118508,9.839842035980693,7.957079277520573
PF,30.35,9,13845,118508,11.682755594559017,9.706414377949514
RR,0.45,1,10725,96460,11.118598382749326,11.113164072689331
RR,0.45,2,10725,96460,11.118598382749326,11.113164072689331
RR,0.45,3,10725,96460,11.118598382749326,11.113164072689331
RR,0.45,4,10725,96460,11.118598382749326,11.113164072689331
RR,0.45,5,10712,96460,11.10512129380054,11.114033562298932
RR,0.45,6,10712,96460,11.10512129380054,11.114033562298932
RR,0.45,7,10712,96460,11.10512129380054,11.106425528214938
RR,0.45,8,10712,96460,11.10512129380054,11.106425528214938
RR,0.45,9,10712,96460,11.10512129380054,11.106425528214938
RR,0.55,1,9490,85436,11.107729762629337,11.111082128124124
RR,0.55,2,9490,85436,11.107729762629337,11.111082128124124
RR,0.55,3,9490,85436,11.107729762629337,11.111082128124124
RR,0.55,4,9490,85436,11.107729762629337,11.111082128124124
RR,0.55,5,9503,85436,11.122945830797322,11.111661787863857
RR,0.55,6,9503,85436,11.122945830797322,11.111661787863857
RR,0.55,7,9490,85436,11.107729762629337,11.110782637258595
RR,0.55,8,9490,85436,11.107729762629337,11.110782637258595
RR,0.55,9,9490,85436,11.107729762629337,11.110782637258595
RR,0.65,1,11479,103350,11.10691823899371,11.109100203278715
RR,0.65,2,11479,103350,11.10691823899371,11.109100203278715
RR,0.65,3,11479,103350,11.10691823899371,11.109100203278715
RR,0.65,4,11479,103350,11.10691823899371,11.109100203278715
RR,0.65,5,11479,103350,11.10691823899371,11.114172226001378
RR,0.65,6,11479,103350,11.10691823899371,11.114172226001378
RR,0.65,7,11492,103350,11.119496855345911,11.113293075396115
RR,0.65,8,11492,103350,11.119496855345911,11.10866858409016
RR,0.65,9,11492,103350,11.119496855345911,11.113293075396115
RR,0.75,1,10413,93704,11.112652608213097,11.112377510268743
RR,0.75,2,10413,93704,11.112652608213097,11.112377510268743
RR,0.75,3,10413,93704,11.112652608213097,11.112377510268743
RR,0.75,4,10413,93704,11.112652608213097,11.112377510268743
RR,0.75,5,10413,93704,11.112652608213097,11.107539580902511
RR,0.75,6,10413,93704,11.112652608213097,11.107539580902511
RR,0.75,7,10413,93704,11.112652608213097,11.111732453019911
RR,0.75,8,10400,93704,11.098779134295228,11.111945891080188
RR,0.75,9,10413,93704,11.112652608213097,11.111732453019911
RR,0.8500000000000001,1,9958,89570,11.117561683599419,11.115045701616177
RR,0.8500000000000001,2,9958,89570,11.117561683599419,11.115045701616177
RR,0.8500000000000001,3,9958,89570,11.117561683599419,11.109328148728814
RR,0.8500000000000001,4,9958,89570,11.117561683599419,11.109328148728814
RR,0.8500000000000001,5,9945,89570,11.103047895500726,11.110207772249948
RR,0.8500000000000001,6,9945,89570,11.103047895500726,11.110207772249948
RR,0.8500000000000001,7,9945,89570,11.103047895500726,11.110207772249948
RR,0.8500000000000001,8,9958,89570,11.117561683599419,11.110421210310221
RR,0.8500000000000001,9,9945,89570,11.103047895500726,11.110207772249948
RR,0.9500000000000001,1,8424,75790,11.11492281303602,11.1114935561203
RR,0.9500000000000001,2,8424,75790,11.11492281303602,11.1114935561203
RR,0.9500000000000001,3,8411,75790,11.097770154373928,11.110333472925761
RR,0.9500000000000001,4,8411,75790,11.097770154373928,11.110333472925761
RR,0.9500000000000001,5,8424,75790,11.11492281303602,11.111213096446894
RR,0.9500000000000001,6,8424,75790,11.11492281303602,11.111213096446894
RR,0.9500000000000001,7,8424,75790,11.11492281303602,11.111213096446894
RR,0.9500000000000001,8,8424,75790,11.11492281303602,11.1114935561203
RR,0.9500000000000001,9,8424,75790,11.11492281303602,11.111213096446894
RR,1.05,1,10556,95082,11.101996171725458,11.109857197658192
RR,1.05,2,10556,95082,11.101996171725458,11.109857197658192
RR,1.05,3,10569,95082,11.115668580803938,11.108697114463654
RR,1.05,4,10569,95082,11.115668580803938,11.108697114463654
RR,1.05,5,10569,95082,11.115668580803938,11.114414667351019
RR,1.05,6,10569,95082,11.115668580803938,11.114414667351019
RR,1.05,7,10569,95082,11.115668580803938,11.114414667351019
RR,1.05,8,10556,95082,11.101996171725458,11.109857197658192
RR,1.05,9,10569,95082,11.115668580803938,11.109790176045061
RR,1.1500000000000001,1,10413,93704,11.112652608213097,11.109178843925791
RR,1.1500000000000001,2,10413,93704,11.112652608213097,11.109178843925791
RR,1.1500000000000001,3,10413,93704,11.112652608213097,11.113736313618618
RR,1.1500000000000001,4,10413,93704,11.112652608213097,11.113736313618618
RR,1.1500000000000001,5,10413,93704,11.112652608213097,11.113736313618618
RR,1.1500000000000001,6,10413,93704,11.112652608213097,11.113736313618618
RR,1.1500000000000001,7,10413,93704,11.112652608213097,11.108406391435482
RR,1.1500000000000001,8,10413,93704,11.112652608213097,11.109178843925791
RR,1.1500000000000001,9,10400,93704,11.098779134295228,11.109111822312663
RR,1.25,1,9035,81302,11.112887751838823,11.111695655547203
RR,1.25,2,9035,81302,11.112887751838823,11.111695655547203
RR,1.25,3,9035,81302,11.112887751838823,11.111695655547203
RR,1.25,4,9035,81302,11.112887751838823,11.111695655547203
RR,1.25,5,9035,81302,11.112887751838823,11.111695655547203
RR,1.25,6,9035,81302,11.112887751838823,11.111695655547203
RR,1.25,7,9022,81302,11.096897985289415,11.111059246928322
RR,1.25,8,9035,81302,11.112887751838823,11.111695655547203
RR,1.25,9,9035,81302,11.112887751838823,11.107071164241248
RR,1.35,1,10257,92326,11.109546606589692,11.110770757286012
RR,1.35,2,10257,92326,11.109546606589692,11.110770757286012
RR,1.35,3,10257,92326,11.109546606589692,11.110770757286012
RR,1.35,4,10257,92326,11.109546606589692,11.110770757286012
RR,1.35,5,10257,92326,11.109546606589692,11.110770757286014
RR,1.35,6,10257,92326,11.109546606589692,11.110770757286014
RR,1.35,7,10270,92326,11.123627147282455,11.110134348667131
RR,1.35,8,10257,92326,11.109546606589692,11.110770757286012
RR,1.35,9,10257,92326,11.109546606589692,11.114470350330777
RR,1.4500000000000002,1,13013,117130,11.109877913429523,11.112674300922848
RR,1.4500000000000002,2,13013,117130,11.109877913429523,11.112674300922848
RR,1.4500000000000002,3,13013,117130,11.109877913429523,11.108181937939918
RR,1.4500000000000002,4,13013,117130,11.109877913429523,11.112674300922848
RR,1.4500000000000002,5,13013,117130,11.109877913429523,11.108181937939918
RR,1.4500000000000002,6,13013,117130,11.109877913429523,11.108181937939918
RR,1.4500000000000002,7,13013,117130,11.109877913429523,11.112875451504172
RR,1.4500000000000002,8,13013,117130,11.109877913429523,11.112674300922848
RR,1.4500000000000002,9,13026,117130,11.120976692563818,11.111881530984684
RR,1.55,1,10725,96460,11.118598382749326,11.113195802429985
RR,1.55,2,10725,96460,11.118598382749326,11.113195802429985
RR,1.55,3,10712,96460,11.10512129380054,11.108703439447057
RR,1.55,4,10725,96460,11.118598382749326,11.113195802429985
RR,1.55,5,10712,96460,11.10512129380054,11.10870343944706
RR,1.55,6,10712,96460,11.10512129380054,11.10870343944706
RR,1.55,7,10712,96460,11.10512129380054,11.108703439447057
RR,1.55,8,10725,96460,11.118598382749326,11.113195802429985
RR,1.55,9,10712,96460,11.10512129380054,11.112403032491821
RR,1.6500000000000001,1,11024,99216,11.11111111111111,11.109496209385222
RR,1.6500000000000001,2,11024,99216,11.11111111111111,11.109496209385222
RR,1.6500000000000001,3,11024,99216,11.11111111111111,11.111169834810234
RR,1.6500000000000001,4,11024,99216,11.11111111111111,11.109496209385222
RR,1.6500000000000001,5,11024,99216,11.11111111111111,11.111169834810234
RR,1.6500000000000001,6,11024,99216,11.11111111111111,11.111169834810234
RR,1.6500000000000001,7,11024,99216,11.11111111111111,11.111169834810234
RR,1.6500000000000001,8,11024,99216,11.11111111111111,11.115662197793164
RR,1.6500000000000001,9,11024,99216,11.11111111111111,11.111169834810234
RR,1.75,1,7800,70278,11.098779134295228,11.111615248528112
RR,1.75,2,7800,70278,11.098779134295228,11.111615248528112
RR,1.75,3,7813,70278,11.117277099519052,11.111847927335958
RR,1.75,4,7800,70278,11.098779134295228,11.105681938928017
RR,1.75,5,7813,70278,11.117277099519052,11.111847927335958
RR,1.75,6,7813,70278,11.117277099519052,11.111847927335958
RR,1.75,7,7813,70278,11.117277099519052,11.111847927335958
RR,1.75,8,7813,70278,11.117277099519052,11.111847927335958
RR,1.75,9,7813,70278,11.117277099519052,11.111847927335958
RR,1.85,1,8125,73034,11.124955500177999,11.112069022566793
RR,1.85,2,8125,73034,11.124955500177999,11.107985056218675
RR,1.85,3,8112,73034,11.107155571377714,11.112301701374639
RR,1.85,4,8112,73034,11.107155571377714,11.106135712966697
RR,1.85,5,8112,73034,11.107155571377714,11.112301701374639
RR,1.85,6,8112,73034,11.107155571377714,11.112301701374639
RR,1.85,7,8112,73034,11.107155571377714,11.112301701374639
RR,1.85,8,8112,73034,11.107155571377714,11.112301701374639
RR,1.85,9,8112,73034,11.107155571377714,11.112301701374639
RR,1.9500000000000002,1,11791,106106,11.11247243322715,11.114591472370043
RR,1.9500000000000002,2,11778,106106,11.100220534182798,11.115272133428059
RR,1.9500000000000002,3,11791,106106,11.11247243322715,11.113422790176083
RR,1.9500000000000002,4,11791,106106,11.11247243322715,11.113422790176083
RR,1.9500000000000002,5,11791,106106,11.11247243322715,11.108658162769947
RR,1.9500000000000002,6,11791,106106,11.11247243322715,11.108658162769947
RR,1.9500000000000002,7,11791,106106,11.11247243322715,11.108658162769947
RR,1.9500000000000002,8,11791,106106,11.11247243322715,11.108658162769947
RR,1.9500000000000002,9,11791,106106,11.11247243322715,11.108658162769947
RR,2.0500000000000003,1,10101,90948,11.106346483704975,11.110933952753546
RR,2.0500000000000003,2,10114,90948,11.120640365923386,11.111614613811563
RR,2.0500000000000003,3,10114,90948,11.120640365923386,11.111390834833585
RR,2.0500000000000003,4,10114,90948,11.120640365923386,11.111390834833585
RR,2.0500000000000003,5,10101,90948,11.106346483704975,11.110933952753543
RR,2.0500000000000003,6,10101,90948,11.106346483704975,11.110933952753543
RR,2.0500000000000003,7,10101,90948,11.106346483704975,11.110933952753543
RR,2.0500000000000003,8,10101,90948,11.106346483704975,11.110933952753543
RR,2.0500000000000003,9,10101,90948,11.106346483704975,11.110933952753543
RR,2.15,1,11180,100594,11.113982941328509,11.106658550482857
RR,2.15,2,11180,100594,11.113982941328509,11.111423177888996
RR,2.15,3,11167,100594,11.10105970535022,11.112028954575479
RR,2.15,4,11167,100594,11.10105970535022,11.112028954575479
RR,2.15,5,11180,100594,11.113982941328509,11.11157207249544
RR,2.15,6,11180,100594,11.113982941328509,11.11157207249544
RR,2.15,7,11180,100594,11.113982941328509,11.11157207249544
RR,2.15,8,11180,100594,11.113982941328509,11.11157207249544
RR,2.15,9,11180,100594,11.113982941328509,11.11157207249544
RR,2.25,1,9789,88192,11.099646226415095,11.108945571637804
RR,2.25,2,9789,88192,11.099646226415095,11.108945571637804
RR,2.25,3,9802,88192,11.11438679245283,11.109551348324288
RR,2.25,4,9802,88192,11.11438679245283,11.109551348324288
RR,2.25,5,9802,88192,11.11438679245283,11.113859093650383
RR,2.25,6,9802,88192,11.11438679245283,11.113859093650383
RR,2.25,7,9802,88192,11.11438679245283,11.113859093650383
RR,2.25,8,9802,88192,11.11438679245283,11.107569785474283
RR,2.25,9,9802,88192,11.11438679245283,11.113859093650383
RR,2.35,1,7657,68900,11.11320754716981,11.109735324947588
RR,2.35,2,7657,68900,11.11320754716981,11.109735324947588
RR,2.35,3,7657,68900,11.11320754716981,11.114648846960167
RR,2.35,4,7657,68900,11.11320754716981,11.114648846960167
RR,2.35,5,7657,68900,11.11320754716981,11.114648846960167
RR,2.35,6,7657,68900,11.11320754716981,11.109407756813418
RR,2.35,7,7657,68900,11.11320754716981,11.109407756813418
RR,2.35,8,7644,68900,11.09433962264151,11.108359538784066
RR,2.35,9,7657,68900,11.11320754716981,11.109407756813418
RR,2.45,1,9191,82680,11.116352201257861,11.114149166755498
RR,2.45,2,9191,82680,11.116352201257861,11.114149166755498
RR,2.45,3,9191,82680,11.116352201257861,11.114149166755498
RR,2.45,4,9191,82680,11.116352201257861,11.114149166755498
RR,2.45,5,9191,82680,11.116352201257861,11.108819244572361
RR,2.45,6,9178,82680,11.10062893081761,11.108908076608747
RR,2.45,7,9178,82680,11.10062893081761,11.108908076608747
RR,2.45,8,9191,82680,11.116352201257861,11.107859858579397
RR,2.45,9,9178,82680,11.10062893081761,11.108908076608747
RR,2.5500000000000003,1,9035,81302,11.112887751838823,11.111453748965742
RR,2.5500000000000003,2,9035,81302,11.112887751838823,11.111453748965742
RR,2.5500000000000003,3,9035,81302,11.112887751838823,11.111453748965742
RR,2.5500000000000003,4,9035,81302,11.112887751838823,11.111453748965742
RR,2.5500000000000003,5,9022,81302,11.096897985289415,11.110616189765535
RR,2.5500000000000003,6,9035,81302,11.112887751838823,11.11070502180192
RR,2.5500000000000003,7,9035,81302,11.112887751838823,11.11070502180192
RR,2.5500000000000003,8,9035,81302,11.112887751838823,11.111453748965742
RR,2.5500000000000003,9,9035,81302,11.112887751838823,11.11070502180192
RR,2.6500000000000004,1,10712,96460,11.10512129380054,11.111595400050788
RR,2.6500000000000004,2,10712,96460,11.10512129380054,11.111595400050788
RR,2.6500000000000004,3,10712,96460,11.10512129380054,11.111595400050788
RR,2.6500000000000004,4,10712,96460,11.10512129380054,11.111595400050788
RR,2.6500000000000004,5,10725,96460,11.118598382749326,11.106508308299162
RR,2.6500000000000004,6,10725,96460,11.118598382749326,11.111838230482297
RR,2.6500000000000004,7,10725,96460,11.118598382749326,11.111838230482297
RR,2.6500000000000004,8,10712,96460,11.10512129380054,11.111595400050788
RR,2.6500000000000004,9,10725,96460,11.118598382749326,11.111838230482297
RR,2.75,1,11336,101972,11.116777154513004,11.109876070314293
RR,2.75,2,11336,101972,11.116777154513004,11.109876070314293
RR,2.75,3,11336,101972,11.116777154513004,11.109876070314295
RR,2.75,4,11336,101972,11.116777154513004,11.109876070314293
RR,2.75,5,11323,101972,11.104028556858745,11.115190923468466
RR,2.75,6,11323,101972,11.104028556858745,11.115190923468466
RR,2.75,7,11323,101972,11.104028556858745,11.110118900745803
RR,2.75,8,11336,101972,11.116777154513004,11.109876070314293
RR,2.75,9,11323,101972,11.104028556858745,11.110118900745803
RR,2.85,1,9490,85436,11.107729762629337,11.111270251929684
RR,2.85,2,9490,85436,11.107729762629337,11.111270251929687
RR,2.85,3,9490,85436,11.107729762629337,11.111270251929684
RR,2.85,4,9490,85436,11.107729762629337,11.111270251929684
RR,2.85,5,9503,85436,11.122945830797322,11.112092742100927
RR,2.85,6,9503,85436,11.122945830797322,11.112092742100927
RR,2.85,7,9490,85436,11.107729762629337,11.112442536771455
RR,2.85,8,9490,85436,11.107729762629337,11.111270251929687
RR,2.85,9,9490,85436,11.107729762629337,11.107020719378264
RR,2.95,1,8879,79924,11.109303838646714,11.10989540316305
RR,2.95,2,8879,79924,11.109303838646714,11.10989540316305
RR,2.95,3,8879,79924,11.109303838646714,11.10989540316305
RR,2.95,4,8879,79924,11.109303838646714,11.10989540316305
RR,2.95,5,8879,79924,11.109303838646714,11.11496742588571
RR,2.95,6,8879,79924,11.109303838646714,11.11496742588571
RR,2.95,7,8892,79924,11.125569290826284,11.110692729250284
RR,2.95,8,8879,79924,11.109303838646714,11.10989540316305
RR,2.95,9,8879,79924,11.109303838646714,11.10989540316305
RR,3.0500000000000003,1,10413,93704,11.112652608213097,11.112541675887917
RR,3.0500000000000003,2,10413,93704,11.112652608213097,11.112541675887917
RR,3.0500000000000003,3,10413,93704,11.112652608213097,11.10798420619509
RR,3.0500000000000003,4,10413,93704,11.112652608213097,11.112541675887917
RR,3.0500000000000003,5,10413,93704,11.112652608213097,11.10798420619509
RR,3.0500000000000003,6,10413,93704,11.112652608213097,11.10798420619509
RR,3.0500000000000003,7,10400,93704,11.098779134295228,11.113339001975149
RR,3.0500000000000003,8,10413,93704,11.112652608213097,11.112541675887917
RR,3.0500000000000003,9,10413,93704,11.112652608213097,11.112541675887917
RR,3.1500000000000004,1,10569,95082,11.115668580803938,11.112016983882123
RR,3.1500000000000004,2,10569,95082,11.115668580803938,11.112016983882123
RR,3.1500000000000004,3,10556,95082,11.101996171725458,11.112531536911959
RR,3.1500000000000004,4,10569,95082,11.115668580803938,11.112016983882123
RR,3.1500000000000004,5,10556,95082,11.101996171725458,11.112531536911959
RR,3.1500000000000004,6,10556,95082,11.101996171725458,11.107459514189296
RR,3.1500000000000004,7,10569,95082,11.115668580803938,11.107392492576167
RR,3.1500000000000004,8,10569,95082,11.115668580803938,11.112016983882123
RR,3.1500000000000004,9,10569,95082,11.115668580803938,11.112016983882123
RR,3.25,1,9490,85436,11.107729762629337,11.110981650007657
RR,3.25,2,9490,85436,11.107729762629337,11.110981650007654
RR,3.25,3,9503,85436,11.122945830797322,11.11149620303749
RR,3.25,4,9490,85436,11.107729762629337,11.110981650007657
RR,3.25,5,9503,85436,11.122945830797322,11.11149620303749
RR,3.25,6,9490,85436,11.107729762629337,11.111117693879082
RR,3.25,7,9490,85436,11.107729762629337,11.110981650007654
RR,3.25,8,9490,85436,11.107729762629337,11.110981650007654
RR,3.25,9,9490,85436,11.107729762629337,11.110981650007654
RR,3.35,1,10257,92326,11.109546606589692,11.111958250656118
RR,3.35,2,10257,92326,11.109546606589692,11.107465887673191
RR,3.35,3,10257,92326,11.109546606589692,11.11253791039585
RR,3.35,4,10257,92326,11.109546606589692,11.107465887673188
RR,3.35,5,10257,92326,11.109546606589692,11.11253791039585
RR,3.35,6,10270,92326,11.123627147282455,11.112159401237443
RR,3.35,7,10257,92326,11.109546606589692,11.111958250656118
RR,3.35,8,10257,92326,11.109546606589692,11.111958250656118
RR,3.35,9,10257,92326,11.109546606589692,11.111958250656118
RR,3.45,1,10725,96460,11.118598382749326,11.108974707878083
RR,3.45,2,10712,96460,11.10512129380054,11.110648333303095
RR,3.45,3,10712,96460,11.10512129380054,11.110648333303095
RR,3.45,4,10712,96460,11.10512129380054,11.110648333303095
RR,3.45,5,10712,96460,11.10512129380054,11.110648333303095
RR,3.45,6,10712,96460,11.10512129380054,11.11534184686735
RR,3.45,7,10725,96460,11.118598382749326,11.115140696286025
RR,3.45,8,10725,96460,11.118598382749326,11.108974707878081
RR,3.45,9,10725,96460,11.118598382749326,11.108974707878081
RR,3.5500000000000003,1,7800,70278,11.098779134295228,11.108893785230421
RR,3.5500000000000003,2,7813,70278,11.117277099519052,11.110567410655435
RR,3.5500000000000003,3,7813,70278,11.117277099519052,11.110567410655435
RR,3.5500000000000003,4,7813,70278,11.117277099519052,11.110567410655435
RR,3.5500000000000003,5,7813,70278,11.117277099519052,11.110567410655435
RR,3.5500000000000003,6,7813,70278,11.117277099519052,11.110567410655435
RR,3.5500000000000003,7,7813,70278,11.117277099519052,11.115059773638365
RR,3.5500000000000003,8,7800,70278,11.098779134295228,11.108893785230421
RR,3.5500000000000003,9,7800,70278,11.098779134295228,11.114315602623613
RR,3.6500000000000004,1,8879,79924,11.109303838646714,11.107917184581959
RR,3.6500000000000004,2,8879,79924,11.109303838646714,11.1140831729899
RR,3.6500000000000004,3,8879,79924,11.109303838646714,11.1140831729899
RR,3.6500000000000004,4,8879,79924,11.109303838646714,11.114083172989902
RR,3.6500000000000004,5,8879,79924,11.109303838646714,11.1140831729899
RR,3.6500000000000004,6,8879,79924,11.109303838646714,11.109525703297075
RR,3.6500000000000004,7,8879,79924,11.109303838646714,11.109525703297075
RR,3.6500000000000004,8,8879,79924,11.109303838646714,11.107917184581959
RR,3.6500000000000004,9,8892,79924,11.125569290826284,11.108781532282324
RR,3.75,1,10569,95082,11.115668580803938,11.11262005709649
RR,3.75,2,10569,95082,11.115668580803938,11.112620057096493
RR,3.75,3,10569,95082,11.115668580803938,11.112620057096493
RR,3.75,4,10569,95082,11.115668580803938,11.112620057096493
RR,3.75,5,10569,95082,11.115668580803938,11.107290134913356
RR,3.75,6,10556,95082,11.101996171725458,11.108062587403666
RR,3.75,7,10556,95082,11.101996171725458,11.108062587403666
RR,3.75,8,10569,95082,11.115668580803938,11.112620057096493
RR,3.75,9,10556,95082,11.101996171725458,11.113484404796855
RR,3.85,1,9035,81302,11.112887751838823,11.112700979744153
RR,3.85,2,9035,81302,11.112887751838823,11.11270097974415
RR,3.85,3,9035,81302,11.112887751838823,11.11270097974415
RR,3.85,4,9035,81302,11.112887751838823,11.112700979744153
RR,3.85,5,9022,81302,11.096897985289415,11.112064571125268
RR,3.85,6,9035,81302,11.112887751838823,11.108143510051326
RR,3.85,7,9035,81302,11.112887751838823,11.108143510051326
RR,3.85,8,9035,81302,11.112887751838823,11.112700979744153
RR,3.85,9,9035,81302,11.112887751838823,11.108143510051326
RR,3.95,1,10257,92326,11.109546606589692,11.11072207843016
RR,3.95,2,10257,92326,11.109546606589692,11.110722078430163
RR,3.95,3,10257,92326,11.109546606589692,11.110722078430163
RR,3.95,4,10257,92326,11.109546606589692,11.11072207843016
RR,3.95,5,10270,92326,11.123627147282455,11.110085669811278
RR,3.95,6,10257,92326,11.109546606589692,11.114859781177595
RR,3.95,7,10257,92326,11.109546606589692,11.11072207843016
RR,3.95,8,10257,92326,11.109546606589692,11.11072207843016
RR,3.95,9,10257,92326,11.109546606589692,11.11072207843016
RR,4.05,1,11635,104728,11.109731876861966,11.110129864854258
RR,4.05,2,11635,104728,11.109731876861966,11.110129864854256
RR,4.05,3,11635,104728,11.109731876861966,11.110129864854256
RR,4.05,4,11635,104728,11.109731876861966,11.110129864854256
RR,4.05,5,11635,104728,11.109731876861966,11.114823378418512
RR,4.05,6,11648,104728,11.12214498510427,11.114267567601692
RR,4.05,7,11635,104728,11.109731876861966,11.110129864854256
RR,4.05,8,11635,104728,11.109731876861966,11.110129864854256
RR,4.05,9,11635,104728,11.109731876861966,11.110129864854258
RR,4.15,1,9646,86814,11.11111111111111,11.113515350048145
RR,4.15,2,9646,86814,11.11111111111111,11.108360179411997
RR,4.15,3,9646,86814,11.11111111111111,11.108360179411997
RR,4.15,4,9646,86814,11.11111111111111,11.108360179411997
RR,4.15,5,9646,86814,11.11111111111111,11.108360179411997
RR,4.15,6,9646,86814,11.11111111111111,11.112497882159431
RR,4.15,7,9646,86814,11.11111111111111,11.113515350048145
RR,4.15,8,9646,86814,11.11111111111111,11.113515350048145
RR,4.15,9,9646,86814,11.11111111111111,11.113515350048145
RR,4.25,1,9347,84058,11.119703062171357,11.11093678166931
RR,4.25,2,9334,84058,11.104237550262914,11.110339080725987
RR,4.25,3,9334,84058,11.104237550262914,11.110339080725987
RR,4.25,4,9334,84058,11.104237550262914,11.110339080725987
RR,4.25,5,9334,84058,11.104237550262914,11.110339080725987
RR,4.25,6,9334,84058,11.104237550262914,11.110339080725987
RR,4.25,7,9347,84058,11.119703062171357,11.115494251362136
RR,4.25,8,9347,84058,11.119703062171357,11.11093678166931
RR,4.25,9,9347,84058,11.119703062171357,11.11093678166931
RR,4.3500000000000005,1,10556,95082,11.101996171725458,11.112207348977613
RR,4.3500000000000005,2,10569,95082,11.115668580803938,11.11160964803429
RR,4.3500000000000005,3,10569,95082,11.115668580803938,11.11160964803429
RR,4.3500000000000005,4,10569,95082,11.115668580803938,11.111609648034289
RR,4.3500000000000005,5,10569,95082,11.115668580803938,11.111609648034289
RR,4.3500000000000005,6,10569,95082,11.115668580803938,11.105892095146928
RR,4.3500000000000005,7,10569,95082,11.115668580803938,11.111047265783073
RR,4.3500000000000005,8,10556,95082,11.101996171725458,11.112207348977611
RR,4.3500000000000005,9,10556,95082,11.101996171725458,11.112207348977613
RR,4.45,1,8424,75790,11.11492281303602,11.108740941136064
RR,4.45,2,8424,75790,11.11492281303602,11.11329841082889
RR,4.45,3,8424,75790,11.11492281303602,11.11329841082889
RR,4.45,4,8424,75790,11.11492281303602,11.11329841082889
RR,4.45,5,8424,75790,11.11492281303602,11.11329841082889
RR,4.45,6,8411,75790,11.097770154373928,11.113002675334718
RR,4.45,7,8411,75790,11.097770154373928,11.107580857941528
RR,4.45,8,8424,75790,11.11492281303602,11.108740941136064
RR,4.45,9,8424,75790,11.11492281303602,11.108740941136064
RR,4.55,1,8879,79924,11.109303838646714,11.111779254264613
RR,4.55,2,8879,79924,11.109303838646714,11.111779254264617
RR,4.55,3,8879,79924,11.109303838646714,11.111779254264617
RR,4.55,4,8879,79924,11.109303838646714,11.111779254264613
RR,4.55,5,8879,79924,11.109303838646714,11.111779254264613
RR,4.55,6,8892,79924,11.125569290826284,11.111483518770441
RR,4.55,7,8879,79924,11.109303838646714,11.10606170137725
RR,4.55,8,8879,79924,11.109303838646714,11.111779254264613
RR,4.55,9,8879,79924,11.109303838646714,11.111779254264613
RR,4.65,1,11024,99216,11.11111111111111,11.110508686956313
RR,4.65,2,11024,99216,11.11111111111111,11.11050868695631
RR,4.65,3,11024,99216,11.11111111111111,11.11050868695631
RR,4.65,4,11024,99216,11.11111111111111,11.110508686956313
RR,4.65,5,11024,99216,11.11111111111111,11.110508686956313
RR,4.65,6,11024,99216,11.11111111111111,11.115930504349501
RR,4.65,7,11024,99216,11.11111111111111,11.110508686956313
RR,4.65,8,11024,99216,11.11111111111111,11.110508686956313
RR,4.65,9,11024,99216,11.11111111111111,11.110508686956313
RR,4.75,1,11024,99216,11.11111111111111,11.11050868695631
RR,4.75,2,11024,99216,11.11111111111111,11.110508686956313
RR,4.75,3,11024,99216,11.11111111111111,11.110508686956313
RR,4.75,4,11024,99216,11.11111111111111,11.110508686956313
RR,4.75,5,11024,99216,11.11111111111111,11.110508686956313
RR,4.75,6,11024,99216,11.11111111111111,11.110508686956313
RR,4.75,7,11024,99216,11.11111111111111,11.115930504349501
RR,4.75,8,11024,99216,11.11111111111111,11.110508686956313
RR,4.75,9,11024,99216,11.11111111111111,11.11050868695631
RR,4.8500000000000005,1,8879,79924,11.109303838646714,11.11185255622471
RR,4.8500000000000005,2,8879,79924,11.109303838646714,11.11185255622471
RR,4.8500000000000005,3,8879,79924,11.109303838646714,11.11185255622471
RR,4.8500000000000005,4,8879,79924,11.109303838646714,11.11185255622471
RR,4.8500000000000005,5,8879,79924,11.109303838646714,11.107820948419516
RR,4.8500000000000005,6,8879,79924,11.109303838646714,11.107820948419516
RR,4.8500000000000005,7,8892,79924,11.125569290826284,11.113242765812707
RR,4.8500000000000005,8,8879,79924,11.109303838646714,11.11185255622471
RR,4.8500000000000005,9,8879,79924,11.109303838646714,11.11185255622471
RR,4.95,1,11947,107484,11.115142718916303,11.109491704807255
RR,4.95,2,11947,107484,11.115142718916303,11.109491704807255
RR,4.95,3,11947,107484,11.115142718916303,11.109491704807255
RR,4.95,4,11947,107484,11.115142718916303,11.109491704807255
RR,4.95,5,11934,107484,11.103047895500726,11.10970962955348
RR,4.95,6,11934,107484,11.103047895500726,11.10970962955348
RR,4.95,7,11934,107484,11.103047895500726,11.115131446946672
RR,4.95,8,11947,107484,11.115142718916303,11.113741237358674
RR,4.95,9,11947,107484,11.115142718916303,11.113741237358672
RR,5.050000000000001,1,11323,101972,11.104028556858745,11.114266141019167
RR,5.050000000000001,2,11323,101972,11.104028556858745,11.109572627454915
RR,5.050000000000001,3,11323,101972,11.104028556858745,11.109572627454915
RR,5.050000000000001,4,11323,101972,11.104028556858745,11.109572627454915
RR,5.050000000000001,5,11336,101972,11.116777154513004,11.10979055220114
RR,5.050000000000001,6,11336,101972,11.116777154513004,11.10979055220114
RR,5.050000000000001,7,11336,101972,11.116777154513004,11.10979055220114
RR,5.050000000000001,8,11336,101972,11.116777154513004,11.113822160006334
RR,5.050000000000001,9,11336,101972,11.116777154513004,11.113822160006334
RR,5.15,1,10270,92326,11.123627147282455,11.10988395862222
RR,5.15,2,10257,92326,11.109546606589692,11.109747914750791
RR,5.15,3,10257,92326,11.109546606589692,11.109747914750791
RR,5.15,4,10257,92326,11.109546606589692,11.109747914750791
RR,5.15,5,10257,92326,11.109546606589692,11.11399744730221
RR,5.15,6,10257,92326,11.109546606589692,11.11399744730221
RR,5.15,7,10257,92326,11.109546606589692,11.11399744730221
RR,5.15,8,10257,92326,11.109546606589692,11.109439977609384
RR,5.15,9,10257,92326,11.109546606589692,11.109439977609386
RR,5.25,1,10556,95082,11.101996171725458,11.115922768037395
RR,5.25,2,10569,95082,11.115668580803938,11.110269787169386
RR,5.25,3,10569,95082,11.115668580803938,11.110269787169386
RR,5.25,4,10569,95082,11.115668580803938,11.110269787169386
RR,5.25,5,10569,95082,11.115668580803938,11.110269787169386
RR,5.25,6,10569,95082,11.115668580803938,11.110269787169386
RR,5.25,7,10569,95082,11.115668580803938,11.110269787169386
RR,5.25,8,10556,95082,11.101996171725458,11.11122925447314
RR,5.25,9,10556,95082,11.101996171725458,11.11122925447314
RR,5.3500000000000005,1,8736,78546,11.12214498510427,11.11122925447314
RR,5.3500000000000005,2,8723,78546,11.10559417411453,11.114963300733642
RR,5.3500000000000005,3,8723,78546,11.10559417411453,11.110269787169386
RR,5.3500000000000005,4,8723,78546,11.10559417411453,11.110269787169386
RR,5.3500000000000005,5,8723,78546,11.10559417411453,11.110269787169386
RR,5.3500000000000005,6,8723,78546,11.10559417411453,11.110269787169386
RR,5.3500000000000005,7,8723,78546,11.10559417411453,11.110269787169386
RR,5.3500000000000005,8,8736,78546,11.12214498510427,11.11122925447314
RR,5.3500000000000005,9,8736,78546,11.12214498510427,11.11122925447314
RR,5.45,1,10257,92326,11.109546606589692,11.110917099014728
RR,5.45,2,10270,92326,11.123627147282455,11.110093675582403
RR,5.45,3,10257,92326,11.109546606589692,11.109707907344244
RR,5.45,4,10257,92326,11.109546606589692,11.109707907344244
RR,5.45,5,10257,92326,11.109546606589692,11.109707907344244
RR,5.45,6,10257,92326,11.109546606589692,11.109707907344244
RR,5.45,7,10257,92326,11.109546606589692,11.109707907344244
RR,5.45,8,10257,92326,11.109546606589692,11.115224844340824
RR,5.45,9,10257,92326,11.109546606589692,11.115224844340823
RR,5.550000000000001,1,11167,100594,11.10105970535022,11.107752973384336
RR,5.550000000000001,2,11167,100594,11.10105970535022,11.112446486948592
RR,5.550000000000001,3,11180,100594,11.113982941328509,11.112060718710433
RR,5.550000000000001,4,11180,100594,11.113982941328509,11.112060718710433
RR,5.550000000000001,5,11180,100594,11.113982941328509,11.112060718710433
RR,5.550000000000001,6,11180,100594,11.113982941328509,11.112060718710433
RR,5.550000000000001,7,11180,100594,11.113982941328509,11.112060718710433
RR,5.550000000000001,8,11180,100594,11.113982941328509,11.107436227404477
RR,5.550000000000001,9,11180,100594,11.113982941328509,11.112060718710431
RR,5.65,1,10413,93704,11.112652608213097,11.10886668846738
RR,5.65,2,10413,93704,11.112652608213097,11.10886668846738
RR,5.65,3,10413,93704,11.112652608213097,11.113174433793475
RR,5.65,4,10413,93704,11.112652608213097,11.113174433793475
RR,5.65,5,10413,93704,11.112652608213097,11.113174433793475
RR,5.65,6,10413,93704,11.112652608213097,11.113174433793475
RR,5.65,7,10413,93704,11.112652608213097,11.113174433793475
RR,5.65,8,10400,93704,11.098779134295228,11.10854994248752
RR,5.65,9,10413,93704,11.112652608213097,11.10784451161034
RR,5.75,1,9035,81302,11.112887751838823,11.1153935753251
RR,5.75,2,9035,81302,11.112887751838823,11.110628947918963
RR,5.75,3,9035,81302,11.112887751838823,11.110628947918963
RR,5.75,4,9035,81302,11.112887751838823,11.110628947918963
RR,5.75,5,9035,81302,11.112887751838823,11.110628947918963
RR,5.75,6,9035,81302,11.112887751838823,11.110628947918963
RR,5.75,7,9035,81302,11.112887751838823,11.110628947918963
RR,5.75,8,9035,81302,11.112887751838823,11.110769084019145
RR,5.75,9,9022,81302,11.096897985289415,11.110063653141966
RR,5.8500000000000005,1,10114,90948,11.120640365923386,11.113291533822393
RR,5.8500000000000005,2,10101,90948,11.106346483704975,11.113291533822393
RR,5.8500000000000005,3,10101,90948,11.106346483704975,11.113291533822393
RR,5.8500000000000005,4,10101,90948,11.106346483704975,11.113291533822396
RR,5.8500000000000005,5,10101,90948,11.106346483704975,11.108526906416259
RR,5.8500000000000005,6,10101,90948,11.106346483704975,11.108526906416259
RR,5.8500000000000005,7,10101,90948,11.106346483704975,11.108526906416259
RR,5.8500000000000005,8,10114,90948,11.120640365923386,11.113291533822396
RR,5.8500000000000005,9,10114,90948,11.120640365923386,11.10796161163926
RR,5.95,1,10101,90948,11.106346483704975,11.112699320246492
RR,5.95,2,10114,90948,11.120640365923386,11.112699320246492
RR,5.95,3,10114,90948,11.120640365923386,11.112699320246492
RR,5.95,4,10114,90948,11.120640365923386,11.112699320246492
RR,5.95,5,10101,90948,11.106346483704975,11.107934692840354
RR,5.95,6,10101,90948,11.106346483704975,11.107934692840354
RR,5.95,7,10101,90948,11.106346483704975,11.107934692840354
RR,5.95,8,10101,90948,11.106346483704975,11.112699320246492
RR,5.95,9,10101,90948,11.106346483704975,11.112699320246492
RR,6.050000000000001,1,6890,62010,11.11111111111111,11.111578231445046
RR,6.050000000000001,2,6890,62010,11.11111111111111,11.110176870443242
RR,6.050000000000001,3,6890,62010,11.11111111111111,11.110176870443242
RR,6.050000000000001,4,6890,62010,11.11111111111111,11.11017687044324
RR,6.050000000000001,5,6890,62010,11.11111111111111,11.111578231445046
RR,6.050000000000001,6,6890,62010,11.11111111111111,11.111578231445046
RR,6.050000000000001,7,6890,62010,11.11111111111111,11.111578231445046
RR,6.050000000000001,8,6890,62010,11.11111111111111,11.111578231445046
RR,6.050000000000001,9,6890,62010,11.11111111111111,11.111578231445046
RR,6.15,1,7813,70278,11.117277099519052,11.113166440580423
RR,6.15,2,7800,70278,11.098779134295228,11.107000452172484
RR,6.15,3,7800,70278,11.098779134295228,11.107000452172484
RR,6.15,4,7800,70278,11.098779134295228,11.107000452172484
RR,6.15,5,7813,70278,11.117277099519052,11.113166440580423
RR,6.15,6,7813,70278,11.117277099519052,11.113166440580423
RR,6.15,7,7813,70278,11.117277099519052,11.113166440580423
RR,6.15,8,7813,70278,11.117277099519052,11.113166440580423
RR,6.15,9,7813,70278,11.117277099519052,11.113166440580423
RR,6.25,1,8268,74412,11.11111111111111,11.11080558916297
RR,6.25,2,8268,74412,11.11111111111111,11.108889133306448
RR,6.25,3,8268,74412,11.11111111111111,11.108889133306448
RR,6.25,4,8268,74412,11.11111111111111,11.108889133306448
RR,6.25,5,8268,74412,11.11111111111111,11.11505512171439
RR,6.25,6,8268,74412,11.11111111111111,11.11505512171439
RR,6.25,7,8268,74412,11.11111111111111,11.11080558916297
RR,6.25,8,8268,74412,11.11111111111111,11.11080558916297
RR,6.25,9,8268,74412,11.11111111111111,11.11080558916297
RR,6.3500000000000005,1,11323,101972,11.104028556858745,11.107766017412578
RR,6.3500000000000005,2,11336,101972,11.116777154513004,11.112015549963994
RR,6.3500000000000005,3,11336,101972,11.116777154513004,11.112015549963994
RR,6.3500000000000005,4,11336,101972,11.116777154513004,11.112015549963994
RR,6.3500000000000005,5,11336,101972,11.116777154513004,11.112015549963997
RR,6.3500000000000005,6,11336,101972,11.116777154513004,11.112015549963997
RR,6.3500000000000005,7,11323,101972,11.104028556858745,11.112195107677437
RR,6.3500000000000005,8,11323,101972,11.104028556858745,11.107766017412578
RR,6.3500000000000005,9,11323,101972,11.104028556858745,11.112195107677437
RR,6.45,1,10868,97838,11.108158384267872,11.108723294151709
RR,6.45,2,10868,97838,11.108158384267872,11.112972826703128
RR,6.45,3,10868,97838,11.108158384267872,11.112972826703128
RR,6.45,4,10868,97838,11.108158384267872,11.112972826703128
RR,6.45,5,10868,97838,11.108158384267872,11.112972826703128
RR,6.45,6,10868,97838,11.108158384267872,11.112972826703128
RR,6.45,7,10881,97838,11.12144565506245,11.10884463909047
RR,6.45,8,10868,97838,11.108158384267872,11.108723294151709
RR,6.45,9,10881,97838,11.12144565506245,11.10884463909047
RR,6.550000000000001,1,11180,100594,11.113982941328509,11.110673079675301
RR,6.550000000000001,2,11180,100594,11.113982941328509,11.110673079675301
RR,6.550000000000001,3,11180,100594,11.113982941328509,11.110673079675301
RR,6.550000000000001,4,11180,100594,11.113982941328509,11.110673079675301
RR,6.550000000000001,5,11180,100594,11.113982941328509,11.110673079675301
RR,6.550000000000001,6,11180,100594,11.113982941328509,11.110673079675301
RR,6.550000000000001,7,11167,100594,11.10105970535022,11.11449401765883
RR,6.550000000000001,8,11180,100594,11.113982941328509,11.110673079675301
RR,6.550000000000001,9,11167,100594,11.10105970535022,11.110794424614065
RR,6.65,1,13013,117130,11.109877913429523,11.112749215736955
RR,6.65,2,13013,117130,11.109877913429523,11.112749215736955
RR,6.65,3,13013,117130,11.109877913429523,11.112749215736955
RR,6.65,4,13013,117130,11.109877913429523,11.112749215736955
RR,6.65,5,13013,117130,11.109877913429523,11.112749215736955
RR,6.65,6,13013,117130,11.109877913429523,11.107835693724375
RR,6.65,7,13026,117130,11.120976692563818,11.107227541443043
RR,6.65,8,13013,117130,11.109877913429523,11.112749215736955
RR,6.65,9,13013,117130,11.109877913429523,11.108441470410858
RR,6.75,1,9802,88192,11.11438679245283,11.110394314958688
RR,6.75,2,9802,88192,11.11438679245283,11.110394314958688
RR,6.75,3,9802,88192,11.11438679245283,11.110394314958688
RR,6.75,4,9802,88192,11.11438679245283,11.110394314958688
RR,6.75,5,9802,88192,11.11438679245283,11.110394314958688
RR,6.75,6,9789,88192,11.099646226415095,11.109673665063509
RR,6.75,7,9789,88192,11.099646226415095,11.113373258108275
RR,6.75,8,9802,88192,11.11438679245283,11.110394314958688
RR,6.75,9,9802,88192,11.11438679245283,11.114587187076088
RR,6.8500000000000005,1,11479,103350,11.10691823899371,11.110394314958688
RR,6.8500000000000005,2,11479,103350,11.10691823899371,11.110394314958688
RR,6.8500000000000005,3,11479,103350,11.10691823899371,11.110394314958688
RR,6.8500000000000005,4,11479,103350,11.10691823899371,11.110394314958688
RR,6.8500000000000005,5,11479,103350,11.10691823899371,11.110394314958688
RR,6.8500000000000005,6,11492,103350,11.119496855345911,11.10967366506351
RR,6.8500000000000005,7,11492,103350,11.119496855345911,11.109673665063509
RR,6.8500000000000005,8,11479,103350,11.10691823899371,11.114093908003454
RR,6.8500000000000005,9,11492,103350,11.119496855345911,11.114587187076088
RR,6.95,1,13013,117130,11.109877913429523,11.110572988486418
RR,6.95,2,13013,117130,11.109877913429523,11.110572988486418
RR,6.95,3,13013,117130,11.109877913429523,11.110572988486418
RR,6.95,4,13013,117130,11.109877913429523,11.110572988486418
RR,6.95,5,13013,117130,11.109877913429523,11.110572988486418
RR,6.95,6,13013,117130,11.109877913429523,11.114765860603818
RR,6.95,7,13013,117130,11.109877913429523,11.114765860603818
RR,6.95,8,13026,117130,11.120976692563818,11.108555028643819
RR,6.95,9,13013,117130,11.109877913429523,11.109048307716455
RR,7.050000000000001,1,8424,75790,11.11492281303602,11.115330285696546
RR,7.050000000000001,2,8424,75790,11.11492281303602,11.115330285696546
RR,7.050000000000001,3,8424,75790,11.11492281303602,11.109282873988755
RR,7.050000000000001,4,8424,75790,11.11492281303602,11.109282873988755
RR,7.050000000000001,5,8424,75790,11.11492281303602,11.109282873988755
RR,7.050000000000001,6,8424,75790,11.11492281303602,11.109282873988755
RR,7.050000000000001,7,8424,75790,11.11492281303602,11.109282873988755
RR,7.050000000000001,8,8411,75790,11.097770154373928,11.113312325853947
RR,7.050000000000001,9,8411,75790,11.097770154373928,11.109612732809182
RR,7.15,1,7969,71656,11.121190130624093,11.113902372591548
RR,7.15,2,7969,71656,11.121190130624093,11.113902372591548
RR,7.15,3,7956,71656,11.103047895500726,11.11337189788034
RR,7.15,4,7956,71656,11.103047895500726,11.11337189788034
RR,7.15,5,7956,71656,11.103047895500726,11.11337189788034
RR,7.15,6,7956,71656,11.103047895500726,11.107854960883758
RR,7.15,7,7956,71656,11.103047895500726,11.107854960883762
RR,7.15,8,7969,71656,11.121190130624093,11.108184819704183
RR,7.15,9,7969,71656,11.121190130624093,11.108184819704185
RR,7.25,1,8723,78546,11.10559417411453,11.111918731793892
RR,7.25,2,8723,78546,11.10559417411453,11.11191873179389
RR,7.25,3,8736,78546,11.12214498510427,11.11138825708268
RR,7.25,4,8736,78546,11.12214498510427,11.111388257082682
RR,7.25,5,8736,78546,11.12214498510427,11.11138825708268
RR,7.25,6,8723,78546,11.10559417411453,11.112288981490286
RR,7.25,7,8723,78546,11.10559417411453,11.105871320086102
RR,7.25,8,8723,78546,11.10559417411453,11.111918731793892
RR,7.25,9,8723,78546,11.10559417411453,11.111918731793892
RR,7.3500000000000005,1,7501,67522,11.10897189064305,11.110709249452333
RR,7.3500000000000005,2,7501,67522,11.10897189064305,11.110709249452333
RR,7.3500000000000005,3,7501,67522,11.10897189064305,11.111388257082682
RR,7.3500000000000005,4,7501,67522,11.10897189064305,11.111388257082682
RR,7.3500000000000005,5,7501,67522,11.10897189064305,11.111388257082682
RR,7.3500000000000005,6,7514,67522,11.128224874855603,11.112288981490286
RR,7.3500000000000005,7,7501,67522,11.10897189064305,11.110709249452334
RR,7.3500000000000005,8,7501,67522,11.10897189064305,11.110709249452334
RR,7.3500000000000005,9,7501,67522,11.10897189064305,11.110709249452333
RR,7.45,1,9958,89570,11.117561683599419,11.109860489914398
RR,7.45,2,9958,89570,11.117561683599419,11.109860489914398
RR,7.45,3,9945,89570,11.103047895500726,11.109860489914398
RR,7.45,4,9945,89570,11.103047895500726,11.109860489914398
RR,7.45,5,9945,89570,11.103047895500726,11.109860489914398
RR,7.45,6,9945,89570,11.103047895500726,11.116278151318582
RR,7.45,7,9958,89570,11.117561683599419,11.114698419280629
RR,7.45,8,9958,89570,11.117561683599419,11.109860489914398
RR,7.45,9,9958,89570,11.117561683599419,11.109860489914398
RR,7.550000000000001,1,9945,89570,11.103047895500726,11.11306932061649
RR,7.550000000000001,2,9945,89570,11.103047895500726,11.113069320616491
RR,7.550000000000001,3,9958,89570,11.117561683599419,11.108576957633561
RR,7.550000000000001,4,9958,89570,11.117561683599419,11.108576957633561
RR,7.550000000000001,5,9958,89570,11.117561683599419,11.108576957633561
RR,7.550000000000001,6,9958,89570,11.117561683599419,11.108576957633561
RR,7.550000000000001,7,9958,89570,11.117561683599419,11.113414886999793
RR,7.550000000000001,8,9945,89570,11.103047895500726,11.113069320616491
RR,7.550000000000001,9,9945,89570,11.103047895500726,11.11306932061649
RR,7.65,1,10725,96460,11.118598382749326,11.11045938503734
RR,7.65,2,10725,96460,11.118598382749326,11.11045938503734
RR,7.65,3,10712,96460,11.10512129380054,11.110804951420642
RR,7.65,4,10712,96460,11.10512129380054,11.114942654168075
RR,7.65,5,10712,96460,11.10512129380054,11.110804951420642
RR,7.65,6,10712,96460,11.10512129380054,11.110804951420642
RR,7.65,7,10712,96460,11.10512129380054,11.110804951420642
RR,7.65,8,10725,96460,11.118598382749326,11.11045938503734
RR,7.65,9,10725,96460,11.118598382749326,11.11045938503734
RR,7.75,1,11635,104728,11.109731876861966,11.113147123574135
RR,7.75,2,11635,104728,11.109731876861966,11.113147123574132
RR,7.75,3,11635,104728,11.109731876861966,11.108654760591206
RR,7.75,4,11648,104728,11.12214498510427,11.112792463338641
RR,7.75,5,11635,104728,11.109731876861966,11.108654760591206
RR,7.75,6,11635,104728,11.109731876861966,11.108654760591206
RR,7.75,7,11635,104728,11.109731876861966,11.108654760591207
RR,7.75,8,11635,104728,11.109731876861966,11.113147123574132
RR,7.75,9,11635,104728,11.109731876861966,11.113147123574135
RR,7.8500000000000005,1,9646,86814,11.11111111111111,11.107613053232845
RR,7.8500000000000005,2,9646,86814,11.11111111111111,11.107613053232845
RR,7.8500000000000005,3,9646,86814,11.11111111111111,11.112170522925672
RR,7.8500000000000005,4,9646,86814,11.11111111111111,11.111750755980282
RR,7.8500000000000005,5,9646,86814,11.11111111111111,11.112170522925672
RR,7.8500000000000005,6,9646,86814,11.11111111111111,11.112170522925672
RR,7.8500000000000005,7,9646,86814,11.11111111111111,11.112170522925672
RR,7.8500000000000005,8,9646,86814,11.11111111111111,11.112170522925672
RR,7.8500000000000005,9,9646,86814,11.11111111111111,11.112170522925672
RR,7.95,1,10556,95082,11.101996171725458,11.109756682367058
RR,7.95,2,10556,95082,11.101996171725458,11.109756682367058
RR,7.95,3,10569,95082,11.115668580803938,11.114314152059885
RR,7.95,4,10556,95082,11.101996171725458,11.109756682367058
RR,7.95,5,10569,95082,11.115668580803938,11.114314152059885
RR,7.95,6,10569,95082,11.115668580803938,11.110525412194766
RR,7.95,7,10569,95082,11.115668580803938,11.110525412194763
RR,7.95,8,10569,95082,11.115668580803938,11.110525412194763
RR,7.95,9,10569,95082,11.115668580803938,11.110525412194766
RR,8.05,1,12714,114374,11.116162764264606,11.108883167342599
RR,8.05,2,12714,114374,11.116162764264606,11.108883167342599
RR,8.05,3,12714,114374,11.116162764264606,11.113440637035426
RR,8.05,4,12714,114374,11.116162764264606,11.108883167342599
RR,8.05,5,12714,114374,11.116162764264606,11.113440637035426
RR,8.05,6,12701,114374,11.104796544669243,11.11358271478037
RR,8.05,7,12701,114374,11.104796544669243,11.11358271478037
RR,8.05,8,12701,114374,11.104796544669243,11.109651897170304
RR,8.05,9,12701,114374,11.104796544669243,11.109651897170304
RR,8.15,1,12246,110240,11.108490566037736,11.114071671300588
RR,8.15,2,12246,110240,11.108490566037736,11.114071671300586
RR,8.15,3,12246,110240,11.108490566037736,11.109233741934355
RR,8.15,4,12246,110240,11.108490566037736,11.114071671300588
RR,8.15,5,12246,110240,11.108490566037736,11.109233741934355
RR,8.15,6,12259,110240,11.120283018867925,11.109375819679299
RR,8.15,7,12259,110240,11.120283018867925,11.109375819679299
RR,8.15,8,12246,110240,11.108490566037736,11.110282931435465
RR,8.15,9,12246,110240,11.108490566037736,11.110282931435465
RR,8.25,1,9958,89570,11.117561683599419,11.109700048379294
RR,8.25,2,9958,89570,11.117561683599419,11.109700048379294
RR,8.25,3,9945,89570,11.103047895500726,11.108893726818254
RR,8.25,4,9958,89570,11.117561683599419,11.109700048379294
RR,8.25,5,9945,89570,11.103047895500726,11.108893726818254
RR,8.25,6,9945,89570,11.103047895500726,11.11282454442832
RR,8.25,7,9945,89570,11.103047895500726,11.11282454442832
RR,8.25,8,9958,89570,11.117561683599419,11.113731656184486
RR,8.25,9,9958,89570,11.117561683599419,11.113731656184486
RR,8.35,1,11934,107484,11.103047895500726,11.111665457184325
RR,8.35,2,11934,107484,11.103047895500726,11.111665457184325
RR,8.35,3,11947,107484,11.115142718916303,11.110859135623286
RR,8.35,4,11934,107484,11.103047895500726,11.111665457184325
RR,8.35,5,11947,107484,11.115142718916303,11.110859135623286
RR,8.35,6,11947,107484,11.115142718916303,11.110859135623286
RR,8.35,7,11947,107484,11.115142718916303,11.110859135623286
RR,8.35,8,11947,107484,11.115142718916303,11.11078354297694
RR,8.35,9,11947,107484,11.115142718916303,11.110783542976938
RR,8.450000000000001,1,9802,88192,11.11438679245283,11.110785833663192
RR,8.450000000000001,2,9802,88192,11.11438679245283,11.110785833663192
RR,8.450000000000001,3,9802,88192,11.11438679245283,11.114817441468384
RR,8.450000000000001,4,9802,88192,11.11438679245283,11.110785833663192
RR,8.450000000000001,5,9802,88192,11.11438679245283,11.114817441468384
RR,8.450000000000001,6,9802,88192,11.11438679245283,11.109099888581019
RR,8.450000000000001,7,9802,88192,11.11438679245283,11.10909988858102
RR,8.450000000000001,8,9789,88192,11.099646226415095,11.109903919455805
RR,8.450000000000001,9,9789,88192,11.099646226415095,11.109903919455805
RR,8.55,1,8424,75790,11.11492281303602,11.111634593201126
RR,8.55,2,8424,75790,11.11492281303602,11.111634593201126
RR,8.55,3,8424,75790,11.11492281303602,11.111634593201126
RR,8.55,4,8424,75790,11.11492281303602,11.111634593201126
RR,8.55,5,8424,75790,11.11492281303602,11.111634593201126
RR,8.55,6,8411,75790,11.097770154373928,11.111433977310341
RR,8.55,7,8411,75790,11.097770154373928,11.111433977310343
RR,8.55,8,8424,75790,11.11492281303602,11.10672107118855
RR,8.55,9,8424,75790,11.11492281303602,11.112238008185129
RR,8.65,1,8723,78546,11.10559417411453,11.110542699420554
RR,8.65,2,8723,78546,11.10559417411453,11.110542699420554
RR,8.65,3,8723,78546,11.10559417411453,11.110542699420554
RR,8.65,4,8723,78546,11.10559417411453,11.110542699420554
RR,8.65,5,8723,78546,11.10559417411453,11.110542699420554
RR,8.65,6,8736,78546,11.12214498510427,11.11034208352977
RR,8.65,7,8736,78546,11.12214498510427,11.11034208352977
RR,8.65,8,8723,78546,11.10559417411453,11.110542699420554
RR,8.65,9,8736,78546,11.12214498510427,11.116059636417134
RR,8.75,1,12402,111618,11.11111111111111,11.110616001380649
RR,8.75,2,12402,111618,11.11111111111111,11.110616001380649
RR,8.75,3,12402,111618,11.11111111111111,11.110616001380649
RR,8.75,4,12402,111618,11.11111111111111,11.110616001380649
RR,8.75,5,12402,111618,11.11111111111111,11.110616001380649
RR,8.75,6,12402,111618,11.11111111111111,11.112101330572036
RR,8.75,7,12402,111618,11.11111111111111,11.112101330572036
RR,8.75,8,12402,111618,11.11111111111111,11.110616001380649
RR,8.75,9,12402,111618,11.11111111111111,11.112101330572036
RR,8.85,1,11947,107484,11.115142718916303,11.11158146535505
RR,8.85,2,11947,107484,11.115142718916303,11.11158146535505
RR,8.85,3,11947,107484,11.115142718916303,11.11158146535505
RR,8.85,4,11947,107484,11.115142718916303,11.11158146535505
RR,8.85,5,11947,107484,11.115142718916303,11.11158146535505
RR,8.85,6,11934,107484,11.103047895500726,11.11148067515992
RR,8.85,7,11934,107484,11.103047895500726,11.11148067515992
RR,8.85,8,11947,107484,11.115142718916303,11.11158146535505
RR,8.85,9,11934,107484,11.103047895500726,11.107549857549857
RR,8.950000000000001,1,12246,110240,11.108490566037736,11.110262952110583
RR,8.950000000000001,2,12246,110240,11.108490566037736,11.110262952110583
RR,8.950000000000001,3,12246,110240,11.108490566037736,11.110262952110583
RR,8.950000000000001,4,12246,110240,11.108490566037736,11.110262952110583
RR,8.950000000000001,5,12246,110240,11.108490566037736,11.110262952110583
RR,8.950000000000001,6,12259,110240,11.120283018867925,11.110162161915454
RR,8.950000000000001,7,12259,110240,11.120283018867925,11.110162161915454
RR,8.950000000000001,8,12246,110240,11.108490566037736,11.116196261710678
RR,8.950000000000001,9,12246,110240,11.108490566037736,11.112164653905486
RR,9.05,1,8112,73034,11.107155571377714,11.111714330920455
RR,9.05,2,8112,73034,11.107155571377714,11.111714330920455
RR,9.05,3,8112,73034,11.107155571377714,11.107521458803054
RR,9.05,4,8112,73034,11.107155571377714,11.111714330920455
RR,9.05,5,8112,73034,11.107155571377714,11.107521458803054
RR,9.05,6,8112,73034,11.107155571377714,11.111452276413116
RR,9.05,7,8112,73034,11.107155571377714,11.111452276413118
RR,9.05,8,8125,73034,11.124955500177999,11.11345476840315
RR,9.05,9,8125,73034,11.124955500177999,11.11345476840315
RR,9.15,1,11492,103350,11.119496855345911,11.11258784594491
RR,9.15,2,11492,103350,11.119496855345911,11.11258784594491
RR,9.15,3,11479,103350,11.10691823899371,11.10839497382751
RR,9.15,4,11492,103350,11.119496855345911,11.11258784594491
RR,9.15,5,11479,103350,11.10691823899371,11.10839497382751
RR,9.15,6,11479,103350,11.10691823899371,11.108394973827513
RR,9.15,7,11479,103350,11.10691823899371,11.10839497382751
RR,9.15,8,11479,103350,11.10691823899371,11.114328283427605
RR,9.15,9,11479,103350,11.10691823899371,11.114328283427605
RR,9.25,1,9646,86814,11.11111111111111,11.111496662570183
RR,9.25,2,9646,86814,11.11111111111111,11.111496662570183
RR,9.25,3,9646,86814,11.11111111111111,11.110918335381577
RR,9.25,4,9646,86814,11.11111111111111,11.111496662570183
RR,9.25,5,9646,86814,11.11111111111111,11.110918335381577
RR,9.25,6,9646,86814,11.11111111111111,11.110918335381575
RR,9.25,7,9646,86814,11.11111111111111,11.110918335381575
RR,9.25,8,9646,86814,11.11111111111111,11.110918335381575
RR,9.25,9,9646,86814,11.11111111111111,11.110918335381575
RR,9.35,1,13312,119886,11.103882021253524,11.111496662570183
RR,9.35,2,13312,119886,11.103882021253524,11.11149666257018
RR,9.35,3,13325,119886,11.114725656039905,11.110918335381575
RR,9.35,4,13312,119886,11.103882021253524,11.111496662570183
RR,9.35,5,13325,119886,11.114725656039905,11.110918335381575
RR,9.35,6,13325,119886,11.114725656039905,11.110918335381577
RR,9.35,7,13325,119886,11.114725656039905,11.110918335381575
RR,9.35,8,13325,119886,11.114725656039905,11.110918335381575
RR,9.35,9,13325,119886,11.114725656039905,11.110918335381575
RR,9.450000000000001,1,11492,103350,11.119496855345911,11.111496662570183
RR,9.450000000000001,2,11492,103350,11.119496855345911,11.111496662570183
RR,9.450000000000001,3,11479,103350,11.10691823899371,11.110918335381577
RR,9.450000000000001,4,11492,103350,11.119496855345911,11.111496662570183
RR,9.450000000000001,5,11479,103350,11.10691823899371,11.110918335381577
RR,9.450000000000001,6,11479,103350,11.10691823899371,11.110918335381575
RR,9.450000000000001,7,11479,103350,11.10691823899371,11.110918335381575
RR,9.450000000000001,8,11479,103350,11.10691823899371,11.110918335381575
RR,9.450000000000001,9,11479,103350,11.10691823899371,11.110918335381575
RR,9.55,1,11024,99216,11.11111111111111,11.113906359189377
RR,9.55,2,11024,99216,11.11111111111111,11.113906359189377
RR,9.55,3,11024,99216,11.11111111111111,11.109713487071977
RR,9.55,4,11024,99216,11.11111111111111,11.113906359189377
RR,9.55,5,11024,99216,11.11111111111111,11.109713487071977
RR,9.55,6,11024,99216,11.11111111111111,11.109713487071978
RR,9.55,7,11024,99216,11.11111111111111,11.109713487071977
RR,9.55,8,11024,99216,11.11111111111111,11.109713487071977
RR,9.55,9,11024,99216,11.11111111111111,11.109713487071977
RR,9.65,1,11024,99216,11.11111111111111,11.109272132112253
RR,9.65,2,11024,99216,11.11111111111111,11.10927213211225
RR,9.65,3,11024,99216,11.11111111111111,11.11478906910883
RR,9.65,4,11024,99216,11.11111111111111,11.109272132112253
RR,9.65,5,11024,99216,11.11111111111111,11.11478906910883
RR,9.65,6,11024,99216,11.11111111111111,11.11478906910883
RR,9.65,7,11024,99216,11.11111111111111,11.10927213211225
RR,9.65,8,11024,99216,11.11111111111111,11.10927213211225
RR,9.65,9,11024,99216,11.11111111111111,11.10927213211225
RR,9.75,1,8723,78546,11.10559417411453,11.112631805283243
RR,9.75,2,8723,78546,11.10559417411453,11.106584393575455
RR,9.75,3,8736,78546,11.12214498510427,11.112101330572036
RR,9.75,4,8723,78546,11.10559417411453,11.106584393575455
RR,9.75,5,8736,78546,11.12214498510427,11.112101330572036
RR,9.75,6,8736,78546,11.12214498510427,11.112101330572036
RR,9.75,7,8723,78546,11.10559417411453,11.112631805283245
RR,9.75,8,8723,78546,11.10559417411453,11.112631805283245
RR,9.75,9,8723,78546,11.10559417411453,11.112631805283245
RR,9.850000000000001,1,7969,71656,11.121190130624093,11.110635199513055
RR,9.850000000000001,2,7956,71656,11.103047895500726,11.109080150788195
RR,9.850000000000001,3,7956,71656,11.103047895500726,11.114597087784775
RR,9.850000000000001,4,7956,71656,11.103047895500726,11.109080150788195
RR,9.850000000000001,5,7956,71656,11.103047895500726,11.114597087784775
RR,9.850000000000001,6,7956,71656,11.103047895500726,11.110104724801845
RR,9.850000000000001,7,7969,71656,11.121190130624093,11.110635199513055
RR,9.850000000000001,8,7969,71656,11.121190130624093,11.110635199513055
RR,9.850000000000001,9,7969,71656,11.121190130624093,11.110635199513055
RR,9.950000000000001,1,10712,96460,11.10512129380054,11.110885969376534
RR,9.950000000000001,2,10725,96460,11.118598382749326,11.109330920651677
RR,9.950000000000001,3,10725,96460,11.118598382749326,11.109330920651677
RR,9.950000000000001,4,10725,96460,11.118598382749326,11.109330920651677
RR,9.950000000000001,5,10725,96460,11.118598382749326,11.109330920651677
RR,9.950000000000001,6,10712,96460,11.10512129380054,11.109603185074883
RR,9.950000000000001,7,10712,96460,11.10512129380054,11.115650596782674
RR,9.950000000000001,8,10712,96460,11.10512129380054,11.110885969376538
RR,9.950000000000001,9,10712,96460,11.10512129380054,11.115650596782674
RR,10.05,1,10101,90948,11.106346483704975,11.111893871327835
RR,10.05,2,10101,90948,11.106346483704975,11.116386234310761
RR,10.05,3,10101,90948,11.106346483704975,11.109834871627323
RR,10.05,4,10101,90948,11.106346483704975,11.109834871627326
RR,10.05,5,10101,90948,11.106346483704975,11.109834871627323
RR,10.05,6,10114,90948,11.120640365923386,11.110107136050535
RR,10.05,7,10114,90948,11.120640365923386,11.110107136050535
RR,10.05,8,10101,90948,11.106346483704975,11.111893871327835
RR,10.05,9,10114,90948,11.120640365923386,11.110107136050535
RR,10.15,1,7358,66144,11.124213836477987,11.113890477098025
RR,10.15,2,7358,66144,11.124213836477987,11.113890477098025
RR,10.15,3,7345,66144,11.104559748427674,11.107339114414586
RR,10.15,4,7345,66144,11.104559748427674,11.107339114414586
RR,10.15,5,7345,66144,11.104559748427674,11.107339114414586
RR,10.15,6,7345,66144,11.104559748427674,11.112103741820723
RR,10.15,7,7345,66144,11.104559748427674,11.112103741820723
RR,10.15,8,7358,66144,11.124213836477987,11.113890477098025
RR,10.15,9,7345,66144,11.104559748427674,11.112103741820723
RR,10.25,1,8268,74412,11.11111111111111,11.116177498252968
RR,10.25,2,8268,74412,11.11111111111111,11.109888190076868
RR,10.25,3,8268,74412,11.11111111111111,11.109626135569533
RR,10.25,4,8268,74412,11.11111111111111,11.109626135569533
RR,10.25,5,8268,74412,11.11111111111111,11.109626135569533
RR,10.25,6,8268,74412,11.11111111111111,11.109626135569533
RR,10.25,7,8268,74412,11.11111111111111,11.109626135569533
RR,10.25,8,8268,74412,11.11111111111111,11.116177498252968
RR,10.25,9,8268,74412,11.11111111111111,11.109626135569533
RR,10.350000000000001,1,7657,68900,11.11320754716981,11.109970944131817
RR,10.350000000000001,2,7644,68900,11.09433962264151,11.109198572952296
RR,10.350000000000001,3,7657,68900,11.11320754716981,11.115487881128397
RR,10.350000000000001,4,7657,68900,11.11320754716981,11.115487881128397
RR,10.350000000000001,5,7657,68900,11.11320754716981,11.109970944131817
RR,10.350000000000001,6,7657,68900,11.11320754716981,11.109970944131817
RR,10.350000000000001,7,7657,68900,11.11320754716981,11.109970944131817
RR,10.350000000000001,8,7657,68900,11.11320754716981,11.109970944131817
RR,10.350000000000001,9,7657,68900,11.11320754716981,11.109970944131817
RR,10.450000000000001,1,8723,78546,11.10559417411453,11.108986701850737
RR,10.450000000000001,2,8736,78546,11.12214498510427,11.108214330671217
RR,10.450000000000001,3,8736,78546,11.12214498510427,11.114503638847317
RR,10.450000000000001,4,8736,78546,11.12214498510427,11.114503638847319
RR,10.450000000000001,5,8723,78546,11.10559417411453,11.113415792115598
RR,10.450000000000001,6,8723,78546,11.10559417411453,11.113415792115598
RR,10.450000000000001,7,8723,78546,11.10559417411453,11.108986701850739
RR,10.450000000000001,8,8723,78546,11.10559417411453,11.108986701850739
RR,10.450000000000001,9,8723,78546,11.10559417411453,11.108986701850739
RR,10.55,1,10868,97838,11.108158384267872,11.110438080660607
RR,10.55,2,10868,97838,11.108158384267872,11.115955017657187
RR,10.55,3,10868,97838,11.108158384267872,11.111117088290955
RR,10.55,4,10868,97838,11.108158384267872,11.111117088290955
RR,10.55,5,10881,97838,11.12144565506245,11.110029241559237
RR,10.55,6,10881,97838,11.12144565506245,11.110029241559237
RR,10.55,7,10868,97838,11.108158384267872,11.110438080660607
RR,10.55,8,10868,97838,11.108158384267872,11.110438080660607
RR,10.55,9,10868,97838,11.108158384267872,11.110438080660607
RR,10.65,1,9958,89570,11.117561683599419,11.111674635504668
RR,10.65,2,9958,89570,11.117561683599419,11.111674635504668
RR,10.65,3,9945,89570,11.103047895500726,11.106836706138438
RR,10.65,4,9945,89570,11.103047895500726,11.112258523531628
RR,10.65,5,9945,89570,11.103047895500726,11.111265796403297
RR,10.65,6,9945,89570,11.103047895500726,11.111265796403297
RR,10.65,7,9958,89570,11.117561683599419,11.11167463550467
RR,10.65,8,9958,89570,11.117561683599419,11.11167463550467
RR,10.65,9,9958,89570,11.117561683599419,11.11167463550467
RR,10.75,1,8879,79924,11.109303838646714,11.109620564657197
RR,10.75,2,8879,79924,11.109303838646714,11.109620564657197
RR,10.75,3,8879,79924,11.109303838646714,11.109340104983792
RR,10.75,4,8892,79924,11.125569290826284,11.110204452684156
RR,10.75,5,8879,79924,11.109303838646714,11.109340104983792
RR,10.75,6,8879,79924,11.109303838646714,11.109340104983792
RR,10.75,7,8879,79924,11.109303838646714,11.114178034350024
RR,10.75,8,8879,79924,11.109303838646714,11.114178034350024
RR,10.75,9,8879,79924,11.109303838646714,11.114178034350024
RR,10.850000000000001,1,10556,95082,11.101996171725458,11.112289767066152
RR,10.850000000000001,2,10556,95082,11.101996171725458,11.10686794967296
RR,10.850000000000001,3,10569,95082,11.115668580803938,11.111425419365789
RR,10.850000000000001,4,10556,95082,11.101996171725458,11.112289767066152
RR,10.850000000000001,5,10569,95082,11.115668580803938,11.111425419365787
RR,10.850000000000001,6,10569,95082,11.115668580803938,11.111425419365787
RR,10.850000000000001,7,10569,95082,11.115668580803938,11.111425419365787
RR,10.850000000000001,8,10569,95082,11.115668580803938,11.111425419365787
RR,10.850000000000001,9,10569,95082,11.115668580803938,11.111425419365787
RR,10.950000000000001,1,8892,79924,11.125569290826284,11.110895585450763
RR,10.950000000000001,2,8879,79924,11.109303838646714,11.1099661310405
RR,10.950000000000001,3,8879,79924,11.109303838646714,11.114523600733326
RR,10.950000000000001,4,8879,79924,11.109303838646714,11.1099661310405
RR,10.950000000000001,5,8879,79924,11.109303838646714,11.114523600733326
RR,10.950000000000001,6,8879,79924,11.109303838646714,11.110031237750396
RR,10.950000000000001,7,8879,79924,11.109303838646714,11.110031237750396
RR,10.950000000000001,8,8879,79924,11.109303838646714,11.110031237750396
RR,10.950000000000001,9,8879,79924,11.109303838646714,11.110031237750396
RR,11.05,1,10712,96460,11.10512129380054,11.116429655792052
RR,11.05,2,10725,96460,11.118598382749326,11.109884747653126
RR,11.05,3,10725,96460,11.118598382749326,11.109884747653128
RR,11.05,4,10725,96460,11.118598382749326,11.109884747653126
RR,11.05,5,10725,96460,11.118598382749326,11.109884747653126
RR,11.05,6,10712,96460,11.10512129380054,11.11100783839886
RR,11.05,7,10712,96460,11.10512129380054,11.11100783839886
RR,11.05,8,10712,96460,11.10512129380054,11.11100783839886
RR,11.05,9,10712,96460,11.10512129380054,11.11100783839886
RR,11.15,1,8580,77168,11.118598382749326,11.110291749309193
RR,11.15,2,8567,77168,11.101752021563343,11.115101968163556
RR,11.15,3,8567,77168,11.101752021563343,11.10916865856346
RR,11.15,4,8567,77168,11.101752021563343,11.115101968163557
RR,11.15,5,8567,77168,11.101752021563343,11.109168658563462
RR,11.15,6,8580,77168,11.118598382749326,11.110291749309193
RR,11.15,7,8580,77168,11.118598382749326,11.110291749309193
RR,11.15,8,8580,77168,11.118598382749326,11.110291749309193
RR,11.15,9,8580,77168,11.118598382749326,11.110291749309193
RR,11.25,1,8112,73034,11.107155571377714,11.109600616542588
RR,11.25,2,8125,73034,11.124955500177999,11.109918472414023
RR,11.25,3,8112,73034,11.107155571377714,11.110032574521716
RR,11.25,4,8125,73034,11.124955500177999,11.109918472414023
RR,11.25,5,8112,73034,11.107155571377714,11.110032574521716
RR,11.25,6,8112,73034,11.107155571377714,11.115648028250376
RR,11.25,7,8112,73034,11.107155571377714,11.115648028250376
RR,11.25,8,8112,73034,11.107155571377714,11.109600616542588
RR,11.25,9,8112,73034,11.107155571377714,11.109600616542588
RR,11.350000000000001,1,7956,71656,11.103047895500726,11.112480336403442
RR,11.350000000000001,2,7956,71656,11.103047895500726,11.110350430393149
RR,11.350000000000001,3,7969,71656,11.121190130624093,11.110464532500844
RR,11.350000000000001,4,7956,71656,11.103047895500726,11.110350430393149
RR,11.350000000000001,5,7969,71656,11.121190130624093,11.110464532500844
RR,11.350000000000001,6,7969,71656,11.121190130624093,11.110464532500844
RR,11.350000000000001,7,7969,71656,11.121190130624093,11.110464532500844
RR,11.350000000000001,8,7956,71656,11.103047895500726,11.112480336403442
RR,11.350000000000001,9,7956,71656,11.103047895500726,11.112480336403442
RR,11.450000000000001,1,5980,53742,11.127237542331882,11.113798849647907
RR,11.450000000000001,2,5967,53742,11.103047895500726,11.105735634037522
RR,11.450000000000001,3,5967,53742,11.103047895500726,11.11178304574531
RR,11.450000000000001,4,5967,53742,11.103047895500726,11.10573563403752
RR,11.450000000000001,5,5967,53742,11.103047895500726,11.11178304574531
RR,11.450000000000001,6,5967,53742,11.103047895500726,11.11178304574531
RR,11.450000000000001,7,5967,53742,11.103047895500726,11.11178304574531
RR,11.450000000000001,8,5980,53742,11.127237542331882,11.113798849647907
RR,11.450000000000001,9,5980,53742,11.127237542331882,11.113798849647907
RR,11.55,1,11024,99216,11.11111111111111,11.114898379049322
RR,11.55,2,11024,99216,11.11111111111111,11.113982104548143
RR,11.55,3,11024,99216,11.11111111111111,11.106835163438937
RR,11.55,4,11024,99216,11.11111111111111,11.113982104548143
RR,11.55,5,11024,99216,11.11111111111111,11.106835163438937
RR,11.55,6,11024,99216,11.11111111111111,11.106835163438937
RR,11.55,7,11024,99216,11.11111111111111,11.106835163438937
RR,11.55,8,11024,99216,11.11111111111111,11.114898379049322
RR,11.55,9,11024,99216,11.11111111111111,11.114898379049322
RR,11.65,1,6734,60632,11.106346483704975,11.108204388731266
RR,11.65,2,6747,60632,11.12778730703259,11.115351329840472
RR,11.65,3,6734,60632,11.106346483704975,11.114137698331362
RR,11.65,4,6747,60632,11.12778730703259,11.115351329840472
RR,11.65,5,6734,60632,11.106346483704975,11.114137698331362
RR,11.65,6,6734,60632,11.106346483704975,11.108204388731266
RR,11.65,7,6734,60632,11.106346483704975,11.108204388731266
RR,11.65,8,6734,60632,11.106346483704975,11.108204388731266
RR,11.65,9,6734,60632,11.106346483704975,11.108204388731266
RR,11.75,1,8112,73034,11.107155571377714,11.10929628251184
RR,11.75,2,8112,73034,11.107155571377714,11.116443223621042
RR,11.75,3,8125,73034,11.124955500177999,11.110316070099357
RR,11.75,4,8112,73034,11.107155571377714,11.116443223621046
RR,11.75,5,8125,73034,11.124955500177999,11.110316070099357
RR,11.75,6,8112,73034,11.107155571377714,11.10929628251184
RR,11.75,7,8112,73034,11.107155571377714,11.10929628251184
RR,11.75,8,8112,73034,11.107155571377714,11.10929628251184
RR,11.75,9,8112,73034,11.107155571377714,11.10929628251184
RR,11.850000000000001,1,9802,88192,11.11438679245283,11.109565978402754
RR,11.850000000000001,2,9802,88192,11.11438679245283,11.10956597840275
RR,11.850000000000001,3,9789,88192,11.099646226415095,11.116519075590366
RR,11.850000000000001,4,9802,88192,11.11438679245283,11.10956597840275
RR,11.850000000000001,5,9789,88192,11.099646226415095,11.116519075590363
RR,11.850000000000001,6,9802,88192,11.11438679245283,11.10956597840275
RR,11.850000000000001,7,9802,88192,11.11438679245283,11.10956597840275
RR,11.850000000000001,8,9802,88192,11.11438679245283,11.109565978402754
RR,11.850000000000001,9,9802,88192,11.11438679245283,11.109565978402754
RR,11.950000000000001,1,8112,73034,11.107155571377714,11.113858159815587
RR,11.950000000000001,2,8112,73034,11.107155571377714,11.107167406436757
RR,11.950000000000001,3,8125,73034,11.124955500177999,11.108187194024273
RR,11.950000000000001,4,8112,73034,11.107155571377714,11.107167406436758
RR,11.950000000000001,5,8125,73034,11.124955500177999,11.108187194024273
RR,11.950000000000001,6,8112,73034,11.107155571377714,11.113858159815587
RR,11.950000000000001,7,8112,73034,11.107155571377714,11.113858159815587
RR,11.950000000000001,8,8112,73034,11.107155571377714,11.113858159815587
RR,11.950000000000001,9,8112,73034,11.107155571377714,11.113858159815587
RR,12.05,1,7202,64766,11.120032115616219,11.110078527498219
RR,12.05,2,7189,64766,11.099959855479726,11.10822570348562
RR,12.05,3,7189,64766,11.099959855479726,11.114159013085713
RR,12.05,4,7189,64766,11.099959855479726,11.10822570348562
RR,12.05,5,7189,64766,11.099959855479726,11.114159013085716
RR,12.05,6,7202,64766,11.120032115616219,11.11491645686445
RR,12.05,7,7202,64766,11.120032115616219,11.110078527498219
RR,12.05,8,7202,64766,11.120032115616219,11.110078527498219
RR,12.05,9,7202,64766,11.120032115616219,11.110078527498219
RR,12.15,1,9945,89570,11.103047895500726,11.112740910011082
RR,12.15,2,9958,89570,11.117561683599419,11.110888085998482
RR,12.15,3,9958,89570,11.117561683599419,11.106856478193292
RR,12.15,4,9958,89570,11.117561683599419,11.110888085998482
RR,12.15,5,9958,89570,11.117561683599419,11.106856478193292
RR,12.15,6,9958,89570,11.117561683599419,11.113547231572122
RR,12.15,7,9945,89570,11.103047895500726,11.112740910011084
RR,12.15,8,9945,89570,11.103047895500726,11.112740910011082
RR,12.15,9,9945,89570,11.103047895500726,11.112740910011082
RR,12.25,1,11947,107484,11.115142718916303,11.10836961780358
RR,12.25,2,11947,107484,11.115142718916303,11.113207547169813
RR,12.25,3,11934,107484,11.103047895500726,11.113368811482019
RR,12.25,4,11947,107484,11.115142718916303,11.113207547169813
RR,12.25,5,11934,107484,11.103047895500726,11.113368811482019
RR,12.25,6,11934,107484,11.103047895500726,11.113368811482019
RR,12.25,7,11947,107484,11.115142718916303,11.10836961780358
RR,12.25,8,11947,107484,11.115142718916303,11.10836961780358
RR,12.25,9,11947,107484,11.115142718916303,11.10836961780358
RR,12.350000000000001,1,11479,103350,11.10691823899371,11.112149250120948
RR,12.350000000000001,2,11479,103350,11.10691823899371,11.112149250120948
RR,12.350000000000001,3,11492,103350,11.119496855345911,11.112310514433156
RR,12.350000000000001,4,11479,103350,11.10691823899371,11.112149250120948
RR,12.350000000000001,5,11492,103350,11.119496855345911,11.107396992420577
RR,12.350000000000001,6,11492,103350,11.119496855345911,11.107396992420577
RR,12.350000000000001,7,11479,103350,11.10691823899371,11.112149250120948
RR,12.350000000000001,8,11479,103350,11.10691823899371,11.112149250120948
RR,12.350000000000001,9,11479,103350,11.10691823899371,11.112149250120948
RR,12.450000000000001,1,9802,88192,11.11438679245283,11.109407756813418
RR,12.450000000000001,2,9802,88192,11.11438679245283,11.109407756813418
RR,12.450000000000001,3,9802,88192,11.11438679245283,11.113600628930817
RR,12.450000000000001,4,9802,88192,11.11438679245283,11.109407756813416
RR,12.450000000000001,5,9789,88192,11.099646226415095,11.11287997903564
RR,12.450000000000001,6,9789,88192,11.099646226415095,11.11287997903564
RR,12.450000000000001,7,9802,88192,11.11438679245283,11.113600628930817
RR,12.450000000000001,8,9802,88192,11.11438679245283,11.109407756813418
RR,12.450000000000001,9,9802,88192,11.11438679245283,11.109407756813418
RR,12.55,1,11479,103350,11.10691823899371,11.11448333885027
RR,12.55,2,11479,103350,11.10691823899371,11.10896640185369
RR,12.55,3,11479,103350,11.10691823899371,11.108966401853692
RR,12.55,4,11479,103350,11.10691823899371,11.10896640185369
RR,12.55,5,11492,103350,11.119496855345911,11.108245751958512
RR,12.55,6,11492,103350,11.119496855345911,11.108245751958512
RR,12.55,7,11492,103350,11.119496855345911,11.11315927397109
RR,12.55,8,11479,103350,11.10691823899371,11.11448333885027
RR,12.55,9,11479,103350,11.10691823899371,11.11448333885027
RR,12.65,1,8736,78546,11.12214498510427,11.113391445069697
RR,12.65,2,8723,78546,11.10559417411453,11.107874508073118
RR,12.65,3,8723,78546,11.10559417411453,11.107874508073117
RR,12.65,4,8723,78546,11.10559417411453,11.107874508073117
RR,12.65,5,8723,78546,11.10559417411453,11.112067380190517
RR,12.65,6,8723,78546,11.10559417411453,11.112067380190517
RR,12.65,7,8723,78546,11.10559417411453,11.112067380190517
RR,12.65,8,8736,78546,11.12214498510427,11.113391445069697
RR,12.65,9,8736,78546,11.12214498510427,11.113391445069697
RR,12.75,1,9646,86814,11.11111111111111,11.113200859973452
RR,12.75,2,9646,86814,11.11111111111111,11.112448550383007
RR,12.75,3,9646,86814,11.11111111111111,11.112448550383009
RR,12.75,4,9646,86814,11.11111111111111,11.112448550383009
RR,12.75,5,9646,86814,11.11111111111111,11.107683922976873
RR,12.75,6,9646,86814,11.11111111111111,11.107683922976873
RR,12.75,7,9646,86814,11.11111111111111,11.107683922976873
RR,12.75,8,9646,86814,11.11111111111111,11.113200859973452
RR,12.75,9,9646,86814,11.11111111111111,11.113200859973452
RR,12.850000000000001,1,10101,90948,11.106346483704975,11.107231715026332
RR,12.850000000000001,2,10114,90948,11.120640365923386,11.11199634243247
RR,12.850000000000001,3,10114,90948,11.120640365923386,11.11199634243247
RR,12.850000000000001,4,10114,90948,11.120640365923386,11.111996342432471
RR,12.850000000000001,5,10101,90948,11.106346483704975,11.112386885662481
RR,12.850000000000001,6,10101,90948,11.106346483704975,11.112386885662481
RR,12.850000000000001,7,10101,90948,11.106346483704975,11.112386885662481
RR,12.850000000000001,8,10101,90948,11.106346483704975,11.107231715026332
RR,12.850000000000001,9,10101,90948,11.106346483704975,11.112386885662481
RR,12.950000000000001,1,9334,84058,11.104237550262914,11.10897874507525
RR,12.950000000000001,2,9334,84058,11.104237550262914,11.113743372481387
RR,12.950000000000001,3,9334,84058,11.104237550262914,11.113743372481387
RR,12.950000000000001,4,9334,84058,11.104237550262914,11.113743372481386
RR,12.950000000000001,5,9347,84058,11.119703062171357,11.114133915711397
RR,12.950000000000001,6,9347,84058,11.119703062171357,11.108892825564647
RR,12.950000000000001,7,9347,84058,11.119703062171357,11.108892825564647
RR,12.950000000000001,8,9334,84058,11.104237550262914,11.10897874507525
RR,12.950000000000001,9,9347,84058,11.119703062171357,11.108892825564647
RR,13.05,1,9191,82680,11.116352201257861,11.112455635344594
RR,13.05,2,9191,82680,11.116352201257861,11.108206102793174
RR,13.05,3,9191,82680,11.116352201257861,11.108206102793174
RR,13.05,4,9191,82680,11.116352201257861,11.108206102793174
RR,13.05,5,9191,82680,11.116352201257861,11.113361273429321
RR,13.05,6,9178,82680,11.10062893081761,11.11236971583399
RR,13.05,7,9178,82680,11.10062893081761,11.11236971583399
RR,13.05,8,9191,82680,11.116352201257861,11.112455635344594
RR,13.05,9,9178,82680,11.10062893081761,11.112369715833992
RR,13.15,1,11336,101972,11.116777154513004,11.111029737083532
RR,13.15,2,11323,101972,11.104028556858745,11.113470957910941
RR,13.15,3,11323,101972,11.104028556858745,11.113470957910941
RR,13.15,4,11323,101972,11.104028556858745,11.113470957910941
RR,13.15,5,11323,101972,11.104028556858745,11.113470957910941
RR,13.15,6,11336,101972,11.116777154513004,11.112479400315612
RR,13.15,7,11336,101972,11.116777154513004,11.10578864693678
RR,13.15,8,11336,101972,11.116777154513004,11.111029737083532
RR,13.15,9,11336,101972,11.116777154513004,11.10578864693678
RR,13.25,1,7189,64766,11.099959855479726,11.10788508299548
RR,13.25,2,7202,64766,11.120032115616219,11.110326303822893
RR,13.25,3,7202,64766,11.120032115616219,11.110326303822893
RR,13.25,4,7202,64766,11.120032115616219,11.110326303822893
RR,13.25,5,7202,64766,11.120032115616219,11.110326303822893
RR,13.25,6,7202,64766,11.120032115616219,11.114575836374312
RR,13.25,7,7189,64766,11.099959855479726,11.11207795511288
RR,13.25,8,7189,64766,11.099959855479726,11.11207795511288
RR,13.25,9,7189,64766,11.099959855479726,11.11207795511288
RR,13.350000000000001,1,11479,103350,11.10691823899371,11.108492159074254
RR,13.350000000000001,2,11479,103350,11.10691823899371,11.115182912453085
RR,13.350000000000001,3,11479,103350,11.10691823899371,11.115182912453085
RR,13.350000000000001,4,11479,103350,11.10691823899371,11.115182912453086
RR,13.350000000000001,5,11479,103350,11.10691823899371,11.115182912453086
RR,13.350000000000001,6,11479,103350,11.10691823899371,11.109567458724426
RR,13.350000000000001,7,11492,103350,11.119496855345911,11.107069577462994
RR,13.350000000000001,8,11492,103350,11.119496855345911,11.107069577462994
RR,13.350000000000001,9,11492,103350,11.119496855345911,11.107069577462994
RR,13.450000000000001,1,8580,77168,11.118598382749326,11.11089073104025
RR,13.450000000000001,2,8580,77168,11.118598382749326,11.11089073104025
RR,13.450000000000001,3,8580,77168,11.118598382749326,11.11089073104025
RR,13.450000000000001,4,8580,77168,11.118598382749326,11.11089073104025
RR,13.450000000000001,5,8580,77168,11.118598382749326,11.11089073104025
RR,13.450000000000001,6,8567,77168,11.101752021563343,11.111208586911685
RR,13.450000000000001,7,8567,77168,11.101752021563343,11.115401459029085
RR,13.450000000000001,8,8567,77168,11.101752021563343,11.10946814942899
RR,13.450000000000001,9,8567,77168,11.101752021563343,11.10946814942899
RR,13.55,1,8112,73034,11.107155571377714,11.11157528159003
RR,13.55,2,8112,73034,11.107155571377714,11.11157528159003
RR,13.55,3,8112,73034,11.107155571377714,11.11157528159003
RR,13.55,4,8112,73034,11.107155571377714,11.11157528159003
RR,13.55,5,8112,73034,11.107155571377714,11.11157528159003
RR,13.55,6,8125,73034,11.124955500177999,11.111893137461463
RR,13.55,7,8125,73034,11.124955500177999,11.111893137461463
RR,13.55,8,8112,73034,11.107155571377714,11.10595982786137
RR,13.55,9,8112,73034,11.107155571377714,11.112377489265553
RR,13.65,1,7501,67522,11.10897189064305,11.11369432073292
RR,13.65,2,7501,67522,11.10897189064305,11.107761011132824
RR,13.65,3,7501,67522,11.10897189064305,11.107761011132824
RR,13.65,4,7501,67522,11.10897189064305,11.107761011132824
RR,13.65,5,7501,67522,11.10897189064305,11.107761011132824
RR,13.65,6,7501,67522,11.10897189064305,11.11369432073292
RR,13.65,7,7501,67522,11.10897189064305,11.11369432073292
RR,13.65,8,7501,67522,11.10897189064305,11.11369432073292
RR,13.65,9,7514,67522,11.128224874855603,11.114178672537008
RR,13.75,1,8125,73034,11.124955500177999,11.111518773879553
RR,13.75,2,8112,73034,11.107155571377714,11.11082655442621
RR,13.75,3,8112,73034,11.107155571377714,11.11082655442621
RR,13.75,4,8112,73034,11.107155571377714,11.11082655442621
RR,13.75,5,8112,73034,11.107155571377714,11.11082655442621
RR,13.75,6,8112,73034,11.107155571377714,11.11082655442621
RR,13.75,7,8112,73034,11.107155571377714,11.11082655442621
RR,13.75,8,8125,73034,11.124955500177999,11.111518773879553
RR,13.75,9,8112,73034,11.107155571377714,11.112003125683643
RR,13.850000000000001,1,9178,82680,11.10062893081761,11.111104731208314
RR,13.850000000000001,2,9191,82680,11.116352201257861,11.110412511754971
RR,13.850000000000001,3,9191,82680,11.116352201257861,11.110412511754971
RR,13.850000000000001,4,9191,82680,11.116352201257861,11.110412511754971
RR,13.850000000000001,5,9191,82680,11.116352201257861,11.110412511754971
RR,13.850000000000001,6,9191,82680,11.116352201257861,11.110412511754971
RR,13.850000000000001,7,9191,82680,11.116352201257861,11.110412511754971
RR,13.850000000000001,8,9178,82680,11.10062893081761,11.116176753930977
RR,13.850000000000001,9,9178,82680,11.10062893081761,11.110243444330882
RR,13.950000000000001,1,9490,85436,11.107729762629337,11.110857509974977
RR,13.950000000000001,2,9490,85436,11.107729762629337,11.116098600121726
RR,13.950000000000001,3,9490,85436,11.107729762629337,11.10954723743829
RR,13.950000000000001,4,9490,85436,11.107729762629337,11.11609860012173
RR,13.950000000000001,5,9490,85436,11.107729762629337,11.10954723743829
RR,13.950000000000001,6,9490,85436,11.107729762629337,11.10954723743829
RR,13.950000000000001,7,9490,85436,11.107729762629337,11.10954723743829
RR,13.950000000000001,8,9503,85436,11.122945830797322,11.109378170014201
RR,13.950000000000001,9,9503,85436,11.122945830797322,11.109378170014201
RR,14.05,1,7358,66144,11.124213836477987,11.113749145918012
RR,14.05,2,7358,66144,11.124213836477987,11.113749145918012
RR,14.05,3,7345,66144,11.104559748427674,11.112619600627765
RR,14.05,4,7358,66144,11.124213836477987,11.113749145918012
RR,14.05,5,7345,66144,11.104559748427674,11.107197783234575
RR,14.05,6,7345,66144,11.104559748427674,11.107197783234573
RR,14.05,7,7345,66144,11.104559748427674,11.107197783234573
RR,14.05,8,7345,66144,11.104559748427674,11.112269805957235
RR,14.05,9,7345,66144,11.104559748427674,11.112269805957235
RR,14.15,1,8879,79924,11.109303838646714,11.112188523541809
RR,14.15,2,8879,79924,11.109303838646714,11.112188523541809
RR,14.15,3,8892,79924,11.125569290826284,11.111058978251563
RR,14.15,4,8879,79924,11.109303838646714,11.112188523541809
RR,14.15,5,8879,79924,11.109303838646714,11.110475090224602
RR,14.15,6,8879,79924,11.109303838646714,11.110475090224602
RR,14.15,7,8879,79924,11.109303838646714,11.110475090224602
RR,14.15,8,8879,79924,11.109303838646714,11.110475090224602
RR,14.15,9,8879,79924,11.109303838646714,11.110475090224602
RR,14.25,1,9945,89570,11.103047895500726,11.111498906417237
RR,14.25,2,9945,89570,11.103047895500726,11.111498906417237
RR,14.25,3,9945,89570,11.103047895500726,11.111403786813847
RR,14.25,4,9945,89570,11.103047895500726,11.111498906417237
RR,14.25,5,9958,89570,11.117561683599419,11.110819898786886
RR,14.25,6,9958,89570,11.117561683599419,11.110819898786888
RR,14.25,7,9958,89570,11.117561683599419,11.110819898786888
RR,14.25,8,9958,89570,11.117561683599419,11.110819898786888
RR,14.25,9,9958,89570,11.117561683599419,11.110819898786888
RR,14.350000000000001,1,8736,78546,11.12214498510427,11.1103321862187
RR,14.350000000000001,2,8736,78546,11.12214498510427,11.110332186218704
RR,14.350000000000001,3,8723,78546,11.10559417411453,11.108795824017122
RR,14.350000000000001,4,8736,78546,11.12214498510427,11.1103321862187
RR,14.350000000000001,5,8723,78546,11.10559417411453,11.113633753383354
RR,14.350000000000001,6,8723,78546,11.10559417411453,11.113633753383354
RR,14.350000000000001,7,8723,78546,11.10559417411453,11.113633753383354
RR,14.350000000000001,8,8723,78546,11.10559417411453,11.109653178588353
RR,14.350000000000001,9,8723,78546,11.10559417411453,11.109653178588353
RR,14.450000000000001,1,12090,108862,11.10580367805111,11.112306851266146
RR,14.450000000000001,2,12090,108862,11.10580367805111,11.112306851266142
RR,14.450000000000001,3,12103,108862,11.117745402436112,11.110770489064564
RR,14.450000000000001,4,12090,108862,11.10580367805111,11.112306851266146
RR,14.450000000000001,5,12103,108862,11.117745402436112,11.110770489064564
RR,14.450000000000001,6,12103,108862,11.117745402436112,11.110770489064564
RR,14.450000000000001,7,12103,108862,11.117745402436112,11.110770489064564
RR,14.450000000000001,8,12090,108862,11.10580367805111,11.106789914269564
RR,14.450000000000001,9,12090,108862,11.10580367805111,11.113207575673748
RR,14.55,1,7501,67522,11.10897189064305,11.11142414134669
RR,14.55,2,7501,67522,11.10897189064305,11.11142414134669
RR,14.55,3,7501,67522,11.10897189064305,11.111211844024291
RR,14.55,4,7501,67522,11.10897189064305,11.10723126922929
RR,14.55,5,7501,67522,11.10897189064305,11.111211844024291
RR,14.55,6,7501,67522,11.10897189064305,11.111211844024291
RR,14.55,7,7501,67522,11.10897189064305,11.111211844024291
RR,14.55,8,7501,67522,11.10897189064305,11.11142414134669
RR,14.55,9,7514,67522,11.128224874855603,11.113648930633474
RR,14.65,1,11492,103350,11.119496855345911,11.10969922560219
RR,14.65,2,11492,103350,11.119496855345911,11.10969922560219
RR,14.65,3,11479,103350,11.10691823899371,11.11074744363154
RR,14.65,4,11479,103350,11.10691823899371,11.11074744363154
RR,14.65,5,11479,103350,11.10691823899371,11.110747443631539
RR,14.65,6,11479,103350,11.10691823899371,11.11074744363154
RR,14.65,7,11479,103350,11.10691823899371,11.11074744363154
RR,14.65,8,11492,103350,11.119496855345911,11.10969922560219
RR,14.65,9,11479,103350,11.10691823899371,11.117165105035724
RR,14.75,1,9178,82680,11.10062893081761,11.110412299091545
RR,14.75,2,9178,82680,11.10062893081761,11.110412299091545
RR,14.75,3,9191,82680,11.116352201257861,11.111460517120895
RR,14.75,4,9191,82680,11.116352201257861,11.111460517120895
RR,14.75,5,9191,82680,11.116352201257861,11.111460517120895
RR,14.75,6,9191,82680,11.116352201257861,11.111460517120895
RR,14.75,7,9191,82680,11.116352201257861,11.111460517120895
RR,14.75,8,9178,82680,11.10062893081761,11.110412299091545
RR,14.75,9,9191,82680,11.116352201257861,11.111460517120895
RR,14.850000000000001,1,8268,74412,11.11111111111111,11.109505732147241
RR,14.850000000000001,2,8268,74412,11.11111111111111,11.109505732147241
RR,14.850000000000001,3,8268,74412,11.11111111111111,11.11474682229399
RR,14.850000000000001,4,8268,74412,11.11111111111111,11.114746822293993
RR,14.850000000000001,5,8268,74412,11.11111111111111,11.110497289742574
RR,14.850000000000001,6,8268,74412,11.11111111111111,11.110497289742574
RR,14.850000000000001,7,8268,74412,11.11111111111111,11.110497289742574
RR,14.850000000000001,8,8268,74412,11.11111111111111,11.109505732147241
RR,14.850000000000001,9,8268,74412,11.11111111111111,11.110497289742574
RR,14.950000000000001,1,11336,101972,11.116777154513004,11.112999792245075
RR,14.950000000000001,2,11336,101972,11.116777154513004,11.112999792245077
RR,14.950000000000001,3,11336,101972,11.116777154513004,11.112999792245075
RR,14.950000000000001,4,11336,101972,11.116777154513004,11.112999792245075
RR,14.950000000000001,5,11323,101972,11.104028556858745,11.108750259693656
RR,14.950000000000001,6,11323,101972,11.104028556858745,11.108750259693656
RR,14.950000000000001,7,11323,101972,11.104028556858745,11.108750259693656
RR,14.950000000000001,8,11336,101972,11.116777154513004,11.112999792245075
RR,14.950000000000001,9,11323,101972,11.104028556858745,11.108750259693656
RR,15.05,1,11024,99216,11.11111111111111,11.110816004683931
RR,15.05,2,11024,99216,11.11111111111111,11.110816004683928
RR,15.05,3,11024,99216,11.11111111111111,11.110816004683931
RR,15.05,4,11024,99216,11.11111111111111,11.110816004683931
RR,15.05,5,11024,99216,11.11111111111111,11.113117834815947
RR,15.05,6,11024,99216,11.11111111111111,11.113117834815947
RR,15.05,7,11024,99216,11.11111111111111,11.113117834815947
RR,15.05,8,11024,99216,11.11111111111111,11.110816004683931
RR,15.05,9,11024,99216,11.11111111111111,11.106566472132508
RR,15.15,1,7345,66144,11.104559748427674,11.111077514379403
RR,15.15,2,7345,66144,11.104559748427674,11.111077514379401
RR,15.15,3,7345,66144,11.104559748427674,11.10623958501317
RR,15.15,4,7345,66144,11.104559748427674,11.111077514379403
RR,15.15,5,7358,66144,11.124213836477987,11.11279094769661
RR,15.15,6,7358,66144,11.124213836477987,11.112790947696608
RR,15.15,7,7358,66144,11.124213836477987,11.112790947696608
RR,15.15,8,7345,66144,11.104559748427674,11.111077514379403
RR,15.15,9,7345,66144,11.104559748427674,11.111077514379403
RR,15.25,1,9958,89570,11.117561683599419,11.111077514379401
RR,15.25,2,9958,89570,11.117561683599419,11.111077514379401
RR,15.25,3,9945,89570,11.103047895500726,11.10623958501317
RR,15.25,4,9958,89570,11.117561683599419,11.111077514379401
RR,15.25,5,9945,89570,11.103047895500726,11.112790947696608
RR,15.25,6,9945,89570,11.103047895500726,11.112790947696608
RR,15.25,7,9945,89570,11.103047895500726,11.112790947696608
RR,15.25,8,9958,89570,11.117561683599419,11.111077514379401
RR,15.25,9,9958,89570,11.117561683599419,11.111077514379401
RR,15.350000000000001,1,11024,99216,11.11111111111111,11.110970114991147
RR,15.350000000000001,2,11024,99216,11.11111111111111,11.110970114991147
RR,15.350000000000001,3,11024,99216,11.11111111111111,11.111287356261064
RR,15.350000000000001,4,11024,99216,11.11111111111111,11.110970114991147
RR,15.350000000000001,5,11024,99216,11.11111111111111,11.111287356261064
RR,15.350000000000001,6,11024,99216,11.11111111111111,11.111287356261066
RR,15.350000000000001,7,11024,99216,11.11111111111111,11.111287356261066
RR,15.350000000000001,8,11024,99216,11.11111111111111,11.110970114991147
RR,15.350000000000001,9,11024,99216,11.11111111111111,11.110970114991147
RR,15.450000000000001,1,9334,84058,11.104237550262914,11.11131568137445
RR,15.450000000000001,2,9334,84058,11.104237550262914,11.11131568137445
RR,15.450000000000001,3,9347,84058,11.119703062171357,11.110855398281936
RR,15.450000000000001,4,9334,84058,11.104237550262914,11.11131568137445
RR,15.450000000000001,5,9347,84058,11.119703062171357,11.110855398281936
RR,15.450000000000001,6,9347,84058,11.119703062171357,11.110855398281936
RR,15.450000000000001,7,9347,84058,11.119703062171357,11.110855398281936
RR,15.450000000000001,8,9334,84058,11.104237550262914,11.11131568137445
RR,15.450000000000001,9,9334,84058,11.104237550262914,11.11131568137445
RR,15.55,1,8580,77168,11.118598382749326,11.11182951374178
RR,15.55,2,8580,77168,11.118598382749326,11.11182951374178
RR,15.55,3,8567,77168,11.101752021563343,11.111369230649265
RR,15.55,4,8580,77168,11.118598382749326,11.107205022435823
RR,15.55,5,8567,77168,11.101752021563343,11.111369230649265
RR,15.55,6,8567,77168,11.101752021563343,11.111369230649267
RR,15.55,7,8567,77168,11.101752021563343,11.111369230649267
RR,15.55,8,8580,77168,11.118598382749326,11.11182951374178
RR,15.55,9,8580,77168,11.118598382749326,11.11182951374178
RR,15.65,1,10413,93704,11.112652608213097,11.113136458410096
RR,15.65,2,10413,93704,11.112652608213097,11.113136458410098
RR,15.65,3,10413,93704,11.112652608213097,11.111950094946296
RR,15.65,4,10400,93704,11.098779134295228,11.112941057369
RR,15.65,5,10413,93704,11.112652608213097,11.107521004681438
RR,15.65,6,10413,93704,11.112652608213097,11.107521004681436
RR,15.65,7,10413,93704,11.112652608213097,11.107521004681436
RR,15.65,8,10413,93704,11.112652608213097,11.113136458410096
RR,15.65,9,10413,93704,11.112652608213097,11.113136458410096
RR,15.75,1,10868,97838,11.108158384267872,11.11064070119736
RR,15.75,2,10868,97838,11.108158384267872,11.11064070119736
RR,15.75,3,10881,97838,11.12144565506245,11.115069791462219
RR,15.75,4,10881,97838,11.12144565506245,11.110445300156263
RR,15.75,5,10868,97838,11.108158384267872,11.11064070119736
RR,15.75,6,10868,97838,11.108158384267872,11.11064070119736
RR,15.75,7,10868,97838,11.108158384267872,11.11064070119736
RR,15.75,8,10868,97838,11.108158384267872,11.11064070119736
RR,15.75,9,10868,97838,11.108158384267872,11.11064070119736
RR,15.850000000000001,1,9646,86814,11.11111111111111,11.10828788983117
RR,15.850000000000001,2,9646,86814,11.11111111111111,11.10828788983117
RR,15.850000000000001,3,9646,86814,11.11111111111111,11.112716980096032
RR,15.850000000000001,4,9646,86814,11.11111111111111,11.11271698009603
RR,15.850000000000001,5,9646,86814,11.11111111111111,11.113804826827751
RR,15.850000000000001,6,9646,86814,11.11111111111111,11.113804826827751
RR,15.850000000000001,7,9646,86814,11.11111111111111,11.113804826827751
RR,15.850000000000001,8,9646,86814,11.11111111111111,11.10828788983117
RR,15.850000000000001,9,9646,86814,11.11111111111111,11.10828788983117
RR,15.950000000000001,1,8723,78546,11.10559417411453,11.10978596447958
RR,15.950000000000001,2,8723,78546,11.10559417411453,11.10978596447958
RR,15.950000000000001,3,8723,78546,11.10559417411453,11.10978596447958
RR,15.950000000000001,4,8723,78546,11.10559417411453,11.10978596447958
RR,15.950000000000001,5,8736,78546,11.12214498510427,11.115302901476158
RR,15.950000000000001,6,8736,78546,11.12214498510427,11.115302901476161
RR,15.950000000000001,7,8736,78546,11.12214498510427,11.110678410170204
RR,15.950000000000001,8,8723,78546,11.10559417411453,11.10978596447958
RR,15.950000000000001,9,8723,78546,11.10559417411453,11.10978596447958
RR,16.05,1,10413,93704,11.112652608213097,11.111841293948894
RR,16.05,2,10413,93704,11.112652608213097,11.111841293948894
RR,16.05,3,10413,93704,11.112652608213097,11.10567530554095
RR,16.05,4,10413,93704,11.112652608213097,11.111841293948894
RR,16.05,5,10413,93704,11.112652608213097,11.111192242537532
RR,16.05,6,10413,93704,11.112652608213097,11.111192242537532
RR,16.05,7,10400,93704,11.098779134295228,11.112733739639516
RR,16.05,8,10413,93704,11.112652608213097,11.111841293948894
RR,16.05,9,10413,93704,11.112652608213097,11.111841293948894
RR,16.150000000000002,1,7813,70278,11.117277099519052,11.113158771440615
RR,16.150000000000002,2,7813,70278,11.117277099519052,11.113158771440615
RR,16.150000000000002,3,7800,70278,11.098779134295228,11.111686296596927
RR,16.150000000000002,4,7813,70278,11.117277099519052,11.113158771440615
RR,16.150000000000002,5,7800,70278,11.098779134295228,11.106992783032673
RR,16.150000000000002,6,7800,70278,11.098779134295228,11.106992783032672
RR,16.150000000000002,7,7813,70278,11.117277099519052,11.108534280134657
RR,16.150000000000002,8,7813,70278,11.117277099519052,11.113158771440615
RR,16.150000000000002,9,7813,70278,11.117277099519052,11.113158771440615
RR,16.25,1,10257,92326,11.109546606589692,11.111326425828821
RR,16.25,2,10257,92326,11.109546606589692,11.11132642582882
RR,16.25,3,10270,92326,11.123627147282455,11.109853950985134
RR,16.25,4,10257,92326,11.109546606589692,11.111326425828821
RR,16.25,5,10257,92326,11.109546606589692,11.111093747020973
RR,16.25,6,10257,92326,11.109546606589692,11.111093747020973
RR,16.25,7,10257,92326,11.109546606589692,11.11132642582882
RR,16.25,8,10257,92326,11.109546606589692,11.111326425828821
RR,16.25,9,10257,92326,11.109546606589692,11.111326425828821
RR,16.35,1,8112,73034,11.107155571377714,11.109784928726834
RR,16.35,2,8112,73034,11.107155571377714,11.109784928726834
RR,16.35,3,8112,73034,11.107155571377714,11.11447844229109
RR,16.35,4,8112,73034,11.107155571377714,11.109784928726834
RR,16.35,5,8125,73034,11.124955500177999,11.115718238326929
RR,16.35,6,8125,73034,11.124955500177999,11.111093747020973
RR,16.35,7,8112,73034,11.107155571377714,11.109784928726834
RR,16.35,8,8112,73034,11.107155571377714,11.109784928726834
RR,16.35,9,8112,73034,11.107155571377714,11.109784928726834
RR,16.45,1,10413,93704,11.112652608213097,11.110306430233974
RR,16.45,2,10413,93704,11.112652608213097,11.110306430233974
RR,16.45,3,10413,93704,11.112652608213097,11.110306430233974
RR,16.45,4,10413,93704,11.112652608213097,11.110306430233974
RR,16.45,5,10413,93704,11.112652608213097,11.116239739834066
RR,16.45,6,10400,93704,11.098779134295228,11.111615248528112
RR,16.45,7,10413,93704,11.112652608213097,11.110306430233974
RR,16.45,8,10413,93704,11.112652608213097,11.110306430233974
RR,16.45,9,10413,93704,11.112652608213097,11.110306430233974
RR,16.55,1,11024,99216,11.11111111111111,11.11162494347844
RR,16.55,2,11024,99216,11.11111111111111,11.11162494347844
RR,16.55,3,11024,99216,11.11111111111111,11.11162494347844
RR,16.55,4,11024,99216,11.11111111111111,11.11162494347844
RR,16.55,5,11024,99216,11.11111111111111,11.11162494347844
RR,16.55,6,11024,99216,11.11111111111111,11.107000452172484
RR,16.55,7,11024,99216,11.11111111111111,11.11162494347844
RR,16.55,8,11024,99216,11.11111111111111,11.11162494347844
RR,16.55,9,11024,99216,11.11111111111111,11.11162494347844
RR,16.650000000000002,1,11024,99216,11.11111111111111,11.10927213211225
RR,16.650000000000002,2,11024,99216,11.11111111111111,11.109272132112253
RR,16.650000000000002,3,11024,99216,11.11111111111111,11.10927213211225
RR,16.650000000000002,4,11024,99216,11.11111111111111,11.10927213211225
RR,16.650000000000002,5,11024,99216,11.11111111111111,11.10927213211225
RR,16.650000000000002,6,11024,99216,11.11111111111111,11.11478906910883
RR,16.650000000000002,7,11024,99216,11.11111111111111,11.11478906910883
RR,16.650000000000002,8,11024,99216,11.11111111111111,11.10927213211225
RR,16.650000000000002,9,11024,99216,11.11111111111111,11.11478906910883
RR,16.75,1,8723,78546,11.10559417411453,11.112448550383009
RR,16.75,2,8723,78546,11.10559417411453,11.112448550383007
RR,16.75,3,8723,78546,11.10559417411453,11.107683922976873
RR,16.75,4,8723,78546,11.10559417411453,11.107683922976873
RR,16.75,5,8723,78546,11.10559417411453,11.107683922976873
RR,16.75,6,8736,78546,11.12214498510427,11.113200859973452
RR,16.75,7,8736,78546,11.12214498510427,11.113200859973452
RR,16.75,8,8723,78546,11.10559417411453,11.112448550383009
RR,16.75,9,8736,78546,11.12214498510427,11.113200859973452
RR,16.85,1,10114,90948,11.120640365923386,11.109328853867085
RR,16.85,2,10114,90948,11.120640365923386,11.109328853867089
RR,16.85,3,10101,90948,11.106346483704975,11.11017968018961
RR,16.85,4,10101,90948,11.106346483704975,11.11017968018961
RR,16.85,5,10101,90948,11.106346483704975,11.11017968018961
RR,16.85,6,10101,90948,11.106346483704975,11.11569661718619
RR,16.85,7,10101,90948,11.106346483704975,11.11569661718619
RR,16.85,8,10114,90948,11.120640365923386,11.109328853867085
RR,16.85,9,10101,90948,11.106346483704975,11.11008116345753
RR,16.95,1,8567,77168,11.101752021563343,11.110708088116231
RR,16.95,2,8567,77168,11.101752021563343,11.110708088116231
RR,16.95,3,8580,77168,11.118598382749326,11.111558914438755
RR,16.95,4,8580,77168,11.118598382749326,11.111558914438755
RR,16.95,5,8580,77168,11.118598382749326,11.111558914438755
RR,16.95,6,8580,77168,11.118598382749326,11.111558914438755
RR,16.95,7,8580,77168,11.118598382749326,11.111558914438755
RR,16.95,8,8567,77168,11.101752021563343,11.110708088116231
RR,16.95,9,8567,77168,11.101752021563343,11.11008116345753
RR,17.05,1,11635,104728,11.109731876861966,11.108123883421378
RR,17.05,2,11635,104728,11.109731876861966,11.108123883421378
RR,17.05,3,11635,104728,11.109731876861966,11.113739337150038
RR,17.05,4,11635,104728,11.109731876861966,11.113739337150038
RR,17.05,5,11635,104728,11.109731876861966,11.113739337150038
RR,17.05,6,11635,104728,11.109731876861966,11.113739337150038
RR,17.05,7,11635,104728,11.109731876861966,11.113739337150038
RR,17.05,8,11635,104728,11.109731876861966,11.108123883421378
RR,17.05,9,11648,104728,11.12214498510427,11.106931663985677
RR,17.150000000000002,1,9035,81302,11.112887751838823,11.111942391956868
RR,17.150000000000002,2,9035,81302,11.112887751838823,11.111942391956866
RR,17.150000000000002,3,9035,81302,11.112887751838823,11.111942391956866
RR,17.150000000000002,4,9035,81302,11.112887751838823,11.111942391956868
RR,17.150000000000002,5,9035,81302,11.112887751838823,11.111942391956868
RR,17.150000000000002,6,9035,81302,11.112887751838823,11.111942391956868
RR,17.150000000000002,7,9035,81302,11.112887751838823,11.105653083780766
RR,17.150000000000002,8,9035,81302,11.112887751838823,11.111942391956868
RR,17.150000000000002,9,9022,81302,11.096897985289415,11.110750172521165
RR,17.25,1,7657,68900,11.11320754716981,11.11100451266745
RR,17.25,2,7657,68900,11.11320754716981,11.11100451266745
RR,17.25,3,7657,68900,11.11320754716981,11.11100451266745
RR,17.25,4,7657,68900,11.11320754716981,11.11100451266745
RR,17.25,5,7657,68900,11.11320754716981,11.11100451266745
RR,17.25,6,7657,68900,11.11320754716981,11.11100451266745
RR,17.25,7,7644,68900,11.09433962264151,11.108908076608747
RR,17.25,8,7657,68900,11.11320754716981,11.11519738478485
RR,17.25,9,7657,68900,11.11320754716981,11.109867462601713
RR,17.35,1,11479,103350,11.10691823899371,11.11100451266745
RR,17.35,2,11479,103350,11.10691823899371,11.111004512667447
RR,17.35,3,11479,103350,11.10691823899371,11.111004512667447
RR,17.35,4,11479,103350,11.10691823899371,11.11100451266745
RR,17.35,5,11479,103350,11.10691823899371,11.11100451266745
RR,17.35,6,11479,103350,11.10691823899371,11.11100451266745
RR,17.35,7,11492,103350,11.119496855345911,11.108908076608747
RR,17.35,8,11492,103350,11.119496855345911,11.109867462601713
RR,17.35,9,11492,103350,11.119496855345911,11.115197384784848
RR,17.45,1,9035,81302,11.112887751838823,11.114250607209952
RR,17.45,2,9035,81302,11.112887751838823,11.10917858448729
RR,17.45,3,9035,81302,11.112887751838823,11.10917858448729
RR,17.45,4,9035,81302,11.112887751838823,11.10917858448729
RR,17.45,5,9035,81302,11.112887751838823,11.10917858448729
RR,17.45,6,9035,81302,11.112887751838823,11.10917858448729
RR,17.45,7,9035,81302,11.112887751838823,11.11337145660469
RR,17.45,8,9022,81302,11.096897985289415,11.113113557144217
RR,17.45,9,9035,81302,11.112887751838823,11.11337145660469
RR,17.55,1,9503,85436,11.122945830797322,11.115126729741945
RR,17.55,2,9490,85436,11.107729762629337,11.114748220583538
RR,17.55,3,9490,85436,11.107729762629337,11.110054707019282
RR,17.55,4,9490,85436,11.107729762629337,11.110054707019282
RR,17.55,5,9490,85436,11.107729762629337,11.110054707019282
RR,17.55,6,9490,85436,11.107729762629337,11.110054707019282
RR,17.55,7,9490,85436,11.107729762629337,11.110054707019282
RR,17.55,8,9503,85436,11.122945830797322,11.109796807558808
RR,17.55,9,9490,85436,11.107729762629337,11.110054707019282
RR,17.650000000000002,1,10257,92326,11.109546606589692,11.114013014658902
RR,17.650000000000002,2,10270,92326,11.123627147282455,11.113634505500494
RR,17.650000000000002,3,10257,92326,11.109546606589692,11.108940991936242
RR,17.650000000000002,4,10257,92326,11.109546606589692,11.113634505500494
RR,17.650000000000002,5,10257,92326,11.109546606589692,11.108940991936242
RR,17.650000000000002,6,10257,92326,11.109546606589692,11.108940991936242
RR,17.650000000000002,7,10257,92326,11.109546606589692,11.108940991936242
RR,17.650000000000002,8,10257,92326,11.109546606589692,11.114013014658902
RR,17.650000000000002,9,10257,92326,11.109546606589692,11.108940991936242
RR,17.75,1,10257,92326,11.109546606589692,11.110068108096833
RR,17.75,2,10257,92326,11.109546606589692,11.114761621661087
RR,17.75,3,10257,92326,11.109546606589692,11.110068108096831
RR,17.75,4,10270,92326,11.123627147282455,11.114761621661087
RR,17.75,5,10257,92326,11.109546606589692,11.110068108096831
RR,17.75,6,10257,92326,11.109546606589692,11.110068108096831
RR,17.75,7,10257,92326,11.109546606589692,11.110068108096831
RR,17.75,8,10257,92326,11.109546606589692,11.110068108096831
RR,17.75,9,10257,92326,11.109546606589692,11.110068108096831
RR,17.85,1,8268,74412,11.11111111111111,11.108820465250638
RR,17.85,2,8268,74412,11.11111111111111,11.108820465250638
RR,17.85,3,8268,74412,11.11111111111111,11.112801040045639
RR,17.85,4,8268,74412,11.11111111111111,11.113513978814893
RR,17.85,5,8268,74412,11.11111111111111,11.112801040045639
RR,17.85,6,8268,74412,11.11111111111111,11.112801040045639
RR,17.85,7,8268,74412,11.11111111111111,11.112801040045639
RR,17.85,8,8268,74412,11.11111111111111,11.108820465250638
RR,17.85,9,8268,74412,11.11111111111111,11.108820465250638
RR,17.95,1,12090,108862,11.10580367805111,11.108628893268424
RR,17.95,2,12090,108862,11.10580367805111,11.108628893268424
RR,17.95,3,12103,108862,11.117745402436112,11.112609468063424
RR,17.95,4,12090,108862,11.10580367805111,11.108628893268424
RR,17.95,5,12103,108862,11.117745402436112,11.112609468063425
RR,17.95,6,12103,108862,11.117745402436112,11.112609468063425
RR,17.95,7,12103,108862,11.117745402436112,11.112609468063425
RR,17.95,8,12090,108862,11.10580367805111,11.108628893268424
RR,17.95,9,12090,108862,11.10580367805111,11.115046554672608
RR,18.05,1,7501,67522,11.10897189064305,11.108107391761285
RR,18.05,2,7501,67522,11.10897189064305,11.108107391761285
RR,18.05,3,7501,67522,11.10897189064305,11.112087966556286
RR,18.05,4,7501,67522,11.10897189064305,11.108107391761285
RR,18.05,5,7501,67522,11.10897189064305,11.112087966556283
RR,18.05,6,7501,67522,11.10897189064305,11.112087966556283
RR,18.05,7,7501,67522,11.10897189064305,11.112087966556283
RR,18.05,8,7501,67522,11.10897189064305,11.112800905325537
RR,18.05,9,7514,67522,11.128224874855603,11.11452505316547
RR,18.150000000000002,1,10257,92326,11.109546606589692,11.11083381285375
RR,18.150000000000002,2,10257,92326,11.109546606589692,11.11083381285375
RR,18.150000000000002,3,10257,92326,11.109546606589692,11.11083381285375
RR,18.150000000000002,4,10257,92326,11.109546606589692,11.11083381285375
RR,18.150000000000002,5,10257,92326,11.109546606589692,11.11083381285375
RR,18.150000000000002,6,10257,92326,11.109546606589692,11.11083381285375
RR,18.150000000000002,7,10257,92326,11.109546606589692,11.11083381285375
RR,18.150000000000002,8,10270,92326,11.123627147282455,11.111219581091909
RR,18.150000000000002,9,10257,92326,11.109546606589692,11.112943728931839
RR,18.25,1,11180,100594,11.113982941328509,11.111087141593389
RR,18.25,2,11180,100594,11.113982941328509,11.111087141593389
RR,18.25,3,11180,100594,11.113982941328509,11.111087141593389
RR,18.25,4,11180,100594,11.113982941328509,11.111087141593389
RR,18.25,5,11180,100594,11.113982941328509,11.111087141593389
RR,18.25,6,11180,100594,11.113982941328509,11.111087141593389
RR,18.25,7,11180,100594,11.113982941328509,11.111087141593389
RR,18.25,8,11167,100594,11.10105970535022,11.111472909831548
RR,18.25,9,11167,100594,11.10105970535022,11.110917099014728
RR,18.35,1,11635,104728,11.109731876861966,11.11160864310053
RR,18.35,2,11635,104728,11.109731876861966,11.11160864310053
RR,18.35,3,11635,104728,11.109731876861966,11.11160864310053
RR,18.35,4,11635,104728,11.109731876861966,11.11160864310053
RR,18.35,5,11635,104728,11.109731876861966,11.11160864310053
RR,18.35,6,11635,104728,11.109731876861966,11.11160864310053
RR,18.35,7,11635,104728,11.109731876861966,11.11160864310053
RR,18.35,8,11635,104728,11.109731876861966,11.107300897774431
RR,18.35,9,11648,104728,11.12214498510427,11.111438600521867
RR,18.45,1,11024,99216,11.11111111111111,11.112862796803062
RR,18.45,2,11024,99216,11.11111111111111,11.112862796803062
RR,18.45,3,11024,99216,11.11111111111111,11.108882222008063
RR,18.45,4,11024,99216,11.11111111111111,11.112862796803062
RR,18.45,5,11024,99216,11.11111111111111,11.108882222008063
RR,18.45,6,11024,99216,11.11111111111111,11.108882222008063
RR,18.45,7,11024,99216,11.11111111111111,11.108882222008063
RR,18.45,8,11024,99216,11.11111111111111,11.112862796803062
RR,18.45,9,11024,99216,11.11111111111111,11.113019924755497
RR,18.55,1,12103,108862,11.117745402436112,11.112195425392187
RR,18.55,2,12103,108862,11.117745402436112,11.112195425392187
RR,18.55,3,12090,108862,11.10580367805111,11.113286873319849
RR,18.55,4,12103,108862,11.117745402436112,11.112195425392187
RR,18.55,5,12090,108862,11.10580367805111,11.113286873319849
RR,18.55,6,12090,108862,11.10580367805111,11.108214850597186
RR,18.55,7,12090,108862,11.10580367805111,11.108214850597186
RR,18.55,8,12103,108862,11.117745402436112,11.112195425392187
RR,18.55,9,12090,108862,11.10580367805111,11.108214850597186
RR,18.650000000000002,1,9490,85436,11.107729762629337,11.110797801353053
RR,18.650000000000002,2,9490,85436,11.107729762629337,11.110797801353053
RR,18.650000000000002,3,9503,85436,11.122945830797322,11.111889249280715
RR,18.650000000000002,4,9490,85436,11.107729762629337,11.110797801353053
RR,18.650000000000002,5,9503,85436,11.122945830797322,11.111889249280713
RR,18.650000000000002,6,9490,85436,11.107729762629337,11.111010098675452
RR,18.650000000000002,7,9490,85436,11.107729762629337,11.111010098675452
RR,18.650000000000002,8,9490,85436,11.107729762629337,11.110797801353053
RR,18.650000000000002,9,9490,85436,11.107729762629337,11.111010098675452
RR,18.75,1,11479,103350,11.10691823899371,11.111450354598134
RR,18.75,2,11479,103350,11.10691823899371,11.111450354598134
RR,18.75,3,11479,103350,11.10691823899371,11.111367206684648
RR,18.75,4,11479,103350,11.10691823899371,11.111450354598134
RR,18.75,5,11479,103350,11.10691823899371,11.111367206684648
RR,18.75,6,11492,103350,11.119496855345911,11.110488056079385
RR,18.75,7,11492,103350,11.119496855345911,11.110488056079385
RR,18.75,8,11479,103350,11.10691823899371,11.111450354598134
RR,18.75,9,11492,103350,11.119496855345911,11.110488056079388
RR,18.85,1,9347,84058,11.119703062171357,11.108466811820099
RR,18.85,2,9347,84058,11.119703062171357,11.108466811820099
RR,18.85,3,9334,84058,11.104237550262914,11.109477629591893
RR,18.85,4,9347,84058,11.119703062171357,11.108466811820099
RR,18.85,5,9334,84058,11.104237550262914,11.109477629591893
RR,18.85,6,9334,84058,11.104237550262914,11.113670501709294
RR,18.85,7,9334,84058,11.104237550262914,11.113670501709294
RR,18.85,8,9347,84058,11.119703062171357,11.114632800228042
RR,18.85,9,9334,84058,11.104237550262914,11.113670501709294
RR,18.95,1,7800,70278,11.098779134295228,11.11272841954598
RR,18.95,2,7800,70278,11.098779134295228,11.11272841954598
RR,18.95,3,7813,70278,11.117277099519052,11.113739237317773
RR,18.95,4,7800,70278,11.098779134295228,11.11272841954598
RR,18.95,5,7813,70278,11.117277099519052,11.108584066681628
RR,18.95,6,7813,70278,11.117277099519052,11.108584066681624
RR,18.95,7,7813,70278,11.117277099519052,11.108584066681624
RR,18.95,8,7813,70278,11.117277099519052,11.113739237317773
RR,18.95,9,7813,70278,11.117277099519052,11.108584066681628
RR,19.05,1,9347,84058,11.119703062171357,11.110821712598366
RR,19.05,2,9347,84058,11.119703062171357,11.110821712598366
RR,19.05,3,9347,84058,11.119703062171357,11.112679955680209
RR,19.05,4,9347,84058,11.119703062171357,11.106513967272269
RR,19.05,5,9334,84058,11.104237550262914,11.111832530370158
RR,19.05,6,9334,84058,11.104237550262914,11.111832530370158
RR,19.05,7,9334,84058,11.104237550262914,11.111832530370158
RR,19.05,8,9334,84058,11.104237550262914,11.111832530370158
RR,19.05,9,9334,84058,11.104237550262914,11.111832530370158
RR,19.150000000000002,1,11180,100594,11.113982941328509,11.114410870029852
RR,19.150000000000002,2,11180,100594,11.113982941328509,11.114410870029852
RR,19.150000000000002,3,11167,100594,11.10105970535022,11.110103124703757
RR,19.150000000000002,4,11167,100594,11.10105970535022,11.114796638268011
RR,19.150000000000002,5,11180,100594,11.113982941328509,11.109255699393705
RR,19.150000000000002,6,11180,100594,11.113982941328509,11.109255699393705
RR,19.150000000000002,7,11180,100594,11.113982941328509,11.109255699393705
RR,19.150000000000002,8,11180,100594,11.113982941328509,11.109255699393705
RR,19.150000000000002,9,11180,100594,11.113982941328509,11.109255699393705
RR,19.25,1,10257,92326,11.109546606589692,11.109550280572913
RR,19.25,2,10257,92326,11.109546606589692,11.109550280572913
RR,19.25,3,10257,92326,11.109546606589692,11.109734898229746
RR,19.25,4,10270,92326,11.123627147282455,11.109936048811072
RR,19.25,5,10257,92326,11.109546606589692,11.114042643555841
RR,19.25,6,10257,92326,11.109546606589692,11.114042643555843
RR,19.25,7,10257,92326,11.109546606589692,11.114042643555843
RR,19.25,8,10257,92326,11.109546606589692,11.109550280572913
RR,19.25,9,10257,92326,11.109546606589692,11.109550280572913
RR,19.35,1,10712,96460,11.10512129380054,11.107465887673191
RR,19.35,2,10712,96460,11.10512129380054,11.107465887673191
RR,19.35,3,10725,96460,11.118598382749326,11.111958250656118
RR,19.35,4,10712,96460,11.10512129380054,11.112159401237443
RR,19.35,5,10725,96460,11.118598382749326,11.111958250656118
RR,19.35,6,10725,96460,11.118598382749326,11.111958250656118
RR,19.35,7,10725,96460,11.118598382749326,11.111958250656118
RR,19.35,8,10712,96460,11.10512129380054,11.11253791039585
RR,19.35,9,10712,96460,11.10512129380054,11.11253791039585
RR,19.450000000000003,1,9490,85436,11.107729762629337,11.108579602756231
RR,19.450000000000003,2,9490,85436,11.107729762629337,11.108579602756231
RR,19.450000000000003,3,9490,85436,11.107729762629337,11.113071965739161
RR,19.450000000000003,4,9490,85436,11.107729762629337,11.108579602756235
RR,19.450000000000003,5,9490,85436,11.107729762629337,11.113071965739161
RR,19.450000000000003,6,9490,85436,11.107729762629337,11.113071965739161
RR,19.450000000000003,7,9490,85436,11.107729762629337,11.113071965739161
RR,19.450000000000003,8,9503,85436,11.122945830797322,11.10832170329576
RR,19.450000000000003,9,9503,85436,11.122945830797322,11.113651625478894
RR,19.55,1,9035,81302,11.112887751838823,11.111090040893751
RR,19.55,2,9035,81302,11.112887751838823,11.111090040893751
RR,19.55,3,9035,81302,11.112887751838823,11.111090040893751
RR,19.55,4,9035,81302,11.112887751838823,11.111090040893751
RR,19.55,5,9035,81302,11.112887751838823,11.111090040893751
RR,19.55,6,9035,81302,11.112887751838823,11.111090040893751
RR,19.55,7,9035,81302,11.112887751838823,11.111090040893751
RR,19.55,8,9022,81302,11.096897985289415,11.110832141433278
RR,19.55,9,9035,81302,11.112887751838823,11.111537572310459
RR,19.650000000000002,1,10413,93704,11.112652608213097,11.113736313618618
RR,19.650000000000002,2,10413,93704,11.112652608213097,11.113736313618618
RR,19.650000000000002,3,10413,93704,11.112652608213097,11.113736313618618
RR,19.650000000000002,4,10413,93704,11.112652608213097,11.113736313618618
RR,19.650000000000002,5,10413,93704,11.112652608213097,11.109178843925791
RR,19.650000000000002,6,10413,93704,11.112652608213097,11.109178843925791
RR,19.650000000000002,7,10413,93704,11.112652608213097,11.109178843925791
RR,19.650000000000002,8,10413,93704,11.112652608213097,11.108406391435482
RR,19.650000000000002,9,10400,93704,11.098779134295228,11.109111822312663
RR,19.75,1,10569,95082,11.115668580803938,11.112541675887917
RR,19.75,2,10569,95082,11.115668580803938,11.112541675887917
RR,19.75,3,10569,95082,11.115668580803938,11.112541675887917
RR,19.75,4,10569,95082,11.115668580803938,11.112541675887917
RR,19.75,5,10556,95082,11.101996171725458,11.113406023588281
RR,19.75,6,10556,95082,11.101996171725458,11.10798420619509
RR,19.75,7,10556,95082,11.101996171725458,11.10798420619509
RR,19.75,8,10569,95082,11.115668580803938,11.112541675887917
RR,19.75,9,10569,95082,11.115668580803938,11.107917184581959
RR,19.85,1,8879,79924,11.109303838646714,11.112027843520588
RR,19.85,2,8879,79924,11.109303838646714,11.112027843520588
RR,19.85,3,8879,79924,11.109303838646714,11.112027843520586
RR,19.85,4,8879,79924,11.109303838646714,11.112027843520586
RR,19.85,5,8892,79924,11.125569290826284,11.11289219122095
RR,19.85,6,8879,79924,11.109303838646714,11.107470373827761
RR,19.85,7,8879,79924,11.109303838646714,11.107470373827761
RR,19.85,8,8879,79924,11.109303838646714,11.112027843520586
RR,19.85,9,8879,79924,11.109303838646714,11.112027843520588
RR,19.950000000000003,1,11024,99216,11.11111111111111,11.111100900532216
RR,19.950000000000003,2,11024,99216,11.11111111111111,11.111100900532216
RR,19.950000000000003,3,11024,99216,11.11111111111111,11.111100900532216
RR,19.950000000000003,4,11024,99216,11.11111111111111,11.111100900532216
RR,19.950000000000003,5,11024,99216,11.11111111111111,11.11119279574227
RR,19.950000000000003,6,11024,99216,11.11111111111111,11.111100900532215
RR,19.950000000000003,7,11024,99216,11.11111111111111,11.111100900532215
RR,19.950000000000003,8,11024,99216,11.11111111111111,11.111100900532216
RR,19.950000000000003,9,11024,99216,11.11111111111111,11.111100900532216
RR,20.05,1,9035,81302,11.112887751838823,11.111100900532216
RR,20.05,2,9035,81302,11.112887751838823,11.111100900532216
RR,20.05,3,9035,81302,11.112887751838823,11.111100900532215
RR,20.05,4,9035,81302,11.112887751838823,11.111100900532215
RR,20.05,5,9022,81302,11.096897985289415,11.11119279574227
RR,20.05,6,9035,81302,11.112887751838823,11.111100900532216
RR,20.05,7,9035,81302,11.112887751838823,11.111100900532216
RR,20.05,8,9035,81302,11.112887751838823,11.111100900532215
RR,20.05,9,9035,81302,11.112887751838823,11.111100900532216
RR,20.150000000000002,1,8879,79924,11.109303838646714,11.110579399025076
RR,20.150000000000002,2,8879,79924,11.109303838646714,11.110579399025076
RR,20.150000000000002,3,8879,79924,11.109303838646714,11.110579399025077
RR,20.150000000000002,4,8879,79924,11.109303838646714,11.110579399025077
RR,20.150000000000002,5,8892,79924,11.125569290826284,11.11067129423513
RR,20.150000000000002,6,8879,79924,11.109303838646714,11.115272912589331
RR,20.150000000000002,7,8879,79924,11.109303838646714,11.110579399025076
RR,20.150000000000002,8,8879,79924,11.109303838646714,11.110579399025077
RR,20.150000000000002,9,8879,79924,11.109303838646714,11.110579399025076
RR,20.25,1,10257,92326,11.109546606589692,11.108398976313794
RR,20.25,2,10257,92326,11.109546606589692,11.108398976313794
RR,20.25,3,10257,92326,11.109546606589692,11.108398976313794
RR,20.25,4,10257,92326,11.109546606589692,11.108398976313794
RR,20.25,5,10257,92326,11.109546606589692,11.113820793706983
RR,20.25,6,10270,92326,11.123627147282455,11.11309248987805
RR,20.25,7,10257,92326,11.109546606589692,11.113163603719931
RR,20.25,8,10257,92326,11.109546606589692,11.113163603719931
RR,20.25,9,10257,92326,11.109546606589692,11.113163603719931
RR,20.35,1,10101,90948,11.106346483704975,11.109515232835923
RR,20.35,2,10101,90948,11.106346483704975,11.109515232835923
RR,20.35,3,10101,90948,11.106346483704975,11.109515232835923
RR,20.35,4,10101,90948,11.106346483704975,11.109515232835923
RR,20.35,5,10101,90948,11.106346483704975,11.10951523283592
RR,20.35,6,10101,90948,11.106346483704975,11.114208746400175
RR,20.35,7,10114,90948,11.120640365923386,11.114279860242057
RR,20.35,8,10114,90948,11.120640365923386,11.109655368936103
RR,20.35,9,10114,90948,11.120640365923386,11.114279860242059
RR,20.450000000000003,1,10413,93704,11.112652608213097,11.112248164784729
RR,20.450000000000003,2,10413,93704,11.112652608213097,11.112248164784729
RR,20.450000000000003,3,10413,93704,11.112652608213097,11.108267589989728
RR,20.450000000000003,4,10413,93704,11.112652608213097,11.112248164784726
RR,20.450000000000003,5,10413,93704,11.112652608213097,11.108267589989728
RR,20.450000000000003,6,10413,93704,11.112652608213097,11.108267589989728
RR,20.450000000000003,7,10413,93704,11.112652608213097,11.113032217395864
RR,20.450000000000003,8,10400,93704,11.098779134295228,11.112388300884907
RR,20.450000000000003,9,10413,93704,11.112652608213097,11.113032217395864
RR,20.55,1,12103,108862,11.117745402436112,11.112962858895647
RR,20.55,2,12103,108862,11.117745402436112,11.112962858895647
RR,20.55,3,12090,108862,11.10580367805111,11.11291310171071
RR,20.55,4,12103,108862,11.117745402436112,11.112962858895647
RR,20.55,5,12090,108862,11.10580367805111,11.112913101710712
RR,20.55,6,12090,108862,11.10580367805111,11.108982284100648
RR,20.55,7,12090,108862,11.10580367805111,11.108982284100648
RR,20.55,8,12103,108862,11.117745402436112,11.10833836758969
RR,20.55,9,12090,108862,11.10580367805111,11.108982284100648
RR,20.650000000000002,1,12246,110240,11.108490566037736,11.111989281778605
RR,20.650000000000002,2,12246,110240,11.108490566037736,11.111989281778605
RR,20.650000000000002,3,12259,110240,11.120283018867925,11.111939524593666
RR,20.650000000000002,4,12246,110240,11.108490566037736,11.111989281778605
RR,20.650000000000002,5,12259,110240,11.120283018867925,11.111939524593668
RR,20.650000000000002,6,12246,110240,11.108490566037736,11.11214640973104
RR,20.650000000000002,7,12246,110240,11.108490566037736,11.108008706983604
RR,20.650000000000002,8,12246,110240,11.108490566037736,11.111989281778605
RR,20.650000000000002,9,12246,110240,11.108490566037736,11.108008706983604
RR,20.75,1,11635,104728,11.109731876861966,11.110231625375617
RR,20.75,2,11635,104728,11.109731876861966,11.110231625375617
RR,20.75,3,11635,104728,11.109731876861966,11.11416244298568
RR,20.75,4,11635,104728,11.109731876861966,11.110231625375619
RR,20.75,5,11635,104728,11.109731876861966,11.11416244298568
RR,20.75,6,11648,104728,11.12214498510427,11.110285361774935
RR,20.75,7,11635,104728,11.109731876861966,11.110231625375619
RR,20.75,8,11635,104728,11.109731876861966,11.110231625375619
RR,20.75,9,11635,104728,11.109731876861966,11.110231625375619
RR,20.85,1,11791,106106,11.11247243322715,11.11064539565036
RR,20.85,2,11791,106106,11.11247243322715,11.11064539565036
RR,20.85,3,11791,106106,11.11247243322715,11.11064539565036
RR,20.85,4,11791,106106,11.11247243322715,11.11064539565036
RR,20.85,5,11791,106106,11.11247243322715,11.11064539565036
RR,20.85,6,11778,106106,11.100220534182798,11.114836834797112
RR,20.85,7,11791,106106,11.11247243322715,11.11064539565036
RR,20.85,8,11791,106106,11.11247243322715,11.11064539565036
RR,20.85,9,11791,106106,11.11247243322715,11.11064539565036
RR,20.950000000000003,1,11635,104728,11.109731876861966,11.112852170448994
RR,20.950000000000003,2,11635,104728,11.109731876861966,11.112852170448994
RR,20.950000000000003,3,11635,104728,11.109731876861966,11.107611080302243
RR,20.950000000000003,4,11635,104728,11.109731876861966,11.112852170448994
RR,20.950000000000003,5,11635,104728,11.109731876861966,11.107611080302243
RR,20.950000000000003,6,11648,104728,11.12214498510427,11.10766481670156
RR,20.950000000000003,7,11635,104728,11.109731876861966,11.112852170448994
RR,20.950000000000003,8,11635,104728,11.109731876861966,11.112852170448994
RR,20.950000000000003,9,11635,104728,11.109731876861966,11.112852170448994
RR,21.05,1,9191,82680,11.116352201257861,11.111795972255512
RR,21.05,2,9191,82680,11.116352201257861,11.111795972255512
RR,21.05,3,9178,82680,11.10062893081761,11.111976699501952
RR,21.05,4,9191,82680,11.116352201257861,11.111795972255514
RR,21.05,5,9178,82680,11.10062893081761,11.106554882108762
RR,21.05,6,9178,82680,11.10062893081761,11.110692584856197
RR,21.05,7,9191,82680,11.116352201257861,11.111795972255512
RR,21.05,8,9191,82680,11.116352201257861,11.111795972255514
RR,21.05,9,9191,82680,11.116352201257861,11.111795972255514
RR,21.150000000000002,1,8879,79924,11.109303838646714,11.111271474724148
RR,21.150000000000002,2,8879,79924,11.109303838646714,11.111271474724148
RR,21.150000000000002,3,8892,79924,11.125569290826284,11.111452201970588
RR,21.150000000000002,4,8879,79924,11.109303838646714,11.111271474724148
RR,21.150000000000002,5,8879,79924,11.109303838646714,11.110459474842258
RR,21.150000000000002,6,8879,79924,11.109303838646714,11.110459474842258
RR,21.150000000000002,7,8879,79924,11.109303838646714,11.111271474724148
RR,21.150000000000002,8,8879,79924,11.109303838646714,11.111271474724148
RR,21.150000000000002,9,8879,79924,11.109303838646714,11.111271474724148
RR,21.25,1,10868,97838,11.108158384267872,11.11120832905973
RR,21.25,2,10868,97838,11.108158384267872,11.11120832905973
RR,21.25,3,10868,97838,11.108158384267872,11.1128414065878
RR,21.25,4,10868,97838,11.108158384267872,11.107419589194611
RR,21.25,5,10881,97838,11.12144565506245,11.11184867945947
RR,21.25,6,10881,97838,11.12144565506245,11.111848679459468
RR,21.25,7,10868,97838,11.108158384267872,11.11120832905973
RR,21.25,8,10868,97838,11.108158384267872,11.11120832905973
RR,21.25,9,10868,97838,11.108158384267872,11.11120832905973
RR,21.35,1,12714,114374,11.116162764264606,11.110562874608162
RR,21.35,2,12714,114374,11.116162764264606,11.110562874608162
RR,21.35,3,12701,114374,11.104796544669243,11.110517770562147
RR,21.35,4,12701,114374,11.104796544669243,11.110517770562147
RR,21.35,5,12701,114374,11.104796544669243,11.114946860827006
RR,21.35,6,12701,114374,11.104796544669243,11.111203225007898
RR,21.35,7,12714,114374,11.116162764264606,11.110562874608162
RR,21.35,8,12714,114374,11.116162764264606,11.110562874608158
RR,21.35,9,12714,114374,11.116162764264606,11.110562874608158
RR,21.450000000000003,1,12857,115752,11.107367475292003,11.11067360186478
RR,21.450000000000003,2,12857,115752,11.107367475292003,11.11067360186478
RR,21.450000000000003,3,12870,115752,11.118598382749326,11.110628497818768
RR,21.450000000000003,4,12870,115752,11.118598382749326,11.110628497818768
RR,21.450000000000003,5,12870,115752,11.118598382749326,11.110628497818768
RR,21.450000000000003,6,12857,115752,11.107367475292003,11.110815679609724
RR,21.450000000000003,7,12857,115752,11.107367475292003,11.114604419474844
RR,21.450000000000003,8,12857,115752,11.107367475292003,11.110673601864782
RR,21.450000000000003,9,12857,115752,11.107367475292003,11.110673601864782
RR,21.55,1,12246,110240,11.108490566037736,11.109443491518965
RR,21.55,2,12246,110240,11.108490566037736,11.109443491518965
RR,21.55,3,12246,110240,11.108490566037736,11.11318712733807
RR,21.55,4,12246,110240,11.108490566037736,11.11318712733807
RR,21.55,5,12246,110240,11.108490566037736,11.11318712733807
RR,21.55,6,12259,110240,11.120283018867925,11.113374309129027
RR,21.55,7,12259,110240,11.120283018867925,11.109290342780909
RR,21.55,8,12246,110240,11.108490566037736,11.109443491518961
RR,21.55,9,12246,110240,11.108490566037736,11.109443491518961
RR,21.650000000000002,1,11791,106106,11.11247243322715,11.108852391126474
RR,21.650000000000002,2,11791,106106,11.11247243322715,11.108852391126474
RR,21.650000000000002,3,11791,106106,11.11247243322715,11.10885239112647
RR,21.650000000000002,4,11791,106106,11.11247243322715,11.108852391126474
RR,21.650000000000002,5,11791,106106,11.11247243322715,11.10885239112647
RR,21.650000000000002,6,11791,106106,11.11247243322715,11.112783208736536
RR,21.650000000000002,7,11778,106106,11.100220534182798,11.114216179384998
RR,21.650000000000002,8,11791,106106,11.11247243322715,11.114369328123052
RR,21.650000000000002,9,11791,106106,11.11247243322715,11.114369328123052
RR,21.75,1,8723,78546,11.10559417411453,11.113403864148651
RR,21.75,2,8723,78546,11.10559417411453,11.113403864148651
RR,21.75,3,8723,78546,11.10559417411453,11.107886927152071
RR,21.75,4,8723,78546,11.10559417411453,11.113403864148651
RR,21.75,5,8723,78546,11.10559417411453,11.107886927152071
RR,21.75,6,8723,78546,11.10559417411453,11.107886927152071
RR,21.75,7,8736,78546,11.12214498510427,11.109319897800532
RR,21.75,8,8736,78546,11.12214498510427,11.113403864148651
RR,21.75,9,8736,78546,11.12214498510427,11.113403864148651
RR,21.85,1,8736,78546,11.12214498510427,11.113907366849103
RR,21.85,2,8736,78546,11.12214498510427,11.109599621523008
RR,21.85,3,8723,78546,11.10559417411453,11.108390429852525
RR,21.85,4,8736,78546,11.12214498510427,11.109599621523008
RR,21.85,5,8723,78546,11.10559417411453,11.108390429852525
RR,21.85,6,8723,78546,11.10559417411453,11.108390429852522
RR,21.85,7,8723,78546,11.10559417411453,11.113907366849105
RR,21.85,8,8723,78546,11.10559417411453,11.113907366849105
RR,21.85,9,8723,78546,11.10559417411453,11.113907366849105
RR,21.950000000000003,1,11180,100594,11.113982941328509,11.113058607311169
RR,21.950000000000003,2,11167,100594,11.10105970535022,11.114798273692863
RR,21.950000000000003,3,11180,100594,11.113982941328509,11.113589082022377
RR,21.950000000000003,4,11167,100594,11.10105970535022,11.114798273692863
RR,21.950000000000003,5,11180,100594,11.113982941328509,11.113589082022377
RR,21.950000000000003,6,11180,100594,11.113982941328509,11.107541670314589
RR,21.950000000000003,7,11180,100594,11.113982941328509,11.107541670314589
RR,21.950000000000003,8,11180,100594,11.113982941328509,11.107541670314589
RR,21.950000000000003,9,11180,100594,11.113982941328509,11.107541670314589
RR,22.05,1,7956,71656,11.103047895500726,11.10877822515865
RR,22.05,2,7969,71656,11.121190130624093,11.110517891540342
RR,22.05,3,7969,71656,11.121190130624093,11.11482563686644
RR,22.05,4,7969,71656,11.121190130624093,11.110517891540342
RR,22.05,5,7969,71656,11.121190130624093,11.11482563686644
RR,22.05,6,7956,71656,11.103047895500726,11.114200042551841
RR,22.05,7,7956,71656,11.103047895500726,11.10877822515865
RR,22.05,8,7956,71656,11.103047895500726,11.10877822515865
RR,22.05,9,7956,71656,11.103047895500726,11.10877822515865
RR,22.150000000000002,1,8879,79924,11.109303838646714,11.108334780786846
RR,22.150000000000002,2,8879,79924,11.109303838646714,11.114382192494633
RR,22.150000000000002,3,8879,79924,11.109303838646714,11.114382192494636
RR,22.150000000000002,4,8879,79924,11.109303838646714,11.114382192494633
RR,22.150000000000002,5,8879,79924,11.109303838646714,11.114382192494636
RR,22.150000000000002,6,8892,79924,11.125569290826284,11.10913210687408
RR,22.150000000000002,7,8879,79924,11.109303838646714,11.108334780786846
RR,22.150000000000002,8,8879,79924,11.109303838646714,11.108334780786846
RR,22.150000000000002,9,8879,79924,11.109303838646714,11.108334780786846
RR,22.25,1,10413,93704,11.112652608213097,11.110420095168841
RR,22.25,2,10413,93704,11.112652608213097,11.110420095168841
RR,22.25,3,10413,93704,11.112652608213097,11.110420095168841
RR,22.25,4,10413,93704,11.112652608213097,11.110420095168841
RR,22.25,5,10413,93704,11.112652608213097,11.110420095168841
RR,22.25,6,10400,93704,11.098779134295228,11.116639238649265
RR,22.25,7,10413,93704,11.112652608213097,11.110420095168841
RR,22.25,8,10413,93704,11.112652608213097,11.110420095168841
RR,22.25,9,10413,93704,11.112652608213097,11.110420095168841
RR,22.35,1,8879,79924,11.109303838646714,11.11102251932364
RR,22.35,2,8879,79924,11.109303838646714,11.11102251932364
RR,22.35,3,8879,79924,11.109303838646714,11.11102251932364
RR,22.35,4,8879,79924,11.109303838646714,11.11102251932364
RR,22.35,5,8879,79924,11.109303838646714,11.11102251932364
RR,22.35,6,8892,79924,11.125569290826284,11.111819845410873
RR,22.35,7,8879,79924,11.109303838646714,11.11102251932364
RR,22.35,8,8879,79924,11.109303838646714,11.11102251932364
RR,22.35,9,8879,79924,11.109303838646714,11.11102251932364
RR,22.450000000000003,1,11024,99216,11.11111111111111,11.112720117397979
RR,22.450000000000003,2,11024,99216,11.11111111111111,11.108739542602978
RR,22.450000000000003,3,11024,99216,11.11111111111111,11.108739542602978
RR,22.450000000000003,4,11024,99216,11.11111111111111,11.108739542602978
RR,22.450000000000003,5,11024,99216,11.11111111111111,11.108739542602978
RR,22.450000000000003,6,11024,99216,11.11111111111111,11.114161359996167
RR,22.450000000000003,7,11024,99216,11.11111111111111,11.112720117397979
RR,22.450000000000003,8,11024,99216,11.11111111111111,11.112720117397979
RR,22.450000000000003,9,11024,99216,11.11111111111111,11.112720117397979
RR,22.55,1,12103,108862,11.117745402436112,11.113322541552776
RR,22.55,2,12090,108862,11.10580367805111,11.109341966757777
RR,22.55,3,12090,108862,11.10580367805111,11.109341966757777
RR,22.55,4,12090,108862,11.10580367805111,11.109341966757777
RR,22.55,5,12090,108862,11.10580367805111,11.109341966757777
RR,22.55,6,12090,108862,11.10580367805111,11.109341966757777
RR,22.55,7,12103,108862,11.117745402436112,11.113322541552778
RR,22.55,8,12103,108862,11.117745402436112,11.113322541552778
RR,22.55,9,12103,108862,11.117745402436112,11.113322541552778
RR,22.650000000000002,1,9646,86814,11.11111111111111,11.110961690135325
RR,22.650000000000002,2,9646,86814,11.11111111111111,11.111230647891743
RR,22.650000000000002,3,9646,86814,11.11111111111111,11.11123064789174
RR,22.650000000000002,4,9646,86814,11.11111111111111,11.111230647891743
RR,22.650000000000002,5,9646,86814,11.11111111111111,11.11123064789174
RR,22.650000000000002,6,9646,86814,11.11111111111111,11.111230647891743
RR,22.650000000000002,7,9646,86814,11.11111111111111,11.110961690135321
RR,22.650000000000002,8,9646,86814,11.11111111111111,11.110961690135321
RR,22.650000000000002,9,9646,86814,11.11111111111111,11.110961690135321
RR,22.75,1,11323,101972,11.104028556858745,11.107766017412578
RR,22.75,2,11336,101972,11.116777154513004,11.112015549963997
RR,22.75,3,11336,101972,11.116777154513004,11.112015549963994
RR,22.75,4,11336,101972,11.116777154513004,11.112015549963997
RR,22.75,5,11336,101972,11.116777154513004,11.112015549963994
RR,22.75,6,11336,101972,11.116777154513004,11.112015549963997
RR,22.75,7,11323,101972,11.104028556858745,11.112195107677435
RR,22.75,8,11323,101972,11.104028556858745,11.107766017412574
RR,22.75,9,11323,101972,11.104028556858745,11.112195107677435
RR,22.85,1,10868,97838,11.108158384267872,11.108618227192537
RR,22.85,2,10868,97838,11.108158384267872,11.112867759743954
RR,22.85,3,10868,97838,11.108158384267872,11.112867759743956
RR,22.85,4,10868,97838,11.108158384267872,11.112867759743954
RR,22.85,5,10868,97838,11.108158384267872,11.112867759743956
RR,22.85,6,10868,97838,11.108158384267872,11.112867759743954
RR,22.85,7,10881,97838,11.12144565506245,11.109212373447578
RR,22.85,8,10868,97838,11.108158384267872,11.108618227192537
RR,22.85,9,10881,97838,11.12144565506245,11.109212373447578
RR,22.950000000000003,1,12558,112996,11.113667740450989,11.11183128838995
RR,22.950000000000003,2,12558,112996,11.113667740450989,11.11183128838995
RR,22.950000000000003,3,12558,112996,11.113667740450989,11.11183128838995
RR,22.950000000000003,4,12558,112996,11.113667740450989,11.11183128838995
RR,22.950000000000003,5,12558,112996,11.113667740450989,11.107996344380133
RR,22.950000000000003,6,12558,112996,11.113667740450989,11.107996344380133
RR,22.950000000000003,7,12545,112996,11.102162908421537,11.112425434644992
RR,22.950000000000003,8,12558,112996,11.113667740450989,11.11183128838995
RR,22.950000000000003,9,12545,112996,11.102162908421537,11.112425434644992
RR,23.05,1,12558,112996,11.113667740450989,11.110976551672168
RR,23.05,2,12558,112996,11.113667740450989,11.110976551672168
RR,23.05,3,12558,112996,11.113667740450989,11.110976551672168
RR,23.05,4,12558,112996,11.113667740450989,11.110976551672168
RR,23.05,5,12545,112996,11.102162908421537,11.112658544658933
RR,23.05,6,12545,112996,11.102162908421537,11.112658544658933
RR,23.05,7,12558,112996,11.113667740450989,11.112658544658933
RR,23.05,8,12558,112996,11.113667740450989,11.110976551672168
RR,23.05,9,12558,112996,11.113667740450989,11.107141607662351
RR,23.150000000000002,1,8723,78546,11.10559417411453,11.11012434189221
RR,23.150000000000002,2,8723,78546,11.10559417411453,11.110124341892211
RR,23.150000000000002,3,8723,78546,11.10559417411453,11.110124341892211
RR,23.150000000000002,4,8723,78546,11.10559417411453,11.110124341892211
RR,23.150000000000002,5,8736,78546,11.12214498510427,11.111806334878972
RR,23.150000000000002,6,8736,78546,11.12214498510427,11.111806334878972
RR,23.150000000000002,7,8736,78546,11.12214498510427,11.11564127888879
RR,23.150000000000002,8,8723,78546,11.10559417411453,11.110124341892211
RR,23.150000000000002,9,8723,78546,11.10559417411453,11.110124341892211
RR,23.25,1,12402,111618,11.11111111111111,11.110229408851383
RR,23.25,2,12402,111618,11.11111111111111,11.110229408851382
RR,23.25,3,12402,111618,11.11111111111111,11.110229408851382
RR,23.25,4,12402,111618,11.11111111111111,11.110229408851382
RR,23.25,5,12402,111618,11.11111111111111,11.115746345847962
RR,23.25,6,12402,111618,11.11111111111111,11.111438600521867
RR,23.25,7,12402,111618,11.11111111111111,11.111438600521867
RR,23.25,8,12402,111618,11.11111111111111,11.110229408851382
RR,23.25,9,12402,111618,11.11111111111111,11.110229408851382
RR,23.35,1,11180,100594,11.113982941328509,11.111465963695444
RR,23.35,2,11180,100594,11.113982941328509,11.111465963695444
RR,23.35,3,11180,100594,11.113982941328509,11.111465963695444
RR,23.35,4,11180,100594,11.113982941328509,11.111465963695444
RR,23.35,5,11180,100594,11.113982941328509,11.111465963695444
RR,23.35,6,11167,100594,11.10105970535022,11.112580035762539
RR,23.35,7,11167,100594,11.10105970535022,11.107158218369348
RR,23.35,8,11180,100594,11.113982941328509,11.111465963695444
RR,23.35,9,11180,100594,11.113982941328509,11.111465963695444
RR,23.450000000000003,1,8879,79924,11.109303838646714,11.111465963695444
RR,23.450000000000003,2,8879,79924,11.109303838646714,11.111465963695444
RR,23.450000000000003,3,8879,79924,11.109303838646714,11.111465963695444
RR,23.450000000000003,4,8879,79924,11.109303838646714,11.111465963695444
RR,23.450000000000003,5,8879,79924,11.109303838646714,11.111465963695444
RR,23.450000000000003,6,8892,79924,11.125569290826284,11.112580035762539
RR,23.450000000000003,7,8879,79924,11.109303838646714,11.10715821836935
RR,23.450000000000003,8,8879,79924,11.109303838646714,11.111465963695444
RR,23.450000000000003,9,8879,79924,11.109303838646714,11.111465963695444
RR,23.55,1,8268,74412,11.11111111111111,11.11050868695631
RR,23.55,2,8268,74412,11.11111111111111,11.110508686956313
RR,23.55,3,8268,74412,11.11111111111111,11.110508686956313
RR,23.55,4,8268,74412,11.11111111111111,11.110508686956313
RR,23.55,5,8268,74412,11.11111111111111,11.110508686956313
RR,23.55,6,8268,74412,11.11111111111111,11.115930504349501
RR,23.55,7,8268,74412,11.11111111111111,11.11050868695631
RR,23.55,8,8268,74412,11.11111111111111,11.110508686956313
RR,23.55,9,8268,74412,11.11111111111111,11.110508686956313
RR,23.650000000000002,1,9646,86814,11.11111111111111,11.113166440580423
RR,23.650000000000002,2,9646,86814,11.11111111111111,11.113166440580423
RR,23.650000000000002,3,9646,86814,11.11111111111111,11.107000452172484
RR,23.650000000000002,4,9646,86814,11.11111111111111,11.113166440580423
RR,23.650000000000002,5,9646,86814,11.11111111111111,11.107000452172484
RR,23.650000000000002,6,9646,86814,11.11111111111111,11.107000452172484
RR,23.650000000000002,7,9646,86814,11.11111111111111,11.113166440580423
RR,23.650000000000002,8,9646,86814,11.11111111111111,11.113166440580423
RR,23.650000000000002,9,9646,86814,11.11111111111111,11.113166440580423
RR,23.75,1,7813,70278,11.117277099519052,11.111327461581565
RR,23.75,2,7813,70278,11.117277099519052,11.111327461581565
RR,23.75,3,7800,70278,11.098779134295228,11.110678410170204
RR,23.75,4,7813,70278,11.117277099519052,11.111327461581565
RR,23.75,5,7800,70278,11.098779134295228,11.110678410170204
RR,23.75,6,7800,70278,11.098779134295228,11.110678410170204
RR,23.75,7,7813,70278,11.117277099519052,11.111327461581565
RR,23.75,8,7813,70278,11.117277099519052,11.111327461581565
RR,23.75,9,7813,70278,11.117277099519052,11.111327461581565
RR,23.85,1,8723,78546,11.10559417411453,11.113823218794304
RR,23.85,2,8723,78546,11.10559417411453,11.113823218794304
RR,23.85,3,8736,78546,11.12214498510427,11.10755871365428
RR,23.85,4,8723,78546,11.10559417411453,11.108207765065643
RR,23.85,5,8736,78546,11.12214498510427,11.10755871365428
RR,23.85,6,8736,78546,11.12214498510427,11.10755871365428
RR,23.85,7,8723,78546,11.10559417411453,11.113823218794304
RR,23.85,8,8723,78546,11.10559417411453,11.113823218794304
RR,23.85,9,8723,78546,11.10559417411453,11.113823218794304
RR,23.950000000000003,1,8580,77168,11.118598382749326,11.10732090374593
RR,23.950000000000003,2,8580,77168,11.118598382749326,11.10732090374593
RR,23.950000000000003,3,8567,77168,11.101752021563343,11.11293993990121
RR,23.950000000000003,4,8567,77168,11.101752021563343,11.107423002904632
RR,23.950000000000003,5,8567,77168,11.101752021563343,11.11293993990121
RR,23.950000000000003,6,8567,77168,11.101752021563343,11.11293993990121
RR,23.950000000000003,7,8580,77168,11.118598382749326,11.113038456633292
RR,23.950000000000003,8,8580,77168,11.118598382749326,11.113038456633292
RR,23.950000000000003,9,8580,77168,11.118598382749326,11.113038456633292
RR,24.05,1,8411,75790,11.097770154373928,11.109752096320692
RR,24.05,2,8411,75790,11.097770154373928,11.109752096320692
RR,24.05,3,8424,75790,11.11492281303602,11.109854195479395
RR,24.05,4,8424,75790,11.11492281303602,11.109854195479395
RR,24.05,5,8424,75790,11.11492281303602,11.109854195479395
RR,24.05,6,8424,75790,11.11492281303602,11.109854195479395
RR,24.05,7,8424,75790,11.11492281303602,11.115469649208057
RR,24.05,8,8424,75790,11.11492281303602,11.11013972702492
RR,24.05,9,8424,75790,11.11492281303602,11.115469649208057
RR,24.150000000000002,1,9035,81302,11.112887751838823,11.106653914953156
RR,24.150000000000002,2,9035,81302,11.112887751838823,11.106653914953155
RR,24.150000000000002,3,9035,81302,11.112887751838823,11.112371467840518
RR,24.150000000000002,4,9035,81302,11.112887751838823,11.112371467840518
RR,24.150000000000002,5,9035,81302,11.112887751838823,11.112371467840518
RR,24.150000000000002,6,9035,81302,11.112887751838823,11.112371467840518
RR,24.150000000000002,7,9035,81302,11.112887751838823,11.11237146784052
RR,24.150000000000002,8,9022,81302,11.096897985289415,11.112463363050573
RR,24.150000000000002,9,9035,81302,11.112887751838823,11.112371467840518
RR,24.25,1,8879,79924,11.109303838646714,11.114545748515996
RR,24.25,2,8879,79924,11.109303838646714,11.114545748515996
RR,24.25,3,8879,79924,11.109303838646714,11.110116658251137
RR,24.25,4,8879,79924,11.109303838646714,11.110116658251137
RR,24.25,5,8879,79924,11.109303838646714,11.110116658251137
RR,24.25,6,8879,79924,11.109303838646714,11.110116658251137
RR,24.25,7,8879,79924,11.109303838646714,11.110116658251135
RR,24.25,8,8892,79924,11.125569290826284,11.110208553461192
RR,24.25,9,8879,79924,11.109303838646714,11.110116658251137
RR,24.35,1,10881,97838,11.12144565506245,11.113432033432952
RR,24.35,2,10881,97838,11.12144565506245,11.113432033432952
RR,24.35,3,10868,97838,11.108158384267872,11.109002943168093
RR,24.35,4,10868,97838,11.108158384267872,11.113696456732347
RR,24.35,5,10868,97838,11.108158384267872,11.109002943168093
RR,24.35,6,10868,97838,11.108158384267872,11.109002943168093
RR,24.35,7,10868,97838,11.108158384267872,11.109002943168093
RR,24.35,8,10868,97838,11.108158384267872,11.114424760561283
RR,24.35,9,10868,97838,11.108158384267872,11.109002943168093
RR,24.450000000000003,1,10257,92326,11.109546606589692,11.112446248452372
RR,24.450000000000003,2,10257,92326,11.109546606589692,11.112446248452372
RR,24.450000000000003,3,10257,92326,11.109546606589692,11.112781785593649
RR,24.450000000000003,4,10270,92326,11.123627147282455,11.112710671751769
RR,24.450000000000003,5,10257,92326,11.109546606589692,11.112781785593649
RR,24.450000000000003,6,10257,92326,11.109546606589692,11.112781785593649
RR,24.450000000000003,7,10257,92326,11.109546606589692,11.108017158187513
RR,24.450000000000003,8,10257,92326,11.109546606589692,11.108017158187513
RR,24.450000000000003,9,10257,92326,11.109546606589692,11.108017158187513
RR,24.55,1,10101,90948,11.106346483704975,11.107413191333213
RR,24.55,2,10101,90948,11.106346483704975,11.107413191333213
RR,24.55,3,10114,90948,11.120640365923386,11.11217781873935
RR,24.55,4,10101,90948,11.106346483704975,11.112106704897469
RR,24.55,5,10114,90948,11.120640365923386,11.11217781873935
RR,24.55,6,10114,90948,11.120640365923386,11.11217781873935
RR,24.55,7,10101,90948,11.106346483704975,11.11217781873935
RR,24.55,8,10101,90948,11.106346483704975,11.11217781873935
RR,24.55,9,10101,90948,11.106346483704975,11.11217781873935
RR,24.650000000000002,1,10101,90948,11.106346483704975,11.108891969579487
RR,24.650000000000002,2,10101,90948,11.106346483704975,11.108891969579487
RR,24.650000000000002,3,10101,90948,11.106346483704975,11.113656596985622
RR,24.650000000000002,4,10101,90948,11.106346483704975,11.108891969579487
RR,24.650000000000002,5,10101,90948,11.106346483704975,11.113656596985622
RR,24.650000000000002,6,10101,90948,11.106346483704975,11.113656596985622
RR,24.650000000000002,7,10114,90948,11.120640365923386,11.113656596985622
RR,24.650000000000002,8,10114,90948,11.120640365923386,11.109348851659528
RR,24.650000000000002,9,10114,90948,11.120640365923386,11.109348851659528
RR,24.75,1,11180,100594,11.113982941328509,11.111999335279142
RR,24.75,2,11180,100594,11.113982941328509,11.111999335279142
RR,24.75,3,11180,100594,11.113982941328509,11.111999335279142
RR,24.75,4,11180,100594,11.113982941328509,11.111999335279139
RR,24.75,5,11180,100594,11.113982941328509,11.107441865586315
RR,24.75,6,11180,100594,11.113982941328509,11.107441865586315
RR,24.75,7,11180,100594,11.113982941328509,11.112206492992451
RR,24.75,8,11167,100594,11.10105970535022,11.112456217359181
RR,24.75,9,11167,100594,11.10105970535022,11.112456217359181
RR,24.85,1,10569,95082,11.115668580803938,11.111226692997064
RR,24.85,2,10569,95082,11.115668580803938,11.111226692997064
RR,24.85,3,10569,95082,11.115668580803938,11.111226692997064
RR,24.85,4,10569,95082,11.115668580803938,11.111226692997064
RR,24.85,5,10556,95082,11.101996171725458,11.110918755855657
RR,24.85,6,10556,95082,11.101996171725458,11.110918755855657
RR,24.85,7,10556,95082,11.101996171725458,11.110918755855657
RR,24.85,8,10569,95082,11.115668580803938,11.111168480222387
RR,24.85,9,10569,95082,11.115668580803938,11.11116848022239
RR,24.950000000000003,1,11323,101972,11.104028556858745,11.11026941625793
RR,24.950000000000003,2,11323,101972,11.104028556858745,11.11026941625793
RR,24.950000000000003,3,11323,101972,11.104028556858745,11.11026941625793
RR,24.950000000000003,4,11323,101972,11.104028556858745,11.11026941625793
RR,24.950000000000003,5,11336,101972,11.116777154513004,11.109961479116526
RR,24.950000000000003,6,11336,101972,11.116777154513004,11.109961479116526
RR,24.950000000000003,7,11336,101972,11.116777154513004,11.109961479116526
RR,24.950000000000003,8,11336,101972,11.116777154513004,11.11451894880935
RR,24.950000000000003,9,11336,101972,11.116777154513004,11.11451894880935
RR,25.05,1,8268,74412,11.11111111111111,11.109449071713222
RR,25.05,2,8268,74412,11.11111111111111,11.109449071713222
RR,25.05,3,8268,74412,11.11111111111111,11.109449071713222
RR,25.05,4,8268,74412,11.11111111111111,11.109449071713223
RR,25.05,5,8268,74412,11.11111111111111,11.113698604264641
RR,25.05,6,8268,74412,11.11111111111111,11.113698604264641
RR,25.05,7,8268,74412,11.11111111111111,11.113698604264641
RR,25.05,8,8268,74412,11.11111111111111,11.10740929608854
RR,25.05,9,8268,74412,11.11111111111111,11.113698604264641
RR,25.150000000000002,1,7657,68900,11.11320754716981,11.114783591299046
RR,25.150000000000002,2,7657,68900,11.11320754716981,11.114783591299046
RR,25.150000000000002,3,7657,68900,11.11320754716981,11.114783591299046
RR,25.150000000000002,4,7657,68900,11.11320754716981,11.114783591299046
RR,25.150000000000002,5,7657,68900,11.11320754716981,11.108092837920216
RR,25.150000000000002,6,7657,68900,11.11320754716981,11.108092837920216
RR,25.150000000000002,7,7657,68900,11.11320754716981,11.108092837920216
RR,25.150000000000002,8,7644,68900,11.09433962264151,11.108494283122946
RR,25.150000000000002,9,7657,68900,11.11320754716981,11.108092837920216
RR,25.25,1,7202,64766,11.120032115616219,11.113656475138455
RR,25.25,2,7202,64766,11.120032115616219,11.113656475138455
RR,25.25,3,7202,64766,11.120032115616219,11.113656475138455
RR,25.25,4,7202,64766,11.120032115616219,11.113656475138455
RR,25.25,5,7189,64766,11.099959855479726,11.112037744482286
RR,25.25,6,7189,64766,11.099959855479726,11.112037744482286
RR,25.25,7,7189,64766,11.099959855479726,11.106965721759623
RR,25.25,8,7202,64766,11.120032115616219,11.107367166962355
RR,25.25,9,7189,64766,11.099959855479726,11.106965721759623
RR,25.35,1,9490,85436,11.107729762629337,11.11391493985802
RR,25.35,2,9490,85436,11.107729762629337,11.113914939858022
RR,25.35,3,9490,85436,11.107729762629337,11.11391493985802
RR,25.35,4,9490,85436,11.107729762629337,11.11391493985802
RR,25.35,5,9503,85436,11.122945830797322,11.107988463875756
RR,25.35,6,9503,85436,11.122945830797322,11.107988463875756
RR,25.35,7,9490,85436,11.107729762629337,11.107224186479192
RR,25.35,8,9490,85436,11.107729762629337,11.113914939858022
RR,25.35,9,9490,85436,11.107729762629337,11.107224186479192
RR,25.450000000000003,1,11180,100594,11.113982941328509,11.112688301738567
RR,25.450000000000003,2,11180,100594,11.113982941328509,11.107447211591818
RR,25.450000000000003,3,11180,100594,11.113982941328509,11.107447211591818
RR,25.450000000000003,4,11180,100594,11.113982941328509,11.107447211591818
RR,25.450000000000003,5,11167,100594,11.10105970535022,11.113452579135135
RR,25.450000000000003,6,11167,100594,11.10105970535022,11.113452579135135
RR,25.450000000000003,7,11180,100594,11.113982941328509,11.11268830173857
RR,25.450000000000003,8,11180,100594,11.113982941328509,11.11268830173857
RR,25.450000000000003,9,11180,100594,11.113982941328509,11.11268830173857
RR,25.55,1,9191,82680,11.116352201257861,11.109993789667156
RR,25.55,2,9178,82680,11.10062893081761,11.109666221532983
RR,25.55,3,9178,82680,11.10062893081761,11.109666221532983
RR,25.55,4,9178,82680,11.10062893081761,11.109666221532983
RR,25.55,5,9191,82680,11.116352201257861,11.110599566353637
RR,25.55,6,9191,82680,11.116352201257861,11.110599566353637
RR,25.55,7,9191,82680,11.116352201257861,11.114907311679731
RR,25.55,8,9191,82680,11.116352201257861,11.109993789667152
RR,25.55,9,9191,82680,11.116352201257861,11.114907311679731
RR,25.650000000000002,1,9789,88192,11.099646226415095,11.109993789667156
RR,25.650000000000002,2,9802,88192,11.11438679245283,11.109666221532983
RR,25.650000000000002,3,9802,88192,11.11438679245283,11.109666221532983
RR,25.650000000000002,4,9802,88192,11.11438679245283,11.109666221532983
RR,25.650000000000002,5,9802,88192,11.11438679245283,11.114907311679735
RR,25.650000000000002,6,9802,88192,11.11438679245283,11.114907311679735
RR,25.650000000000002,7,9802,88192,11.11438679245283,11.110599566353637
RR,25.650000000000002,8,9789,88192,11.099646226415095,11.109993789667152
RR,25.650000000000002,9,9802,88192,11.11438679245283,11.110599566353637
RR,25.75,1,11180,100594,11.113982941328509,11.107373244593779
RR,25.75,2,11180,100594,11.113982941328509,11.11228676660636
RR,25.75,3,11180,100594,11.113982941328509,11.112286766606358
RR,25.75,4,11180,100594,11.113982941328509,11.112286766606358
RR,25.75,5,11180,100594,11.113982941328509,11.112286766606358
RR,25.75,6,11180,100594,11.113982941328509,11.112286766606358
RR,25.75,7,11167,100594,11.10105970535022,11.115840656500387
RR,25.75,8,11180,100594,11.113982941328509,11.107373244593779
RR,25.75,9,11167,100594,11.10105970535022,11.107979021280263
RR,25.85,1,6123,55120,11.108490566037736,11.109606663690405
RR,25.85,2,6123,55120,11.108490566037736,11.109606663690405
RR,25.85,3,6123,55120,11.108490566037736,11.109606663690407
RR,25.85,4,6123,55120,11.108490566037736,11.109606663690407
RR,25.85,5,6123,55120,11.108490566037736,11.109606663690407
RR,25.85,6,6123,55120,11.108490566037736,11.109606663690407
RR,25.85,7,6136,55120,11.132075471698114,11.113160553584436
RR,25.85,8,6123,55120,11.108490566037736,11.116753604799612
RR,25.85,9,6123,55120,11.108490566037736,11.112445859473516
RR,25.950000000000003,1,6734,60632,11.106346483704975,11.109241600527177
RR,25.950000000000003,2,6734,60632,11.106346483704975,11.109241600527177
RR,25.950000000000003,3,6734,60632,11.106346483704975,11.109241600527177
RR,25.950000000000003,4,6734,60632,11.106346483704975,11.109241600527177
RR,25.950000000000003,5,6734,60632,11.106346483704975,11.109241600527177
RR,25.950000000000003,6,6734,60632,11.106346483704975,11.109241600527177
RR,25.950000000000003,7,6734,60632,11.106346483704975,11.117103235747303
RR,25.950000000000003,8,6747,60632,11.12778730703259,11.111058619453246
RR,25.950000000000003,9,6747,60632,11.12778730703259,11.116388541636383
RR,26.05,1,9035,81302,11.112887751838823,11.114729911907267
RR,26.05,2,9035,81302,11.112887751838823,11.108796602307171
RR,26.05,3,9035,81302,11.112887751838823,11.108796602307171
RR,26.05,4,9035,81302,11.112887751838823,11.108796602307171
RR,26.05,5,9035,81302,11.112887751838823,11.108796602307171
RR,26.05,6,9035,81302,11.112887751838823,11.108796602307171
RR,26.05,7,9035,81302,11.112887751838823,11.108796602307171
RR,26.05,8,9022,81302,11.096897985289415,11.116546930833332
RR,26.05,9,9035,81302,11.112887751838823,11.115943543416376
RR,26.150000000000002,1,8125,73034,11.124955500177999,11.11072762488611
RR,26.150000000000002,2,8112,73034,11.107155571377714,11.111083623462116
RR,26.150000000000002,3,8112,73034,11.107155571377714,11.111083623462115
RR,26.150000000000002,4,8112,73034,11.107155571377714,11.111083623462115
RR,26.150000000000002,5,8112,73034,11.107155571377714,11.111083623462115
RR,26.150000000000002,6,8112,73034,11.107155571377714,11.111083623462115
RR,26.150000000000002,7,8112,73034,11.107155571377714,11.111083623462116
RR,26.150000000000002,8,8125,73034,11.124955500177999,11.111687010879075
RR,26.150000000000002,9,8112,73034,11.107155571377714,11.111083623462115
RR,26.25,1,7644,68900,11.09433962264151,11.113580259293988
RR,26.25,2,7657,68900,11.11320754716981,11.113936257869993
RR,26.25,3,7657,68900,11.11320754716981,11.109507167605132
RR,26.25,4,7657,68900,11.11320754716981,11.109507167605132
RR,26.25,5,7657,68900,11.11320754716981,11.109507167605132
RR,26.25,6,7657,68900,11.11320754716981,11.109507167605132
RR,26.25,7,7657,68900,11.11320754716981,11.109507167605132
RR,26.25,8,7657,68900,11.11320754716981,11.115440477205226
RR,26.25,9,7657,68900,11.11320754716981,11.109507167605132
RR,26.35,1,10881,97838,11.12144565506245,11.105143834706352
RR,26.35,2,10881,97838,11.12144565506245,11.111433142882452
RR,26.35,3,10868,97838,11.108158384267872,11.11191757463017
RR,26.35,4,10868,97838,11.108158384267872,11.11191757463017
RR,26.35,5,10868,97838,11.108158384267872,11.11191757463017
RR,26.35,6,10868,97838,11.108158384267872,11.11191757463017
RR,26.35,7,10868,97838,11.108158384267872,11.111917574630171
RR,26.35,8,10868,97838,11.108158384267872,11.111917574630171
RR,26.35,9,10868,97838,11.108158384267872,11.11191757463017
RR,26.450000000000003,1,9789,88192,11.099646226415095,11.113230088075623
RR,26.450000000000003,2,9789,88192,11.099646226415095,11.113230088075625
RR,26.450000000000003,3,9802,88192,11.11438679245283,11.113714519823342
RR,26.450000000000003,4,9802,88192,11.11438679245283,11.113714519823342
RR,26.450000000000003,5,9802,88192,11.11438679245283,11.109222156840415
RR,26.450000000000003,6,9802,88192,11.11438679245283,11.109222156840415
RR,26.450000000000003,7,9802,88192,11.11438679245283,11.109222156840415
RR,26.450000000000003,8,9802,88192,11.11438679245283,11.109222156840415
RR,26.450000000000003,9,9802,88192,11.11438679245283,11.109222156840415
RR,26.55,1,10725,96460,11.118598382749326,11.10838761605271
RR,26.55,2,10725,96460,11.118598382749326,11.10838761605271
RR,26.55,3,10725,96460,11.118598382749326,11.113301138065289
RR,26.55,4,10725,96460,11.118598382749326,11.113301138065289
RR,26.55,5,10712,96460,11.10512129380054,11.113001647199761
RR,26.55,6,10712,96460,11.10512129380054,11.113001647199761
RR,26.55,7,10712,96460,11.10512129380054,11.11300164719976
RR,26.55,8,10712,96460,11.10512129380054,11.108808775082359
RR,26.55,9,10712,96460,11.10512129380054,11.10880877508236
RR,26.650000000000002,1,11479,103350,11.10691823899371,11.113166521023848
RR,26.650000000000002,2,11479,103350,11.10691823899371,11.113166521023848
RR,26.650000000000002,3,11479,103350,11.10691823899371,11.113166521023848
RR,26.650000000000002,4,11479,103350,11.10691823899371,11.113166521023848
RR,26.650000000000002,5,11492,103350,11.119496855345911,11.11286703015832
RR,26.650000000000002,6,11492,103350,11.119496855345911,11.108559284832225
RR,26.650000000000002,7,11492,103350,11.119496855345911,11.108559284832225
RR,26.650000000000002,8,11479,103350,11.10691823899371,11.10867415804092
RR,26.650000000000002,9,11479,103350,11.10691823899371,11.10867415804092
RR,26.75,1,11180,100594,11.113982941328509,11.110211019061396
RR,26.75,2,11180,100594,11.113982941328509,11.110211019061396
RR,26.75,3,11180,100594,11.113982941328509,11.110211019061396
RR,26.75,4,11180,100594,11.113982941328509,11.110211019061396
RR,26.75,5,11180,100594,11.113982941328509,11.114403891178796
RR,26.75,6,11167,100594,11.10105970535022,11.114233848600135
RR,26.75,7,11167,100594,11.10105970535022,11.1100961458527
RR,26.75,8,11180,100594,11.113982941328509,11.110211019061396
RR,26.75,9,11180,100594,11.113982941328509,11.110211019061396
RR,26.85,1,11635,104728,11.109731876861966,11.112700536881102
RR,26.85,2,11635,104728,11.109731876861966,11.112700536881102
RR,26.85,3,11635,104728,11.109731876861966,11.112700536881102
RR,26.85,4,11635,104728,11.109731876861966,11.112700536881102
RR,26.85,5,11635,104728,11.109731876861966,11.107787014868522
RR,26.85,6,11648,104728,11.12214498510427,11.107616972289861
RR,26.85,7,11635,104728,11.109731876861966,11.108392791555005
RR,26.85,8,11635,104728,11.109731876861966,11.112700536881102
RR,26.85,9,11635,104728,11.109731876861966,11.112700536881102
RR,26.950000000000003,1,9802,88192,11.11438679245283,11.108026174931508
RR,26.950000000000003,2,9802,88192,11.11438679245283,11.108026174931508
RR,26.950000000000003,3,9802,88192,11.11438679245283,11.108026174931508
RR,26.950000000000003,4,9802,88192,11.11438679245283,11.108026174931508
RR,26.950000000000003,5,9789,88192,11.099646226415095,11.10980340629776
RR,26.950000000000003,6,9789,88192,11.099646226415095,11.113941109045195
RR,26.950000000000003,7,9802,88192,11.11438679245283,11.114716928310338
RR,26.950000000000003,8,9802,88192,11.11438679245283,11.114716928310338
RR,26.950000000000003,9,9802,88192,11.11438679245283,11.114716928310338
RR,27.05,1,7189,64766,11.099959855479726,11.110005076245498
RR,27.05,2,7189,64766,11.099959855479726,11.1100050762455
RR,27.05,3,7189,64766,11.099959855479726,11.1100050762455
RR,27.05,4,7189,64766,11.099959855479726,11.1100050762455
RR,27.05,5,7202,64766,11.120032115616219,11.111782307611753
RR,27.05,6,7202,64766,11.120032115616219,11.11178230761175
RR,27.05,7,7202,64766,11.120032115616219,11.116695829624328
RR,27.05,8,7202,64766,11.120032115616219,11.109859625085088
RR,27.05,9,7202,64766,11.120032115616219,11.109859625085088
RR,27.150000000000002,1,7046,63388,11.115668580803938,11.110801863598889
RR,27.150000000000002,2,7046,63388,11.115668580803938,11.110801863598889
RR,27.150000000000002,3,7046,63388,11.115668580803938,11.10655233104747
RR,27.150000000000002,4,7046,63388,11.115668580803938,11.110801863598889
RR,27.150000000000002,5,7046,63388,11.115668580803938,11.113243084426301
RR,27.150000000000002,6,7046,63388,11.115668580803938,11.113243084426301
RR,27.150000000000002,7,7046,63388,11.115668580803938,11.113243084426301
RR,27.150000000000002,8,7033,63388,11.095159967186218,11.11065641243848
RR,27.150000000000002,9,7033,63388,11.095159967186218,11.11065641243848
RR,27.25,1,11336,101972,11.116777154513004,11.115476225548484
RR,27.25,2,11336,101972,11.116777154513004,11.111168480222387
RR,27.25,3,11323,101972,11.104028556858745,11.111226692997064
RR,27.25,4,11336,101972,11.116777154513004,11.111168480222387
RR,27.25,5,11323,101972,11.104028556858745,11.111226692997064
RR,27.25,6,11323,101972,11.104028556858745,11.111226692997064
RR,27.25,7,11323,101972,11.104028556858745,11.111226692997064
RR,27.25,8,11336,101972,11.116777154513004,11.108640021009244
RR,27.25,9,11336,101972,11.116777154513004,11.108640021009244
RR,27.35,1,11180,100594,11.113982941328509,11.113354644829409
RR,27.35,2,11167,100594,11.10105970535022,11.114468716896504
RR,27.35,3,11180,100594,11.113982941328509,11.10910511227799
RR,27.35,4,11167,100594,11.10105970535022,11.109046899503312
RR,27.35,5,11180,100594,11.113982941328509,11.10910511227799
RR,27.35,6,11180,100594,11.113982941328509,11.10910511227799
RR,27.35,7,11180,100594,11.113982941328509,11.10910511227799
RR,27.35,8,11180,100594,11.113982941328509,11.113354644829409
RR,27.35,9,11180,100594,11.113982941328509,11.113354644829409
RR,27.450000000000003,1,8879,79924,11.109303838646714,11.109174776746045
RR,27.450000000000003,2,8892,79924,11.125569290826284,11.110288848813141
RR,27.450000000000003,3,8879,79924,11.109303838646714,11.114329947382194
RR,27.450000000000003,4,8879,79924,11.109303838646714,11.110022202056099
RR,27.450000000000003,5,8879,79924,11.109303838646714,11.114329947382194
RR,27.450000000000003,6,8879,79924,11.109303838646714,11.114329947382194
RR,27.450000000000003,7,8879,79924,11.109303838646714,11.109174776746045
RR,27.450000000000003,8,8879,79924,11.109303838646714,11.109174776746045
RR,27.450000000000003,9,8879,79924,11.109303838646714,11.109174776746045
RR,27.55,1,9334,84058,11.104237550262914,11.109736656571188
RR,27.55,2,9334,84058,11.104237550262914,11.115158473964378
RR,27.55,3,9347,84058,11.119703062171357,11.114891827207337
RR,27.55,4,9347,84058,11.119703062171357,11.114891827207336
RR,27.55,5,9347,84058,11.119703062171357,11.108055622668097
RR,27.55,6,9347,84058,11.119703062171357,11.108055622668097
RR,27.55,7,9334,84058,11.104237550262914,11.109736656571188
RR,27.55,8,9334,84058,11.104237550262914,11.109736656571188
RR,27.55,9,9334,84058,11.104237550262914,11.109736656571188
RR,27.650000000000002,1,7046,63388,11.115668580803938,11.108500101727126
RR,27.650000000000002,2,7046,63388,11.115668580803938,11.108500101727126
RR,27.650000000000002,3,7046,63388,11.115668580803938,11.113655272363275
RR,27.650000000000002,4,7046,63388,11.115668580803938,11.113655272363275
RR,27.650000000000002,5,7033,63388,11.095159967186218,11.112336004820614
RR,27.650000000000002,6,7033,63388,11.095159967186218,11.112336004820614
RR,27.650000000000002,7,7046,63388,11.115668580803938,11.114017038723707
RR,27.650000000000002,8,7046,63388,11.115668580803938,11.108500101727126
RR,27.650000000000002,9,7046,63388,11.115668580803938,11.108500101727126
RR,27.75,1,8723,78546,11.10559417411453,11.110269787169386
RR,27.75,2,8723,78546,11.10559417411453,11.110269787169386
RR,27.75,3,8723,78546,11.10559417411453,11.110269787169386
RR,27.75,4,8723,78546,11.10559417411453,11.110269787169386
RR,27.75,5,8736,78546,11.12214498510427,11.108950519626726
RR,27.75,6,8736,78546,11.12214498510427,11.108950519626726
RR,27.75,7,8736,78546,11.12214498510427,11.115786724165966
RR,27.75,8,8723,78546,11.10559417411453,11.110269787169386
RR,27.75,9,8723,78546,11.10559417411453,11.114963300733642
RR,27.85,1,10257,92326,11.109546606589692,11.111545878683378
RR,27.85,2,10257,92326,11.109546606589692,11.111545878683378
RR,27.85,3,10257,92326,11.109546606589692,11.107353006565978
RR,27.85,4,10257,92326,11.109546606589692,11.107353006565978
RR,27.85,5,10257,92326,11.109546606589692,11.112869943562558
RR,27.85,6,10257,92326,11.109546606589692,11.112869943562558
RR,27.85,7,10257,92326,11.109546606589692,11.112869943562558
RR,27.85,8,10257,92326,11.109546606589692,11.111545878683378
RR,27.85,9,10270,92326,11.123627147282455,11.112046520130233
RR,27.950000000000003,1,11492,103350,11.119496855345911,11.11251134265778
RR,27.950000000000003,2,11492,103350,11.119496855345911,11.11251134265778
RR,27.950000000000003,3,11479,103350,11.10691823899371,11.112249288150442
RR,27.950000000000003,4,11479,103350,11.10691823899371,11.112249288150442
RR,27.950000000000003,5,11479,103350,11.10691823899371,11.10831847054038
RR,27.950000000000003,6,11479,103350,11.10691823899371,11.108318470540377
RR,27.950000000000003,7,11479,103350,11.10691823899371,11.10831847054038
RR,27.950000000000003,8,11492,103350,11.119496855345911,11.11251134265778
RR,27.950000000000003,9,11479,103350,11.10691823899371,11.113011984104636
RR,28.05,1,12246,110240,11.108490566037736,11.11215932914046
RR,28.05,2,12246,110240,11.108490566037736,11.11215932914046
RR,28.05,3,12259,110240,11.120283018867925,11.111897274633122
RR,28.05,4,12259,110240,11.120283018867925,11.111897274633122
RR,28.05,5,12246,110240,11.108490566037736,11.111897274633122
RR,28.05,6,12246,110240,11.108490566037736,11.111897274633124
RR,28.05,7,12246,110240,11.108490566037736,11.10796645702306
RR,28.05,8,12246,110240,11.108490566037736,11.11215932914046
RR,28.05,9,12246,110240,11.108490566037736,11.10796645702306
RR,28.150000000000002,1,12246,110240,11.108490566037736,11.108761656907395
RR,28.150000000000002,2,12246,110240,11.108490566037736,11.108761656907395
RR,28.150000000000002,3,12246,110240,11.108490566037736,11.11269247451746
RR,28.150000000000002,4,12246,110240,11.108490566037736,11.11269247451746
RR,28.150000000000002,5,12259,110240,11.120283018867925,11.11269247451746
RR,28.150000000000002,6,12259,110240,11.120283018867925,11.112692474517457
RR,28.150000000000002,7,12246,110240,11.108490566037736,11.114183474300583
RR,28.150000000000002,8,12246,110240,11.108490566037736,11.108761656907395
RR,28.150000000000002,9,12246,110240,11.108490566037736,11.108761656907395
RR,28.25,1,8879,79924,11.109303838646714,11.109635171931851
RR,28.25,2,8879,79924,11.109303838646714,11.109635171931854
RR,28.25,3,8879,79924,11.109303838646714,11.109635171931854
RR,28.25,4,8879,79924,11.109303838646714,11.109635171931854
RR,28.25,5,8879,79924,11.109303838646714,11.113565989541916
RR,28.25,6,8879,79924,11.109303838646714,11.113565989541916
RR,28.25,7,8892,79924,11.125569290826284,11.115056989325042
RR,28.25,8,8879,79924,11.109303838646714,11.109635171931851
RR,28.25,9,8879,79924,11.109303838646714,11.109635171931854
RR,28.35,1,6890,62010,11.11111111111111,11.11300444416905
RR,28.35,2,6890,62010,11.11111111111111,11.11300444416905
RR,28.35,3,6890,62010,11.11111111111111,11.10738899044039
RR,28.35,4,6890,62010,11.11111111111111,11.11300444416905
RR,28.35,5,6890,62010,11.11111111111111,11.10738899044039
RR,28.35,6,6890,62010,11.11111111111111,11.10738899044039
RR,28.35,7,6890,62010,11.11111111111111,11.112810807833577
RR,28.35,8,6890,62010,11.11111111111111,11.11300444416905
RR,28.35,9,6890,62010,11.11111111111111,11.11300444416905
RR,28.450000000000003,1,8580,77168,11.118598382749326,11.11161026255366
RR,28.450000000000003,2,8580,77168,11.118598382749326,11.11161026255366
RR,28.450000000000003,3,8567,77168,11.101752021563343,11.110487171807927
RR,28.450000000000003,4,8580,77168,11.118598382749326,11.11161026255366
RR,28.450000000000003,5,8567,77168,11.101752021563343,11.110487171807927
RR,28.450000000000003,6,8567,77168,11.101752021563343,11.110487171807925
RR,28.450000000000003,7,8567,77168,11.101752021563343,11.110487171807927
RR,28.450000000000003,8,8580,77168,11.118598382749326,11.11161026255366
RR,28.450000000000003,9,8580,77168,11.118598382749326,11.11161026255366
RR,28.55,1,10712,96460,11.10512129380054,11.114106019766396
RR,28.55,2,10712,96460,11.10512129380054,11.114106019766396
RR,28.55,3,10725,96460,11.118598382749326,11.107367475292003
RR,28.55,4,10712,96460,11.10512129380054,11.114106019766396
RR,28.55,5,10725,96460,11.118598382749326,11.107367475292003
RR,28.55,6,10725,96460,11.118598382749326,11.107367475292003
RR,28.55,7,10725,96460,11.118598382749326,11.107367475292003
RR,28.55,8,10712,96460,11.10512129380054,11.114106019766396
RR,28.55,9,10712,96460,11.10512129380054,11.114106019766396
RR,28.650000000000002,1,8580,77168,11.118598382749326,11.110022053418282
RR,28.650000000000002,2,8580,77168,11.118598382749326,11.110022053418279
RR,28.650000000000002,3,8567,77168,11.101752021563343,11.116045903781753
RR,28.650000000000002,4,8580,77168,11.118598382749326,11.110022053418282
RR,28.650000000000002,5,8567,77168,11.101752021563343,11.116045903781753
RR,28.650000000000002,6,8567,77168,11.101752021563343,11.108898962672548
RR,28.650000000000002,7,8567,77168,11.101752021563343,11.108898962672548
RR,28.650000000000002,8,8580,77168,11.118598382749326,11.110022053418282
RR,28.650000000000002,9,8580,77168,11.118598382749326,11.110022053418279
RR,28.75,1,6734,60632,11.106346483704975,11.112717471208038
RR,28.75,2,6734,60632,11.106346483704975,11.112717471208038
RR,28.75,3,6747,60632,11.12778730703259,11.11424895858858
RR,28.75,4,6734,60632,11.106346483704975,11.112717471208038
RR,28.75,5,6747,60632,11.12778730703259,11.10795965041248
RR,28.75,6,6734,60632,11.106346483704975,11.107102017479377
RR,28.75,7,6734,60632,11.106346483704975,11.107102017479377
RR,28.75,8,6734,60632,11.106346483704975,11.112717471208038
RR,28.75,9,6734,60632,11.106346483704975,11.112717471208038
RR,28.85,1,7657,68900,11.11320754716981,11.1102217139953
RR,28.85,2,7657,68900,11.11320754716981,11.1102217139953
RR,28.85,3,7657,68900,11.11320754716981,11.117368655104505
RR,28.85,4,7657,68900,11.11320754716981,11.1102217139953
RR,28.85,5,7644,68900,11.09433962264151,11.111079346928404
RR,28.85,6,7657,68900,11.11320754716981,11.1102217139953
RR,28.85,7,7657,68900,11.11320754716981,11.1102217139953
RR,28.85,8,7657,68900,11.11320754716981,11.1102217139953
RR,28.85,9,7657,68900,11.11320754716981,11.1102217139953
RR,28.950000000000003,1,11024,99216,11.11111111111111,11.112901816911252
RR,28.950000000000003,2,11024,99216,11.11111111111111,11.112901816911252
RR,28.950000000000003,3,11024,99216,11.11111111111111,11.10798829489867
RR,28.950000000000003,4,11024,99216,11.11111111111111,11.107988294898673
RR,28.950000000000003,5,11024,99216,11.11111111111111,11.106612508735148
RR,28.950000000000003,6,11024,99216,11.11111111111111,11.112901816911252
RR,28.950000000000003,7,11024,99216,11.11111111111111,11.112901816911252
RR,28.950000000000003,8,11024,99216,11.11111111111111,11.112901816911252
RR,28.950000000000003,9,11024,99216,11.11111111111111,11.112901816911252
RR,29.05,1,9802,88192,11.11438679245283,11.108092345953056
RR,29.05,2,9802,88192,11.11438679245283,11.108092345953056
RR,29.05,3,9789,88192,11.099646226415095,11.10934481234842
RR,29.05,4,9789,88192,11.099646226415095,11.10934481234842
RR,29.05,5,9802,88192,11.11438679245283,11.114258334360997
RR,29.05,6,9802,88192,11.11438679245283,11.114258334360997
RR,29.05,7,9802,88192,11.11438679245283,11.114258334360997
RR,29.05,8,9802,88192,11.11438679245283,11.108092345953056
RR,29.05,9,9802,88192,11.11438679245283,11.114258334360997
RR,29.150000000000002,1,7800,70278,11.098779134295228,11.112707142308686
RR,29.150000000000002,2,7800,70278,11.098779134295228,11.10677383270859
RR,29.150000000000002,3,7813,70278,11.117277099519052,11.108026299103953
RR,29.150000000000002,4,7813,70278,11.117277099519052,11.108026299103955
RR,29.150000000000002,5,7813,70278,11.117277099519052,11.112939821116532
RR,29.150000000000002,6,7813,70278,11.117277099519052,11.112939821116532
RR,29.150000000000002,7,7813,70278,11.117277099519052,11.112939821116532
RR,29.150000000000002,8,7800,70278,11.098779134295228,11.112707142308686
RR,29.150000000000002,9,7813,70278,11.117277099519052,11.112939821116532
RR,29.25,1,8125,73034,11.124955500177999,11.109776269529254
RR,29.25,2,8112,73034,11.107155571377714,11.109359896925737
RR,29.25,3,8112,73034,11.107155571377714,11.11552588533368
RR,29.25,4,8112,73034,11.107155571377714,11.115525885333676
RR,29.25,5,8112,73034,11.107155571377714,11.110008948337098
RR,29.25,6,8112,73034,11.107155571377714,11.110008948337098
RR,29.25,7,8112,73034,11.107155571377714,11.110008948337098
RR,29.25,8,8125,73034,11.124955500177999,11.109776269529254
RR,29.25,9,8112,73034,11.107155571377714,11.110008948337098
RR,29.35,1,8723,78546,11.10559417411453,11.111703140906734
RR,29.35,2,8736,78546,11.12214498510427,11.111286768303218
RR,29.35,3,8736,78546,11.12214498510427,11.111286768303222
RR,29.35,4,8736,78546,11.12214498510427,11.111286768303218
RR,29.35,5,8723,78546,11.10559417411453,11.112321193990077
RR,29.35,6,8723,78546,11.10559417411453,11.112321193990077
RR,29.35,7,8723,78546,11.10559417411453,11.112321193990077
RR,29.35,8,8723,78546,11.10559417411453,11.111703140906734
RR,29.35,9,8723,78546,11.10559417411453,11.10576983130664
RR,29.450000000000003,1,7345,66144,11.104559748427674,11.111455919673398
RR,29.450000000000003,2,7345,66144,11.104559748427674,11.110421493986541
RR,29.450000000000003,3,7345,66144,11.104559748427674,11.110421493986538
RR,29.450000000000003,4,7345,66144,11.104559748427674,11.110421493986541
RR,29.450000000000003,5,7358,66144,11.124213836477987,11.111455919673396
RR,29.450000000000003,6,7358,66144,11.124213836477987,11.111455919673396
RR,29.450000000000003,7,7358,66144,11.124213836477987,11.111455919673396
RR,29.450000000000003,8,7345,66144,11.104559748427674,11.111455919673398
RR,29.450000000000003,9,7345,66144,11.104559748427674,11.111455919673396
RR,29.55,1,7358,66144,11.124213836477987,11.108557190065026
RR,29.55,2,7345,66144,11.104559748427674,11.107335749564724
RR,29.55,3,7345,66144,11.104559748427674,11.107335749564724
RR,29.55,4,7345,66144,11.104559748427674,11.107335749564724
RR,29.55,5,7345,66144,11.104559748427674,11.113887112248163
RR,29.55,6,7345,66144,11.104559748427674,11.113887112248163
RR,29.55,7,7345,66144,11.104559748427674,11.11388711224816
RR,29.55,8,7358,66144,11.124213836477987,11.11388711224816
RR,29.55,9,7358,66144,11.124213836477987,11.113887112248163
RR,29.650000000000002,1,9022,81302,11.096897985289415,11.113236734838909
RR,29.650000000000002,2,9035,81302,11.112887751838823,11.112015294338606
RR,29.650000000000002,3,9035,81302,11.112887751838823,11.112015294338606
RR,29.650000000000002,4,9035,81302,11.112887751838823,11.112015294338606
RR,29.650000000000002,5,9035,81302,11.112887751838823,11.112015294338606
RR,29.650000000000002,6,9035,81302,11.112887751838823,11.106399840609946
RR,29.650000000000002,7,9035,81302,11.112887751838823,11.106399840609948
RR,29.650000000000002,8,9035,81302,11.112887751838823,11.112951203293383
RR,29.650000000000002,9,9035,81302,11.112887751838823,11.112951203293385
RR,29.75,1,8580,77168,11.118598382749326,11.108869159716617
RR,29.75,2,8580,77168,11.118598382749326,11.114199081899754
RR,29.75,3,8580,77168,11.118598382749326,11.114199081899754
RR,29.75,4,8580,77168,11.118598382749326,11.114199081899754
RR,29.75,5,8580,77168,11.118598382749326,11.114199081899754
RR,29.75,6,8567,77168,11.101752021563343,11.108583628171091
RR,29.75,7,8567,77168,11.101752021563343,11.108583628171091
RR,29.75,8,8567,77168,11.101752021563343,11.108583628171091
RR,29.75,9,8567,77168,11.101752021563343,11.108583628171091
RR,29.85,1,11024,99216,11.11111111111111,11.114950737592245
RR,29.85,2,11024,99216,11.11111111111111,11.114950737592247
RR,29.85,3,11024,99216,11.11111111111111,11.110919129787055
RR,29.85,4,11024,99216,11.11111111111111,11.110919129787055
RR,29.85,5,11024,99216,11.11111111111111,11.110919129787055
RR,29.85,6,11024,99216,11.11111111111111,11.109335283863587
RR,29.85,7,11024,99216,11.11111111111111,11.109335283863587
RR,29.85,8,11024,99216,11.11111111111111,11.109335283863587
RR,29.85,9,11024,99216,11.11111111111111,11.109335283863585
RR,29.950000000000003,1,11947,107484,11.115142718916303,11.112454980379509
RR,29.950000000000003,2,11947,107484,11.115142718916303,11.112454980379509
RR,29.950000000000003,3,11934,107484,11.103047895500726,11.108423372574316
RR,29.950000000000003,4,11934,107484,11.103047895500726,11.108423372574316
RR,29.950000000000003,5,11934,107484,11.103047895500726,11.108423372574316
RR,29.950000000000003,6,11947,107484,11.115142718916303,11.112454980379509
RR,29.950000000000003,7,11947,107484,11.115142718916303,11.112454980379509
RR,29.950000000000003,8,11947,107484,11.115142718916303,11.112454980379509
RR,29.950000000000003,9,11947,107484,11.115142718916303,11.112454980379509
RR,30.05,1,9646,86814,11.11111111111111,11.11185255622471
RR,30.05,2,9646,86814,11.11111111111111,11.11185255622471
RR,30.05,3,9646,86814,11.11111111111111,11.107820948419516
RR,30.05,4,9646,86814,11.11111111111111,11.113242765812707
RR,30.05,5,9646,86814,11.11111111111111,11.107820948419516
RR,30.05,6,9646,86814,11.11111111111111,11.11185255622471
RR,30.05,7,9646,86814,11.11111111111111,11.11185255622471
RR,30.05,8,9646,86814,11.11111111111111,11.11185255622471
RR,30.05,9,9646,86814,11.11111111111111,11.11185255622471
RR,30.150000000000002,1,8879,79924,11.109303838646714,11.109190173711847
RR,30.150000000000002,2,8879,79924,11.109303838646714,11.109190173711845
RR,30.150000000000002,3,8879,79924,11.109303838646714,11.115123483311942
RR,30.150000000000002,4,8892,79924,11.125569290826284,11.114611991105036
RR,30.150000000000002,5,8879,79924,11.109303838646714,11.115123483311942
RR,30.150000000000002,6,8879,79924,11.109303838646714,11.109190173711845
RR,30.150000000000002,7,8879,79924,11.109303838646714,11.109190173711847
RR,30.150000000000002,8,8879,79924,11.109303838646714,11.109190173711847
RR,30.150000000000002,9,8879,79924,11.109303838646714,11.109190173711847
RR,30.25,1,8112,73034,11.107155571377714,11.111340364541283
RR,30.25,2,8112,73034,11.107155571377714,11.106502435175052
RR,30.25,3,8125,73034,11.124955500177999,11.112435744775146
RR,30.25,4,8112,73034,11.107155571377714,11.111924252568242
RR,30.25,5,8125,73034,11.124955500177999,11.112435744775146
RR,30.25,6,8112,73034,11.107155571377714,11.111340364541283
RR,30.25,7,8112,73034,11.107155571377714,11.111340364541283
RR,30.25,8,8112,73034,11.107155571377714,11.111340364541283
RR,30.25,9,8112,73034,11.107155571377714,11.111340364541283
RR,30.35,1,9958,89570,11.117561683599419,11.112358627488568
RR,30.35,2,9945,89570,11.103047895500726,11.10510173343922
RR,30.35,3,9945,89570,11.103047895500726,11.114001697839363
RR,30.35,4,9945,89570,11.103047895500726,11.10510173343922
RR,30.35,5,9945,89570,11.103047895500726,11.114001697839363
RR,30.35,6,9958,89570,11.117561683599419,11.112358627488565
RR,30.35,7,9958,89570,11.117561683599419,11.112358627488566
RR,30.35,8,9958,89570,11.117561683599419,11.112358627488566
RR,30.35,9,9958,89570,11.117561683599419,11.112358627488568
