bandwidth_mhz,seed,identical_pct,same_ue_set_pct,divergence_norm,ues_target_positive,ues_applied_positive,jain_target,jain_applied,n_decisions
10,106555,0.0,0.0,0.23077804505542587,9.0,6.999854163628409,0.9629634909141832,0.7664242216036604,47999
10,118866,0.0,0.0,0.23077804523906448,9.0,6.999854160590025,0.9629634909251826,0.7664242212768199,47998
10,121119,0.0,0.0,0.11553138513956232,9.0,7.998500851788757,0.9629581278579755,0.8732243880374818,14675
10,134309,0.0,0.0,0.23077804505542587,9.0,6.999854163628409,0.9629634909141832,0.7664242216036604,47999
10,13684,0.0,0.0,0.23077804505542587,9.0,6.999854163628409,0.9629634909141832,0.7664242216036604,47999
10,155479,0.0,0.0,0.23077804597369547,9.0,6.9998541484352215,0.962963490969185,0.7664242199693214,47994
10,156942,0.0,0.0,0.23077810719167752,9.0,6.999853135555882,0.9629634946359719,0.7664241110133707,47663
10,157222,0.0,0.0,0.23077804505542587,9.0,6.999854163628409,0.9629634909141832,0.7664242216036604,47999
10,158726,0.0,0.0,0.23077804505542587,9.0,6.999854163628409,0.9629634909141832,0.7664242216036604,47999
10,163306,0.0,0.0,0.11541266493133473,9.0,7.999687447907984,0.9629561378761785,0.8733486005586748,47992
10,172724,0.0,0.0,0.2307780463410569,9.0,6.9998541423570595,0.9629634909911888,0.7664242193154904,47992
10,180938,0.0,0.0,0.11542950775515702,9.0,7.999541456500896,0.9629590730935281,0.8733342277936519,47978
10,211309,0.0,0.0,0.2307876633285035,9.0,6.999770795132522,0.9629634909911888,0.7664152536117411,47992
10,230112,0.0,0.0,0.23077804505542587,9.0,6.999854163628409,0.9629634909141832,0.7664242216036604,47999
10,238035,0.0,0.0,0.23077804505542587,9.0,6.999854163628409,0.9629634909141832,0.7664242216036604,47999
10,264128,0.0,0.0,0.23077804542271074,9.0,6.999854157551514,0.9629634909361826,0.7664242209499658,47997
10,267613,0.0,0.0,0.11544967911749922,9.0,7.999307958477509,0.9629556974171768,0.8733093078428605,26010
10,268959,0.0,0.0,0.2307780869385994,9.0,6.999853470652265,0.9629634934228688,0.7664241470598608,47772
10,271204,0.0,0.0,0.11541266084069061,9.0,7.999687493489447,0.9629561388715245,0.8733486058689215,47999
10,274172,0.0,0.0,0.23077811763299194,9.0,6.999852962799588,0.9629634952613775,0.7664240924298875,47607
10,278396,0.0,0.0,0.23077804505542587,9.0,6.999854163628409,0.9629634909141832,0.7664242216036604,47999
10,281723,0.0,0.0,0.23077811035876775,9.0,6.999853083154934,0.9629634948256717,0.7664241053765739,47646
10,281986,0.0,0.0,0.23077804505542587,9.0,6.999854163628409,0.9629634909141832,0.7664242216036604,47999
10,296760,0.0,0.0,0.23077804505542587,9.0,6.999854163628409,0.9629634909141832,0.7664242216036604,47999
10,353309,0.0,0.0,0.23077805111954305,9.0,6.999854063294834,0.9629634912774069,0.7664242108107262,47966
10,353731,0.0,0.0,0.23077804505542587,9.0,6.999854163628409,0.9629634909141832,0.7664242216036604,47999
10,366131,0.0,0.0,0.11541266142499529,9.0,7.999687486978624,0.9629579737199905,0.8733514999730225,47998
10,378825,0.0,0.0,0.23077804505542587,9.0,6.999854163628409,0.9629634909141832,0.7664242216036604,47999
10,394058,0.0,0.0,0.23077804505542587,9.0,6.999854163628409,0.9629634909141832,0.7664242216036604,47999
10,414113,0.0,0.0,0.23077804615737235,9.0,6.9998541453962035,0.9629634909801867,0.7664242196424127,47993
10,414415,0.0,0.0,0.2307780665931955,9.0,6.999853807276221,0.9629634922042357,0.7664241832706726,47882
10,419960,0.0,0.0,0.2307780463410569,9.0,6.9998541423570595,0.9629634909911888,0.7664242193154904,47992
10,450876,0.0,0.0,0.23077804523906448,9.0,6.999854160590025,0.9629634909251826,0.7664242212768199,47998
10,456075,0.0,0.0,0.2307780483620921,9.0,6.999854108918114,0.9629634911122433,0.7664242157184459,47981
10,458555,0.0,0.0,0.23077804505542587,9.0,6.999854163628409,0.9629634909141832,0.7664242216036604,47999
10,464903,0.0,0.0,0.23077804505542587,9.0,6.999854163628409,0.9629634909141832,0.7664242216036604,47999
10,474555,0.0,0.0,0.11542723962220451,9.0,7.999560889929742,0.9882936509924809,0.8733371305937724,47824
10,47889,0.0,0.0,0.11545795528361588,9.0,7.999250885317352,0.9476644703411482,0.873300694338252,29368
10,4798,0.0,0.0,0.23077804597369547,9.0,6.9998541484352215,0.962963490969185,0.7664242199693214,47994
10,480938,0.0,0.0,0.2307780463410569,9.0,6.9998541423570595,0.9629634909911888,0.7664242193154904,47992
10,481243,0.0,0.0,0.23077809491729756,9.0,6.999853338641078,0.9629634939007706,0.7664241328593495,47729
10,484973,0.0,0.0,0.23077805148733352,9.0,6.999854057209574,0.9629634912994365,0.7664242101561317,47964
10,488199,0.0,0.0,0.23077804505542587,9.0,6.999854163628409,0.9629634909141832,0.7664242216036604,47999
10,495564,0.0,0.0,0.11546436974119713,9.0,7.999185366214915,0.9629577047594959,0.8732969947088021,27006
10,500483,0.0,0.0,0.11541352327746127,9.0,7.999677883479717,0.9629559290212241,0.8733474863014811,46567
10,501834,0.0,0.0,0.23077804505542587,9.0,6.999854163628409,0.9629634909141832,0.7664242216036604,47999
10,502367,0.0,0.0,0.11541272173906063,9.0,7.99968681490761,0.9629624732250422,0.8733485268140451,47895
10,503664,0.0,0.0,0.23077804505542587,9.0,6.999854163628409,0.9629634909141832,0.7664242216036604,47999
10,506424,0.0,0.0,0.1154311062090901,9.0,7.999520663568347,0.9629619859275211,0.8733336329296296,47983
10,516977,0.0,0.0,0.23077804597369547,9.0,6.9998541484352215,0.962963490969185,0.7664242199693214,47994
10,521288,0.0,0.0,0.11541266434688394,9.0,7.999687454420436,0.9629561380183886,0.8733486013173762,47993
10,525219,0.0,0.0,0.11541266493133473,9.0,7.999687447907984,0.9629561378761785,0.8733486005586748,47992
10,559035,0.0,0.0,0.11556335780402172,9.0,7.998174273858921,0.9629490831735866,0.8731893971398602,12050
10,562601,0.0,0.0,0.11541036584973319,9.0,7.999707088459285,0.9629556307742034,0.8733502734731746,47796
10,577111,0.0,0.0,0.23077804505542587,9.0,6.999854163628409,0.9629634909141832,0.7664242216036604,47999
10,581757,0.0,0.0,0.23077806714683013,9.0,6.999853798116084,0.9629634922373969,0.7664241822853121,47879
10,594585,0.0,0.0,0.11548459538861462,9.0,7.999000199960008,0.9629573309414571,0.8732763264660247,25005
10,601866,0.0,0.0,0.23077804505542587,9.0,6.999854163628409,0.9629634909141832,0.7664242216036604,47999
10,602931,0.0,0.0,0.23077804505542587,9.0,6.999854163628409,0.9629634909141832,0.7664242216036604,47999
10,612515,0.0,0.0,0.11542709395297544,9.0,7.999562390597649,0.9629615333039748,0.8733372942326295,47988
10,620914,0.0,0.0,0.2307780456063647,9.0,6.999854154512876,0.9629634909471829,0.7664242206230979,47996
10,633996,0.0,0.0,0.11543545528284319,9.0,7.999459248355214,0.9629580442731817,0.8733252617043142,33287
10,634332,0.0,0.0,0.23077804505542587,9.0,6.999854163628409,0.9629634909141832,0.7664242216036604,47999
10,642876,0.0,0.0,0.11551193170080187,9.0,7.998688401723815,0.9629586780041514,0.8732419909746975,16011
10,647143,0.0,0.0,0.1154319730079418,9.0,7.9995121271257315,0.9588041673336506,0.8733318133017252,43044
10,65535,0.0,0.0,0.23077804505542587,9.0,6.999854163628409,0.9629634909141832,0.7664242216036604,47999
10,658466,0.0,0.0,0.23077804505542587,9.0,6.999854163628409,0.9629634909141832,0.7664242216036604,47999
10,665135,0.0,0.0,0.11541331557748069,9.0,7.99968019785093,0.9629559795593097,0.873347755926042,46904
10,671634,0.0,0.0,0.11551449226133627,9.0,7.998701231232792,0.9658176318901508,0.8732438261164744,19249
10,674312,0.0,0.0,0.23077804505542587,9.0,6.999854163628409,0.9629634909141832,0.7664242216036604,47999
10,675296,0.0,0.0,0.11549482036588055,9.0,7.998772001637331,0.9628575054240539,0.8732387008970934,12215
10,676063,0.0,0.0,0.23077804505542587,9.0,6.999854163628409,0.9629634909141832,0.7664242216036604,47999
10,689611,0.0,0.0,0.23078766563324565,9.0,6.999770766473555,0.9629634910572118,0.7664152505288813,47986
10,692469,0.0,0.0,0.11542968907204548,9.0,7.999539604478393,0.9629609988550907,0.8733352165099634,47785
10,708082,0.0,0.0,0.11542227642563067,9.0,7.9996041584199675,0.9629599800385709,0.8733425753639368,47999
10,719490,0.0,0.0,0.23077815192567222,9.0,6.999852395411606,0.9629634973154135,0.7664240313956708,47424
10,720719,0.0,0.0,0.23077857413450711,9.0,6.999845409774519,0.9629635226045482,0.7664232799471017,45281
10,752848,0.0,0.0,0.23078026938229934,9.0,6.99981736112923,0.9629636241451742,0.7664202627399226,38327
10,782218,0.0,0.0,0.23077804505542587,9.0,6.999854163628409,0.9629634909141832,0.7664242216036604,47999
10,789504,0.0,0.0,0.23077804505542587,9.0,6.999854163628409,0.9629634909141832,0.7664242216036604,47999
10,792503,0.0,0.0,0.23077804505542587,9.0,6.999854163628409,0.9629634909141832,0.7664242216036604,47999
10,811895,0.0,0.0,0.23077804505542587,9.0,6.999854163628409,0.9629594784849118,0.7664242216036604,47999
10,832404,0.0,0.0,0.2307780456063647,9.0,6.999854154512876,0.9629634909471829,0.7664242206230979,47996
10,868599,0.0,0.0,0.23077804505542587,9.0,6.999854163628409,0.9629634909141832,0.7664242216036604,47999
10,875143,0.0,0.0,0.11543094679860708,9.0,7.999495741819811,0.9629603336797189,0.8733304062582448,35696
10,875242,0.0,0.0,0.23078395263307233,9.0,6.9997564200709865,0.9629638447616481,0.7664137072789888,28738
10,876524,0.0,0.0,0.23077804505542587,9.0,6.999854163628409,0.9629634909141832,0.7664242216036604,47999
10,880978,0.0,0.0,0.2307780463410569,9.0,6.9998541423570595,0.9629634909911888,0.7664242193154904,47992
10,885701,0.0,0.0,0.23077805148733352,9.0,6.999854057209574,0.9629634912994365,0.7664242101561317,47964
10,894044,0.0,0.0,0.230778121181164,9.0,6.999852904093469,0.9629634954739031,0.7664240861148401,47588
10,895328,0.0,0.0,0.23077804505542587,9.0,6.999854163628409,0.9629634909141832,0.7664242216036604,47999
10,906484,0.0,0.0,0.23077806530165113,9.0,6.999853828645409,0.9629634921268758,0.7664241855693671,47889
10,908888,0.0,0.0,0.23078766563324565,9.0,6.999770766473555,0.962965075339957,0.7664152505288813,47986
10,914957,0.0,0.0,0.11541277347540031,9.0,7.9996862384169685,0.9629561114649615,0.8733484596528068,47807
10,915456,0.0,0.0,0.23077804505542587,9.0,6.999854163628409,0.9629634909141832,0.7664242216036604,47999
10,949592,0.0,0.0,0.23077810235225996,9.0,6.999853215626245,0.9629634943461042,0.7664241196265809,47689
10,95693,0.0,0.0,0.11541025908147486,9.0,7.999708302948224,0.9629556611754028,0.8733504175121349,47995
10,970121,0.0,0.0,0.23077804505542587,9.0,6.999854163628409,0.9629634909141832,0.7664242216036604,47999
10,97024,0.0,0.0,0.23077804505542587,9.0,6.999854163628409,0.9629634909141832,0.7664242216036604,47999
10,990474,0.0,0.0,0.11541281122162092,9.0,7.999685817816224,0.9629599640440032,0.8733513209771183,47743
15,106555,100.0,100.0,0.0,9.0,9.0,0.9768038259818996,0.9768038259818996,26665
15,118866,100.0,100.0,0.0,9.0,9.0,0.976802559811193,0.976802559811193,47993
15,121119,100.0,100.0,0.0,9.0,9.0,0.9768031200968638,0.9768031200968638,35447
15,134309,100.0,100.0,0.0,9.0,9.0,0.9768025689007547,0.9768025689007547,47719
15,13684,100.0,100.0,0.0,9.0,9.0,0.9768033783628326,0.9768033783628326,31635
15,155479,100.0,100.0,0.0,9.0,9.0,0.9768025596133125,0.9768025596133125,47999
15,156942,100.0,100.0,0.0,9.0,9.0,0.9768026906544205,0.9768026906544205,44329
15,157222,100.0,100.0,0.0,9.0,9.0,0.9768025596133125,0.9768025596133125,47999
15,158726,100.0,100.0,0.0,9.0,9.0,0.9768028431026695,0.9768028431026695,40708
15,163306,100.0,100.0,0.0,9.0,9.0,0.9768041424256484,0.9768041424256484,47999
15,172724,100.0,100.0,0.0,9.0,9.0,0.9768025623219673,0.9768025623219673,47917
15,180938,100.0,100.0,0.0,9.0,9.0,0.9768025597452273,0.9768025597452273,47995
15,211309,100.0,100.0,0.0,9.0,9.0,0.9768034644921284,0.9768034644921284,47991
15,230112,100.0,100.0,0.0,9.0,9.0,0.9768025916073299,0.9768025916073299,47048
15,238035,100.0,100.0,0.0,9.0,9.0,0.9768025597452273,0.9768025597452273,47995
15,264128,100.0,100.0,0.0,9.0,9.0,0.9768025598771641,0.9768025598771641,47991
15,267613,100.0,100.0,0.0,9.0,9.0,0.9768025596792671,0.9768025596792671,47997
15,268959,100.0,100.0,0.0,9.0,9.0,0.9768025596133125,0.9768025596133125,47999
15,271204,100.0,100.0,0.0,9.0,9.0,0.9768164125068454,0.9768164125068454,47813
15,274172,100.0,100.0,0.0,9.0,9.0,0.9768025598441779,0.9768025598441779,47992
15,278396,100.0,100.0,0.0,9.0,9.0,0.9768025598441779,0.9768025598441779,47992
15,281723,100.0,100.0,0.0,9.0,9.0,0.9768025597122466,0.9768025597122466,47996
15,281986,100.0,100.0,0.0,9.0,9.0,0.9768038658533138,0.9768038658533138,26297
15,296760,100.0,100.0,0.0,9.0,9.0,0.9768025596133125,0.9768025596133125,47999
15,353309,100.0,100.0,0.0,9.0,9.0,0.9768025596133125,0.9768025596133125,47999
15,353731,100.0,100.0,0.0,9.0,9.0,0.9768025596133125,0.9768025596133125,47999
15,366131,100.0,100.0,0.0,9.0,9.0,0.9768025596133125,0.9768025596133125,47999
15,378825,100.0,100.0,0.0,9.0,9.0,0.9768025596462891,0.9768025596462891,47998
15,394058,100.0,100.0,0.0,9.0,9.0,0.9768025599431407,0.9768025599431407,47989
15,414113,100.0,100.0,0.0,9.0,9.0,0.9768037902141492,0.9768037902141492,27004
15,414415,100.0,100.0,0.0,9.0,9.0,0.9768025596133125,0.9768025596133125,47999
15,419960,100.0,100.0,0.0,9.0,9.0,0.9768025596133125,0.9768025596133125,47999
15,450876,100.0,100.0,0.0,9.0,9.0,0.9768025598441779,0.9768025598441779,47992
15,456075,100.0,100.0,0.0,9.0,9.0,0.9768025596133125,0.9768025596133125,47999
15,458555,100.0,100.0,0.0,9.0,9.0,0.9768025598441779,0.9768025598441779,47992
15,464903,100.0,100.0,0.0,9.0,9.0,0.9768025596133125,0.9768025596133125,47999
15,474555,100.0,100.0,0.0,9.0,9.0,0.9768032114444648,0.9768032114444648,33998
15,47889,100.0,100.0,0.0,9.0,9.0,0.9771688210471622,0.9771688210471622,25676
15,4798,100.0,100.0,0.0,9.0,9.0,0.9768025596462891,0.9768025596462891,47998
15,480938,100.0,100.0,0.0,9.0,9.0,0.9768035562804629,0.9768035562804629,29453
15,481243,100.0,100.0,0.0,9.0,9.0,0.9768025596133125,0.9768025596133125,47999
15,484973,100.0,100.0,0.0,9.0,9.0,0.9768025596133125,0.9768025596133125,47999
15,488199,100.0,100.0,0.0,9.0,9.0,0.9768072853129178,0.9768072853129178,12043
15,495564,100.0,100.0,0.0,9.0,9.0,0.9768028764686513,0.9768028764686513,39993
15,500483,100.0,100.0,0.0,9.0,9.0,0.9768025688340294,0.9768025688340294,47721
15,501834,100.0,100.0,0.0,9.0,9.0,0.976802563017139,0.976802563017139,47896
15,502367,100.0,100.0,0.0,9.0,9.0,0.9870476502407202,0.9870476502407202,47981
15,503664,100.0,100.0,0.0,9.0,9.0,0.976801521240392,0.976801521240392,42470
15,506424,100.0,100.0,0.0,9.0,9.0,0.9768053295349003,0.9768053295349003,27428
15,516977,100.0,100.0,0.0,9.0,9.0,0.9768025596133125,0.9768025596133125,47999
15,521288,100.0,100.0,0.0,9.0,9.0,0.9768017620401925,0.9768017620401925,42667
15,525219,100.0,100.0,0.0,9.0,9.0,0.9768029417660427,0.9768029417660427,38664
15,559035,100.0,100.0,0.0,9.0,9.0,0.9768034595109963,0.9768034595109963,30601
15,562601,100.0,100.0,0.0,9.0,9.0,0.9827481705178663,0.9827481705178663,32444
15,577111,100.0,100.0,0.0,9.0,9.0,0.976799461417438,0.976799461417438,47955
15,581757,100.0,100.0,0.0,9.0,9.0,0.976802841682523,0.976802841682523,40739
15,594585,100.0,100.0,0.0,9.0,9.0,0.9768028305795997,0.9768028305795997,40983
15,601866,100.0,100.0,0.0,9.0,9.0,0.9768016748259281,0.9768016748259281,47998
15,602931,100.0,100.0,0.0,9.0,9.0,0.9768023388668624,0.9768023388668624,47983
15,612515,100.0,100.0,0.0,9.0,9.0,0.9768025596462891,0.9768025596462891,47998
15,620914,100.0,100.0,0.0,9.0,9.0,0.9768028485282325,0.9768028485282325,40590
15,633996,100.0,100.0,0.0,9.0,9.0,0.9768025597452273,0.9768025597452273,47995
15,634332,100.0,100.0,0.0,9.0,9.0,0.9768010254809394,0.9768010254809394,47999
15,642876,100.0,100.0,0.0,9.0,9.0,0.9768052560287174,0.9768052560287174,17754
15,647143,100.0,100.0,0.0,9.0,9.0,0.9768025596133125,0.9768025596133125,47999
15,65535,100.0,100.0,0.0,9.0,9.0,0.9768025596133125,0.9768025596133125,47999
15,658466,100.0,100.0,0.0,9.0,9.0,0.9768025596133125,0.9768025596133125,47999
15,665135,100.0,100.0,0.0,9.0,9.0,0.9768052038865667,0.9768052038865667,17973
15,671634,100.0,100.0,0.0,9.0,9.0,0.976803790109968,0.976803790109968,27005
15,674312,100.0,100.0,0.0,9.0,9.0,0.9768025596133125,0.9768025596133125,47999
15,675296,100.0,100.0,0.0,9.0,9.0,0.9768043686123605,0.9768043686123605,47998
15,676063,100.0,100.0,0.0,9.0,9.0,0.9768025597122466,0.9768025597122466,47996
15,689611,100.0,100.0,0.0,9.0,9.0,0.9768035165285059,0.9768035165285059,29914
15,692469,100.0,100.0,0.0,9.0,9.0,0.9768027980992693,0.9768027980992693,47673
15,708082,100.0,100.0,0.0,9.0,9.0,0.9768034640775044,0.9768034640775044,47999
15,719490,100.0,100.0,0.0,9.0,9.0,0.9768043690364078,0.9768043690364078,47992
15,720719,100.0,100.0,0.0,9.0,9.0,0.9768041031500696,0.9768041031500696,24301
15,752848,100.0,100.0,0.0,9.0,9.0,0.9768025599101517,0.9768025599101517,47990
15,782218,100.0,100.0,0.0,9.0,9.0,0.9768025596133125,0.9768025596133125,47999
15,789504,100.0,100.0,0.0,9.0,9.0,0.9768025596133125,0.9768025596133125,47999
15,792503,100.0,100.0,0.0,9.0,9.0,0.9768025597452273,0.9768025597452273,47995
15,811895,100.0,100.0,0.0,9.0,9.0,0.9768042279739186,0.9768042279739186,23368
15,832404,100.0,100.0,0.0,9.0,9.0,0.9768037904225347,0.9768037904225347,27002
15,868599,100.0,100.0,0.0,9.0,9.0,0.9768025596462891,0.9768025596462891,47998
15,875143,100.0,100.0,0.0,9.0,9.0,0.9768025596133125,0.9768025596133125,47999
15,875242,100.0,100.0,0.0,9.0,9.0,0.9768055494111106,0.9768055494111106,21362
15,876524,100.0,100.0,0.0,9.0,9.0,0.9768025606692468,0.9768025606692468,47967
15,880978,100.0,100.0,0.0,9.0,9.0,0.9768039866024706,0.9768039866024706,25242
15,885701,100.0,100.0,0.0,9.0,9.0,0.9768025598441779,0.9768025598441779,47992
15,894044,100.0,100.0,0.0,9.0,9.0,0.976805575118935,0.976805575118935,16522
15,895328,100.0,100.0,0.0,9.0,9.0,0.9744424370639005,0.9744424370639005,46438
15,906484,100.0,100.0,0.0,9.0,9.0,0.976802573585468,0.976802573585468,47579
15,908888,100.0,100.0,0.0,9.0,9.0,0.9768016748695592,0.9768016748695592,47995
15,914957,100.0,100.0,0.0,9.0,9.0,0.9768025596792671,0.9768025596792671,47997
15,915456,100.0,100.0,0.0,9.0,9.0,0.9768025596133125,0.9768025596133125,47999
15,949592,100.0,100.0,0.0,9.0,9.0,0.976802559811193,0.976802559811193,47993
15,95693,100.0,100.0,0.0,9.0,9.0,0.9768025596133125,0.9768025596133125,47999
15,970121,100.0,100.0,0.0,9.0,9.0,0.9768033049169731,0.9768033049169731,32633
15,97024,100.0,100.0,0.0,9.0,9.0,0.9768025596133125,0.9768025596133125,47999
15,990474,100.0,100.0,0.0,9.0,9.0,0.9768056584643691,0.9768056584643691,34774
20,106555,100.0,100.0,0.0,9.0,9.0,0.9784074722394227,0.9784074722394227,47999
20,118866,100.0,100.0,0.0,9.0,9.0,0.9845794725550611,0.9845794725550611,47999
20,121119,100.0,100.0,0.0,9.0,9.0,0.983547960208638,0.983547960208638,35692
20,134309,100.0,100.0,0.0,9.0,9.0,0.9784077057197237,0.9784077057197237,44224
20,13684,100.0,100.0,0.0,9.0,9.0,0.9843129970811293,0.9843129970811293,43496
20,155479,100.0,100.0,0.0,9.0,9.0,0.9845794725550611,0.9845794725550611,47999
20,156942,100.0,100.0,0.0,9.0,9.0,0.9792440710331618,0.9792440710331618,37613
20,157222,100.0,100.0,0.0,9.0,9.0,0.9784076008441968,0.9784076008441968,47999
20,158726,100.0,100.0,0.0,9.0,9.0,0.9845794725550611,0.9845794725550611,47999
20,163306,100.0,100.0,0.0,9.0,9.0,0.9848334215116517,0.9848334215116517,43456
20,172724,100.0,100.0,0.0,9.0,9.0,0.9784074726383746,0.9784074726383746,47992
20,180938,100.0,100.0,0.0,9.0,9.0,0.9845794730139305,0.9845794730139305,47987
20,211309,100.0,100.0,0.0,9.0,9.0,0.9845781865873866,0.9845781865873866,47992
20,230112,100.0,100.0,0.0,9.0,9.0,0.9801464924837633,0.9801464924837633,45202
20,238035,100.0,100.0,0.0,9.0,9.0,0.9784074726383746,0.9784074726383746,47992
20,264128,100.0,100.0,0.0,9.0,9.0,0.9845794725550611,0.9845794725550611,47999
20,267613,100.0,100.0,0.0,9.0,9.0,0.9784074722394227,0.9784074722394227,47999
20,268959,100.0,100.0,0.0,9.0,9.0,0.9845794725550611,0.9845794725550611,47999
20,271204,100.0,100.0,0.0,9.0,9.0,0.9845803195035583,0.9845803195035583,32841
20,274172,100.0,100.0,0.0,9.0,9.0,0.9784085014697528,0.9784085014697528,47994
20,278396,100.0,100.0,0.0,9.0,9.0,0.9784074722394227,0.9784074722394227,47999
20,281723,100.0,100.0,0.0,9.0,9.0,0.978408501077615,0.978408501077615,47999
20,281986,100.0,100.0,0.0,9.0,9.0,0.9806255257305279,0.9806255257305279,27494
20,296760,100.0,100.0,0.0,9.0,9.0,0.9784095796183445,0.9784095796183445,27111
20,353309,100.0,100.0,0.0,9.0,9.0,0.9803832144043986,0.9803832144043986,29301
20,353731,100.0,100.0,0.0,9.0,9.0,0.9845794725550611,0.9845794725550611,47999
20,366131,100.0,100.0,0.0,9.0,9.0,0.9845794725550611,0.9845794725550611,47999
20,378825,100.0,100.0,0.0,9.0,9.0,0.9844788749432855,0.9844788749432855,46360
20,394058,100.0,100.0,0.0,9.0,9.0,0.9845794725550611,0.9845794725550611,47999
20,414113,100.0,100.0,0.0,9.0,9.0,0.9845794725550611,0.9845794725550611,47999
20,414415,100.0,100.0,0.0,9.0,9.0,0.9784083730030989,0.9784083730030989,47992
20,419960,100.0,100.0,0.0,9.0,9.0,0.9784074722394227,0.9784074722394227,47999
20,450876,100.0,100.0,0.0,9.0,9.0,0.9845794725550611,0.9845794725550611,47999
20,456075,100.0,100.0,0.0,9.0,9.0,0.9784074726383746,0.9784074726383746,47992
20,458555,100.0,100.0,0.0,9.0,9.0,0.9845831399942218,0.9845831399942218,16007
20,464903,100.0,100.0,0.0,9.0,9.0,0.9787985832200017,0.9787985832200017,46225
20,474555,100.0,100.0,0.0,9.0,9.0,0.9784538272735914,0.9784538272735914,16045
20,47889,100.0,100.0,0.0,9.0,9.0,0.9845794727079921,0.9845794727079921,47995
20,4798,100.0,100.0,0.0,9.0,9.0,0.9790107698603827,0.9790107698603827,47998
20,480938,100.0,100.0,0.0,9.0,9.0,0.9808425748869404,0.9808425748869404,29548
20,481243,100.0,100.0,0.0,9.0,9.0,0.984579472822707,0.984579472822707,47992
20,484973,100.0,100.0,0.0,9.0,9.0,0.978408501156036,0.978408501156036,47998
20,488199,100.0,100.0,0.0,9.0,9.0,0.9868357324213876,0.9868357324213876,33985
20,495564,100.0,100.0,0.0,9.0,9.0,0.9845794725550611,0.9845794725550611,47999
20,500483,100.0,100.0,0.0,9.0,9.0,0.9801480408991381,0.9801480408991381,38332
20,501834,100.0,100.0,0.0,9.0,9.0,0.9784097610395318,0.9784097610395318,26132
20,502367,100.0,100.0,0.0,9.0,9.0,0.9847538190278204,0.9847538190278204,17095
20,503664,100.0,100.0,0.0,9.0,9.0,0.9845807773829164,0.9845807773829164,47987
20,506424,100.0,100.0,0.0,9.0,9.0,0.9908273873355185,0.9908273873355185,47988
20,516977,100.0,100.0,0.0,9.0,9.0,0.9849950358012554,0.9849950358012554,38941
20,521288,100.0,100.0,0.0,9.0,9.0,0.9845791153750253,0.9845791153750253,47122
20,525219,100.0,100.0,0.0,9.0,9.0,0.9790942217327863,0.9790942217327863,47999
20,559035,100.0,100.0,0.0,9.0,9.0,0.9784090863110755,0.9784090863110755,30186
20,562601,100.0,100.0,0.0,9.0,9.0,0.9900536912292366,0.9900536912292366,47978
20,577111,100.0,100.0,0.0,9.0,9.0,0.9785071366477577,0.9785071366477577,27083
20,581757,100.0,100.0,0.0,9.0,9.0,0.9784088839516277,0.9784088839516277,31659
20,594585,100.0,100.0,0.0,9.0,9.0,0.9845829828624898,0.9845829828624898,27003
20,601866,100.0,100.0,0.0,9.0,9.0,0.9815707341140687,0.9815707341140687,21382
20,602931,100.0,100.0,0.0,9.0,9.0,0.9784074722394227,0.9784074722394227,47999
20,612515,100.0,100.0,0.0,9.0,9.0,0.9784091961223638,0.9784091961223638,39133
20,620914,100.0,100.0,0.0,9.0,9.0,0.9845786515163795,0.9845786515163795,44250
20,633996,100.0,100.0,0.0,9.0,9.0,0.9845800000387691,0.9845800000387691,47999
20,634332,100.0,100.0,0.0,9.0,9.0,0.9784074722394227,0.9784074722394227,47999
20,642876,100.0,100.0,0.0,9.0,9.0,0.9845794770388488,0.9845794770388488,47882
20,647143,100.0,100.0,0.0,9.0,9.0,0.9877267986501009,0.9877267986501009,24006
20,65535,100.0,100.0,0.0,9.0,9.0,0.984579472822707,0.984579472822707,47992
20,658466,100.0,100.0,0.0,9.0,9.0,0.9845794725550611,0.9845794725550611,47999
20,665135,100.0,100.0,0.0,9.0,9.0,0.9784095431806799,0.9784095431806799,47997
20,671634,100.0,100.0,0.0,9.0,9.0,0.9845794728609485,0.9845794728609485,47991
20,674312,100.0,100.0,0.0,9.0,9.0,0.9784074722394227,0.9784074722394227,47999
20,675296,100.0,100.0,0.0,9.0,9.0,0.9784096751912931,0.9784096751912931,47996
20,676063,100.0,100.0,0.0,9.0,9.0,0.9784074724673809,0.9784074724673809,47995
20,689611,100.0,100.0,0.0,9.0,9.0,0.9804696415517453,0.9804696415517453,27961
20,692469,100.0,100.0,0.0,9.0,9.0,0.984572813010579,0.984572813010579,44112
20,708082,100.0,100.0,0.0,9.0,9.0,0.9784136979647313,0.9784136979647313,25063
20,719490,100.0,100.0,0.0,9.0,9.0,0.984579472822707,0.984579472822707,47992
20,720719,100.0,100.0,0.0,9.0,9.0,0.9784074722964087,0.9784074722964087,47998
20,752848,100.0,100.0,0.0,9.0,9.0,0.9784074722394227,0.9784074722394227,47999
20,782218,100.0,100.0,0.0,9.0,9.0,0.9845831406818093,0.9845831406818093,16005
20,789504,100.0,100.0,0.0,9.0,9.0,0.9845794725550611,0.9845794725550611,47999
20,792503,100.0,100.0,0.0,9.0,9.0,0.9784076008441968,0.9784076008441968,47999
20,811895,100.0,100.0,0.0,9.0,9.0,0.9845794725550611,0.9845794725550611,47999
20,832404,100.0,100.0,0.0,9.0,9.0,0.9845794725550611,0.9845794725550611,47999
20,868599,100.0,100.0,0.0,9.0,9.0,0.9836832093402205,0.9836832093402205,47025
20,875143,100.0,100.0,0.0,9.0,9.0,0.9845789581359647,0.9845789581359647,47999
20,875242,100.0,100.0,0.0,9.0,9.0,0.9845794725550611,0.9845794725550611,47999
20,876524,100.0,100.0,0.0,9.0,9.0,0.9784074722394227,0.9784074722394227,47999
20,880978,100.0,100.0,0.0,9.0,9.0,0.9845794725550611,0.9845794725550611,47999
20,885701,100.0,100.0,0.0,9.0,9.0,0.9784074722394227,0.9784074722394227,47999
20,894044,100.0,100.0,0.0,9.0,9.0,0.984777519911586,0.984777519911586,46227
20,895328,100.0,100.0,0.0,9.0,9.0,0.9784092767051152,0.9784092767051152,28920
20,906484,100.0,100.0,0.0,9.0,9.0,0.9784074722394227,0.9784074722394227,47999
20,908888,100.0,100.0,0.0,9.0,9.0,0.9845839380263681,0.9845839380263681,12020
20,914957,100.0,100.0,0.0,9.0,9.0,0.9845597921592857,0.9845597921592857,42073
20,915456,100.0,100.0,0.0,9.0,9.0,0.9784074722394227,0.9784074722394227,47999
20,949592,100.0,100.0,0.0,9.0,9.0,0.9845794725550611,0.9845794725550611,47999
20,95693,100.0,100.0,0.0,9.0,9.0,0.9846180763305095,0.9846180763305095,16400
20,970121,100.0,100.0,0.0,9.0,9.0,0.9845794732434512,0.9845794732434512,47981
20,97024,100.0,100.0,0.0,9.0,9.0,0.978702964548897,0.978702964548897,25790
20,990474,100.0,100.0,0.0,9.0,9.0,0.9784578289568379,0.9784578289568379,25959
25,106555,100.0,100.0,0.0,9.0,9.0,0.9918028576888178,0.9918028576888178,47999
25,118866,100.0,100.0,0.0,9.0,9.0,0.9918034529446484,0.9918034529446484,47992
25,121119,100.0,100.0,0.0,9.0,9.0,0.9958837571359339,0.9958837571359339,47985
25,134309,100.0,100.0,0.0,9.0,9.0,0.9918027733500473,0.9918027733500473,47999
25,13684,100.0,100.0,0.0,9.0,9.0,0.9918029427217345,0.9918029427217345,47999
25,155479,100.0,100.0,0.0,9.0,9.0,0.991408137794125,0.991408137794125,47987
25,156942,100.0,100.0,0.0,9.0,9.0,0.9918026544202231,0.9918026544202231,32370
25,157222,100.0,100.0,0.0,9.0,9.0,0.9918029427217345,0.9918029427217345,47999
25,158726,100.0,100.0,0.0,9.0,9.0,0.9958837573477324,0.9958837573477324,47995
25,163306,100.0,100.0,0.0,9.0,9.0,0.99439852880288,0.99439852880288,33506
25,172724,100.0,100.0,0.0,9.0,9.0,0.9918028576274118,0.9918028576274118,47992
25,180938,100.0,100.0,0.0,9.0,9.0,0.9918029427217345,0.9918029427217345,47999
25,211309,100.0,100.0,0.0,9.0,9.0,0.9918029427217345,0.9918029427217345,47999
25,230112,100.0,100.0,0.0,9.0,9.0,0.9920002393063467,0.9920002393063467,39042
25,238035,100.0,100.0,0.0,9.0,9.0,0.9918028576186381,0.9918028576186381,47991
25,264128,100.0,100.0,0.0,9.0,9.0,0.9931366904259017,0.9931366904259017,44846
25,267613,100.0,100.0,0.0,9.0,9.0,0.9918036024998973,0.9918036024998973,38431
25,268959,100.0,100.0,0.0,9.0,9.0,0.9958789705377391,0.9958789705377391,24582
25,271204,100.0,100.0,0.0,9.0,9.0,0.9921610872237984,0.9921610872237984,15400
25,274172,100.0,100.0,0.0,9.0,9.0,0.9918029427217345,0.9918029427217345,47999
25,278396,100.0,100.0,0.0,9.0,9.0,0.9930063801496456,0.9930063801496456,39492
25,281723,100.0,100.0,0.0,9.0,9.0,0.9951351547555408,0.9951351547555408,46792
25,281986,100.0,100.0,0.0,9.0,9.0,0.9921530016605792,0.9921530016605792,44209
25,296760,100.0,100.0,0.0,9.0,9.0,0.9918028576888178,0.9918028576888178,47999
25,353309,100.0,100.0,0.0,9.0,9.0,0.9918027491818056,0.9918027491818056,38163
25,353731,100.0,100.0,0.0,9.0,9.0,0.9918027338780605,0.9918027338780605,37091
25,366131,100.0,100.0,0.0,9.0,9.0,0.9918028576712751,0.9918028576712751,47997
25,378825,100.0,100.0,0.0,9.0,9.0,0.9918028576274118,0.9918028576274118,47992
25,394058,100.0,100.0,0.0,9.0,9.0,0.9918399293815079,0.9918399293815079,12478
25,414113,100.0,100.0,0.0,9.0,9.0,0.9958822928283357,0.9958822928283357,27888
25,414415,100.0,100.0,0.0,9.0,9.0,0.9958831379685862,0.9958831379685862,29821
25,419960,100.0,100.0,0.0,9.0,9.0,0.9926553304312993,0.9926553304312993,47998
25,450876,100.0,100.0,0.0,9.0,9.0,0.9918028576888178,0.9918028576888178,47999
25,456075,100.0,100.0,0.0,9.0,9.0,0.9918028576186381,0.9918028576186381,47991
25,458555,100.0,100.0,0.0,9.0,9.0,0.9938916306932903,0.9938916306932903,20324
25,464903,100.0,100.0,0.0,9.0,9.0,0.9918028576010895,0.9918028576010895,47989
25,474555,100.0,100.0,0.0,9.0,9.0,0.9918036230065894,0.9918036230065894,47996
25,47889,100.0,100.0,0.0,9.0,9.0,0.9955299711783623,0.9955299711783623,43713
25,4798,100.0,100.0,0.0,9.0,9.0,0.9918028576888178,0.9918028576888178,47999
25,480938,100.0,100.0,0.0,9.0,9.0,0.9918028156583032,0.9918028156583032,43642
25,481243,100.0,100.0,0.0,9.0,9.0,0.9918028576888178,0.9918028576888178,47999
25,484973,100.0,100.0,0.0,9.0,9.0,0.9918028576888178,0.9918028576888178,47999
25,488199,100.0,100.0,0.0,9.0,9.0,0.9958837549067089,0.9958837549067089,47880
25,495564,100.0,100.0,0.0,9.0,9.0,0.9918034529446484,0.9918034529446484,47992
25,500483,100.0,100.0,0.0,9.0,9.0,0.9958837574324271,0.9958837574324271,47999
25,501834,100.0,100.0,0.0,9.0,9.0,0.9918028576888178,0.9918028576888178,47999
25,502367,100.0,100.0,0.0,9.0,9.0,0.9958837574324271,0.9958837574324271,47999
25,503664,100.0,100.0,0.0,9.0,9.0,0.9958832132630204,0.9958832132630204,46954
25,506424,100.0,100.0,0.0,9.0,9.0,0.9958837572842022,0.9958837572842022,47992
25,516977,100.0,100.0,0.0,9.0,9.0,0.9958229633570413,0.9958229633570413,26806
25,521288,100.0,100.0,0.0,9.0,9.0,0.9918028583304181,0.9918028583304181,47993
25,525219,100.0,100.0,0.0,9.0,9.0,0.9946620504772359,0.9946620504772359,46956
25,559035,100.0,100.0,0.0,9.0,9.0,0.9920056835404947,0.9920056835404947,44364
25,562601,100.0,100.0,0.0,9.0,9.0,0.9958837573053798,0.9958837573053798,47993
25,577111,100.0,100.0,0.0,9.0,9.0,0.9918025304264747,0.9918025304264747,27006
25,581757,100.0,100.0,0.0,9.0,9.0,0.9918026241500956,0.9918026241500956,30873
25,594585,100.0,100.0,0.0,9.0,9.0,0.9958837572842022,0.9958837572842022,47992
25,601866,100.0,100.0,0.0,9.0,9.0,0.9958833314866482,0.9958833314866482,47973
25,602931,100.0,100.0,0.0,9.0,9.0,0.991777988232649,0.991777988232649,26890
25,612515,100.0,100.0,0.0,9.0,9.0,0.991803537989968,0.991803537989968,47992
25,620914,100.0,100.0,0.0,9.0,9.0,0.991802393273165,0.991802393273165,18213
25,633996,100.0,100.0,0.0,9.0,9.0,0.9946012713849446,0.9946012713849446,19722
25,634332,100.0,100.0,0.0,9.0,9.0,0.9918029447624317,0.9918029447624317,47993
25,642876,100.0,100.0,0.0,9.0,9.0,0.9937494880045677,0.9937494880045677,45200
25,647143,100.0,100.0,0.0,9.0,9.0,0.9958837572842022,0.9958837572842022,47992
25,65535,100.0,100.0,0.0,9.0,9.0,0.9918028576888178,0.9918028576888178,47999
25,658466,100.0,100.0,0.0,9.0,9.0,0.9918028576888178,0.9918028576888178,47999
25,665135,100.0,100.0,0.0,9.0,9.0,0.9958837572842022,0.9958837572842022,47992
25,671634,100.0,100.0,0.0,9.0,9.0,0.9918035379521524,0.9918035379521524,47999
25,674312,100.0,100.0,0.0,9.0,9.0,0.9918028576888178,0.9918028576888178,47999
25,675296,100.0,100.0,0.0,9.0,9.0,0.9958836723995103,0.9958836723995103,47999
25,676063,100.0,100.0,0.0,9.0,9.0,0.9918028576888178,0.9918028576888178,47999
25,689611,100.0,100.0,0.0,9.0,9.0,0.9956190058464596,0.9956190058464596,21776
25,692469,100.0,100.0,0.0,9.0,9.0,0.993908976537188,0.993908976537188,46442
25,708082,100.0,100.0,0.0,9.0,9.0,0.9918026651937837,0.9918026651937837,39537
25,719490,100.0,100.0,0.0,9.0,9.0,0.9949897923895664,0.9949897923895664,33300
25,720719,100.0,100.0,0.0,9.0,9.0,0.9958836899471607,0.9958836899471607,45010
25,752848,100.0,100.0,0.0,9.0,9.0,0.9918029427217345,0.9918029427217345,47999
25,782218,100.0,100.0,0.0,9.0,9.0,0.9950455276079692,0.9950455276079692,38517
25,789504,100.0,100.0,0.0,9.0,9.0,0.9918028576888178,0.9918028576888178,47999
25,792503,100.0,100.0,0.0,9.0,9.0,0.9918028164843864,0.9918028164843864,43720
25,811895,100.0,100.0,0.0,9.0,9.0,0.9918027292670416,0.9918027292670416,29351
25,832404,100.0,100.0,0.0,9.0,9.0,0.9958837574324271,0.9958837574324271,47999
25,868599,100.0,100.0,0.0,9.0,9.0,0.9952748789419917,0.9952748789419917,34076
25,875143,100.0,100.0,0.0,9.0,9.0,0.9918032828536621,0.9918032828536621,47996
25,875242,100.0,100.0,0.0,9.0,9.0,0.9958837572842022,0.9958837572842022,47992
25,876524,100.0,100.0,0.0,9.0,9.0,0.9918028576800466,0.9918028576800466,47998
25,880978,100.0,100.0,0.0,9.0,9.0,0.9918028569243543,0.9918028569243543,47912
25,885701,100.0,100.0,0.0,9.0,9.0,0.9918028576888178,0.9918028576888178,47999
25,894044,100.0,100.0,0.0,9.0,9.0,0.9958826511200973,0.9958826511200973,47979
25,895328,100.0,100.0,0.0,9.0,9.0,0.9918029427217345,0.9918029427217345,47999
25,906484,100.0,100.0,0.0,9.0,9.0,0.9918029426517253,0.9918029426517253,47989
25,908888,100.0,100.0,0.0,9.0,9.0,0.9918028576888178,0.9918028576888178,47999
25,914957,100.0,100.0,0.0,9.0,9.0,0.9918010304333205,0.9918010304333205,13886
25,915456,100.0,100.0,0.0,9.0,9.0,0.9918028576888178,0.9918028576888178,47999
25,949592,100.0,100.0,0.0,9.0,9.0,0.9918028576888178,0.9918028576888178,47999
25,95693,100.0,100.0,0.0,9.0,9.0,0.995881758072079,0.995881758072079,27003
25,970121,100.0,100.0,0.0,9.0,9.0,0.9918028576888178,0.9918028576888178,47999
25,97024,100.0,100.0,0.0,9.0,9.0,0.9921693684174393,0.9921693684174393,30660
25,990474,100.0,100.0,0.0,9.0,9.0,0.9918028576888178,0.9918028576888178,47999
30,106555,100.0,100.0,0.0,9.0,9.0,0.9926101477518561,0.9926101477518561,42586
30,118866,100.0,100.0,0.0,9.0,9.0,0.993172059154025,0.993172059154025,47992
30,121119,100.0,100.0,0.0,9.0,9.0,0.9931217624577082,0.9931217624577082,21237
30,134309,100.0,100.0,0.0,9.0,9.0,0.9912907590947159,0.9912907590947159,47992
30,13684,100.0,100.0,0.0,9.0,9.0,0.9931716556813803,0.9931716556813803,47999
30,155479,100.0,100.0,0.0,9.0,9.0,0.9931720591370699,0.9931720591370699,47999
30,156942,100.0,100.0,0.0,9.0,9.0,0.993172059154025,0.993172059154025,47992
30,157222,100.0,100.0,0.0,9.0,9.0,0.990406024566633,0.990406024566633,47999
30,158726,100.0,100.0,0.0,9.0,9.0,0.9931722281355654,0.9931722281355654,29314
30,163306,100.0,100.0,0.0,9.0,9.0,0.99317205914918,0.99317205914918,47994
30,172724,100.0,100.0,0.0,9.0,9.0,0.9931721498440491,0.9931721498440491,26961
30,180938,100.0,100.0,0.0,9.0,9.0,0.9931720591370699,0.9931720591370699,47999
30,211309,100.0,100.0,0.0,9.0,9.0,0.99275583784564,0.99275583784564,46759
30,230112,100.0,100.0,0.0,9.0,9.0,0.9931716121618125,0.9931716121618125,41683
30,238035,100.0,100.0,0.0,9.0,9.0,0.9931720591467579,0.9931720591467579,47995
30,264128,100.0,100.0,0.0,9.0,9.0,0.9952358959394904,0.9952358959394904,47574
30,267613,100.0,100.0,0.0,9.0,9.0,0.9930423534145914,0.9930423534145914,40860
30,268959,100.0,100.0,0.0,9.0,9.0,0.9931720591394917,0.9931720591394917,47998
30,271204,100.0,100.0,0.0,9.0,9.0,0.9920884675903932,0.9920884675903932,27137
30,274172,100.0,100.0,0.0,9.0,9.0,0.9931720591370699,0.9931720591370699,47999
30,278396,100.0,100.0,0.0,9.0,9.0,0.9931720591370699,0.9931720591370699,47999
30,281723,100.0,100.0,0.0,9.0,9.0,0.9930535926548808,0.9930535926548808,47896
30,281986,100.0,100.0,0.0,9.0,9.0,0.9931537336141723,0.9931537336141723,31552
30,296760,100.0,100.0,0.0,9.0,9.0,0.9931720591637159,0.9931720591637159,47988
30,353309,100.0,100.0,0.0,9.0,9.0,0.9931710830502894,0.9931710830502894,16033
30,353731,100.0,100.0,0.0,9.0,9.0,0.993172059154025,0.993172059154025,47992
30,366131,100.0,100.0,0.0,9.0,9.0,0.9931720604003039,0.9931720604003039,47483
30,378825,100.0,100.0,0.0,9.0,9.0,0.9931716556813803,0.9931716556813803,47999
30,394058,100.0,100.0,0.0,9.0,9.0,0.9931720591370699,0.9931720591370699,47999
30,414113,100.0,100.0,0.0,9.0,9.0,0.9931647721355402,0.9931647721355402,29308
30,414415,100.0,100.0,0.0,9.0,9.0,0.9913655045693184,0.9913655045693184,47993
30,419960,100.0,100.0,0.0,9.0,9.0,0.9931720591370699,0.9931720591370699,47999
30,450876,100.0,100.0,0.0,9.0,9.0,0.9931716555796215,0.9931716555796215,47982
30,456075,100.0,100.0,0.0,9.0,9.0,0.9931719441843263,0.9931719441843263,47995
30,458555,100.0,100.0,0.0,9.0,9.0,0.9931721184822767,0.9931721184822767,16021
30,464903,100.0,100.0,0.0,9.0,9.0,0.9922015065086778,0.9922015065086778,30697
30,474555,100.0,100.0,0.0,9.0,9.0,0.99317205914918,0.99317205914918,47994
30,47889,100.0,100.0,0.0,9.0,9.0,0.993172059161293,0.993172059161293,47989
30,4798,100.0,100.0,0.0,9.0,9.0,0.9931720591370699,0.9931720591370699,47999
30,480938,100.0,100.0,0.0,9.0,9.0,0.9931720591394917,0.9931720591394917,47998
30,481243,100.0,100.0,0.0,9.0,9.0,0.9931720591370699,0.9931720591370699,47999
30,484973,100.0,100.0,0.0,9.0,9.0,0.9931721168533811,0.9931721168533811,32074
30,488199,100.0,100.0,0.0,9.0,9.0,0.9931708384617653,0.9931708384617653,47551
30,495564,100.0,100.0,0.0,9.0,9.0,0.993172059154025,0.993172059154025,47992
30,500483,100.0,100.0,0.0,9.0,9.0,0.9931721171218997,0.9931721171218997,47992
30,501834,100.0,100.0,0.0,9.0,9.0,0.9931720591588703,0.9931720591588703,47990
30,502367,100.0,100.0,0.0,9.0,9.0,0.9931720591370699,0.9931720591370699,47999
30,503664,100.0,100.0,0.0,9.0,9.0,0.993172059154025,0.993172059154025,47992
30,506424,100.0,100.0,0.0,9.0,9.0,0.9931718238308731,0.9931718238308731,46080
30,516977,100.0,100.0,0.0,9.0,9.0,0.9931720591467579,0.9931720591467579,47995
30,521288,100.0,100.0,0.0,9.0,9.0,0.9931718122679857,0.9931718122679857,42001
30,525219,100.0,100.0,0.0,9.0,9.0,0.9931721495068575,0.9931721495068575,27005
30,559035,100.0,100.0,0.0,9.0,9.0,0.9931720591370699,0.9931720591370699,47999
30,562601,100.0,100.0,0.0,9.0,9.0,0.9931720591370699,0.9931720591370699,47999
30,577111,100.0,100.0,0.0,9.0,9.0,0.9923133542688934,0.9923133542688934,38656
30,581757,100.0,100.0,0.0,9.0,9.0,0.9931721391023985,0.9931721391023985,28437
30,594585,100.0,100.0,0.0,9.0,9.0,0.9931720591394917,0.9931720591394917,47998
30,601866,100.0,100.0,0.0,9.0,9.0,0.9931718840909849,0.9931718840909849,46255
30,602931,100.0,100.0,0.0,9.0,9.0,0.9931712313814544,0.9931712313814544,27001
30,612515,100.0,100.0,0.0,9.0,9.0,0.9931720701387915,0.9931720701387915,43849
30,620914,100.0,100.0,0.0,9.0,9.0,0.9931721237495601,0.9931721237495601,30851
30,633996,100.0,100.0,0.0,9.0,9.0,0.9931720591370699,0.9931720591370699,47999
30,634332,100.0,100.0,0.0,9.0,9.0,0.9931717712746375,0.9931717712746375,47999
30,642876,100.0,100.0,0.0,9.0,9.0,0.9931720591782551,0.9931720591782551,47982
30,647143,100.0,100.0,0.0,9.0,9.0,0.9931712512314071,0.9931712512314071,47930
30,65535,100.0,100.0,0.0,9.0,9.0,0.9931720591467579,0.9931720591467579,47995
30,658466,100.0,100.0,0.0,9.0,9.0,0.9931720591370699,0.9931720591370699,47999
30,665135,100.0,100.0,0.0,9.0,9.0,0.9931716555436895,0.9931716555436895,47976
30,671634,100.0,100.0,0.0,9.0,9.0,0.9912088301236514,0.9912088301236514,39508
30,674312,100.0,100.0,0.0,9.0,9.0,0.993172059154025,0.993172059154025,47992
30,675296,100.0,100.0,0.0,9.0,9.0,0.9931720591685619,0.9931720591685619,47986
30,676063,100.0,100.0,0.0,9.0,9.0,0.9931720591564476,0.9931720591564476,47991
30,689611,100.0,100.0,0.0,9.0,9.0,0.9930428970632773,0.9930428970632773,27761
30,692469,100.0,100.0,0.0,9.0,9.0,0.9931721754514812,0.9931721754514812,47984
30,708082,100.0,100.0,0.0,9.0,9.0,0.9925067164212058,0.9925067164212058,40298
30,719490,100.0,100.0,0.0,9.0,9.0,0.9931628087479424,0.9931628087479424,47849
30,720719,100.0,100.0,0.0,9.0,9.0,0.9931723562282426,0.9931723562282426,13499
30,752848,100.0,100.0,0.0,9.0,9.0,0.9931508354921416,0.9931508354921416,24230
30,782218,100.0,100.0,0.0,9.0,9.0,0.9931721770155431,0.9931721770155431,23832
30,789504,100.0,100.0,0.0,9.0,9.0,0.990406024566633,0.990406024566633,47999
30,792503,100.0,100.0,0.0,9.0,9.0,0.9931720591467579,0.9931720591467579,47995
30,811895,100.0,100.0,0.0,9.0,9.0,0.9931720591734083,0.9931720591734083,47984
30,832404,100.0,100.0,0.0,9.0,9.0,0.9906145825571925,0.9906145825571925,45307
30,868599,100.0,100.0,0.0,9.0,9.0,0.993172059154025,0.993172059154025,47992
30,875143,100.0,100.0,0.0,9.0,9.0,0.9931722330516027,0.9931722330516027,47993
30,875242,100.0,100.0,0.0,9.0,9.0,0.993172059154025,0.993172059154025,47992
30,876524,100.0,100.0,0.0,9.0,9.0,0.9931720591394917,0.9931720591394917,47998
30,880978,100.0,100.0,0.0,9.0,9.0,0.990406370558923,0.990406370558923,47990
30,885701,100.0,100.0,0.0,9.0,9.0,0.9931720591516024,0.9931720591516024,47993
30,894044,100.0,100.0,0.0,9.0,9.0,0.9931053073857614,0.9931053073857614,23913
30,895328,100.0,100.0,0.0,9.0,9.0,0.9921170218687161,0.9921170218687161,47999
30,906484,100.0,100.0,0.0,9.0,9.0,0.993172059154025,0.993172059154025,47992
30,908888,100.0,100.0,0.0,9.0,9.0,0.9931710059599291,0.9931710059599291,23441
30,914957,100.0,100.0,0.0,9.0,9.0,0.9931720591370699,0.9931720591370699,47999
30,915456,100.0,100.0,0.0,9.0,9.0,0.9931720591443357,0.9931720591443357,47996
30,949592,100.0,100.0,0.0,9.0,9.0,0.9931720591370699,0.9931720591370699,47999
30,95693,100.0,100.0,0.0,9.0,9.0,0.9931721490031251,0.9931721490031251,27071
30,970121,100.0,100.0,0.0,9.0,9.0,0.9931720591564476,0.9931720591564476,47991
30,97024,100.0,100.0,0.0,9.0,9.0,0.9931720019198911,0.9931720019198911,47658
30,990474,100.0,100.0,0.0,9.0,9.0,0.9904063704434973,0.9904063704434973,47996
40,106555,98.17532725109083,100.0,0.000997972542066699,9.0,9.0,0.9955692041283934,0.9953573743676004,47899
40,118866,97.54578220379592,100.0,0.0006941968523715312,9.0,9.0,0.9955694690314644,0.9954532180406153,47999
40,121119,97.65750369922681,100.0,0.0013255480812976606,9.0,9.0,0.9955694689436397,0.9952758541739456,47983
40,134309,99.82140167409032,100.0,8.871046649525448e-05,9.0,9.0,0.9901759128158633,0.9901485380240782,46473
40,13684,100.0,100.0,0.0,9.0,9.0,0.9920036133754008,0.9920036133754008,11859
40,155479,97.46535175382724,100.0,0.0007173532772187082,9.0,9.0,0.9955688985146987,0.9954487357015464,45529
40,156942,97.06990486000055,100.0,0.0016434574437345323,9.0,9.0,0.9952903121966028,0.9949300872651593,36893
40,157222,97.56026418317812,100.0,0.0013807859846586322,9.0,9.0,0.9955694690204894,0.99526355967238,47997
40,158726,100.0,100.0,0.0,9.0,9.0,0.9954890886888906,0.9954890886888906,29283
40,163306,97.6448255001356,100.0,0.0038285312365561566,9.0,9.0,0.995568610223955,0.9931994247057038,47937
40,172724,100.0,100.0,0.0,9.0,9.0,0.9955686077184445,0.9955686077184445,28128
40,180938,100.0,100.0,0.0,9.0,9.0,0.9949288099236949,0.9949288099236949,32105
40,211309,99.21819325089079,100.0,0.00025448563055884005,9.0,9.0,0.9945416383716648,0.9945353162048083,47710
40,230112,98.14454147557119,100.0,0.001010351260054615,9.0,9.0,0.9945325856962087,0.9940142546836827,47751
40,238035,100.0,100.0,0.0,9.0,9.0,0.9955693619963293,0.9955693619963293,46955
40,264128,100.0,100.0,0.0,9.0,9.0,0.9946253970600684,0.9946253970600684,17338
40,267613,100.0,100.0,0.0,9.0,9.0,0.9955689442575645,0.9955689442575645,16040
40,268959,100.0,100.0,0.0,9.0,9.0,0.9948393855331638,0.9948393855331638,34952
40,271204,100.0,100.0,0.0,9.0,9.0,0.9955366082279234,0.9955366082279234,15959
40,274172,98.30795262267344,100.0,0.0012222312874655668,9.0,9.0,0.9938295443229034,0.9935794053998536,47871
40,278396,100.0,100.0,0.0,9.0,9.0,0.9925839170722519,0.9925839170722519,16099
40,281723,100.0,100.0,0.0,9.0,9.0,0.9955694283715649,0.9955694283715649,41580
40,281986,98.31272970263949,100.0,0.0009450116309123803,9.0,9.0,0.9955672517964954,0.9953584595441872,47888
40,296760,98.94692698383113,100.0,0.0004949742094699204,9.0,9.0,0.9953298924107705,0.9952473652563048,42922
40,353309,97.59543257209535,100.0,0.0006805379512937691,9.0,9.0,0.9955694689930482,0.9954554730620594,47992
40,353731,97.59746619157758,100.0,0.0022630029294014643,9.0,9.0,0.9924048948746009,0.9919233523307718,47991
40,366131,97.59543257209535,100.0,0.0013608793289447611,9.0,9.0,0.9955694689930482,0.9952679706892149,47992
40,378825,97.95522356917813,100.0,0.0011304535081064718,9.0,9.0,0.995569468635792,0.9953261750673293,47927
40,394058,97.58918153025505,100.0,0.0013608793289447611,9.0,9.0,0.9955694689930482,0.995268718477206,47992
40,414113,98.48812671955552,100.0,0.00042738467291716746,9.0,9.0,0.9955693947246688,0.9954978463457652,37437
40,414415,97.56854737894824,100.0,0.0006881469682221945,9.0,9.0,0.9955694359851215,0.995454165478678,47996
40,419960,97.54578220379592,100.0,0.0006941968523715312,9.0,9.0,0.9955694360036486,0.9954531850127997,47999
40,450876,100.0,100.0,0.0,9.0,9.0,0.9930439611698553,0.9930439611698553,34172
40,456075,100.0,100.0,0.0,9.0,9.0,0.995468350842057,0.995468350842057,46179
40,458555,98.80324713365135,100.0,0.0005966789673723388,9.0,9.0,0.9955694679128306,0.9954592564470084,47796
40,464903,100.0,100.0,0.0,9.0,9.0,0.9955686584972554,0.9955686584972554,29458
40,474555,97.59543257209535,100.0,0.0013598964607308764,9.0,9.0,0.9955694689930482,0.9952681985883882,47992
40,47889,98.7907949790795,100.0,0.0006084708297150075,9.0,9.0,0.9955694679349644,0.99545556480315,47800
40,4798,100.0,100.0,0.0,9.0,9.0,0.9928260546235903,0.9928260546235903,40008
40,480938,97.59543257209535,100.0,0.0013608793289447611,9.0,9.0,0.9955694689930482,0.9952679706892149,47992
40,481243,98.92623911587408,100.0,0.0012400636934625738,9.0,9.0,0.9924043680741503,0.9921411809808598,47776
40,484973,97.52677418010585,100.0,0.0041634528215398,9.0,9.0,0.9924043671693399,0.9899327036778081,47994
40,488199,100.0,100.0,0.0,9.0,9.0,0.9948747652606438,0.9948747652606438,40597
40,495564,98.01966341275673,100.0,0.0011192948475468266,9.0,9.0,0.9924053879174255,0.992220074197007,28581
40,500483,100.0,100.0,0.0,9.0,9.0,0.9955693793229498,0.9955693793229498,35804
40,501834,98.35215974954521,100.0,0.0016290018606901074,9.0,9.0,0.9924151510780757,0.9913515818445567,47274
40,502367,97.53281933736196,100.0,0.003237309659638211,9.0,9.0,0.9955694689820702,0.9934043279829444,47990
40,503664,100.0,100.0,0.0,9.0,9.0,0.9951137256771294,0.9951137256771294,20937
40,506424,97.54578220379592,100.0,0.0006941968523715312,9.0,9.0,0.9955694690314644,0.9954532180406153,47999
40,516977,99.03683075441279,100.0,0.0002255822966490164,9.0,9.0,0.9955694677079171,0.9955395307047059,47759
40,521288,97.55406475269804,100.0,0.0020680893150422154,9.0,9.0,0.9955691067611265,0.995003386889378,47998
40,525219,97.59543257209535,100.0,0.0006805379512937691,9.0,9.0,0.9955694689930482,0.9954554730620594,47992
40,559035,97.54578220379592,100.0,0.0006941968523715312,9.0,9.0,0.9955694360036486,0.9954531850127997,47999
40,562601,97.59543257209535,100.0,0.0013608793289447611,9.0,9.0,0.9955694689930482,0.9952679706892149,47992
40,577111,97.60366743071474,100.0,0.001579731626478787,9.0,9.0,0.9955685782187129,0.9952686020527107,47990
40,581757,99.58069953645175,100.0,0.00023555089091906588,9.0,9.0,0.9949058844619957,0.9948537863974792,47460
40,594585,97.21190031005183,100.0,0.001953509641169596,9.0,9.0,0.9955694332001139,0.9950774596699035,42251
40,601866,97.56748306409588,100.0,0.0031809020028119987,9.0,9.0,0.9955694688997055,0.993438127163481,47975
40,602931,98.78454425639632,100.0,0.00030531452527439825,9.0,9.0,0.9948898595485742,0.9948644115440712,47801
40,612515,98.29211771054888,100.0,0.000483063430750626,9.0,9.0,0.995569331091418,0.9954884638385643,31501
40,620914,99.01782161630123,100.0,0.0008781797714006188,9.0,9.0,0.9924044344715769,0.9922817477528734,47751
40,633996,100.0,100.0,0.0,9.0,9.0,0.9955317435637047,0.9955317435637047,46946
40,634332,97.54730349253981,100.0,0.004117578136672534,9.0,9.0,0.9924043016470645,0.9899590393663721,47988
40,642876,97.56438036503042,100.0,0.001376490493704664,9.0,9.0,0.9955694690150015,0.9952648261640352,47996
40,647143,95.8012368449604,100.0,0.0011876468352504223,9.0,9.0,0.9947878728611075,0.9945890457891932,27651
40,65535,97.94923305501496,100.0,0.0027312630615968425,9.0,9.0,0.9924048979738531,0.9906660818090972,47787
40,658466,100.0,100.0,0.0,9.0,9.0,0.9944866671177661,0.9944866671177661,38667
40,665135,97.60505252626314,100.0,0.0006768321267552014,9.0,9.0,0.9955694689051982,0.9954562579007765,47976
40,671634,100.0,100.0,0.0,9.0,9.0,0.9955508525084752,0.9955508525084752,38898
40,674312,97.55818071962831,100.0,0.0018422928162569907,9.0,9.0,0.9924044000811164,0.9921757221204255,47997
40,675296,98.11130908709778,100.0,0.0021719569761486177,9.0,9.0,0.9955694674082838,0.9941125391927665,47705
40,676063,97.49716303114361,100.0,0.0032990914562630994,9.0,9.0,0.9929168478575063,0.9907503648119774,47586
40,689611,97.55203233400695,100.0,0.0013803353607602675,9.0,9.0,0.9955692048089395,0.9952636286204892,47999
40,692469,97.54578220379592,100.0,0.0006943933973467215,9.0,9.0,0.9955695022703202,0.9954532182516558,47999
40,708082,97.54578220379592,100.0,0.0013881971597678726,9.0,9.0,0.9955694690314644,0.9952619073548878,47999
40,719490,97.54578220379592,100.0,0.0006941968523715312,9.0,9.0,0.9955694690314644,0.9954532180406153,47999
40,720719,97.64509742627905,100.0,0.0015535515225866573,9.0,9.0,0.995569270834958,0.995274328544806,47985
40,752848,97.55406475269804,100.0,0.0006920492756380571,9.0,9.0,0.9955694690259769,0.9954535776684438,47998
40,782218,97.63666298480712,100.0,0.0016591961225260992,9.0,9.0,0.995569205053217,0.9951510455729784,47983
40,789504,97.65110462692789,100.0,0.002211023461033292,9.0,9.0,0.992406016540408,0.9919354665811333,47980
40,792503,100.0,100.0,0.0,9.0,9.0,0.9926240358200441,0.9926240358200441,47590
40,811895,100.0,100.0,0.0,9.0,9.0,0.9939136593146554,0.9939136593146554,35244
40,832404,98.1863820356844,100.0,0.0018692561759908316,9.0,9.0,0.994314739096194,0.9930910136182862,44221
40,868599,98.66480131556341,100.0,0.00037742332402047066,9.0,9.0,0.9954009810915594,0.995337836780254,40743
40,875143,100.0,100.0,0.0,9.0,9.0,0.9947061343293273,0.9947061343293273,43062
40,875242,100.0,100.0,0.0,9.0,9.0,0.9937305622582947,0.9937305622582947,11575
40,876524,97.54481033764068,100.0,0.002083022013889436,9.0,9.0,0.9955692046000095,0.9949985883507113,47980
40,880978,97.43105402342275,100.0,0.0016960544615876158,9.0,9.0,0.9924238499240433,0.9921831670290673,44999
40,885701,100.0,100.0,0.0,9.0,9.0,0.9925002350164074,0.9925002350164074,42330
40,894044,99.04522613065326,100.0,0.00022518251635536172,9.0,9.0,0.9955694677134594,0.9955392676890741,47760
40,895328,97.55995915900898,100.0,0.0011273733321853193,9.0,9.0,0.9952186191937703,0.9950129444925785,47991
40,906484,100.0,100.0,0.0,9.0,9.0,0.9955567113424654,0.9955567113424654,47966
40,908888,98.12392571165053,100.0,0.0014291545147993726,9.0,9.0,0.9908296534376885,0.9903878107470797,47706
40,914957,100.0,100.0,0.0,9.0,9.0,0.9926195266141608,0.9926195266141608,13183
40,915456,97.58923176296544,100.0,0.0013634063772664958,9.0,9.0,0.9955694030396776,0.9952673548848873,47993
40,949592,97.5436988270589,100.0,0.002546436698563296,9.0,9.0,0.9924043671486839,0.9919114712374792,47999
40,95693,100.0,100.0,0.0,9.0,9.0,0.9955748332470181,0.9955748332470181,31818
40,970121,97.5745452272301,100.0,0.0013725057725053006,9.0,9.0,0.9952602409685175,0.994992763738896,47991
40,97024,100.0,100.0,0.0,9.0,9.0,0.9908664768841486,0.9908664768841486,16073
40,990474,98.69337370443694,100.0,0.00032497566527726196,9.0,9.0,0.9952413050630843,0.9951936219547102,42935
50,106555,98.09525836383757,100.0,0.0038765296658689365,8.967246956669788,8.967246956669788,0.9951522784046375,0.9918617766247078,46988
50,118866,100.0,100.0,0.0,9.0,9.0,0.9928209120464744,0.9928209120464744,15960
50,121119,100.0,100.0,0.0,9.0,9.0,0.9922478688993527,0.9922478688993527,16926
50,134309,98.8364786687756,100.0,0.0005685567894559271,8.98777977596256,8.98777977596256,0.9894077148434305,0.9891415218086002,46153
50,13684,99.65415330440798,100.0,0.00043023990839199483,8.997170345217883,8.997170345217883,0.9951595739354614,0.9948789648323298,15903
50,155479,95.15375307714774,100.0,0.009818011043380134,8.905349021571327,8.905349021571327,0.9952626169262536,0.9870849420320152,47934
50,156942,99.96687919185227,100.0,3.112857908620188e-05,8.999834395959262,8.999834395959262,0.9921780514639856,0.9921554628238837,12077
50,157222,100.0,100.0,0.0,9.0,9.0,0.9951615223942407,0.9951615223942407,31696
50,158726,99.15503129513722,100.0,0.0012045641305961099,8.993813192103996,8.993813192103996,0.9954313539910673,0.9945136288943639,41540
50,163306,99.96256706733769,100.0,5.31628951762178e-05,8.999625670673376,8.999625670673376,0.9951618424997588,0.9951225646558705,24043
50,172724,95.99548277809149,100.0,0.006773795018319371,8.960135516657255,8.960135516657255,0.9926920851425658,0.9867323609119542,44275
50,180938,98.15824937431816,100.0,0.0026276948226305994,8.974694645874779,8.974694645874779,0.9936952398813343,0.991985283800182,46749
50,211309,98.77398173797066,100.0,0.0007266550494426278,8.985482712629526,8.985482712629526,0.9928491084963257,0.9925177122100877,19494
50,230112,100.0,100.0,0.0,9.0,9.0,0.9948919713226521,0.9948919713226521,8711
50,238035,96.9983666023207,100.0,0.005484586075400418,8.942640164612545,8.942640164612545,0.9931761489399843,0.988476279966441,47141
50,264128,97.52766446552928,100.0,0.004087374687422846,8.97155799959433,8.97155799959433,0.9960802532401846,0.9930156108573533,44371
50,267613,97.74601077994845,100.0,0.003365430128720895,8.957029335946654,8.957029335946654,0.9954257069969125,0.992996763665576,46939
50,268959,97.78918109899509,100.0,0.0054684498288698,8.959675005345307,8.959675005345307,0.9961752789317497,0.9912099196520487,46770
50,271204,97.23964070841454,100.0,0.004905917874934774,8.95491907465469,8.95491907465469,0.9957500196640146,0.9916096913591607,47204
50,274172,99.37552307989442,100.0,0.0006278168865800632,8.993948367990729,8.993948367990729,0.9948294806726891,0.9944484560557919,15533
50,278396,96.99756845332487,100.0,0.004939084151863961,8.943397822179934,8.943397822179934,0.9959884721573956,0.9921131504288546,47295
50,281723,96.46267504686294,100.0,0.003626499261716979,8.93767780350645,8.93767780350645,0.9933967782410539,0.9903706429486473,45345
50,281986,100.0,100.0,0.0,9.0,9.0,0.9942120405879777,0.9942120405879777,24004
50,296760,99.95896396070196,100.0,7.441298590091712e-05,8.99934825114056,8.99934825114056,0.9953021029770943,0.9952363950039844,41427
50,353309,100.0,100.0,0.0,9.0,9.0,0.9942583051518755,0.9942583051518755,16205
50,353731,99.53743856605955,100.0,0.0008438268263894776,8.994102341717259,8.994102341717259,0.9971499488364427,0.9963812062661426,17295
50,366131,97.39525556788122,100.0,0.004206747348788389,8.985792303097535,8.985792303097535,0.9950339589804343,0.9915940525110053,46876
50,378825,99.20870103227067,100.0,0.0009991927619367542,8.983392490800743,8.983392490800743,0.9949147169012781,0.9942594289105002,30709
50,394058,99.88932806324111,100.0,0.0001228367361090473,8.999209486166007,8.999209486166007,0.9936942765395482,0.9936058166522168,18975
50,414113,100.0,100.0,0.0,9.0,9.0,0.9950099447780811,0.9950099447780811,29511
50,414415,97.50183534347143,100.0,0.0028151132945105285,8.944708966963818,8.944708966963818,0.996037535030628,0.9943543340222658,47675
50,419960,99.12270655335914,100.0,0.0014065559941726178,8.988547082942025,8.988547082942025,0.9961465287009075,0.9950545178822019,43657
50,450876,99.63796631512672,100.0,0.0003077108795915493,8.997953722650717,8.997953722650717,0.9950276300684326,0.9948453413853621,12706
50,456075,99.7631790839767,100.0,0.00029807384467895454,8.997347605740538,8.997347605740538,0.9929843405630291,0.9927851692900101,21113
50,458555,100.0,100.0,0.0,9.0,9.0,0.9952142051267288,0.9952142051267288,18442
50,464903,98.51663396649491,100.0,0.0016348734971038338,8.993574955261852,8.993574955261852,0.9951727831939826,0.9939361392933779,46381
50,474555,99.98336037272765,100.0,1.970482176988709e-05,8.999667207454554,8.999667207454554,0.996174560835583,0.9961626809949872,24039
50,47889,100.0,100.0,0.0,9.0,9.0,0.9953023733395967,0.9953023733395967,12308
50,4798,99.75896531452088,100.0,0.0003951678137141796,8.996119929453263,8.996119929453263,0.9940435614911926,0.9937249775835084,17010
50,480938,100.0,100.0,0.0,9.0,9.0,0.9950827337457615,0.9950827337457615,13800
50,481243,97.8889472122692,100.0,0.0030102986429718544,8.97466736654723,8.97466736654723,0.9942356575057737,0.9916643315426353,43817
50,484973,94.97209291553764,100.0,0.009170068595054134,8.879594247203501,8.879594247203501,0.9930859637443331,0.9857520883346653,43179
50,488199,95.33780536225524,100.0,0.006657449843654967,8.92514575888659,8.92514575888659,0.9950679896984431,0.9900847742310274,47853
50,495564,98.67532467532467,100.0,0.0014490772385509227,8.98978354978355,8.98978354978355,0.9971043494097973,0.9960477634919845,46200
50,500483,99.93355481727575,100.0,0.0001002298104064147,8.998671096345515,8.998671096345515,0.9951407864434807,0.995061248976058,24080
50,501834,100.0,100.0,0.0,9.0,9.0,0.9951611791204612,0.9951611791204612,15996
50,502367,97.47537176461775,100.0,0.004828905616102284,8.949694722253437,8.949694722253437,0.995772527250617,0.9916534764874342,26697
50,503664,98.48166980763077,100.0,0.0029713725340268144,8.968602211712833,8.968602211712833,0.9957519775612822,0.993206904286383,28123
50,506424,98.55248331455317,100.0,0.0014536427747013367,8.981125942619398,8.981125942619398,0.9936847241106186,0.992823601933031,46148
50,516977,100.0,100.0,0.0,9.0,9.0,0.9951611591645049,0.9951611591645049,12011
50,521288,99.75647747965161,100.0,0.0005577116042118196,8.997608652728111,8.997608652728111,0.9951985999876837,0.9946861963059884,45581
50,525219,99.92936092412532,100.0,0.00011434719933716114,8.998836532867946,8.998836532867946,0.9967695290815962,0.9966740138661718,24066
50,559035,96.54206389028266,100.0,0.003830763562191983,8.894150359591904,8.894150359591904,0.9931578204287552,0.990400518691345,47832
50,562601,100.0,100.0,0.0,9.0,9.0,0.9960792374343652,0.9960792374343652,42622
50,577111,100.0,100.0,0.0,9.0,9.0,0.9891596222637102,0.9891596222637102,24745
50,581757,100.0,100.0,0.0,9.0,9.0,0.9941406095517805,0.9941406095517805,29321
50,594585,98.00955584599232,100.0,0.0041491683701143246,8.994236496475478,8.994236496475478,0.9961305420715163,0.9924813244157467,46673
50,601866,100.0,100.0,0.0,9.0,9.0,0.9961692672240228,0.9961692672240228,12008
50,602931,96.96821930587063,100.0,0.003202825474864467,8.97364682935103,8.97364682935103,0.9942459808056038,0.9918963376331102,47167
50,612515,97.94405928759264,100.0,0.0021522848479074807,8.970356203681568,8.970356203681568,0.9954853738968897,0.9941240514968154,20915
50,620914,99.99077490774908,100.0,6.01133830887181e-06,8.999938499384994,8.999938499384994,0.9969575419646703,0.9969546025753507,32520
50,633996,100.0,100.0,0.0,9.0,9.0,0.9931504668137816,0.9931504668137816,30354
50,634332,100.0,100.0,0.0,9.0,9.0,0.9921485702166867,0.9921485702166867,16011
50,642876,100.0,100.0,0.0,9.0,9.0,0.9951613051963277,0.9951613051963277,16008
50,647143,96.82129856937273,100.0,0.004398588530922668,8.965588758147803,8.965588758147803,0.9951371617299407,0.9919347046689347,47252
50,65535,99.54045229169186,100.0,0.0005861794406199316,8.996412302978998,8.996412302978998,0.9956037057595212,0.9950880923574613,24807
50,658466,98.1367257774351,100.0,0.00367373071589279,8.970187612438961,8.970187612438961,0.9932149465222402,0.9896634739469782,46692
50,665135,98.43899840170485,100.0,0.0021550947160121933,8.982631859350027,8.982631859350027,0.9959302936781682,0.9943686911888274,18770
50,671634,100.0,100.0,0.0,9.0,9.0,0.9961639175741733,0.9961639175741733,27784
50,674312,99.23184357541899,100.0,0.0009796038380068285,8.988128491620111,8.988128491620111,0.9938181531267968,0.9931797701661813,20048
50,675296,96.65408622441574,100.0,0.005039362086447065,8.925787487298592,8.925787487298592,0.9951340996951443,0.9914715792953115,27556
50,676063,97.59066808059384,100.0,0.004520686658321307,8.95560975609756,8.95560975609756,0.9951189470542035,0.9913082708688717,47150
50,689611,99.87626059518654,100.0,0.00021677655128975068,8.997834560415765,8.997834560415765,0.9961533587380916,0.9959787499498515,16163
50,692469,96.71979087612783,100.0,0.003480906921997633,8.94000337296568,8.94000337296568,0.9951286355119828,0.9930037889842059,47436
50,708082,96.43849351408936,100.0,0.004672607301052959,8.898794727717085,8.898794727717085,0.9931505243485093,0.9895182369743519,47873
50,719490,98.13790231423643,100.0,0.00138218113550877,8.965554167410316,8.965554167410316,0.9937919778511639,0.99308852033501,16809
50,720719,99.03260869565217,100.0,0.0011253677672441976,8.987608695652174,8.987608695652174,0.9951163054797965,0.9944943543448173,46000
50,752848,96.45153104381662,100.0,0.004041941683849278,8.94964895956691,8.94964895956691,0.9912285909852387,0.9884647817706979,47288
50,782218,97.4922353731218,100.0,0.005201558416312754,8.892680265256443,8.892680265256443,0.9952718811633451,0.9902547048611082,47652
50,789504,99.82596232596232,100.0,0.0002740265898160635,8.997645372645373,8.997645372645373,0.9971479649296886,0.9969280053134751,9768
50,792503,97.41120824359136,100.0,0.005047777177645749,8.913615439841209,8.913615439841209,0.9931949673976677,0.9884158431549392,47358
50,811895,100.0,100.0,0.0,9.0,9.0,0.9961696442433366,0.9961696442433366,16006
50,832404,97.88778598488857,100.0,0.003994992454787204,8.944083472666088,8.944083472666088,0.9957167623730399,0.9924881648204245,47249
50,868599,100.0,100.0,0.0,9.0,9.0,0.9951614841745557,0.9951614841745557,27034
50,875143,98.7983451097062,100.0,0.0010735396505395134,8.98882019338044,8.98882019338044,0.9942251499861945,0.9935663834973946,43024
50,875242,100.0,100.0,0.0,9.0,9.0,0.9951612606917328,0.9951612606917328,14534
50,876524,95.58386232785709,100.0,0.009556389867470837,8.882046523398781,8.882046523398781,0.9942556735344585,0.9855405658850506,47417
50,880978,99.93313552593088,100.0,6.158569980050632e-05,8.999540306740775,8.999540306740775,0.9933427681696796,0.9933013558893103,23929
50,885701,98.0790717662226,100.0,0.002820437427905819,8.991899441340783,8.991899441340783,0.9941908046470891,0.9918672882932592,46540
50,894044,100.0,100.0,0.0,9.0,9.0,0.9908365691136274,0.9908365691136274,14990
50,895328,96.86728167022018,100.0,0.005738893898316329,8.920141014544763,8.920141014544763,0.9933222726409876,0.9882993805887497,47371
50,906484,97.60008450406676,100.0,0.002944140746923822,8.954473434034012,8.954473434034012,0.9951757252697164,0.9933237080211863,47335
50,908888,99.99352457424075,100.0,3.89499293789093e-06,8.999935245742408,8.999935245742408,0.995142813495017,0.9951415419307843,15443
50,914957,100.0,100.0,0.0,9.0,9.0,0.9932715849799278,0.9932715849799278,42201
50,915456,99.75955116216937,100.0,0.00029810031356778267,8.99567192091905,8.99567192091905,0.9931467880346833,0.9929370225409572,18715
50,949592,97.44591095146605,100.0,0.006499887258870592,8.842640547990978,8.842640547990978,0.993178343971767,0.9858477594282186,47884
50,95693,100.0,100.0,0.0,9.0,9.0,0.99481553945941,0.99481553945941,12027
50,970121,100.0,100.0,0.0,9.0,9.0,0.9946361902385933,0.9946361902385933,17107
50,97024,100.0,100.0,0.0,9.0,9.0,0.9951663307772429,0.9951663307772429,12115
50,990474,100.0,100.0,0.0,9.0,9.0,0.9957091870591865,0.9957091870591865,10688
60,106555,99.94243421052632,100.0,9.868421052631579e-05,8.999013157894737,8.999013157894737,0.9947125618627586,0.9946335489759063,12160
60,118866,99.95343494862323,100.0,6.732530344891814e-05,8.998758265296619,8.998758265296619,0.9953982588028701,0.9953436749391609,32213
60,121119,100.0,100.0,0.0,9.0,9.0,0.9965671029519615,0.9965671029519615,12012
60,134309,98.24013199010075,100.0,0.004984313676474265,8.948528860335475,8.948528860335475,0.9937258959248335,0.9890220897791108,40003
60,13684,99.88409636559318,100.0,0.00021990644920937165,8.997019620829539,8.997019620829539,0.9966459892464061,0.9964662101379409,12079
60,155479,100.0,100.0,0.0,9.0,9.0,0.9955198960302585,0.9955198960302585,14799
60,156942,99.63593337580777,100.0,0.0006206198234276872,8.990261217802859,8.990261217802859,0.9962389652126672,0.9957404488499533,10987
60,157222,96.86868686868686,100.0,0.002776405357927097,8.943456302151954,8.943456302151954,0.9952935955003946,0.9932668564958269,45540
60,158726,99.74443825562727,100.0,4.505094852724353e-05,8.997575439861079,8.997575439861079,0.9962576219611684,0.9962582814459267,30521
60,163306,96.13601236476043,100.0,0.0050804997424008244,8.93930963420917,8.93930963420917,0.995313829024003,0.991129457241817,9705
60,172724,99.71389529421812,100.0,0.0004993487915278844,8.993295755401828,8.993295755401828,0.9939385160551899,0.9935124352275012,23418
60,180938,99.83702816057519,100.0,0.0002615338526063511,8.996764529658478,8.996764529658478,0.9937549456414871,0.9935491139686453,41725
60,211309,99.78842375698957,100.0,0.0002772215505516095,8.996146289859453,8.996146289859453,0.9945072649012927,0.9943012354940572,13234
60,230112,99.69226981782373,100.0,0.0002731105366814377,8.995199409158051,8.995199409158051,0.9952569339235718,0.9950784475650606,16248
60,238035,100.0,100.0,0.0,9.0,9.0,0.9938673328504459,0.9938673328504459,16007
60,264128,99.23327076117707,100.0,0.0010739166644634218,8.988261110964228,8.988261110964228,0.9945874106499777,0.9938038311561366,37823
60,267613,97.53124517821324,100.0,0.003666486653294245,8.929640487579077,8.929640487579077,0.992805111179227,0.9898635780085061,12962
60,268959,94.99241922740183,100.0,0.011492596155214536,8.841273569796494,8.841273569796494,0.9959510331310414,0.9860086153979893,46829
60,271204,100.0,100.0,0.0,9.0,9.0,0.9951413934475065,0.9951413934475065,11967
60,274172,99.35858152551374,100.0,0.000985108469175144,8.977529926053029,8.977529926053029,0.9931611240486719,0.9924298837107548,24477
60,278396,99.74040632054177,100.0,0.0007297545146726863,8.992635440180587,8.992635440180587,0.9952598174639937,0.9945713178816779,35440
60,281723,99.61011270179714,100.0,0.000542948522692659,8.987694182150472,8.987694182150472,0.9938719944708655,0.9934255110332377,16415
60,281986,99.88718679491747,100.0,0.0001573447334045838,8.997506234413965,8.997506234413965,0.9933297417792694,0.9932129310484765,16842
60,296760,99.96685174442696,100.0,7.769122399933702e-05,8.999419905527471,8.999419905527471,0.9952653266163324,0.9951938433752153,12067
60,353309,97.65389488400542,100.0,0.0030600124513958673,8.955196819432915,8.955196819432915,0.9952253156381553,0.9929109084336524,45778
60,353731,96.60122838087342,100.0,0.00361967293417235,8.92377256113644,8.92377256113644,0.9954621474141853,0.9926979792351499,26539
60,366131,98.1305899027418,100.0,0.005246127344740509,8.92417281657788,8.92417281657788,0.9952361119082235,0.9901241419053812,40922
60,378825,99.61058645213944,100.0,0.0008831759356418328,8.988387548093739,8.988387548093739,0.9953280144196555,0.9945816177976383,42885
60,394058,99.7229916897507,100.0,0.0004279561980609418,8.98913608033241,8.98913608033241,0.9954401458055664,0.9951080425011816,23104
60,414113,99.26701340882657,100.0,0.0012152434876116487,8.95839094081243,8.95839094081243,0.9959366876937661,0.9949935982892351,45567
60,414415,99.99304928060054,100.0,9.557239174254534e-06,8.999791478418016,8.999791478418016,0.9964879384846427,0.9964809080143576,43161
60,419960,95.79716332242305,100.0,0.006971176651961483,8.91916891988046,8.91916891988046,0.9958933442467994,0.9904643312799818,42162
60,450876,99.89777606142522,100.0,0.00021711797966312855,8.996001908180187,8.996001908180187,0.9933197059222313,0.9931203323219392,44021
60,456075,100.0,100.0,0.0,9.0,9.0,0.9947154977636993,0.9947154977636993,21308
60,458555,99.93158353028984,100.0,0.00010340216444831446,8.998507277024505,8.998507277024505,0.9953924881091218,0.9953102257350767,16078
60,464903,99.0356263994502,100.0,0.0011702729066442015,8.9862327354956,8.9862327354956,0.9952632952071282,0.9944497213843858,45107
60,474555,99.91634746620878,100.0,0.0001304319112402589,8.997666534583718,8.997666534583718,0.9971942161708511,0.997088525680063,22713
60,47889,99.89492893878229,100.0,6.221312835259636e-05,8.999281092739036,8.999281092739036,0.9952481463823176,0.9952162354976966,18083
60,4798,99.99242366845974,100.0,3.3146450488673384e-06,9.0,9.0,0.9946850553892046,0.99468366097102,13199
60,480938,100.0,100.0,0.0,9.0,9.0,0.9937271188907318,0.9937271188907318,12508
60,481243,99.76546321015994,100.0,0.0005280196611691908,8.992489832580652,8.992489832580652,0.995257391145564,0.9947967368689922,40079
60,484973,97.9800008031806,100.0,0.004073448019655737,8.927191679049034,8.927191679049034,0.995279493597595,0.9909842276600954,24901
60,488199,99.9170526024746,100.0,0.00014342987488767542,8.997235086749154,8.997235086749154,0.9955213463773159,0.9954094863268982,14467
60,495564,99.8134110787172,100.0,0.0001822157434402332,8.997172011661808,8.997172011661808,0.9966226241297854,0.9964869455721931,34300
60,500483,99.94389027431421,100.0,9.46851620947631e-05,8.998067331670823,8.998067331670823,0.9931885665717296,0.9931097319720581,16040
60,501834,99.44500380638982,100.0,0.00072260013260971,8.989514009970286,8.989514009970286,0.9952996959240412,0.9947503863079499,40721
60,502367,99.89550036882223,100.0,0.0002393502581755594,8.997541185148759,8.997541185148759,0.994665958335693,0.9944501668412095,16268
60,503664,99.69160418992928,100.0,0.00028978571808369226,8.994576487478067,8.994576487478067,0.9955932189594316,0.9953978962058441,18807
60,506424,98.30363303276152,100.0,0.0033723620660940728,8.951393019438035,8.951393019438035,0.9958553574121519,0.9930063502735063,42031
60,516977,99.68252659355159,100.0,0.0008650634946812898,8.984579863115362,8.984579863115362,0.9966300092117826,0.9958473203928019,24254
60,521288,99.67308090213119,100.0,0.0006743488595799385,8.986964618249534,8.986964618249534,0.9959485587000847,0.9953375669456216,24165
60,525219,99.47561831619802,100.0,0.0011127627069656054,8.985053057516826,8.985053057516826,0.9952470785554278,0.9943001193098242,24219
60,559035,98.79094738220466,100.0,0.0014047871063486176,8.953078282883395,8.953078282883395,0.9939107771734539,0.9929338326820275,45821
60,562601,100.0,100.0,0.0,9.0,9.0,0.996651466626545,0.996651466626545,12012
60,577111,99.7359486986043,100.0,0.00027133843146668495,8.99674222420356,8.99674222420356,0.992436640264951,0.9922453032396418,29161
60,581757,99.88945526008722,100.0,0.000228190444021372,8.997328502118775,8.997328502118775,0.995620999768169,0.9954270676354094,32566
60,594585,100.0,100.0,0.0,9.0,9.0,0.9958669054999252,0.9958669054999252,28470
60,601866,99.98080245728546,100.0,1.1998464196582835e-05,8.999936008190952,8.999936008190952,0.996031535824311,0.9960260478997194,15627
60,602931,99.97153970211555,100.0,2.589096543654935e-05,8.999525661701925,8.999525661701925,0.9941955938871933,0.9941794309451282,31623
60,612515,100.0,100.0,0.0,9.0,9.0,0.9967976043401361,0.9967976043401361,19695
60,620914,99.42497111098882,100.0,0.0011789467891927586,8.98434490728003,8.98434490728003,0.997285107213632,0.9962838653762834,36346
60,633996,98.65959703075292,100.0,0.0014724284199363732,8.956818663838812,8.956818663838812,0.9945640514197321,0.9936020541410048,23575
60,634332,99.82030877553265,100.0,0.0005280721698632147,8.99299570941362,8.99299570941362,0.9949312410585504,0.9944229126794196,27269
60,642876,99.8881040632212,100.0,0.00020922209012285241,8.99615357717323,8.99615357717323,0.9951834544374685,0.9950112530289282,42897
60,647143,100.0,100.0,0.0,9.0,9.0,0.9954091614677503,0.9954091614677503,42241
60,65535,97.81707290318334,100.0,0.0029494197143546653,8.924091178341852,8.924091178341852,0.9957965085104891,0.9933350409964093,45581
60,658466,100.0,100.0,0.0,9.0,9.0,0.9947707683131105,0.9947707683131105,16194
60,665135,100.0,100.0,0.0,9.0,9.0,0.9959382098642908,0.9959382098642908,31249
60,671634,99.96255460786352,100.0,4.940711462450593e-05,8.999500728104847,8.999500728104847,0.9968083240625705,0.9967701345636324,24035
60,674312,100.0,100.0,0.0,9.0,9.0,0.9946741061155924,0.9946741061155924,16052
60,675296,99.68464594340008,100.0,0.0007904328951140599,8.988163984109432,8.988163984109432,0.9958911736507716,0.9952263774078001,24417
60,676063,99.9712047915227,100.0,5.5070836212854175e-05,8.999308914996545,8.999308914996545,0.9963864327686935,0.996340721307155,17364
60,689611,99.7688052183965,100.0,0.0005232846172900669,8.992155891338452,8.992155891338452,0.993886489043777,0.9934414566167794,12111
60,692469,96.57633098139833,100.0,0.004829818794098781,8.923749198203977,8.923749198203977,0.9951703560356909,0.9914594764631067,24944
60,708082,94.88133418858243,100.0,0.007551849476159934,8.871883686123583,8.871883686123583,0.9947289893823332,0.9882875659702093,46770
60,719490,99.88357244798317,100.0,0.00012581687072785996,8.997333433486066,8.997333433486066,0.9954924783433614,0.9954009165656837,26626
60,720719,99.97079439252336,100.0,4.1780244029075806e-05,8.999578141225337,8.999578141225337,0.9931840100048713,0.9931505694745181,30816
60,752848,99.98628195162101,100.0,1.5575700763638028e-05,8.999565595134666,8.999565595134666,0.993319783163884,0.993305957861934,43738
60,782218,99.50687421883877,100.0,0.000731072226640912,8.982274741506647,8.982274741506647,0.9965296761012163,0.9958624411804345,44005
60,789504,99.83622666229938,100.0,0.0002553840484769079,8.996315099901736,8.996315099901736,0.9958956988695961,0.9956827306876554,12212
60,792503,97.0502658773954,100.0,0.009918825875388781,8.888306411156817,8.888306411156817,0.9939733872580399,0.9842898643204905,39868
60,811895,99.61638679791545,100.0,0.00047001664736537346,8.995729588882455,8.995729588882455,0.9952604083975657,0.9948942293522394,13816
60,832404,99.7966973695129,100.0,0.00028524603767322214,8.99311260476309,8.99311260476309,0.9962738714864663,0.9960568342609326,24102
60,868599,99.87901134988766,100.0,0.00014457423517889035,8.997119317854468,8.997119317854468,0.9966487754466891,0.9965328038544465,34714
60,875143,95.0287533862459,100.0,0.006740708616510621,8.863219428734375,8.863219428734375,0.9946462403814421,0.989768655850571,21041
60,875242,99.76777420507325,100.0,0.00027116269203286887,8.996829224723115,8.996829224723115,0.9959507564578818,0.9957623314632957,44784
60,876524,97.72528835990994,100.0,0.0031667892100546847,8.927255181287626,8.927255181287626,0.9945755817999166,0.9918028157034684,21761
60,880978,100.0,100.0,0.0,9.0,9.0,0.9952575465619984,0.9952575465619984,16002
60,885701,99.96684350132627,100.0,5.439738063660476e-05,8.999834217506631,8.999834217506631,0.9931949625639922,0.9931486932883378,12064
60,894044,100.0,100.0,0.0,9.0,9.0,0.9947405593619111,0.9947405593619111,10935
60,895328,99.98810062114758,100.0,2.1418881934363027e-05,8.999595421119018,8.999595421119018,0.9938935149423364,0.9938750264814076,42019
60,906484,99.61371318203767,100.0,0.00047414024357529905,8.99243521648157,8.99243521648157,0.9955155536528438,0.9951769666091433,18639
60,908888,99.95215965008202,100.0,6.421427920539457e-05,8.999088755239658,8.999088755239658,0.9952556526384336,0.9952082086736236,43896
60,914957,100.0,100.0,0.0,9.0,9.0,0.9953842720112956,0.9953842720112956,14788
60,915456,99.8922668628636,100.0,0.0001844273064088078,8.996478965761883,8.996478965761883,0.9957561834117941,0.9956042653760606,38057
60,949592,98.52410626434896,100.0,0.0045935825953864655,8.931409205203892,8.931409205203892,0.992659522603156,0.9877661359714665,45735
60,95693,100.0,100.0,0.0,9.0,9.0,0.9957260782429621,0.9957260782429621,13609
60,970121,99.95021160069703,100.0,6.0679611650485434e-05,8.998838270682931,8.998838270682931,0.9931799389641927,0.9931366996419102,12051
60,97024,99.86380387758372,100.0,0.0002824066655984618,8.99711584681942,8.99711584681942,0.9965570328210144,0.9963065853501625,12482
60,990474,99.8488705058861,100.0,0.00018990614062997134,8.997454661151766,8.997454661151766,0.9936981858080426,0.9935424326987987,12572
70,106555,99.76142087125564,100.0,0.0002476687623497875,8.991311007039558,8.991311007039558,0.9952647050815046,0.9951171596682886,33951
70,118866,99.7607066192772,100.0,0.0001528692691524572,8.989302178273569,8.989302178273569,0.9942588002271584,0.9941894663164159,28417
70,121119,99.9833748960931,100.0,3.575291162774067e-06,8.999916874480466,8.999916874480466,0.99430980100565,0.9943090338574034,12030
70,134309,97.38055122866135,100.0,0.003741581356492443,8.884191118034142,8.884191118034142,0.9932743755853873,0.990456222323199,31457
70,13684,100.0,100.0,0.0,9.0,9.0,0.9941399123552324,0.9941399123552324,26370
70,155479,99.8113983951718,100.0,0.00025644656140374165,8.993861875042864,8.993861875042864,0.9943173999068263,0.994137296781897,29162
70,156942,99.38196555217831,100.0,0.00048425226874094406,8.979331306990881,8.979331306990881,0.9933318430194337,0.9930391250280582,9870
70,157222,99.87310132666795,100.0,0.00018689540679728668,8.996193039800039,8.996193039800039,0.9943899681094776,0.9942479722721494,26005
70,158726,98.91819699499165,100.0,0.0014213653580339993,8.924563160823595,8.924563160823595,0.9948902829429315,0.9940174064002828,44925
70,163306,98.8134285163033,100.0,0.002317336038620884,8.967103993825969,8.967103993825969,0.9930329241731717,0.9911873066698381,10366
70,172724,99.84263376130289,100.0,8.769427706879258e-05,8.995728630663935,8.995728630663935,0.993518254642709,0.9934829106128734,40034
70,180938,99.73377703826955,100.0,0.00057207521514322,8.991680532445923,8.991680532445923,0.9932936291466142,0.9927824684967341,12020
70,211309,99.97613934621809,100.0,9.835036505089844e-06,8.999602322436967,8.999602322436967,0.9940704110887619,0.9940647004793354,12573
70,230112,99.97688128540054,100.0,2.951986407190169e-05,8.999768812854006,8.999768812854006,0.9930085455057065,0.9929864285127742,17302
70,238035,99.51661100369134,100.0,0.0007465832005549288,8.990683775707506,8.990683775707506,0.9933976475952478,0.9927460409456788,11378
70,264128,100.0,100.0,0.0,9.0,9.0,0.9934446542438886,0.9934446542438886,13447
70,267613,99.9171956941761,100.0,5.78739771887493e-05,8.998803937804766,8.998803937804766,0.992794955097171,0.9927478695186127,10869
70,268959,99.92507492507492,100.0,0.00012224470576705523,8.997044622044623,8.997044622044623,0.99482441232967,0.9947376888281189,24024
70,271204,99.29487807266673,100.0,0.0007313428592188689,8.980413279796299,8.980413279796299,0.9928272198239958,0.9923565761469594,10211
70,274172,98.29042224510813,100.0,0.0016987254022568462,8.947219361483008,8.947219361483008,0.9940597890326828,0.9928428675422829,38840
70,278396,100.0,100.0,0.0,9.0,9.0,0.9961727657822139,0.9961727657822139,34369
70,281723,98.29953696311672,100.0,0.0021782649079162652,8.924397253712279,8.924397253712279,0.993355282871983,0.9916589683185846,12526
70,281986,100.0,100.0,0.0,9.0,9.0,0.9937953425376342,0.9937953425376342,31612
70,296760,99.92758121249742,100.0,0.00011770834028598192,8.99741361473205,8.99741361473205,0.9955848995239738,0.9954875708191114,19332
70,353309,99.97712717291857,100.0,2.131517935903616e-05,8.999390057944495,8.999390057944495,0.993190836378616,0.9931759838426306,13116
70,353731,99.94170552964691,100.0,8.73255290187654e-05,8.997959693537641,8.997959693537641,0.9944133518266528,0.9943328726570703,24016
70,366131,98.77394128172841,100.0,0.002000773228132748,8.965604082444164,8.965604082444164,0.99461654924871,0.9929411483712406,15089
70,378825,99.83676685804346,100.0,0.0002727600726784067,8.995271867612294,8.995271867612294,0.9924377163707925,0.9922036715221416,17766
70,394058,99.08871117723638,100.0,0.0006360652571814811,8.983315178405377,8.983315178405377,0.9944932282575302,0.9941035639150873,37639
70,414113,99.7976708622515,100.0,0.00031384977160213326,8.994283025526409,8.994283025526409,0.9945116111091434,0.9942559482025557,42505
70,414415,99.69124911785462,100.0,0.0002340530880779475,8.990869795342272,8.990869795342272,0.9946382518770703,0.9945019387641058,22672
70,419960,94.47784457804498,100.0,0.011553573096012815,8.796370518815408,8.796370518815408,0.9941562760746642,0.9838484900019852,8982
70,450876,99.82315994877736,100.0,0.00027211205508859376,8.993170315263125,8.993170315263125,0.9923410243596635,0.9921454157963306,32798
70,456075,99.65250965250966,100.0,0.00023913314235894886,8.994131274131274,8.994131274131274,0.9932013343300033,0.9931045858765369,12950
70,458555,99.68065191058253,100.0,0.0002859568542614675,8.98931835700914,8.98931835700914,0.9936433337695674,0.9934704858876872,9081
70,464903,99.3960310612597,100.0,0.0006059931329212411,8.987999058749706,8.987999058749706,0.9933634222503934,0.992993281950196,12749
70,474555,99.64968471624462,100.0,0.0005321994095761454,8.990291262135923,8.990291262135923,0.9948381184415327,0.9944268556268052,9991
70,47889,100.0,100.0,0.0,9.0,9.0,0.993334092908598,0.993334092908598,12107
70,4798,98.94622272794736,100.0,0.0008008792382630365,8.9785781427794,8.9785781427794,0.9929051168272968,0.9925669356829263,20213
70,480938,99.92805108373055,100.0,3.5297519406382756e-05,8.999280510837306,8.999280510837306,0.9931776953298803,0.9931615889285462,11119
70,481243,99.94470118892444,100.0,6.880497230599864e-05,8.998301536516966,8.998301536516966,0.9923641209792048,0.9923115193088182,25317
70,484973,99.96476391825229,100.0,6.842852385342279e-05,8.998750720738036,8.998750720738036,0.9929558416748022,0.9929047046034319,31218
70,488199,99.99317639031048,100.0,8.070936191912185e-06,9.0,9.0,0.9936291990115311,0.9936233778769531,14655
70,495564,99.96028751836702,100.0,4.9960863989874595e-05,8.999285175330606,8.999285175330606,0.9955420101241819,0.99550724707878,25181
70,500483,99.89228602203994,100.0,0.00015012245894351206,8.996105725412214,8.996105725412214,0.9936091543582903,0.9934896570642515,12069
70,501834,99.91721854304636,100.0,0.00014464501887061167,8.997206125827814,8.997206125827814,0.9927748289038998,0.992661533633477,9664
70,502367,99.42314456559971,100.0,0.0012594601341154848,8.979880408019698,8.979880408019698,0.9931871964491854,0.9921914118734975,14215
70,503664,100.0,100.0,0.0,9.0,9.0,0.9946794307409055,0.9946794307409055,24000
70,506424,99.92290814208621,100.0,0.00010138631437791844,8.998339559983396,8.998339559983396,0.9939905788429253,0.9939011518495275,16863
70,516977,99.95413895895436,100.0,2.87658859605217e-05,8.99992356493159,8.99992356493159,0.9933648810340038,0.9933463549016844,13083
70,521288,99.23633641128026,100.0,0.001131085117173978,8.962815073621163,8.962815073621163,0.9944509102950186,0.9936454904026683,20035
70,525219,99.9399787617157,100.0,5.8333296099314534e-05,8.998984255967496,8.998984255967496,0.9962480508976135,0.9962074123507764,21659
70,559035,99.33889602053915,100.0,0.0008237056054771072,8.960654685494223,8.960654685494223,0.993893502273626,0.9932786545842001,31160
70,562601,99.8592620768353,100.0,0.00021043202984085695,8.99581589958159,8.99581589958159,0.9945175654398623,0.9943616743379955,26290
70,577111,100.0,100.0,0.0,9.0,9.0,0.9935007594176974,0.9935007594176974,15042
70,581757,99.90467111534795,100.0,0.00011038911374100033,8.996920143726626,8.996920143726626,0.9942404543629911,0.9941551212572143,27274
70,594585,99.81185324553151,100.0,0.00024985079760062316,8.9920351207275,8.9920351207275,0.9947594616023092,0.9946024231881323,15945
70,601866,99.88287459215259,100.0,0.00012009402417533188,8.996067932736551,8.996067932736551,0.9958444875417329,0.9957639887458248,11953
70,602931,99.93249433434592,100.0,6.299491840991493e-05,8.99893919668258,8.99893919668258,0.994109098785593,0.994061806288433,20739
70,612515,99.9796574311404,100.0,2.1436255357423313e-05,8.999796574311404,8.999796574311404,0.9941440795416205,0.9941267937481415,24579
70,620914,99.86130374479889,100.0,0.00011736335760355695,8.997226074895977,8.997226074895977,0.9958542901366362,0.9957841361402355,16583
70,633996,99.97466537178566,100.0,2.973867648814834e-05,8.999746653717857,8.999746653717857,0.9936060940786728,0.9935844794774532,23683
70,634332,99.37092899422939,100.0,0.001475209057855518,8.969462812987592,8.969462812987592,0.9927065811797245,0.9915150915860582,40377
70,642876,100.0,100.0,0.0,9.0,9.0,0.9932867111208583,0.9932867111208583,12009
70,647143,99.96688741721854,100.0,2.4478387808872745e-05,8.99933774834437,8.99933774834437,0.9932923948306882,0.9932695806316895,12080
70,65535,98.62370466321244,100.0,0.003250127497996459,8.945838730569948,8.945838730569948,0.9936035681806065,0.9907510475118907,12352
70,658466,94.34751039626835,100.0,0.01044666158948811,8.78925828951132,8.78925828951132,0.9935138222717627,0.9847394195861515,45449
70,665135,99.85239852398524,100.0,5.9781242973720065e-05,8.998671586715867,8.998671586715867,0.9940161461636193,0.9939826376513794,20325
70,671634,99.46678673839372,100.0,0.0011120383259229335,8.980401450340072,8.980401450340072,0.9944076386317704,0.993468701233195,42197
70,674312,99.84186433624636,100.0,0.0001993475897064154,8.995630461922596,8.995630461922596,0.9932217278386855,0.993085715410443,24030
70,675296,99.67539416422915,100.0,0.00021249159047270557,8.988478276378682,8.988478276378682,0.994918815668136,0.9948192861346522,28034
70,676063,100.0,100.0,0.0,9.0,9.0,0.99433276592319,0.99433276592319,24544
70,689611,100.0,100.0,0.0,9.0,9.0,0.9948243083069043,0.9948243083069043,16001
70,692469,99.98656876790831,100.0,8.906014110977604e-06,8.999910458452723,8.999910458452723,0.994188235484992,0.9941836401772033,22336
70,708082,99.7115165624921,100.0,0.00034131764113800515,8.984184022066453,8.984184022066453,0.9947141230659069,0.9944581778551866,39517
70,719490,100.0,100.0,0.0,9.0,9.0,0.9925600889498627,0.9925600889498627,12624
70,720719,99.53437571855599,100.0,0.0001427840289573428,8.992239595309266,8.992239595309266,0.9929578034442855,0.992880275644851,17396
70,752848,99.61201915139509,100.0,0.0006248879373549843,8.985223708106323,8.985223708106323,0.9917768408726664,0.9912963321626418,12114
70,782218,99.40844028944171,100.0,0.001130188003082744,8.969471293508688,8.969471293508688,0.9948311601761157,0.993905199058874,37866
70,789504,99.75149105367794,100.0,0.000342096423676296,8.991882041086813,8.991882041086813,0.9937993306439644,0.9935726471697967,12072
70,792503,96.82341608651868,100.0,0.00643871287888525,8.788519637462235,8.788519637462235,0.9934342632524987,0.988399422637878,45678
70,811895,100.0,100.0,0.0,9.0,9.0,0.9934515019809331,0.9934515019809331,9894
70,832404,99.9458455825468,100.0,5.07437705782627e-05,8.99883954819743,8.99883954819743,0.9928817380971146,0.9928462212943429,12926
70,868599,99.95011224744326,100.0,4.7831447343834796e-05,8.998253928660514,8.998253928660514,0.9943129843519466,0.9942756156892277,12027
70,875143,99.87520798668885,100.0,8.722022435725404e-05,8.998217256952698,8.998217256952698,0.9920196070843699,0.9919726374115314,16828
70,875242,99.80219236792219,100.0,0.00025538336011239827,8.994587763400093,8.994587763400093,0.9948273957688414,0.9946403899250956,36399
70,876524,99.84940515034386,100.0,0.000320452995982483,8.993524421464786,8.993524421464786,0.9934371462192547,0.9931823045678555,19921
70,880978,99.98866213151928,100.0,6.0956282154438835e-06,8.999962207105064,8.999962207105064,0.9932143927683726,0.9932121480159389,26460
70,885701,98.98158408527254,100.0,0.001025565082104783,8.97799588412221,8.97799588412221,0.9923181466179295,0.9917091056076844,18951
70,894044,100.0,100.0,0.0,9.0,9.0,0.9932320464075483,0.9932320464075483,22177
70,895328,100.0,100.0,0.0,9.0,9.0,0.9937008288332181,0.9937008288332181,22271
70,906484,97.41383174218996,100.0,0.002583951308072637,8.879655775178163,8.879655775178163,0.9933892687873781,0.9916178411781804,44622
70,908888,100.0,100.0,0.0,9.0,9.0,0.9942094665085471,0.9942094665085471,11126
70,914957,99.4833524684271,100.0,0.000895028579188425,8.977529932753813,8.977529932753813,0.9933193532524843,0.9925041657919215,12194
70,915456,99.94741270509046,100.0,4.2409108798024084e-05,8.998948254101808,8.998948254101808,0.9944831223859544,0.994455813250106,19016
70,949592,99.96220442680651,100.0,7.302572105596972e-05,8.997661398908653,8.997661398908653,0.9927829630781657,0.992720901066345,42333
70,95693,99.77044645222048,100.0,0.00015237115144173488,8.99178904617558,8.99178904617558,0.9941139260081724,0.9940340072779834,33979
70,970121,99.71910112359551,100.0,0.00037755225323184724,8.994134170522141,8.994134170522141,0.9937978229630652,0.9934942586501451,12104
70,97024,99.87752102555729,100.0,9.789538100618892e-05,8.996488936065976,8.996488936065976,0.9939010430234445,0.9938360593440596,12247
70,990474,99.87577639751552,100.0,0.0001419221264943565,8.996997929606625,8.996997929606625,0.9938076926592482,0.9937034605155044,9660
80,106555,99.73296409850659,100.0,0.0004909225628847526,8.990043846635677,8.990043846635677,0.9961575790189897,0.9957384081933336,30333
80,118866,99.92844730655219,100.0,0.00014444909944864593,8.998057855463559,8.998057855463559,0.9942143035879806,0.9940860573391455,9783
80,121119,99.3314982304365,100.0,0.0011566317554033072,8.978666928824223,8.978666928824223,0.9949600223579247,0.9939044742425325,10172
80,134309,99.93338329586143,100.0,0.0001416542137853017,8.998001498875842,8.998001498875842,0.9934580755826381,0.9933149914072007,24018
80,13684,99.77634194831015,100.0,0.0006296337779271165,8.992710404241219,8.992710404241219,0.994872627625839,0.9942640230138639,12072
80,155479,97.72815283335484,100.0,0.004568109223393961,8.893119917387375,8.893119917387375,0.9947286294063644,0.990562630177796,38735
80,156942,99.87036556909516,100.0,0.0001904956660714438,8.99546279491833,8.99546279491833,0.9950122668291763,0.9948523487429297,15428
80,157222,97.45201715308714,100.0,0.0002292727469575108,8.997585245014363,8.997585245014363,0.995458178764828,0.9953805681488965,24019
80,158726,99.86669999166875,100.0,0.00024306985087261686,8.996334249770891,8.996334249770891,0.9947728264338737,0.9945643530279766,12003
80,163306,99.18673087212413,100.0,0.0011338945030984911,8.972177635098983,8.972177635098983,0.9958086566719132,0.9948058130259704,9345
80,172724,99.93843312297984,100.0,0.00018318313761280937,8.997537324919193,8.997537324919193,0.9946424194630893,0.9944587775828567,12994
80,180938,99.03966888341161,100.0,0.0018114079070526024,8.953332093196298,8.953332093196298,0.9940370487557674,0.992349933992818,43006
80,211309,99.3853121967001,100.0,0.0012281551790190059,8.976490887522916,8.976490887522916,0.9946808806988129,0.9936083708010075,9273
80,230112,100.0,100.0,0.0,9.0,9.0,0.9948696289116953,0.9948696289116953,8603
80,238035,99.95773142047291,100.0,6.466940916323505e-05,8.998657351003256,8.998657351003256,0.994085361964539,0.9940321971042727,40219
80,264128,99.6025983951089,100.0,0.0004988143725002535,8.98950452171698,8.98950452171698,0.9956813930033109,0.9952601746255049,39255
80,267613,100.0,100.0,0.0,9.0,9.0,0.993901147168363,0.993901147168363,10269
80,268959,99.69276406398983,100.0,0.0006338031369845196,8.988769996821697,8.988769996821697,0.9938393089094716,0.9932979124668322,9439
80,271204,99.5563351217499,100.0,0.0010488269209134368,8.987721832439124,8.987721832439124,0.994873321750906,0.9938133812599691,9692
80,274172,99.74745383787365,100.0,0.0003926292984647417,8.992175209075102,8.992175209075102,0.9939994369624477,0.9936600203193129,24154
80,278396,99.88883124583117,100.0,0.0002871400345438122,8.996664937374936,8.996664937374936,0.9945095434730682,0.9942372414471887,40479
80,281723,99.81427828541713,100.0,0.0003909747268495703,8.992348265359185,8.992348265359185,0.9942842700525587,0.9939296929280547,13461
80,281986,98.00394477317555,100.0,0.003901806632034151,8.929467455621301,8.929467455621301,0.9938339854622176,0.9900392767847371,12675
80,296760,99.8642884839085,100.0,0.00025005267643423904,8.996413338503295,8.996413338503295,0.9937206272815092,0.9934891885436063,10316
80,353309,99.87285056914507,100.0,0.00014127714539436504,8.998304674255268,8.998304674255268,0.9952078278852817,0.9950940313853902,16516
80,353731,99.91265951768645,100.0,0.00012670106482532204,8.99723421806007,8.99723421806007,0.995601591086961,0.9954873010161791,20609
80,366131,98.5277088502895,100.0,0.0029558875283732487,8.955831265508685,8.955831265508685,0.9940462058690137,0.9911467919003778,12090
80,378825,99.84573191635242,100.0,0.0002632289032401462,8.994286367272311,8.994286367272311,0.994445873061128,0.9942448206980827,17502
80,394058,99.64992719724899,100.0,0.0007109376624899079,8.988134700579325,8.988134700579325,0.9958925144779256,0.9952346031151817,32279
80,414113,99.68494797496166,100.0,0.0005588540987199166,8.98855863698545,8.98855863698545,0.995109431263972,0.9946203624762335,24123
80,414415,99.9705600942077,100.0,5.30977956582589e-05,8.999214935845538,8.999214935845538,0.9948705298417798,0.9948250496857028,40761
80,419960,98.9160890724082,100.0,0.0018363159408235543,8.994199478936244,8.994199478936244,0.9957185999547533,0.9940925824502214,40686
80,450876,99.25128351397603,100.0,0.0015950976417858857,8.975114090131203,8.975114090131203,0.9919638847261794,0.9906255535665923,14024
80,456075,99.79576138563964,100.0,0.0003665883073899122,8.993740219092333,8.993740219092333,0.9933388776327337,0.9930047595187319,37701
80,458555,99.91662806855025,100.0,0.0001048129132988451,8.997962019453452,8.997962019453452,0.9948715989127636,0.9947988691043305,10795
80,464903,99.78911851539435,100.0,0.00035691443756026954,8.99367355546183,8.99367355546183,0.9953154194899076,0.9950152766010701,9484
80,474555,99.4494006133259,100.0,0.0009511545192034596,8.985712294396432,8.985712294396432,0.9953243799562302,0.9944568989461724,14348
80,47889,97.97043010752688,100.0,0.00045607425917512255,8.999092741935485,8.999092741935485,0.9957790218642355,0.9957710022141091,29760
80,4798,99.00029841838257,100.0,0.002367764660735465,8.96090719188302,8.96090719188302,0.9947153040849573,0.9923236679234675,13404
80,480938,99.76952835624331,100.0,0.00016848698302802796,8.995966746234258,8.995966746234258,0.9950085490422338,0.9948991077955675,12149
80,481243,99.8827566485559,100.0,0.00025051653932747184,8.995024306548471,8.995024306548471,0.993533082290009,0.9933062913380174,34970
80,484973,99.72566298112893,100.0,0.0007385760031307289,8.991769889433868,8.991769889433868,0.9930814182054114,0.9922707767966554,24058
80,488199,99.98057922462554,100.0,2.1198733683385973e-05,8.999271720923458,8.999271720923458,0.9952003425725535,0.9951830208424305,41193
80,495564,99.92530500456469,100.0,0.00010793173570985768,8.99834011121255,8.99834011121255,0.9950128516305005,0.9949283139186749,12049
80,500483,99.91062161227079,100.0,0.00028075276472454194,8.997001499250375,8.997001499250375,0.9948892491824389,0.9946103822579957,34684
80,501834,99.73652209160923,100.0,0.0005269082404166928,8.990018240778273,8.990018240778273,0.9949797706880448,0.9945192893042119,19736
80,502367,99.84304492838925,100.0,0.0002774807237249934,8.995683735530704,8.995683735530704,0.9956088914505217,0.9953648719405481,20388
80,503664,98.9591673338671,100.0,0.0017579008433663988,8.971043501467841,8.971043501467841,0.9946804443543709,0.9931674943445473,14988
80,506424,98.84581356068527,100.0,0.0015612661015752653,8.974623984557226,8.974623984557226,0.9948437897773493,0.9934940254864093,24866
80,516977,97.26512060327462,100.0,0.00750237700153714,8.882444088631786,8.882444088631786,0.9960372415090806,0.9887494978549335,38722
80,521288,98.5739902655623,100.0,0.0032505443704815757,8.9587567244471,8.9587567244471,0.9935827617752223,0.9905440232684967,11711
80,525219,98.51573322778547,100.0,0.004111904664050437,8.900323240319283,8.900323240319283,0.9949438023904983,0.99069717165742,30318
80,559035,99.126834467492,100.0,0.002387437744159258,8.965770271378208,8.965770271378208,0.9940628405030186,0.9917846927611685,24394
80,562601,99.78412089230031,100.0,0.0004979996804293508,8.991711308333999,8.991711308333999,0.9958356158645972,0.9953635112405422,37521
80,577111,98.44269608240734,100.0,0.0028871015034382264,8.941601103090274,8.941601103090274,0.9936798773353979,0.9909198588210097,12329
80,581757,99.85987038010158,100.0,0.000305949393926066,8.997460150639341,8.997460150639341,0.9910112377894241,0.9907292088312559,11418
80,594585,99.76471791724208,100.0,0.0004937796037381281,8.992020868497775,8.992020868497775,0.9954749864908574,0.9950129606766686,19551
80,601866,99.86888684935099,100.0,0.00018405085466692027,8.998164415890914,8.998164415890914,0.9961809241230615,0.9960202090038683,15254
80,602931,99.9365021770682,100.0,0.00011157900474934756,8.997097242380262,8.997097242380262,0.9947599744366116,0.9946753543100161,11024
80,612515,99.87516644474034,100.0,0.00022151074880531104,8.995256324900133,8.995256324900133,0.9958902382078378,0.9956886154099297,24032
80,620914,99.68664215051535,100.0,0.00044827160669832204,8.99414720049723,8.99414720049723,0.9935012777103046,0.9931233511647917,38614
80,633996,99.58519993363198,100.0,0.0008602910322107373,8.983988717438194,8.983988717438194,0.9941021080837795,0.9933409070499478,12054
80,634332,95.37506623268487,100.0,0.008926733754057486,8.677654984482627,8.677654984482627,0.9940489148866607,0.9858323543445487,26422
80,642876,98.11454998221274,100.0,0.00048100771115486957,8.992055021937626,8.992055021937626,0.996044464630218,0.9956885001372909,16866
80,647143,99.56031775355625,100.0,0.0010022819347267793,8.983890633659708,8.983890633659708,0.9946506502041812,0.993748420608506,27065
80,65535,96.84360979870567,100.0,0.006481862448509522,8.859768928415452,8.859768928415452,0.9941610188778888,0.9879543301368168,25187
80,658466,99.90838295923041,100.0,0.00027372137808189044,8.996835047682506,8.996835047682506,0.9948079964530493,0.9945285494872189,24013
80,665135,99.94794829530667,100.0,7.371955046551249e-05,8.9992192244296,8.9992192244296,0.9951100145145251,0.9950469626305799,11527
80,671634,98.96534460699783,100.0,0.002712124856461086,8.94565277855037,8.94565277855037,0.9947362283401837,0.9921496162509682,17977
80,674312,99.80272891665297,100.0,0.00047388280584928825,8.992026960381391,8.992026960381391,0.9948521265621496,0.994433767716923,12166
80,675296,97.76271343297395,100.0,0.0032903605210613707,8.972375179306834,8.972375179306834,0.9964333976095489,0.9937125569081161,43222
80,676063,99.62748344370861,100.0,0.0008713763512796348,8.985513245033113,8.985513245033113,0.9948713144358682,0.9940729665706536,12080
80,689611,99.86956876171843,100.0,0.00021481417665856358,8.996820738566887,8.996820738566887,0.9949648193813118,0.9947832573479338,12267
80,692469,99.87688519544476,100.0,0.00023422198202954146,8.99715297014466,8.99715297014466,0.9946837971145891,0.9944698875674861,12996
80,708082,98.8299954199109,100.0,0.00017881217043202524,8.998334513053255,8.998334513053255,0.9949591901570064,0.9948491922940899,24017
80,719490,99.95017852694511,100.0,5.964542548824458e-05,8.998754463173627,8.998754463173627,0.9943128934907263,0.994270993033454,12043
80,720719,99.94949494949495,100.0,5.967341648092821e-05,8.998400673400674,8.998400673400674,0.9936996548884052,0.9936553718548565,11880
80,752848,98.1011648316579,100.0,0.003541915286196194,8.913555130046275,8.913555130046275,0.9939500407454629,0.9905295630270424,25068
80,782218,99.92942214380238,100.0,5.322332465606757e-05,8.998720776356418,8.998720776356418,0.995393877873774,0.9953557083449601,22670
80,789504,99.18836193555045,100.0,0.00023555823261025622,8.998933865254324,8.998933865254324,0.9944328115087684,0.9943903881720384,29077
80,792503,99.92502811445708,100.0,0.00022096565118284085,8.996501312007997,8.996501312007997,0.9947013915871485,0.9944595072690178,24009
80,811895,99.85765124555161,100.0,0.0002472724842530867,8.997051347229283,8.997051347229283,0.993970964114512,0.9937567035518605,9835
80,832404,99.96620071944183,100.0,6.687315737532151e-05,8.999034306269767,8.999034306269767,0.9959750148189327,0.9959131393187487,41421
80,868599,99.94806543754868,100.0,0.00011146250827913903,8.998404867010423,8.998404867010423,0.994817906560359,0.9947216510062503,26957
80,875143,99.94365908625281,100.0,7.169649266073443e-05,8.999206105306289,8.999206105306289,0.9940766661020806,0.9940253229615293,39048
80,875242,98.8685524126456,100.0,0.0016331644888744558,8.993819824102687,8.993819824102687,0.9959037878562941,0.9945661823986593,21035
80,876524,99.9333749739746,100.0,0.0001376163859847411,8.997917967936706,8.997917967936706,0.9948006390329854,0.994677362677512,24015
80,880978,99.67261672772625,100.0,0.0005538681308340193,8.990100553433628,8.990100553433628,0.9939582758642803,0.9935105182433238,12829
80,885701,99.22245784105826,100.0,0.002293955528273271,8.97364435019691,8.97364435019691,0.9941056270278106,0.9916933160238206,9903
80,894044,99.60638077480837,100.0,0.0008403434904017017,8.98984876735032,8.98984876735032,0.9949526027701303,0.994223759818358,14481
80,895328,99.55892731122088,100.0,0.0008614439618642449,8.980214739389051,8.980214739389051,0.9940737421380714,0.9932402032590284,39676
80,906484,99.93115533859056,100.0,0.0001433896490303275,8.997371385655276,8.997371385655276,0.9936980870254543,0.9935726456641949,15978
80,908888,99.73036737445231,100.0,0.0003927395402637146,8.99231547017189,8.99231547017189,0.9920300243292727,0.9917088784952249,14835
80,914957,99.92518081303517,100.0,0.00010772089516063878,8.998420483830742,8.998420483830742,0.993697379538739,0.9936068755740367,12029
80,915456,99.96255149169892,100.0,2.6372188944426766e-05,8.99968792909749,8.99968792909749,0.9936964922079529,0.9936814164158398,16022
80,949592,98.34893130082962,100.0,0.0031825215574337005,8.925129756017819,8.925129756017819,0.9937422673867674,0.990809848428765,24469
80,95693,99.80288675526165,100.0,0.00038838993771821335,8.992687734469383,8.992687734469383,0.993984817337247,0.9936199495550636,15727
80,970121,99.71048060220035,100.0,0.00040641455371876107,8.993727079714342,8.993727079714342,0.9945704822787476,0.9942216357443531,10362
80,97024,99.95616384978813,100.0,7.866267956643142e-05,8.99878232916078,8.99878232916078,0.9942256050239858,0.9941517987429859,20531
80,990474,99.92981908920774,100.0,9.242792281182236e-05,8.997816593886462,8.997816593886462,0.9928324437701161,0.9927453946193091,12824
90,106555,98.49255992851315,100.0,0.000849230091819159,8.892653172228913,8.892653172228913,0.9951975101534842,0.9948289677644082,25739
90,118866,99.90016638935109,100.0,0.00019620077648363837,8.997337770382696,8.997337770382696,0.9934177576778775,0.9932374547816616,12020
90,121119,99.93786890338615,100.0,5.263884574229403e-05,8.996686341513927,8.996686341513927,0.9937881092400097,0.9937539132120029,9657
90,134309,99.700847598471,100.0,0.0006602819788377375,8.982244750983325,8.982244750983325,0.991091508513503,0.9904724055679817,36102
90,13684,99.97053816943826,100.0,4.73298852079787e-05,8.999378028021475,8.999378028021475,0.9956687429392479,0.9956307234825509,30548
90,155479,99.95005618678987,100.0,0.00013249896498018676,8.99856411537021,8.99856411537021,0.9950241127928896,0.9948876158482645,16018
90,156942,97.13520749665328,100.0,0.0008424659088330723,8.986166889781348,8.986166889781348,0.9928054658742886,0.9923500254058562,11205
90,157222,99.83164983164983,100.0,0.0002847069686392508,8.99370245666542,8.99370245666542,0.9960495710753704,0.9958112711550389,16038
90,158726,99.61552680221811,100.0,0.0007638446234754522,8.984990757855822,8.984990757855822,0.9941599128916475,0.9935514172953076,13525
90,163306,99.11908132767029,100.0,0.0017985182551379635,8.962167689161554,8.962167689161554,0.9940319498501459,0.9925146359621557,12714
90,172724,99.72211298990693,100.0,0.0004629993737347257,8.98880587232927,8.98880587232927,0.9944993403229748,0.9941202098608313,38145
90,180938,99.73889122021728,100.0,0.000273542531200945,8.993891919615796,8.993891919615796,0.9939678712343983,0.9937997629806001,21447
90,211309,99.83886561392201,100.0,0.0001101084971532925,8.993769470404985,8.993769470404985,0.9935755788144236,0.9935102408083984,9309
90,230112,99.92292672901037,100.0,8.563696776624532e-05,8.998972356386805,8.998972356386805,0.9941807951662406,0.994109555510124,19462
90,238035,99.78590891397431,100.0,0.0004890094251063412,8.993188010899182,8.993188010899182,0.9929703867378143,0.9925296615939795,10276
90,264128,99.82997328151568,100.0,0.00045133401840701686,8.996356570318193,8.996356570318193,0.9935618553237855,0.993116666972115,8234
90,267613,99.85513245033113,100.0,0.0002940466335540839,8.995757450331126,8.995757450331126,0.9944548955420928,0.994180365699249,9664
90,268959,99.79290706704633,100.0,0.00040266214428819074,8.99292432479075,8.99292432479075,0.9941872686087738,0.9938478191428249,11589
90,271204,99.98148833765272,100.0,3.818030359126249e-05,8.999907441688263,8.999907441688263,0.9933562740298344,0.9933230200381674,10804
90,274172,99.70240625797126,100.0,0.0005536676957910459,8.990136893121333,8.990136893121333,0.9925692444833549,0.9921211515737342,11761
90,278396,99.9334608666722,100.0,0.00011596052115846803,8.997587956416867,8.997587956416867,0.9934849614329151,0.993382389407766,12023
90,281723,97.88095797135477,100.0,0.004161285904359395,8.875968537215309,8.875968537215309,0.9944475554368292,0.9904521873394506,17036
90,281986,98.23100936524453,100.0,0.003640462901649166,8.923848264118815,8.923848264118815,0.993442315566082,0.9903576856910967,10571
90,296760,99.96020692399522,100.0,6.936154220276783e-05,8.998806207719857,8.998806207719857,0.9947105662486319,0.9946498349185924,15078
90,353309,99.83529411764705,100.0,0.0002535067873303167,8.99529411764706,8.99529411764706,0.991427432168279,0.9912022026873278,8500
90,353731,99.96939173020202,100.0,5.9876272529110174e-05,8.999026100506427,8.999026100506427,0.9957890158900867,0.9957347956156134,35938
90,366131,99.78292329956585,100.0,0.0004983413495394358,8.995141616704569,8.995141616704569,0.9940999793752038,0.9935666697958245,9674
90,378825,99.97146340830673,100.0,5.519956878039219e-05,8.999092017537032,8.999092017537032,0.9939366024169591,0.993891156814945,38547
90,394058,100.0,100.0,0.0,9.0,9.0,0.9958947846765154,0.9958947846765154,28117
90,414113,95.22667707578208,100.0,0.005994875448930207,8.841242402275135,8.841242402275135,0.9942595876750905,0.9894569191846792,17933
90,414415,99.19112549110238,100.0,0.0013996417841460598,8.974462676219089,8.974462676219089,0.9949106438731312,0.993805718468217,8654
90,419960,99.91928974979822,100.0,0.00014293956120457662,8.997524885660479,8.997524885660479,0.9952686788750916,0.9951280531094779,18585
90,450876,99.98015873015873,100.0,2.5628306878306874e-05,8.999900793650793,8.999900793650793,0.9924348502904023,0.9924169942931931,10080
90,456075,99.61572568725983,100.0,0.0006286943343785634,8.985417282490886,8.985417282490886,0.992944755971466,0.9924757212426815,10149
90,458555,99.96868149076104,100.0,4.8282701743397016e-05,8.999608518634513,8.999608518634513,0.9957745080925604,0.9957366345186172,12772
90,464903,99.99755728174313,100.0,4.0711970947937524e-07,9.0,9.0,0.9953571206054262,0.9953571735589727,40938
90,474555,99.94700582935877,100.0,6.348260024730614e-05,8.999867514573397,8.999867514573397,0.9945434234564671,0.9944907280246578,7548
90,47889,99.43937666286583,100.0,0.0008002730924427545,8.983941467122767,8.983941467122767,0.9937430524332699,0.9930922466835276,10524
90,4798,99.66770508826583,100.0,0.0006091048515422757,8.98816199376947,8.98816199376947,0.9925658067964179,0.9920175849794645,9630
90,480938,99.89789840891687,100.0,9.997447460222921e-05,8.997617629541393,8.997617629541393,0.9920096916790123,0.9919381757158166,11753
90,481243,99.92137677994234,100.0,0.00019148873457809447,8.997728662531667,8.997728662531667,0.9930404132107167,0.9928692599560782,11447
90,484973,99.94491268660828,100.0,8.916360709544381e-05,8.998127031344682,8.998127031344682,0.992883480361713,0.9928027721852611,18153
90,488199,99.85388956066103,100.0,0.00012427784495499129,8.995868601370415,8.995868601370415,0.9941722884171404,0.9940765158027404,19848
90,495564,99.8961362692148,100.0,0.00020159881526445855,8.99761113419194,8.99761113419194,0.9925652451844147,0.9923659440443573,9628
90,500483,97.18870031872294,100.0,0.00390568440816677,8.76964777030156,8.76964777030156,0.9946610462385357,0.9915165100128797,36709
90,501834,99.81329737579088,100.0,0.0003064170383431871,8.992635618711752,8.992635618711752,0.9923978115206522,0.992168772284155,9641
90,502367,97.12432841826228,100.0,0.002360905903617467,8.93174126056188,8.93174126056188,0.9961249214901541,0.9951148940902399,42251
90,503664,98.27850734624887,100.0,0.00274874555017147,8.89410999869978,8.89410999869978,0.9950109233211548,0.9929845470330325,38455
90,506424,100.0,100.0,0.0,9.0,9.0,0.9925751482924478,0.9925751482924478,9804
90,516977,99.52085914911194,100.0,0.000729826589492017,8.98298223874432,8.98298223874432,0.9935324848987171,0.9929715739291595,12105
90,521288,99.74158005338786,100.0,0.00038227472439002376,8.990174362469473,8.990174362469473,0.995746877396589,0.9954582003925103,35214
90,525219,99.86724195154332,100.0,0.00032331052189549464,8.995934284766014,8.995934284766014,0.9934862731287704,0.993183372354799,12052
90,559035,99.6968121968122,100.0,0.0005892912142912144,8.987525987525988,8.987525987525988,0.9945270748499283,0.9940404728677982,11544
90,562601,99.83499438980925,100.0,0.0002848119563337881,8.99465381822982,8.99465381822982,0.9936069596674492,0.9933885488238097,15151
90,577111,99.89674754775426,100.0,0.0001944587850628119,8.996076406814662,8.996076406814662,0.9925593875228395,0.9923872812501101,9685
90,581757,99.54158480681073,100.0,0.0008000026752731571,8.987993887797424,8.987993887797424,0.9932313355846707,0.9925068953977516,13743
90,594585,99.86926680466281,100.0,0.00016151146574109522,8.995315393833751,8.995315393833751,0.9941003716158143,0.9939871210505395,9179
90,601866,99.87536352305774,100.0,0.00012324760147244956,8.994495222268384,8.994495222268384,0.9939755840364654,0.9939051380322793,9628
90,602931,98.19393678778758,100.0,0.003305862673112182,8.898158102200243,8.898158102200243,0.9926922085095142,0.9897581371776184,13953
90,612515,99.82501458211816,100.0,0.00023684746999507323,8.995083743021414,8.995083743021414,0.9950617003613301,0.9948787162572303,12001
90,620914,99.98968327659135,100.0,1.1821245572406202e-05,8.999948416382956,8.999948416382956,0.9943163437596655,0.9943063351563027,19386
90,633996,99.65202982601491,100.0,0.0007498571870556068,8.989312344656172,8.989312344656172,0.9928746095613395,0.9922056268842951,12070
90,634332,97.26724462872221,100.0,0.003510159559683273,8.944049189596683,8.944049189596683,0.9929693512604788,0.9906200695537294,42448
90,642876,99.8791968674498,100.0,0.00016242825751397317,8.994459718403732,8.994459718403732,0.9948948107247181,0.9947751772342156,24006
90,647143,99.88237216141154,100.0,0.00023729782715242606,8.995360235255678,8.995360235255678,0.9944775670164063,0.9942556116293075,30605
90,65535,99.90864600326265,100.0,0.00012227803309634226,8.99673735725938,8.99673735725938,0.9945493057949447,0.9944659570712233,15325
90,658466,99.96645280328762,100.0,8.229546693504424e-05,8.998951650102738,8.998951650102738,0.9934076941221189,0.9933317926710411,23847
90,665135,97.12818867319109,100.0,0.004173725583496988,8.804716829776993,8.804716829776993,0.9959510978560359,0.9926632328038335,31165
90,671634,99.68638929542128,100.0,0.0005471857233431508,8.989232699142798,8.989232699142798,0.9937624232984753,0.9933238243256324,9566
90,674312,99.92289569500964,100.0,0.00013978200586866696,8.996915827800386,8.996915827800386,0.9921596080660646,0.9920408643275378,23345
90,675296,99.83743141637879,100.0,0.0002636919097315137,8.993903678114204,8.993903678114204,0.9956384856088857,0.9954132781648627,9842
90,676063,99.91688704193426,100.0,9.45374557578785e-05,8.99667548167737,8.99667548167737,0.9961962588865071,0.996139966092143,39705
90,689611,99.98121712997747,100.0,3.482657150012522e-05,9.0,9.0,0.9956264374902178,0.9955982053486949,10648
90,692469,99.88924167466587,100.0,0.00016834462277475574,8.99582810307908,8.99582810307908,0.996041319471257,0.9958969006475544,27086
90,708082,99.75576662143826,100.0,0.00023859026584759622,8.987562189054726,8.987562189054726,0.9941187509608441,0.9939477284631439,22110
90,719490,100.0,100.0,0.0,9.0,9.0,0.9937901398819456,0.9937901398819456,7747
90,720719,99.92336096983209,100.0,6.502705590004413e-05,8.997979516477391,8.997979516477391,0.9948671617473657,0.9948220302101753,14353
90,752848,99.95654441161133,100.0,6.65581800008892e-05,8.998638391563821,8.998638391563821,0.9937938590422242,0.993740597616644,34518
90,782218,96.16880733944953,100.0,0.00551807450802911,8.813211009174312,8.813211009174312,0.9955610631248054,0.9915097262206296,13625
90,789504,99.47407270714153,100.0,0.0007794302149914153,8.981730946669128,8.981730946669128,0.9928909760979506,0.9922864750031585,10838
90,792503,99.31405593992076,100.0,0.0014546744722370053,8.949027260363078,8.949027260363078,0.9939559254539967,0.992823115940933,16911
90,811895,99.95552788401673,100.0,3.409528892051351e-05,8.998576892288535,8.998576892288535,0.9924942669426349,0.9924751479481173,11243
90,832404,99.85515643105445,100.0,0.0002607184241019699,8.995268443414446,8.995268443414446,0.9934871307538118,0.9932701456225306,10356
90,868599,99.79803080030295,100.0,0.0002885775197060226,8.990322309181183,8.990322309181183,0.9938155276277981,0.993585256895189,11883
90,875143,99.64255677039529,100.0,0.0005591996799624078,8.990958788898233,8.990958788898233,0.9947748477808933,0.9943247051812998,9512
90,875242,99.88691271717899,100.0,0.00023902539323532437,8.99856070730955,8.99856070730955,0.9956562089052492,0.9954458538585306,9727
90,876524,99.99375273317924,100.0,4.9457528997730155e-06,9.0,9.0,0.9940983391008917,0.9940959969053985,16007
90,880978,98.99056979678576,100.0,0.002457040934917244,8.943153141187409,8.943153141187409,0.9934851442122833,0.9912155720547472,30116
90,885701,97.34371313989149,100.0,0.0036608021041188914,8.996697334276952,8.996697334276952,0.9924721483733135,0.9901139071464558,21195
90,894044,99.87695336532546,100.0,0.00020576720991048711,8.997046880767812,8.997046880767812,0.9928622243115656,0.9926927183226455,8127
90,895328,99.89730800264066,100.0,0.00017986381085112105,8.997249321499304,8.997249321499304,0.9932475281051857,0.9930969876600009,27266
90,906484,99.87643226241293,100.0,0.00017800400392327303,8.9958436306448,8.9958436306448,0.9934855420191417,0.9933585013331045,8902
90,908888,99.94640799592702,100.0,5.381530408996311e-05,8.998660199898175,8.998660199898175,0.9923974208980647,0.9923567602109246,37319
90,914957,99.86306485746297,100.0,0.00016748677274010276,8.99614091871032,8.99614091871032,0.9941019614866448,0.9939658419311455,8033
90,915456,97.10813786095352,100.0,0.0037154889474978183,8.864806503514268,8.864806503514268,0.9957300731748633,0.9931336377698128,23618
90,949592,99.87208501426744,100.0,0.0003107038240541906,8.994588212142084,8.994588212142084,0.9927244306573798,0.9924781826627541,10163
90,95693,99.87879604067066,100.0,0.00014561309002760758,8.997171907615648,8.997171907615648,0.9929005436829847,0.9927875350786708,14851
90,970121,99.79002099790021,100.0,0.00030996900309969005,8.995200479952004,8.995200479952004,0.9931722526115354,0.9929251666222398,10001
90,97024,99.70760233918129,100.0,0.0004479718933221033,8.990470002165909,8.990470002165909,0.9930495180299782,0.9926918406169457,9234
90,990474,99.78757965762838,100.0,0.00038086000416738227,8.994814444583282,8.994814444583282,0.9940497831696061,0.9936903162640287,16006
100,106555,99.83149965308752,100.0,0.0003134299153108878,8.994746753890375,8.994746753890375,0.9948646701298335,0.9945692996826635,10089
100,118866,99.09649707472413,100.0,0.001780641863031535,8.96267496111975,8.96267496111975,0.993937572654083,0.992335342113622,13503
100,121119,99.84981978374049,100.0,0.00023524469965462312,8.995694833800561,8.995694833800561,0.9920522832231046,0.9918559034314152,9988
100,134309,99.82788296041308,100.0,0.00021609827124931076,8.994467666584706,8.994467666584706,0.9931307468558835,0.9929603380064265,8134
100,13684,99.96186699206834,100.0,5.008252193790189e-05,8.999161073825503,8.999161073825503,0.9947218546404335,0.9946840711002312,13112
100,155479,99.84478476821192,100.0,0.00030109420903251505,8.994826158940397,8.994826158940397,0.9939495022348975,0.9936892922377735,9664
100,156942,99.99374882790524,100.0,1.4100388183686697e-06,9.0,9.0,0.9948859358382803,0.9948858885548196,15997
100,157222,97.94921092686053,100.0,0.005434267057394709,8.889289433629736,8.889289433629736,0.9940179735571845,0.988919604989192,12483
100,158726,98.38472834067548,100.0,0.0018573551666412357,8.997430249632894,8.997430249632894,0.9950496159917868,0.9941297116647584,19068
100,163306,99.83004036541323,100.0,0.0003554360927806757,8.994157637561079,8.994157637561079,0.994814459994245,0.9945058577955147,9414
100,172724,97.58184894019305,100.0,0.003888017320561177,8.887750024878097,8.887750024878097,0.9934904425036046,0.9903122738828447,10049
100,180938,99.59537572254335,100.0,0.0007491387877889025,8.982774566473989,8.982774566473989,0.9932146475175765,0.992540041170092,8650
100,211309,99.92683946488295,100.0,6.16874544220082e-05,8.998641304347826,8.998641304347826,0.991837588624359,0.9918013839058821,9568
100,230112,99.9728555917481,100.0,2.602189512870123e-05,8.999864277958741,8.999864277958741,0.9929539453744131,0.992933072932127,7368
100,238035,99.99321159459643,100.0,1.7864224746238687e-06,9.0,9.0,0.9940726672116106,0.9940726331615759,14731
100,264128,99.66194802450877,100.0,0.0006586848509157714,8.988907669554195,8.988907669554195,0.9939187931073716,0.9933128670367266,9466
100,267613,99.96506245086907,100.0,4.9582424048592085e-05,8.999213905144554,8.999213905144554,0.9923459235780612,0.9923030109512964,11449
100,268959,99.29739691315365,100.0,0.0014490434833575175,8.964985026491592,8.964985026491592,0.9938827626858427,0.9926129451690466,8682
100,271204,99.65635738831615,100.0,0.0004938171159416615,8.991112691077142,8.991112691077142,0.9936313048136522,0.9932691370667249,8439
100,274172,99.7922192749779,100.0,0.00026874214714505095,8.988815207780725,8.988815207780725,0.9940137962916356,0.9938046117314605,22620
100,278396,99.81188447493638,100.0,0.0004562194143090719,8.99546309616023,8.99546309616023,0.9935272485588128,0.9930593035759386,9037
100,281723,89.22278210413803,100.0,0.013527002938413987,8.525820735990228,8.525820735990228,0.9948153451650141,0.9816318236825217,32745
100,281986,99.9466609771709,100.0,7.218815119728059e-05,8.998399829315128,8.998399829315128,0.9936274299372249,0.9935631468617417,9374
100,296760,99.89556135770235,100.0,0.00020107162601930534,8.996518711923411,8.996518711923411,0.9936072064466194,0.9934158034884558,11490
100,353309,99.90043559427505,100.0,9.263981359746596e-05,8.998133167392657,8.998133167392657,0.993408245490549,0.9933472432035723,8035
100,353731,99.9171205304286,100.0,0.0001611378896801971,8.997276817428368,8.997276817428368,0.9935860941859496,0.9934215701380333,8446
100,366131,99.90100643458175,100.0,0.0001794816569197244,8.997277676950999,8.997277676950999,0.9924373389838869,0.9922457222482558,12122
100,378825,99.98514226283336,100.0,3.351369285705907e-06,9.0,9.0,0.9935681226020169,0.9935680849616325,13461
100,394058,99.92858163119554,100.0,0.0001372810519460826,8.99728610198543,8.99728610198543,0.996057559158627,0.9959327497790544,14002
100,414113,99.64383721609154,100.0,0.00037337168459772654,8.989840602557365,8.989840602557365,0.9954801295977873,0.9952055048655203,17127
100,414415,99.9168744804655,100.0,0.00017508428293417573,8.997921862011637,8.997921862011637,0.9958501227433023,0.9956836315974961,9624
100,419960,99.99259807549963,100.0,2.7548515997618024e-05,9.0,9.0,0.9939897937313431,0.9939624671564774,13510
100,450876,99.7447280799112,100.0,0.0004514616174175728,8.991453940066593,8.991453940066593,0.9933931172239248,0.9930363872782894,9010
100,456075,99.48897128731699,100.0,0.0009423410235760928,8.986428028142232,8.986428028142232,0.9934112858577009,0.9925745361775168,42072
100,458555,99.9349452455817,100.0,8.956511439490239e-05,8.999024178683726,8.999024178683726,0.9938693266006289,0.9937864862418373,9223
100,464903,99.91727896452728,100.0,0.00016341692630525835,8.996910126027931,8.996910126027931,0.9960410897293831,0.9958891815758973,41102
100,474555,99.99355296241377,100.0,1.2845601205644503e-05,9.0,9.0,0.9951474121957754,0.9951351258732275,15511
100,47889,99.98075998075998,100.0,2.3145887807541943e-05,8.9999037999038,8.9999037999038,0.993852499086633,0.9938349671501545,10395
100,4798,99.90058230365005,100.0,0.0002262427405650887,8.996970127349336,8.996970127349336,0.9932324968931648,0.993002830082391,21123
100,480938,99.77867590454196,100.0,0.00030677154780716227,8.993841416474211,8.993841416474211,0.9931447190073213,0.9929204666502995,10392
100,481243,99.93216539845456,100.0,0.00015194656098937957,8.997964961953636,8.997964961953636,0.9962385066262754,0.9961059866340332,33906
100,484973,99.95077771214807,100.0,6.4084006815705e-05,8.998621775940146,8.998621775940146,0.9914758899998103,0.9914167108989582,10158
100,488199,99.90945719588936,100.0,0.00011505063078720839,8.99769115849518,8.99769115849518,0.9960100557272091,0.9959258539499617,22089
100,495564,99.90605427974948,100.0,0.00014967247245880342,8.997807933194155,8.997807933194155,0.9924297394777637,0.9923142581644284,9580
100,500483,96.73318689535915,100.0,0.006795369662225713,8.876337804365098,8.876337804365098,0.9955641098222967,0.9890459338103877,42794
100,501834,99.9002493765586,100.0,0.000208517458712512,8.99650872817955,8.99650872817955,0.9934062393489411,0.9932401993995928,12030
100,502367,99.91808314560721,100.0,0.00014435535900985313,8.999078435388082,8.999078435388082,0.9942855393709207,0.9941618240101642,9766
100,503664,99.93012101769209,100.0,0.00011354137039163008,8.997554235619223,8.997554235619223,0.99515108138587,0.9950562720664795,31483
100,506424,97.0904015460597,100.0,0.0056961339354032045,8.825853553789994,8.825853553789994,0.9937508982199177,0.9887166792526579,9314
100,516977,99.90986453169323,100.0,0.00016907621672130403,8.997083852495956,8.997083852495956,0.9958747333132141,0.9957342147953624,37721
100,521288,99.88695136082299,100.0,0.00019421665232326052,8.995873724670039,8.995873724670039,0.9959475055467176,0.9957743204120607,35383
100,525219,99.2867332382311,100.0,0.0013154818431391204,8.99707185224116,8.99707185224116,0.9931768683285586,0.9919452197471379,13319
100,559035,99.51605585522005,100.0,0.0007955967999744258,8.979155114180571,8.979155114180571,0.9951948105421694,0.9945233518372243,39674
100,562601,99.98052851182197,100.0,4.548563870469421e-05,8.999109874826148,8.999109874826148,0.9952272000567598,0.9951893795888935,35950
100,577111,99.91553340653772,100.0,0.00014599312829381207,8.997297069009207,8.997297069009207,0.9929662207424429,0.9928536798138541,11839
100,581757,99.57836580401279,100.0,0.0007111046006991891,8.974847339342832,8.974847339342832,0.9951804035884365,0.9945652004372759,13756
100,594585,99.81593478832501,100.0,0.00025549135669954414,8.987354480912199,8.987354480912199,0.9961804443188318,0.9959908264636335,41833
100,601866,99.8612877124032,100.0,0.0002348809255829436,8.997052363888567,8.997052363888567,0.9956192104864553,0.9954187974698732,17302
100,602931,99.97030526190758,100.0,4.0634904758034766e-05,8.998069842023993,8.998069842023993,0.9949963218225601,0.9949612026435772,33676
100,612515,99.94119376653924,100.0,9.365099187661995e-05,8.998088797412526,8.998088797412526,0.9944999810848506,0.9944215229989737,13604
100,620914,99.87476518472135,100.0,0.0002668113657204997,8.997745773324985,8.997745773324985,0.9922955625684887,0.9920178284686546,7985
100,633996,98.99350134728166,100.0,0.0020491012181751596,8.955539705183071,8.955539705183071,0.9929589766832246,0.991020628874612,12618
100,634332,99.72434677951625,100.0,0.000540739902413142,8.985246729044531,8.985246729044531,0.9946499353213017,0.9942033962898414,25757
100,642876,99.89003738728832,100.0,0.0001874528328776525,8.994996701121618,8.994996701121618,0.994868745145608,0.994711927141095,18188
100,647143,99.91493620215162,100.0,0.0001630666288790341,8.997448086064548,8.997448086064548,0.9953973455241865,0.9952586670224278,19985
100,65535,99.93481567320924,100.0,0.00012881458454225012,8.998044470196277,8.998044470196277,0.9945485893791377,0.9944291603474588,13807
100,658466,98.91166525781911,100.0,0.00208562451383227,8.94843617920541,8.94843617920541,0.992647317636973,0.9907710447878548,9464
100,665135,99.96382768826044,100.0,6.273905744301563e-05,8.999079250246629,8.999079250246629,0.9947415278336336,0.9946883562564529,30410
100,671634,99.56520665036192,100.0,0.0008196402095314919,8.978186220015317,8.978186220015317,0.9946128510324169,0.993932680938451,40479
100,674312,99.9205670292069,100.0,0.00018603394714330739,8.996822681168275,8.996822681168275,0.9940893788620189,0.9939143792075223,16366
100,675296,97.58907290839089,100.0,0.0045902697028685656,8.8399132188474,8.8399132188474,0.996441293275681,0.9923751772827007,32726
100,676063,99.89191885600266,100.0,0.0002742074309721908,8.996840705021617,8.996840705021617,0.9937860185538647,0.9935270306037739,12028
100,689611,99.89675035322247,100.0,0.00020130446693882443,8.996630800999892,8.996630800999892,0.9955985650528479,0.9954385984279581,18402
100,692469,99.96381727725012,100.0,5.764070964385183e-05,8.999185888738127,8.999185888738127,0.9959187121065699,0.995871990408269,22110
100,708082,99.96590098887133,100.0,4.287656217241487e-05,8.999008028767166,8.999008028767166,0.9948640364626423,0.9948286352266736,32259
100,719490,99.8749895824652,100.0,0.00021994314062512727,8.996749729144096,8.996749729144096,0.9950660231401166,0.9948777829553656,11999
100,720719,99.67589864466706,100.0,0.000492908759819407,8.992486741308191,8.992486741308191,0.9941398169739524,0.9937297383833262,6788
100,752848,99.82176556930175,100.0,0.0003349852061515867,8.993289997903124,8.993289997903124,0.993624308416991,0.9933501175995392,9538
100,782218,99.54117362955807,100.0,0.000867622638948094,8.978688722530789,8.978688722530789,0.9935520940680213,0.9928215046914461,16564
100,789504,99.83005841741901,100.0,0.00027029549690398724,8.995007966011684,8.995007966011684,0.9923961050743928,0.9921534980573816,9415
100,792503,98.31101339196482,100.0,0.0040371594374064915,8.894996335532014,8.894996335532014,0.993303638288528,0.989556085632676,30018
100,811895,99.88375954832281,100.0,0.0002446930336363507,8.996844902025906,8.996844902025906,0.9929394808539371,0.9927106074667548,6022
100,832404,99.99491094147582,100.0,1.3774895253400676e-05,9.0,9.0,0.9943229606528202,0.9943092634392824,19650
100,868599,99.99119563303398,100.0,2.3169386752671428e-05,9.0,9.0,0.9957488922176817,0.9957271607847272,11358
100,875143,99.6469733153359,100.0,0.0004734141321442758,8.989720693593604,8.989720693593604,0.9912061106639696,0.990819225962095,9631
100,875242,99.98226164079823,100.0,3.7343914108997546e-05,8.999556541019956,8.999556541019956,0.9946587764017811,0.9946258406102162,11275
100,876524,91.18353677773194,100.0,0.012287317614365299,8.595821098357074,8.595821098357074,0.9949043098353793,0.9841206871728815,41207
100,880978,99.74717832957111,100.0,0.00048411877158031333,8.99079006772009,8.99079006772009,0.9945690188743831,0.9941640727988794,11075
100,885701,99.9041466972286,100.0,0.00013607090017474105,8.996499270681392,8.996499270681392,0.9938887574535616,0.993769475275117,23995
100,894044,99.77689638076352,100.0,0.0004996339075253825,8.9936787307883,8.9936787307883,0.9934210135857217,0.992917983970055,8068
100,895328,99.98126639190708,100.0,2.3945213351850962e-05,8.999906331959535,8.999906331959535,0.9933588851362667,0.9933398387390178,10676
100,906484,99.93502274204027,100.0,9.003293530400773e-05,8.998886104149262,8.998886104149262,0.992404973702355,0.9923320927896094,10773
100,908888,98.74386888383778,100.0,0.0020371573224253455,8.944251704749371,8.944251704749371,0.9936054965898562,0.9919769126757589,8359
100,914957,99.97068881289692,100.0,2.5344259525217533e-05,8.999511480214949,8.999511480214949,0.9933335415675809,0.9933158852258975,10235
100,915456,99.90250243743907,100.0,0.00016320514828410996,8.996796508658711,8.996796508658711,0.995661050755188,0.9955231059983027,21539
100,949592,88.67901943885856,100.0,0.014714564490749243,8.54421622139232,8.54421622139232,0.9941094773737644,0.9816677971855575,41772
100,95693,99.98595702850723,100.0,3.1675875547596695e-05,8.99943828114029,8.99943828114029,0.9943045847489751,0.9942769310671992,7121
100,970121,99.76384925710911,100.0,0.00044759147697049365,8.991242743284463,8.991242743284463,0.9942224426046357,0.9937922655991003,10163
100,97024,99.99167568467493,100.0,1.6898985998251267e-05,8.999667027386998,8.999667027386998,0.9934036934458624,0.9933893796026092,12013
100,990474,99.80832712171228,100.0,0.0003800008441517616,8.994462783516132,8.994462783516132,0.9926796257303707,0.9923028846636552,9391
